contract_no,claim_seq,item_no,description_ar_snapshot,unit_snapshot,unit_price_snapshot,contractual_qty_snapshot,prev_progress,curr_progress,cumulative_qty,period_amount,progress_pct,source_sheet,source_row,source_file,extraction_method,confidence_level,data_quality_notes
CMH_01-C01,1,1,تشتمل على أعمال الهدم وإلإزالة والترحيل داخل أدوار المبنى والسعر يشمل نقل المخلفات الغير صالحه للمقالب العموميه ونقل المخلفات الصالحه لمخازن الجهه المالكه.Ref drawing: 07-MRA-DD-(as per floor number)-AR-001هدم وإزالة الجدران وتشمل  جميع أنواع جدران الطوب  والقواطع الجبسية و الخشبية و الزجاجية  بحسب المخططات المعتمدة وتعليمات المهندس المشرف.,م2,18.0,17900.0,0.0,6940.6,6940.6,124930.8,38.774301675977654,بنود المطالبات,3,CMH_01_SMART.xlsx,sheet بنود المطالبات,high,prev_progress in workbook is informational; platform will recompute server-side from approved claims (Migration 048).
CMH_01-C01,1,2,تشتمل على أعمال الهدم وإلإزالة والترحيل داخل أدوار المبنى والسعر يشمل نقل المخلفات الغير صالحه للمقالب العموميه ونقل المخلفات الصالحه لمخازن الجهه المالكه.Ref drawing: 07-MRA-DD-(as per floor number)-AR-هدم وإزالة تشطيبات رخام أو بلاط بورسلان أو سيراميك  للأرضيات والجدران الحالية  بحسب المخططات المعتمدة وتعليمات المهندس المشرف.,م2,14.5,10362.0,0.0,2125.76,2125.76,30823.520000000004,20.514958502219653,بنود المطالبات,4,CMH_01_SMART.xlsx,sheet بنود المطالبات,high,prev_progress in workbook is informational; platform will recompute server-side from approved claims (Migration 048).
CMH_01-C01,1,3,تشتمل على أعمال الهدم وإلإزالة والترحيل داخل أدوار المبنى والسعر يشمل نقل المخلفات الغير صالحه للمقالب العموميه ونقل المخلفات الصالحه لمخازن الجهه المالكهRef drawing: 07-MRA-DD-(as per floor number)-AR-001هدم وإزالة تشطيبات الأسقف المستعارة الحالية بما تشمل أسقف جبسية وبلاطات صناعية وأسقف معدنية  بحسب المخططات المعتمدة وتعليمات المهندس المشرف.,م2,8.5,18420.0,0.0,3441.98,3441.98,29256.83,18.686102062975028,بنود المطالبات,5,CMH_01_SMART.xlsx,sheet بنود المطالبات,high,prev_progress in workbook is informational; platform will recompute server-side from approved claims (Migration 048).
CMH_01-C01,1,5,صبة أسمنتية كطبقة حماية للعزل في الأماكن الرطبة. ويشمل السعر وأي مواد أو أعمال يتطلبها تنفيذ العمل حسب المواصفات والمخططات وتعليمات المهندس المشرف.,م3,366.0,1345.0,0.0,37.48,37.48,13717.679999999998,2.786617100371747,بنود المطالبات,6,CMH_01_SMART.xlsx,sheet بنود المطالبات,high,prev_progress in workbook is informational; platform will recompute server-side from approved claims (Migration 048).
CMH_01-C01,1,6,توريد وبناء مباني من البلوك  مقاوم للحريق شاملا المونة والفواصل وأربطة التثبيت والتسليح الرأسي وعتبات جميع الفتحات وعزل الجدران المزدوجة المفرّغة والمكملات ويتم توريد البلوك بالموقع على قواعد خشبية مغطاه بالبلاستيك ويستمر على هذه الحالة حتى يبدأ استخدامه للبناء على أن يكون ذو ابعاد بطول 40سم وسماكة حسب المطلوب وارتفاع 20سم وان تكون صلد سليم نظيف وذو زوايا خارجية قائمة يستعمل لبناء الحوائط حسب ما هو موضح بالمخططات مع التكحيل ويكون  مطابق للمواصفات حسب النوعيه المطلوبة والسعر يشمل كل مايلزم للبناء من البلوك الكامل والقطع الخاصة سواء 5.0 أو 25.0 ، كذلك القطع الخاصة بتمديد المواسير بحيث لا يتم تكسير البلوك أثناء الاستخدام للبناء على الأطلاق ، بالإضافة إلى كافة المواد والاكسسوارات والسقايل واستعمال الشبك الممدد والتسليح بواسطة خوابير معدنية والمرابط المعدنية ويشمل السعر أي مواد أو أعمال يتطلبها استكمال العمل حسب المواصفات  القسم Ref drawing: 07-MRA-DD-(as per floor number) وتعليمات المهندس المشرف 04200Ar-100,م2,150.0,450.0,0.0,1288.91,1288.91,193336.5,286.4244444444445,بنود المطالبات,7,CMH_01_SMART.xlsx,sheet بنود المطالبات,high,prev_progress in workbook is informational; platform will recompute server-side from approved claims (Migration 048).
CMH_01-C01,1,7,توريد وبناء مباني من البلوك  مقاوم للحريق شاملا المونة والفواصل وأربطة التثبيت والتسليح الرأسي وعتبات جميع الفتحات وعزل الجدران المزدوجة المفرّغة والمكملات ويتم توريد البلوك بالموقع علىقواعد خشبية مغطاه بالبلاستيك ويستمر على هذه الحالة حتى يبدأ استخدامه للبناء على أن يكون ذو ابعاد بطول 40سم وسماكة حسب المطلوب وارتفاع 20سم وان تكون صلد سليم نظيف وذو زوايا خارجية قائمة يستعمل لبناء الحوائط حسب ما هو موضح بالمخططات مع التكحيل ويكون  مطابق للمواصفات حسب النوعيه المطلوبة والسعر يشمل كل مايلزم للبناء من البلوك الكامل والقطع الخاصة سواء 5.0 أو 25.0 ، كذلك القطع الخاصة بتمديد المواسير بحيث لا يتم تكسير البلوك أثناء الاستخدام للبناء على الأطلاق ، بالإضافة إلى كافة المواد والاكسسوارات والسقايل واستعمال الشبك الممدد والتسليح بواسطة خوابير معدنية والمرابط المعدنية ويشمل السعر أي مواد أو أعمال يتطلبها استكمال العمل حسب المواصفات  القسمRef drawing: 07-MRA-DD-(as per floor number) وتعليمات المهندس المشرف 04200-Ar-100,م2,150.0,76.0,0.0,117.36,117.36,17604.0,154.42105263157896,بنود المطالبات,8,CMH_01_SMART.xlsx,sheet بنود المطالبات,high,prev_progress in workbook is informational; platform will recompute server-side from approved claims (Migration 048).
CMH_01-C01,1,72,طبقة من اللياسة الأسمنتية فوق الأسطح الخرسانية والجدران الداخلية  بسمك متوسط 20 مم على طبقات  طرطشة بسمك 5 مم وضهارة 15 مم حسب المواصفات مع المعالجة اليومية  بالمياه لمنع التنميلات ويتم عمل افريز بين البلوك والخرسانة يملئ بمواد قابلة للدهان والسعر يشمل كامل الأكسسوارات اللازمة من شبك معدني ممدد وزوايا ونهايات معدنية  ومواد الترابط  وعمل تجاويف في طبقة اللياسة بعمق 10مم عرض 10مم  في الاعمدة  وفي الجدران ان وجدت حسب الرسومات والمناظير وتعليمات المهندس المشرف ذلك حسب الاصول الفنية وتعليمات المهندس المشرف. لياسة الجدران والأعمدة الداخلية  وتشمل جميع الإكسسوارات بإرتفاع 20 سم أعلي الأسقف الجبسيه لزوم الجدران الداخلية,م²,42.0,758.0,0.0,1521.25,1521.25,63892.5,200.69261213720316,بنود المطالبات,9,CMH_01_SMART.xlsx,sheet بنود المطالبات,high,prev_progress in workbook is informational; platform will recompute server-side from approved claims (Migration 048).
CMH_01-C01,1,74,توريد وتركيب قاطع جداري ثخانة 100مم ذو الواح جبسية مقاومه للحريق  ثخانة 5.12مم تركب من الجهتين )طبقات مزدوجة( يشمل المسامير المعدنية و المزالج / الأعضاء المعدنية الساندة والسكك والغطاء العازل للصوت )صوف صخري( وكل الإكسسوارات حسب المخطط والمواصفات وتعليمات المهندس المشرف.,م²,180.0,12526.0,0.0,356.6,356.6,64188.00000000001,2.846878492735111,بنود المطالبات,10,CMH_01_SMART.xlsx,sheet بنود المطالبات,high,prev_progress in workbook is informational; platform will recompute server-side from approved claims (Migration 048).
CMH_01-C01,1,254,توريد وتركيب وإختبار وفحص علبة خدمة من نوعية ممتازة تحتوى على  ) أ ( مقابس تغذية أرضية مزدوجة ذات أسلاك 4 مم2 كحد أدنى مركبة على الأرض وتشمل أسلاك التأريض من اللوحة حتى المقابس + )ب( مآخذ للهاتف والبيانات ذات كابلات CAT 6A UTP وحتى كابينة الداتا  وحسب مواصفات إدارة الـ IT  بالوزارة. على المقاول المعاينة و فحص الشبكة الحالية و الاستفادة من التمديدات الحالية و دمجها مع التركيبات الجديدة بعد عمل الاختبارات اللازمة و بعد الموافقة من مهندس المشرف . النوع  )A(  )تحتوى على  4 قوى & 4 داتا (,عدد,2160.0,286.0,0.0,30.0,30.0,64800.0,10.48951048951049,بنود المطالبات,11,CMH_01_SMART.xlsx,sheet بنود المطالبات,high,prev_progress in workbook is informational; platform will recompute server-side from approved claims (Migration 048).
CMH_01-C01,1,255,توريد وتركيب وإختبار وفحص علبة خدمة من نوعية ممتازة تحتوى على  ) أ ( مقابس تغذية أرضية مزدوجة ذات أسلاك 4 مم2 كحد أدنى مركبة على الأرض وتشمل أسلاك التأريض من اللوحة حتى المقابس + )ب( مآخذ للهاتف والبيانات ذات كابلات CAT 6A UTP وحتى كابينة الداتا  وحسب مواصفات إدارة الـ IT  بالوزارة. على المقاول المعاينة و فحص الشبكة الحالية و الاستفادة من التمديدات الحالية و دمجها مع التركيبات الجديدة بعد عمل الاختبارات اللازمة و بعد الموافقة من مهندس المشرف . النوع )B(   )تحتوى على 2 قوى & 2 داتا (,عدد,1800.0,20.0,0.0,19.0,19.0,34200.0,95,بنود المطالبات,12,CMH_01_SMART.xlsx,sheet بنود المطالبات,high,prev_progress in workbook is informational; platform will recompute server-side from approved claims (Migration 048).
CMH_01-C01,1,256,توريد وتركيب وإختبار وفحص علبة خدمة من نوعية ممتازة تحتوى على  ) أ ( مقابس تغذية أرضية مزدوجة ذات أسلاك 4 مم2 كحد أدنى مركبة على الأرض وتشمل أسلاك التأريض من اللوحة حتى المقابس + )ب( مآخذ للهاتف والبيانات ذات كابلات CAT 6A UTP وحتى كابينة الداتا  وحسب مواصفات إدارة الـ IT  بالوزارة. على المقاول المعاينة و فحص الشبكة الحالية و الاستفادة من التمديدات الحالية و دمجها مع التركيبات الجديدة بعد عمل الاختبارات اللازمة و بعد الموافقة من مهندس المشرف . النوع )1FB(   )تحتوى على 1 قوى (,عدد,720.0,141.0,0.0,9.0,9.0,6480.0,6.382978723404255,بنود المطالبات,13,CMH_01_SMART.xlsx,sheet بنود المطالبات,high,prev_progress in workbook is informational; platform will recompute server-side from approved claims (Migration 048).
CMH_01-C01,2,5,صبة أسمنتية كطبقة حماية للعزل في الأماكن الرطبة. ويشمل السعر وأي مواد أو أعمال يتطلبها تنفيذ العمل حسب المواصفات والمخططات وتعليمات المهندس المشرف.,م3,366.0,1345.0,37.48,39.91,77.38999999999999,14607.06,5.753903345724906,بنود المطالبات,14,CMH_01_SMART.xlsx,sheet بنود المطالبات,high,prev_progress in workbook is informational; platform will recompute server-side from approved claims (Migration 048).
CMH_01-C01,2,6,توريد وبناء مباني من البلوك  مقاوم للحريق شاملا المونة والفواصل وأربطة التثبيت والتسليح الرأسي وعتبات جميع الفتحات وعزل الجدران المزدوجة المفرّغة والمكملات ويتم توريد البلوك بالموقع على قواعد خشبية مغطاه بالبلاستيك ويستمر على هذه الحالة حتى يبدأ استخدامه للبناء على أن يكون ذو ابعاد بطول 40سم وسماكة حسب المطلوب وارتفاع 20سم وان تكون صلد سليم نظيف وذو زوايا خارجية قائمة يستعمل لبناء الحوائط حسب ما هو موضح بالمخططات مع التكحيل ويكون  مطابق للمواصفات حسب النوعيه المطلوبة والسعر يشمل كل مايلزم للبناء من البلوك الكامل والقطع الخاصة سواء 5.0 أو 25.0 ، كذلك القطع الخاصة بتمديد المواسير بحيث لا يتم تكسير البلوك أثناء الاستخدام للبناء على الأطلاق ، بالإضافة إلى كافة المواد والاكسسوارات والسقايل واستعمال الشبك الممدد والتسليح بواسطة خوابير معدنية والمرابط المعدنية ويشمل السعر أي مواد أو أعمال يتطلبها استكمال العمل حسب المواصفات  القسم Ref drawing: 07-MRA-DD-(as per floor number) وتعليمات المهندس المشرف 04200Ar-100,م2,150.0,450.0,1288.91,298.65,1587.56,44797.5,352.7911111111111,بنود المطالبات,15,CMH_01_SMART.xlsx,sheet بنود المطالبات,high,prev_progress in workbook is informational; platform will recompute server-side from approved claims (Migration 048).
CMH_01-C01,2,72,طبقة من اللياسة الأسمنتية فوق الأسطح الخرسانية والجدران الداخلية  بسمك متوسط 20 مم على طبقات  طرطشة بسمك 5 مم وضهارة 15 مم حسب المواصفات مع المعالجة اليومية  بالمياه لمنع التنميلات ويتم عمل افريز بين البلوك والخرسانة يملئ بمواد قابلة للدهان والسعر يشمل كامل الأكسسوارات اللازمة من شبك معدني ممدد وزوايا ونهايات معدنية  ومواد الترابط  وعمل تجاويف في طبقة اللياسة بعمق 10مم عرض 10مم  في الاعمدة  وفي الجدران ان وجدت حسب الرسومات والمناظير وتعليمات المهندس المشرف ذلك حسب الاصول الفنية وتعليمات المهندس المشرف. لياسة الجدران والأعمدة الداخلية  وتشمل جميع الإكسسوارات بإرتفاع 20 سم أعلي الأسقف الجبسيه لزوم الجدران الداخلية,م²,42.0,758.0,1521.25,2070.54,3591.79,86962.68,473.85092348284957,بنود المطالبات,16,CMH_01_SMART.xlsx,sheet بنود المطالبات,high,prev_progress in workbook is informational; platform will recompute server-side from approved claims (Migration 048).
CMH_01-C01,2,74,توريد وتركيب قاطع جداري ثخانة 100مم ذو الواح جبسية مقاومه للحريق  ثخانة 5.12مم تركب من الجهتين )طبقات مزدوجة( يشمل المسامير المعدنية و المزالج / الأعضاء المعدنية الساندة والسكك والغطاء العازل للصوت )صوف صخري( وكل الإكسسوارات حسب المخطط والمواصفات وتعليمات المهندس المشرف.,م²,180.0,12526.0,356.6,837.54,1194.1399999999999,150757.19999999998,9.533290755229123,بنود المطالبات,17,CMH_01_SMART.xlsx,sheet بنود المطالبات,high,prev_progress in workbook is informational; platform will recompute server-side from approved claims (Migration 048).
CMH_01-C01,2,230,توريد و تصنيع و تركيب أعمال مجاري  من الصفائح المعدنية المجلفنه )90G( للهواء الداخل والراجع والهواء النقي وقناة السحب حسب المواصفات القياسية SMACNA وتشمل التيهات/القطعة التائية والكوع/المرفق والتفريعات والتحويلة والدعامة وحمالة التعليق. ويجب أخذ الطول على امتداد خط المركز فوق كل قطع التركيبات، ومن المفهوم بأن السعر الإفرادي لأعمال مجاري الهواء/الأقنية محمل عليه كل دعامات حامل التعليق ومخمّد الصوت والحريق وكل قطع الإكسسوار عزل الحراري )فايبرغلاس( ثخانة 25 مم وبكثافة 24 كغ/م3 مع مانع تبخر من الألمنيوم المقوّى حسب المخططات والمواصفات و حسب تعليمات مهندس المشرف.,م.ط,300.0,7000.0,0.0,267.0,267.0,80100.0,3.8142857142857145,بنود المطالبات,18,CMH_01_SMART.xlsx,sheet بنود المطالبات,high,prev_progress in workbook is informational; platform will recompute server-side from approved claims (Migration 048).
CMH_01-C01,2,262,توريد وتركيب وتوصيل وإختبار وفحص اجهزة الإنارة ويشمل اللمبات وأقواس التركيب وحبال التعليق وقطع الأكسسوار و ايضا نقاط الانارة متضمنة مواسير/أقنية قاسية عالية التحمل PVC  أوEMT وعلب ذات أسلاك لاتقل عن 0.4 مم2 لنقطة الإنارة وتوصيل أطراف أسلاك التأريض،وكل الأعمال المساعدة كما هو محدد وموضح في المخططات. على المقاول المعاينة و فحص الشبكة الحالية و الاستفادة من التمديدات الحالية و دمجها  علما بان البند يشمل جميع الوصلات و الاسلاك و الكابلات اللازمة لنهو العمل  بعد عمل الاختبارات اللازمة و بعد الموافقة من مهندس المشرف . Type A1,عدد,348.0,530.0,0.0,13.0,13.0,4524.0,2.4528301886792456,بنود المطالبات,19,CMH_01_SMART.xlsx,sheet بنود المطالبات,high,prev_progress in workbook is informational; platform will recompute server-side from approved claims (Migration 048).
CMH_01-C01,2,263,توريد وتركيب وتوصيل وإختبار وفحص اجهزة الإنارة ويشمل اللمبات وأقواس التركيب وحبال التعليق وقطع الأكسسوار و ايضا نقاط الانارة متضمنة مواسير/أقنية قاسية عالية التحمل PVC  أوEMT وعلب ذات أسلاك لاتقل عن 0.4 مم2 لنقطة الإنارة وتوصيل أطراف أسلاك التأريض،وكل الأعمال المساعدة كما هو محدد وموضح في المخططات. على المقاول المعاينة و فحص الشبكة الحالية و الاستفادة من التمديدات الحالية و دمجها  علما بان البند يشمل جميع الوصلات و الاسلاك و الكابلات اللازمة لنهو العمل  بعد عمل الاختبارات اللازمة و بعد الموافقة من مهندس المشرف . Type A1E,عدد,660.0,241.0,0.0,6.0,6.0,3960.0,2.4896265560165975,بنود المطالبات,20,CMH_01_SMART.xlsx,sheet بنود المطالبات,high,prev_progress in workbook is informational; platform will recompute server-side from approved claims (Migration 048).
CMH_01-C01,2,264,توريد وتركيب وتوصيل وإختبار وفحص اجهزة الإنارة ويشمل اللمبات وأقواس التركيب وحبال التعليق وقطع الأكسسوار و ايضا نقاط الانارة متضمنة مواسير/أقنية قاسية عالية التحمل PVC  أوEMT وعلب ذات أسلاك لاتقل عن 0.4 مم2 لنقطة الإنارة وتوصيل أطراف أسلاك التأريض،وكل الأعمال المساعدة كما هو محدد وموضح في المخططات. على المقاول المعاينة و فحص الشبكة الحالية و الاستفادة من التمديدات الحالية و دمجها  علما بان البند يشمل جميع الوصلات و الاسلاك و الكابلات اللازمة لنهو العمل  بعد عمل الاختبارات اللازمة و بعد الموافقة من مهندس المشرف . Type A2,عدد,1044.0,1113.0,0.0,26.0,26.0,27144.0,2.336028751123091,بنود المطالبات,21,CMH_01_SMART.xlsx,sheet بنود المطالبات,high,prev_progress in workbook is informational; platform will recompute server-side from approved claims (Migration 048).
CMH_01-C01,2,275,توريد وتركيب وتوصيل وإختبار وفحص اجهزة الإنارة ويشمل اللمبات وأقواس التركيب وحبال التعليق وقطع الأكسسوار و ايضا نقاط الانارة متضمنة مواسير/أقنية قاسية عالية التحمل PVC  أوEMT وعلب ذات أسلاك لاتقل عن 0.4 مم2 لنقطة الإنارة وتوصيل أطراف أسلاك التأريض،وكل الأعمال المساعدة كما هو محدد وموضح في المخططات. على المقاول المعاينة و فحص الشبكة الحالية و الاستفادة من التمديدات الحالية و دمجها  علما بان البند يشمل جميع الوصلات و الاسلاك و الكابلات اللازمة لنهو العمل  بعد عمل الاختبارات اللازمة و بعد الموافقة من مهندس المشرف .Type C2,عدد,420.0,1422.0,0.0,44.0,44.0,18480.0,3.0942334739803097,بنود المطالبات,22,CMH_01_SMART.xlsx,sheet بنود المطالبات,high,prev_progress in workbook is informational; platform will recompute server-side from approved claims (Migration 048).
CMH_01-C01,2,276,توريد وتركيب وتوصيل وإختبار وفحص اجهزة الإنارة ويشمل اللمبات وأقواس التركيب وحبال التعليق وقطع الأكسسوار و ايضا نقاط الانارة متضمنة مواسير/أقنية قاسية عالية التحمل PVC  أوEMT وعلب ذات أسلاك لاتقل عن 0.4 مم2 لنقطة الإنارة وتوصيل أطراف أسلاك التأريض،وكل الأعمال المساعدة كما هو محدد وموضح في المخططات. على المقاول المعاينة و فحص الشبكة الحالية و الاستفادة من التمديدات الحالية و دمجها  علما بان البند يشمل جميع الوصلات و الاسلاك و الكابلات اللازمة لنهو العمل  بعد عمل الاختبارات اللازمة و بعد الموافقة من مهندس المشرف .Type C3,عدد,444.0,1062.0,0.0,8.0,8.0,3552.0,0.7532956685499058,بنود المطالبات,23,CMH_01_SMART.xlsx,sheet بنود المطالبات,high,prev_progress in workbook is informational; platform will recompute server-side from approved claims (Migration 048).
CMH_01-C01,2,277,توريد وتركيب وتوصيل وإختبار وفحص اجهزة الإنارة ويشمل اللمبات وأقواس التركيب وحبال التعليق وقطع الأكسسوار و ايضا نقاط الانارة متضمنة مواسير/أقنية قاسية عالية التحمل PVC  أوEMT وعلب ذات أسلاك لاتقل عن 0.4 مم2 لنقطة الإنارة وتوصيل أطراف أسلاك التأريض،وكل الأعمال المساعدة كما هو محدد وموضح في المخططات. على المقاول المعاينة و فحص الشبكة الحالية و الاستفادة من التمديدات الحالية و دمجها  علما بان البند يشمل جميع الوصلات و الاسلاك و الكابلات اللازمة لنهو العمل  بعد عمل الاختبارات اللازمة و بعد الموافقة من مهندس المشرف .Type C4,عدد,300.0,284.0,0.0,2.0,2.0,600.0,0.7042253521126761,بنود المطالبات,24,CMH_01_SMART.xlsx,sheet بنود المطالبات,high,prev_progress in workbook is informational; platform will recompute server-side from approved claims (Migration 048).
CMH_01-C01,2,309, كاشف انذار دخان من النوع المعنون طبقا للمخططات  ومواصفات المشروع,عدد,276.0,715.0,0.0,68.0,68.0,18768.0,9.51048951048951,بنود المطالبات,25,CMH_01_SMART.xlsx,sheet بنود المطالبات,high,prev_progress in workbook is informational; platform will recompute server-side from approved claims (Migration 048).
CMH_01-C01,2,311, وحدة إنذار حريق يدوية من النوع المعنون طبقا للمخططات  ومواصفات المشروع,عدد,384.0,54.0,0.0,2.0,2.0,768.0,3.7037037037037033,بنود المطالبات,26,CMH_01_SMART.xlsx,sheet بنود المطالبات,high,prev_progress in workbook is informational; platform will recompute server-side from approved claims (Migration 048).
CMH_01-C01,2,314,وحدة جرس إنذار حريق داخلى طبقا للمخططات  ومواصفات المشروع,عدد,576.0,24.0,0.0,2.0,2.0,1152.0,8.333333333333332,بنود المطالبات,27,CMH_01_SMART.xlsx,sheet بنود المطالبات,high,prev_progress in workbook is informational; platform will recompute server-side from approved claims (Migration 048).
CMH_01-C01,2,315,وحدة هاتف رجل الاطفاء حريق داخلى )fireman telephone Jack ( طبقا للمخططات  ومواصفات المشروع,عدد,960.0,24.0,0.0,2.0,2.0,1920.0,8.333333333333332,بنود المطالبات,28,CMH_01_SMART.xlsx,sheet بنود المطالبات,high,prev_progress in workbook is informational; platform will recompute server-side from approved claims (Migration 048).
CMH_01-C01,2,316,وحدات لاسلكية لتوفير خدمة شبكة المعلومات )Wireless Access Points(,عدد,1080.0,181.0,0.0,16.0,16.0,17280.0,8.83977900552486,بنود المطالبات,29,CMH_01_SMART.xlsx,sheet بنود المطالبات,high,prev_progress in workbook is informational; platform will recompute server-side from approved claims (Migration 048).
CMH_01-C01,2,317,عن طريق مقاول متخصص ذو خبرة كبيرة في هذا المجال ويقدم للاعتماد من إدارة الـ IT بالوزارة و يربط النظام مع الانظمة المعنية بالتحكم و الموازنة و يشمل البند جميع الوصلات و الكابلات و غيرها من المتطلبات الخاصة بنهو النظام كاملا توريد وتركيب واختبارنقاط كاميرا مراقبة داخلية سقفية و جميع ما يلزم من توصيلات و تركيبات و خلافة  لنهو النظام .,عدد,2640.0,258.0,0.0,27.0,27.0,71280.0,10.465116279069768,بنود المطالبات,30,CMH_01_SMART.xlsx,sheet بنود المطالبات,high,prev_progress in workbook is informational; platform will recompute server-side from approved claims (Migration 048).
CMH_01-C01,2,324,"توريد وتركيب وإختبار نظام النداء الصوتي العام يتضمن كافة الكابالت و المواسير و العلب و النهايات مع كامل اكسسوارات التركيب الالزمة وتشغيل تجهيزات الصوت و تركيب المعدات الرئيسية بغرفة التحكم حسب المخططات و المواصفات وتعليمات الشركة المصنعة مشتمال على كل ما يلزم التمام العمل
و ربطه مع نظام الحريق و ادارة المبنى و يتكون من االتي -:
سماعة سقفية 6 وات
",عدد,420.0,252.0,0.0,20.0,20.0,8400.0,7.936507936507936,بنود المطالبات,31,CMH_01_SMART.xlsx,sheet بنود المطالبات,high,prev_progress in workbook is informational; platform will recompute server-side from approved claims (Migration 048).
CMH_01-C01,3,5,صبة أسمنتية كطبقة حماية للعزل في الأماكن الرطبة. ويشمل السعر وأي مواد أو أعمال يتطلبها تنفيذ العمل حسب المواصفات والمخططات وتعليمات المهندس المشرف.,م3,366.0,1345.0,77.38999999999999,23.9,101.28999999999999,8747.4,7.53085501858736,بنود المطالبات,32,CMH_01_SMART.xlsx,sheet بنود المطالبات,high,prev_progress in workbook is informational; platform will recompute server-side from approved claims (Migration 048).
CMH_01-C01,3,6,توريد وبناء مباني من البلوك  مقاوم للحريق شاملا المونة والفواصل وأربطة التثبيت والتسليح الرأسي وعتبات جميع الفتحات وعزل الجدران المزدوجة المفرّغة والمكملات ويتم توريد البلوك بالموقع على قواعد خشبية مغطاه بالبلاستيك ويستمر على هذه الحالة حتى يبدأ استخدامه للبناء على أن يكون ذو ابعاد بطول 40سم وسماكة حسب المطلوب وارتفاع 20سم وان تكون صلد سليم نظيف وذو زوايا خارجية قائمة يستعمل لبناء الحوائط حسب ما هو موضح بالمخططات مع التكحيل ويكون  مطابق للمواصفات حسب النوعيه المطلوبة والسعر يشمل كل مايلزم للبناء من البلوك الكامل والقطع الخاصة سواء 5.0 أو 25.0 ، كذلك القطع الخاصة بتمديد المواسير بحيث لا يتم تكسير البلوك أثناء الاستخدام للبناء على الأطلاق ، بالإضافة إلى كافة المواد والاكسسوارات والسقايل واستعمال الشبك الممدد والتسليح بواسطة خوابير معدنية والمرابط المعدنية ويشمل السعر أي مواد أو أعمال يتطلبها استكمال العمل حسب المواصفات  القسم Ref drawing: 07-MRA-DD-(as per floor number) وتعليمات المهندس المشرف 04200Ar-100,م2,150.0,450.0,1587.56,119.89,1707.45,17983.5,379.43333333333334,بنود المطالبات,33,CMH_01_SMART.xlsx,sheet بنود المطالبات,high,prev_progress in workbook is informational; platform will recompute server-side from approved claims (Migration 048).
CMH_01-C01,3,36,تصنيع وتركيب كسوة من الخشب للجدران ويكون النمط والحجم كما هو موضح بالرسومات ويشمل السعر أي مواد أو أعمال يتطلبها إنهاء العمل حسب المواصفات والمخططات وتعليمات المهندس المشرف. Ref drawing: 07-MRA-DD-(as per floor number)-AR-600 to 07-MRA-DD-(as  per floor number)-AR-604كسوة من خشب الـ)Mdf(  ،  مع قشرة ال )wenge( بشكل pattern مفرغة من الداخل مع ايطار خشبي ومثبتة على الجدار الخشبي  لمنطقة التنفيذيين حسب الرسومات والمناظير وتعليمات المهندس المشرف.Code: P2,م2,960.0,75.0,0.0,18.9,18.9,18144.0,25.2,بنود المطالبات,34,CMH_01_SMART.xlsx,sheet بنود المطالبات,high,prev_progress in workbook is informational; platform will recompute server-side from approved claims (Migration 048).
CMH_01-C01,3,46,توريد وتركيب باب زجاجي من نوع سيكوريت بسمك 12مم ويشمل السعر التثبيت والاطار من الالمنيوم الأسود المطلي بدهان بودرة بالفرن والخردوات وماكينة دفاش للإغلاق الذاتي مع ملصقات بحسب التصميم. ويشمل السعر أي مواد أو أعمال يتطلبها استكمال العمل حسب المواصفات والمخططات وتعليمات االمهندس المشرف.Ref drawing: 07-MRA-DD-(as per floor number)-AR-801 بعرض 1000 مم وارتفاع 2700 مم  GD01باب ضلفة واحدة  نموذج,عدد,2580.0,238.0,0.0,11.0,11.0,28380.0,4.621848739495799,بنود المطالبات,35,CMH_01_SMART.xlsx,sheet بنود المطالبات,high,prev_progress in workbook is informational; platform will recompute server-side from approved claims (Migration 048).
CMH_01-C01,3,47,توريد وتركيب باب زجاجي من نوع سيكوريت بسمك 12مم ويشمل السعر التثبيت والاطار من الالمنيوم الأسود المطلي بدهان بودرة بالفرن والخردوات وماكينة دفاش للإغلاق الذاتي مع ملصقات بحسب التصميم. ويشمل السعر أي مواد أو أعمال يتطلبها استكمال العمل حسب المواصفات والمخططات وتعليمات االمهندس المشرف. Ref drawing: 07-MRA-DD-(as per floor number)-AR-801   بعرض 1800 مم وارتفاع 2600 مم  GD02باب ضلفتين  نموذج ,عدد,4020.0,37.0,0.0,2.0,2.0,8040.0,5.405405405405405,بنود المطالبات,36,CMH_01_SMART.xlsx,sheet بنود المطالبات,high,prev_progress in workbook is informational; platform will recompute server-side from approved claims (Migration 048).
CMH_01-C01,3,66,توريد وتركيب قواطع زجاجيه داخليه من زجاج  سيكوريت عازل للصوت ثخانة 12مم مركّبة على مقاطع من  الألمنيوم )لون اسود 9005RAL (  مثبتة  بالسقف والأرض بإرتفاع 2700مم .ويشمل العمل الاطار والقوائم  والتثبيت بتيوب حديد ابعاد 4*8 سم وسماكة 2ملم  والملصقات بأماكن محددة حسب التصميم ، وفواصل البوليكاربونيت الجاف بين الألواح الزجاجية وقطع الإكسسوار ومانع التسرب والمواد الأخُرى المطلوبة لاستكمال التركيب حسب المخططات وتعليمات االمهندس المشرف.,م²,900.0,4000.0,0.0,296.0,296.0,266400.0,7.3999999999999995,بنود المطالبات,37,CMH_01_SMART.xlsx,sheet بنود المطالبات,high,prev_progress in workbook is informational; platform will recompute server-side from approved claims (Migration 048).
CMH_01-C01,3,74,توريد وتركيب قاطع جداري ثخانة 100مم ذو الواح جبسية مقاومه للحريق  ثخانة 5.12مم تركب من الجهتين )طبقات مزدوجة( يشمل المسامير المعدنية و المزالج / الأعضاء المعدنية الساندة والسكك والغطاء العازل للصوت )صوف صخري( وكل الإكسسوارات حسب المخطط والمواصفات وتعليمات المهندس المشرف.,م²,180.0,12526.0,1194.1399999999999,1381.98,2576.12,248756.4,20.566182340731277,بنود المطالبات,38,CMH_01_SMART.xlsx,sheet بنود المطالبات,high,prev_progress in workbook is informational; platform will recompute server-side from approved claims (Migration 048).
CMH_01-C01,3,125,دهان بلون رمادي بيج على الألواح الجبسية والألواح الاسمنتية 100-WPF,م²,25.2,12700.0,0.0,680.09,680.09,17138.268,5.355039370078741,بنود المطالبات,39,CMH_01_SMART.xlsx,sheet بنود المطالبات,high,prev_progress in workbook is informational; platform will recompute server-side from approved claims (Migration 048).
CMH_01-C01,3,128,.دهان بلون رمادي اسمنتي على الألواح الجبسية والألواح الاسمنتية 200-WPF,م²,30.0,2088.0,0.0,118.72,118.72,3561.6,5.685823754789272,بنود المطالبات,40,CMH_01_SMART.xlsx,sheet بنود المطالبات,high,prev_progress in workbook is informational; platform will recompute server-side from approved claims (Migration 048).
CMH_01-C01,3,177,للمواسير داخل المبنى من مواسير متعددة الطبقات بولي بروبلين كما هو موصف تشمل كافة القطع التركيبية )مثل القارنات من الحديد الصلب الغير قابل للصدأ والأكواع /المنحنيات والتفريعات والدعامات( والصمامات ومخمدات الصدمة ومنافس الهواء الآلية و المحابس  وكافة الاكسسوارات اللازمة، كما هو مبين في المخططات لتركيب مايلي من الأقطار الخارجية مع ربطه بالشبكة الحالية لاقرب نقطة و على المقاول تقديم المخططات التنفيذية و الحسابات الهيدروليكية و اعتمادها قبل البدا بالتنفيذ الاعمال من المهندس المشرف للاقطار  الداخلية قطر 25 مم,م.ط,70.8,221.0,0.0,40.0,40.0,2832.0,18.099547511312217,بنود المطالبات,41,CMH_01_SMART.xlsx,sheet بنود المطالبات,high,prev_progress in workbook is informational; platform will recompute server-side from approved claims (Migration 048).
CMH_01-C01,3,178,للمواسير داخل المبنى من مواسير متعددة الطبقات بولي بروبلين كما هو موصف تشمل كافة القطع التركيبية )مثل القارنات من الحديد الصلب الغير قابل للصدأ والأكواع /المنحنيات والتفريعات والدعامات( والصمامات ومخمدات الصدمة ومنافس الهواء الآلية و المحابس  وكافة الاكسسوارات اللازمة، كما هو مبين في المخططات لتركيب مايلي من الأقطار الخارجية مع ربطه بالشبكة الحالية لاقرب نقطة و على المقاول تقديم المخططات التنفيذية و الحسابات الهيدروليكية و اعتمادها قبل البدا بالتنفيذ الاعمال من المهندس المشرف للاقطار  الداخلية :قطر 32مم,م.ط,102.0,207.0,0.0,27.0,27.0,2754.0,13.043478260869565,بنود المطالبات,42,CMH_01_SMART.xlsx,sheet بنود المطالبات,high,prev_progress in workbook is informational; platform will recompute server-side from approved claims (Migration 048).
CMH_01-C01,3,179,للمواسير داخل المبنى من مواسير متعددة الطبقات بولي بروبلين كما هو موصف تشمل كافة القطع التركيبية )مثل القارنات من الحديد الصلب الغير قابل للصدأ والأكواع /المنحنيات والتفريعات والدعامات( والصمامات ومخمدات الصدمة ومنافس الهواء الآلية و المحابس  وكافة الاكسسوارات اللازمة، كما هو مبين في المخططات لتركيب مايلي من الأقطار الخارجية مع ربطه بالشبكة الحالية لاقرب نقطة و على المقاول تقديم المخططات التنفيذية و الحسابات الهيدروليكية و اعتمادها قبل البدا بالتنفيذ الاعمال من المهندس المشرف للاقطار  الداخلية :قطر 40 مم,م.ط,85.2,103.0,0.0,12.0,12.0,1022.4000000000001,11.650485436893204,بنود المطالبات,43,CMH_01_SMART.xlsx,sheet بنود المطالبات,high,prev_progress in workbook is informational; platform will recompute server-side from approved claims (Migration 048).
CMH_01-C01,3,180,للمواسير داخل المبنى من مواسير متعددة الطبقات بولي بروبلين كما هو موصف تشمل كافة القطع التركيبية )مثل القارنات من الحديد الصلب الغير قابل للصدأ والأكواع /المنحنيات والتفريعات والدعامات( والصمامات ومخمدات الصدمة ومنافس الهواء الآلية و المحابس  وكافة الاكسسوارات اللازمة، كما هو مبين في المخططات لتركيب مايلي من الأقطار الخارجية مع ربطه بالشبكة الحالية لاقرب نقطة و على المقاول تقديم المخططات التنفيذية و الحسابات الهيدروليكية و اعتمادها قبل البدا بالتنفيذ الاعمال من المهندس المشرف للاقطار  الداخلية:قطر 50 مم,م.ط,94.8,218.0,0.0,18.0,18.0,1706.3999999999999,8.256880733944955,بنود المطالبات,44,CMH_01_SMART.xlsx,sheet بنود المطالبات,high,prev_progress in workbook is informational; platform will recompute server-side from approved claims (Migration 048).
CMH_01-C01,3,185,مواسير صرف وتهوية مصنوعة من 4UPVC class  ذات وصلات انضغاطية ومطاط كما هو موصف وتشمل التهوية من خلال السطح مع الغطاء و طبات التسليك، وكافة قطع التركيبات والعلاقات اللازمة لإستكمال تركيب مايلي من الأقطار الداخلية:قطر 50 مم,م.ط,75.6,426.0,0.0,93.6,93.6,7076.159999999999,21.971830985915492,بنود المطالبات,45,CMH_01_SMART.xlsx,sheet بنود المطالبات,high,prev_progress in workbook is informational; platform will recompute server-side from approved claims (Migration 048).
CMH_01-C01,3,186,مواسير صرف وتهوية مصنوعة من 4UPVC class  ذات وصلات انضغاطية ومطاط كما هو موصف وتشمل التهوية من خلال السطح مع الغطاء و طبات التسليك، وكافة قطع التركيبات والعلاقات اللازمة لإستكمال تركيب مايلي من الأقطار الداخلية:قطر 75 مم,م.ط,91.2,934.0,0.0,117.0,117.0,10670.4,12.526766595289079,بنود المطالبات,46,CMH_01_SMART.xlsx,sheet بنود المطالبات,high,prev_progress in workbook is informational; platform will recompute server-side from approved claims (Migration 048).
CMH_01-C01,3,187,مواسير صرف وتهوية مصنوعة من 4UPVC class  ذات وصلات انضغاطية ومطاط كما هو موصف وتشمل التهوية من خلال السطح مع الغطاء و طبات التسليك، وكافة قطع التركيبات والعلاقات اللازمة لإستكمال تركيب مايلي من الأقطار الداخلية:قطر 110 مم,م.ط,102.0,961.0,0.0,259.2,259.2,26438.399999999998,26.97190426638918,بنود المطالبات,47,CMH_01_SMART.xlsx,sheet بنود المطالبات,high,prev_progress in workbook is informational; platform will recompute server-side from approved claims (Migration 048).
CMH_01-C01,3,199, يشمل العمل كافة قطع التركيبات مثل الأكواع  والتيهات ، 40. schتوريد و تركيب انابيب فولاذية سوداء والوصلات والقارنات والنقاصات/المخفضات ومنافس الهواء الآلية وتكون الوصلات من نوع  فيكتوليك او ما يماثلها للأقطار 50 مم أو أكبر، و تكون الوصلات قلووظ للأقطار أقل من 50 مم، والبند يشمل  العلاقات والدعامات للمواسير و المحابس  و الصرف ان لزم والدهان  لكامل الشبكة كما يلزم لاتمام العمل. و بناء على توجيهات مهندس المشرف  ومتطلبات الدفاعNFPA  ويشمل البند جميع ما يلزم لاتمام الأعمال طبقا للمواصفات و طبقا لمتطلبات ال المدني من الكشف على الشبكة الحالية وفحصها كما هو موضح على المخططات و على المقاول تقديم:المخططات التنفيذية و اعتمادها قبل بدء بالتنفيذ من المهندس المشرف كما هو موصف للأقطار التالية 25 mm dia.,م.ط,108.0,3900.0,0.0,736.2,736.2,79509.6,18.876923076923077,بنود المطالبات,48,CMH_01_SMART.xlsx,sheet بنود المطالبات,high,prev_progress in workbook is informational; platform will recompute server-side from approved claims (Migration 048).
CMH_01-C01,3,200,توريد و تركيب انابيب فولاذية سوداء 40.sch ، يشمل العمل كافة قطع التركيبات مثل الأكواع  والتيهات والوصلات والقارنات والنقاصات/المخفضات ومنافس الهواء الآلية وتكون الوصلات من نوع  فيكتوليك او ما يماثلها للأقطار 50 مم أو أكبر، و تكون الوصلات قلووظ للأقطار أقل من 50 مم، والبند يشمل العلاقات والدعامات للمواسير و المحابس  و الصرف ان لزم والدهان  لكامل الشبكة كما يلزم لاتمام العمل و بناء على توجيهات مهندس المشرف .ويشمل البند جميع ما يلزم لاتمام الأعمال طبقا للمواصفات و طبقا لمتطلبات الNFPA  ومتطلبات الدفاع المدني من الكشف على الشبكة الحالية وفحصها كما هو موضح على المخططات و على المقاول تقديم المخططات التنفيذية و اعتمادها قبل بدء بالتنفيذ من المهندس المشرف كما هو موصف للأقطار التالية:.mm dia 28,م.ط,138.0,323.0,0.0,64.0,64.0,8832.0,19.814241486068113,بنود المطالبات,49,CMH_01_SMART.xlsx,sheet بنود المطالبات,high,prev_progress in workbook is informational; platform will recompute server-side from approved claims (Migration 048).
CMH_01-C01,3,201,توريد و تركيب انابيب فولاذية سوداء 40.sch ، يشمل العمل كافة قطع التركيبات مثل الأكواع  والتيهات والوصلات والقارنات والنقاصات/المخفضات ومنافس الهواء الآلية وتكون الوصلات من نوع  فيكتوليك او ما يماثلها للأقطار 50 مم أو أكبر، و تكون الوصلات قلووظ للأقطار أقل من 50 مم، والبند يشمل العلاقات والدعامات للمواسير و المحابس  و الصرف ان لزم والدهان  لكامل الشبكة كما يلزم لاتمام العمل و بناء على توجيهات مهندس المشرف .ويشمل البند جميع ما يلزم لاتمام الأعمال طبقا للمواصفات و طبقا لمتطلبات الNFPA  ومتطلبات الدفاع المدني من الكشف على الشبكة الحالية وفحصها كما هو موضح على المخططات و على المقاول تقديم المخططات التنفيذية و اعتمادها قبل بدء بالتنفيذ من المهندس المشرف كما هو موصف للأقطار التالية:.mm dia 33,م.ط,192.0,660.0,0.0,156.0,156.0,29952.0,23.636363636363637,بنود المطالبات,50,CMH_01_SMART.xlsx,sheet بنود المطالبات,high,prev_progress in workbook is informational; platform will recompute server-side from approved claims (Migration 048).
CMH_01-C01,3,202,توريد و تركيب انابيب فولاذية سوداء 40.sch ، يشمل العمل كافة قطع التركيبات مثل الأكواع  والتيهات والوصلات والقارنات والنقاصات/المخفضات ومنافس الهواء الآلية وتكون الوصلات من نوع  فيكتوليك او ما يماثلها للأقطار 50 مم أو أكبر، و تكون الوصلات قلووظ للأقطار أقل من 50 مم، والبند يشمل العلاقات والدعامات للمواسير و المحابس  و الصرف ان لزم والدهان  لكامل الشبكة كما يلزم لاتمام العمل و بناء على توجيهات مهندس المشرف .ويشمل البند جميع ما يلزم لاتمام الأعمال طبقا للمواصفات و طبقا لمتطلبات الNFPA  ومتطلبات الدفاع المدني من الكشف على الشبكة الحالية وفحصها كما هو موضح على المخططات و على المقاول تقديم المخططات التنفيذية و اعتمادها قبل بدء بالتنفيذ من المهندس المشرف كما هو موصف للأقطار التالية:.mm dia 40,م.ط,222.0,600.0,0.0,95.4,95.4,21178.800000000003,15.9,بنود المطالبات,51,CMH_01_SMART.xlsx,sheet بنود المطالبات,high,prev_progress in workbook is informational; platform will recompute server-side from approved claims (Migration 048).
CMH_01-C01,3,203,توريد و تركيب انابيب فولاذية سوداء 40.sch ، يشمل العمل كافة قطع التركيبات مثل الأكواع  والتيهات والوصلات والقارنات والنقاصات/المخفضات ومنافس الهواء الآلية وتكون الوصلات من نوع  فيكتوليك او ما يماثلها للأقطار 50 مم أو أكبر، و تكون الوصلات قلووظ للأقطار أقل من 50 مم، والبند يشمل العلاقات والدعامات للمواسير و المحابس  و الصرف ان لزم والدهان  لكامل الشبكة كما يلزم لاتمام العمل و بناء على توجيهات مهندس المشرف .ويشمل البند جميع ما يلزم لاتمام الأعمال طبقا للمواصفات و طبقا لمتطلبات الNFPA  ومتطلبات الدفاع المدني من الكشف على الشبكة الحالية وفحصها كما هو موضح على المخططات و على المقاول تقديم المخططات التنفيذية و اعتمادها قبل بدء بالتنفيذ من المهندس المشرف كما هو موصف للأقطار التالية:.mm dia 63,م.ط,240.0,646.0,0.0,129.6,129.6,31104.0,20.061919504643964,بنود المطالبات,52,CMH_01_SMART.xlsx,sheet بنود المطالبات,high,prev_progress in workbook is informational; platform will recompute server-side from approved claims (Migration 048).
CMH_01-C01,3,204,توريد و تركيب انابيب فولاذية سوداء 40.sch ، يشمل العمل كافة قطع التركيبات مثل الأكواع  والتيهات والوصلات والقارنات والنقاصات/المخفضات ومنافس الهواء الآلية وتكون الوصلات من نوع  فيكتوليك او ما يماثلها للأقطار 50 مم أو أكبر، و تكون الوصلات قلووظ للأقطار أقل من 50 مم، والبند يشمل العلاقات والدعامات للمواسير و المحابس  و الصرف ان لزم والدهان  لكامل الشبكة كما يلزم لاتمام العمل و بناء على توجيهات مهندس المشرف .ويشمل البند جميع ما يلزم لاتمام الأعمال طبقا للمواصفات و طبقا لمتطلبات الNFPA  ومتطلبات الدفاع المدني من الكشف على الشبكة الحالية وفحصها كما هو موضح على المخططات و على المقاول تقديم المخططات التنفيذية و اعتمادها قبل بدء بالتنفيذ من المهندس المشرف كما هو موصف للأقطار التالية:.mm dia 77,م.ط,288.0,110.0,0.0,23.4,23.4,6739.2,21.27272727272727,بنود المطالبات,53,CMH_01_SMART.xlsx,sheet بنود المطالبات,high,prev_progress in workbook is informational; platform will recompute server-side from approved claims (Migration 048).
CMH_01-C01,3,205,توريد و تركيب انابيب فولاذية سوداء 40.sch ، يشمل العمل كافة قطع التركيبات مثل الأكواع  والتيهات والوصلات والقارنات والنقاصات/المخفضات ومنافس الهواء الآلية وتكون الوصلات من نوع  فيكتوليك او ما يماثلها للأقطار 50 مم أو أكبر، و تكون الوصلات قلووظ للأقطار أقل من 50 مم، والبند يشمل العلاقات والدعامات للمواسير و المحابس  و الصرف ان لزم والدهان  لكامل الشبكة كما يلزم لاتمام العمل و بناء على توجيهات مهندس المشرف .ويشمل البند جميع ما يلزم لاتمام الأعمال طبقا للمواصفات و طبقا لمتطلبات الNFPA  ومتطلبات الدفاع المدني من الكشف على الشبكة الحالية وفحصها كما هو موضح على المخططات و على المقاول تقديم المخططات التنفيذية و اعتمادها قبل بدء بالتنفيذ من المهندس المشرف كما هو موصف للأقطار التالية:.mm dia 94,م.ط,324.0,314.0,0.0,81.0,81.0,26244.0,25.796178343949045,بنود المطالبات,54,CMH_01_SMART.xlsx,sheet بنود المطالبات,high,prev_progress in workbook is informational; platform will recompute server-side from approved claims (Migration 048).
CMH_01-C01,3,206,توريد و تركيب انابيب فولاذية سوداء 40.sch ، يشمل العمل كافة قطع التركيبات مثل الأكواع  والتيهات والوصلات والقارنات والنقاصات/المخفضات ومنافس الهواء الآلية وتكون الوصلات من نوع  فيكتوليك او ما يماثلها للأقطار 50 مم أو أكبر، و تكون الوصلات قلووظ للأقطار أقل من 50 مم، والبند يشمل العلاقات والدعامات للمواسير و المحابس  و الصرف ان لزم والدهان  لكامل الشبكة كما يلزم لاتمام العمل و بناء على توجيهات مهندس المشرف .ويشمل البند جميع ما يلزم لاتمام الأعمال طبقا للمواصفات و طبقا لمتطلبات الNFPA  ومتطلبات الدفاع المدني من الكشف على الشبكة الحالية وفحصها كما هو موضح على المخططات و على المقاول تقديم المخططات التنفيذية و اعتمادها قبل بدء بالتنفيذ من المهندس المشرف كما هو موصف للأقطار التالية:.mm dia 141,م.ط,360.0,200.0,0.0,68.4,68.4,24624.000000000004,34.2,بنود المطالبات,55,CMH_01_SMART.xlsx,sheet بنود المطالبات,high,prev_progress in workbook is informational; platform will recompute server-side from approved claims (Migration 048).
CMH_01-C01,3,230,توريد و تصنيع و تركيب أعمال مجاري  من الصفائح المعدنية المجلفنه )90G( للهواء الداخل والراجع والهواء النقي وقناة السحب حسب المواصفات القياسية SMACNA وتشمل التيهات/القطعة التائية والكوع/المرفق والتفريعات والتحويلة والدعامة وحمالة التعليق. ويجب أخذ الطول على امتداد خط المركز فوق كل قطع التركيبات، ومن المفهوم بأن السعر الإفرادي لأعمال مجاري الهواء/الأقنية محمل عليه كل دعامات حامل التعليق ومخمّد الصوت والحريق وكل قطع الإكسسوار عزل الحراري )فايبرغلاس( ثخانة 25 مم وبكثافة 24 كغ/م3 مع مانع تبخر من الألمنيوم المقوّى حسب المخططات والمواصفات و حسب تعليمات مهندس المشرف.,م.ط,300.0,7000.0,267.0,462.0,729.0,138600.0,10.414285714285715,بنود المطالبات,56,CMH_01_SMART.xlsx,sheet بنود المطالبات,high,prev_progress in workbook is informational; platform will recompute server-side from approved claims (Migration 048).
CMH_01-C01,3,249,توريد وتركيب مقابس طاقة مربوطة بأسلاك 4 مم2 كحد أدنى وتشمل الأجهزة و والأسلاك والمواسير والعلب ودعامات التثبيت ، من اللوحات الى نقاط المقابس وحسب المواصفات. على المقاول المعاينة و فحص الشبكة الحالية و الاستفادة من التمديدات الحالية و دمجها مع التركيبات الجديدة بعد عمل الاختبارات اللازمة و بعد الموافقة من مهندس المشرف . مقبس ثنائي سقفى، من النوع المؤرض، 15 أمبير، 230 فولت، طور واحد، قطبين، 3 أسلاك.,عدد,216.0,126.0,0.0,8.0,8.0,1728.0,6.349206349206349,بنود المطالبات,57,CMH_01_SMART.xlsx,sheet بنود المطالبات,high,prev_progress in workbook is informational; platform will recompute server-side from approved claims (Migration 048).
CMH_01-C01,3,264,توريد وتركيب وتوصيل وإختبار وفحص اجهزة الإنارة ويشمل اللمبات وأقواس التركيب وحبال التعليق وقطع الأكسسوار و ايضا نقاط الانارة متضمنة مواسير/أقنية قاسية عالية التحمل PVC  أوEMT وعلب ذات أسلاك لاتقل عن 0.4 مم2 لنقطة الإنارة وتوصيل أطراف أسلاك التأريض،وكل الأعمال المساعدة كما هو محدد وموضح في المخططات. على المقاول المعاينة و فحص الشبكة الحالية و الاستفادة من التمديدات الحالية و دمجها  علما بان البند يشمل جميع الوصلات و الاسلاك و الكابلات اللازمة لنهو العمل  بعد عمل الاختبارات اللازمة و بعد الموافقة من مهندس المشرف . Type A2,عدد,1044.0,1113.0,26.0,88.0,114.0,91872.0,10.242587601078167,بنود المطالبات,58,CMH_01_SMART.xlsx,sheet بنود المطالبات,high,prev_progress in workbook is informational; platform will recompute server-side from approved claims (Migration 048).
CMH_01-C01,3,272,توريد وتركيب وتوصيل وإختبار وفحص اجهزة الإنارة ويشمل اللمبات وأقواس التركيب وحبال التعليق وقطع الأكسسوار و ايضا نقاط الانارة متضمنة مواسير/أقنية قاسية عالية التحمل PVC  أوEMT وعلب ذات أسلاك لاتقل عن 0.4 مم2 لنقطة الإنارة وتوصيل أطراف أسلاك التأريض،وكل الأعمال المساعدة كما هو محدد وموضح في المخططات. على المقاول المعاينة و فحص الشبكة الحالية و الاستفادة من التمديدات الحالية و دمجها  علما بان البند يشمل جميع الوصلات و الاسلاك و الكابلات اللازمة لنهو العمل  بعد عمل الاختبارات اللازمة و بعد الموافقة من مهندس المشرف .Type B1,عدد,720.0,343.0,0.0,9.0,9.0,6480.0,2.623906705539359,بنود المطالبات,59,CMH_01_SMART.xlsx,sheet بنود المطالبات,high,prev_progress in workbook is informational; platform will recompute server-side from approved claims (Migration 048).
CMH_01-C01,3,274,توريد وتركيب وتوصيل وإختبار وفحص اجهزة الإنارة ويشمل اللمبات وأقواس التركيب وحبال التعليق وقطع الأكسسوار و ايضا نقاط الانارة متضمنة مواسير/أقنية قاسية عالية التحمل PVC  أوEMT وعلب ذات أسلاك لاتقل عن 0.4 مم2 لنقطة الإنارة وتوصيل أطراف أسلاك التأريض،وكل الأعمال المساعدة كما هو محدد وموضح في المخططات.على المقاول المعاينة و فحص الشبكة الحالية و الاستفادة من التمديدات الحالية و دمجها  علما بان البند يشمل جميع الوصلات و الاسلاك و الكابلات اللازمة لنهو العمل  بعد عمل الاختبارات اللازمة و بعد الموافقة من مهندس المشرف .Type C1,عدد,1128.0,172.0,0.0,9.0,9.0,10152.0,5.232558139534884,بنود المطالبات,60,CMH_01_SMART.xlsx,sheet بنود المطالبات,high,prev_progress in workbook is informational; platform will recompute server-side from approved claims (Migration 048).
CMH_01-C01,3,276,توريد وتركيب وتوصيل وإختبار وفحص اجهزة الإنارة ويشمل اللمبات وأقواس التركيب وحبال التعليق وقطع الأكسسوار و ايضا نقاط الانارة متضمنة مواسير/أقنية قاسية عالية التحمل PVC  أوEMT وعلب ذات أسلاك لاتقل عن 0.4 مم2 لنقطة الإنارة وتوصيل أطراف أسلاك التأريض،وكل الأعمال المساعدة كما هو محدد وموضح في المخططات. على المقاول المعاينة و فحص الشبكة الحالية و الاستفادة من التمديدات الحالية و دمجها  علما بان البند يشمل جميع الوصلات و الاسلاك و الكابلات اللازمة لنهو العمل  بعد عمل الاختبارات اللازمة و بعد الموافقة من مهندس المشرف .Type C3,عدد,444.0,1062.0,8.0,80.0,88.0,35520.0,8.286252354048965,بنود المطالبات,61,CMH_01_SMART.xlsx,sheet بنود المطالبات,high,prev_progress in workbook is informational; platform will recompute server-side from approved claims (Migration 048).
CMH_01-C01,3,277,توريد وتركيب وتوصيل وإختبار وفحص اجهزة الإنارة ويشمل اللمبات وأقواس التركيب وحبال التعليق وقطع الأكسسوار و ايضا نقاط الانارة متضمنة مواسير/أقنية قاسية عالية التحمل PVC  أوEMT وعلب ذات أسلاك لاتقل عن 0.4 مم2 لنقطة الإنارة وتوصيل أطراف أسلاك التأريض،وكل الأعمال المساعدة كما هو محدد وموضح في المخططات. على المقاول المعاينة و فحص الشبكة الحالية و الاستفادة من التمديدات الحالية و دمجها  علما بان البند يشمل جميع الوصلات و الاسلاك و الكابلات اللازمة لنهو العمل  بعد عمل الاختبارات اللازمة و بعد الموافقة من مهندس المشرف .Type C4,عدد,300.0,284.0,2.0,18.0,20.0,5400.0,7.042253521126761,بنود المطالبات,62,CMH_01_SMART.xlsx,sheet بنود المطالبات,high,prev_progress in workbook is informational; platform will recompute server-side from approved claims (Migration 048).
CMH_01-C01,3,278,توريد وتركيب وتوصيل وإختبار وفحص اجهزة الإنارة ويشمل اللمبات وأقواس التركيب وحبال التعليق وقطع الأكسسوار و ايضا نقاط الانارة متضمنة مواسير/أقنية قاسية عالية التحمل PVC  أوEMT وعلب ذات أسلاك لاتقل عن 0.4 مم2 لنقطة الإنارة وتوصيل أطراف أسلاك التأريض،وكل الأعمال المساعدة كما هو محدد وموضح في المخططات. على المقاول المعاينة و فحص الشبكة الحالية و الاستفادة من التمديدات الحالية و دمجها  علما بان البند يشمل جميع الوصلات و الاسلاك و الكابلات اللازمة لنهو العمل  بعد عمل الاختبارات اللازمة و بعد الموافقة من مهندس المشرف .Type C5,عدد,438.0,149.0,0.0,13.0,13.0,5694.0,8.724832214765101,بنود المطالبات,63,CMH_01_SMART.xlsx,sheet بنود المطالبات,high,prev_progress in workbook is informational; platform will recompute server-side from approved claims (Migration 048).
CMH_01-C01,3,279,توريد وتركيب وتوصيل وإختبار وفحص اجهزة الإنارة ويشمل اللمبات وأقواس التركيب وحبال التعليق وقطع الأكسسوار و ايضا نقاط الانارة متضمنة مواسير/أقنية قاسية عالية التحمل PVC  أوEMT وعلب ذات أسلاك لاتقل عن 0.4 مم2 لنقطة الإنارة وتوصيل أطراف أسلاك التأريض،وكل الأعمال المساعدة كما هو محدد وموضح في المخططات.على المقاول المعاينة و فحص الشبكة الحالية و الاستفادة من التمديدات الحالية و دمجها  علما بان البند يشمل جميع الوصلات و الاسلاك و الكابلات اللازمة لنهو العمل  بعد عمل الاختبارات اللازمة و بعد الموافقة من مهندس المشرف .Type C6,عدد,288.0,158.0,0.0,18.0,18.0,5184.0,11.39240506329114,بنود المطالبات,64,CMH_01_SMART.xlsx,sheet بنود المطالبات,high,prev_progress in workbook is informational; platform will recompute server-side from approved claims (Migration 048).
CMH_01-C01,3,281,توريد وتركيب وتوصيل وإختبار وفحص اجهزة الإنارة ويشمل اللمبات وأقواس التركيب وحبال التعليق وقطع الأكسسوار و ايضا نقاط الانارة متضمنة مواسير/أقنية قاسية عالية التحمل PVC  أوEMT وعلب ذات أسلاك لاتقل عن 0.4 مم2 لنقطة الإنارة وتوصيل أطراف أسلاك التأريض،وكل الأعمال المساعدة كما هو محدد وموضح في المخططات. على المقاول المعاينة و فحص الشبكة الحالية و الاستفادة من التمديدات الحالية و دمجها  علما بان البند يشمل جميع الوصلات و الاسلاك و الكابلات اللازمة لنهو العمل  بعد عمل الاختبارات اللازمة و بعد الموافقة من مهندس المشرف . Type D1,عدد,936.0,56.0,0.0,6.0,6.0,5616.0,10.714285714285714,بنود المطالبات,65,CMH_01_SMART.xlsx,sheet بنود المطالبات,high,prev_progress in workbook is informational; platform will recompute server-side from approved claims (Migration 048).
CMH_01-C01,3,283,توريد وتركيب وتوصيل وإختبار وفحص اجهزة الإنارة ويشمل اللمبات وأقواس التركيب وحبال التعليق وقطع الأكسسوار و ايضا نقاط الانارة متضمنة مواسير/أقنية قاسية عالية التحمل PVC  أوEMT وعلب ذات أسلاك لاتقل عن 0.4 مم2 لنقطة الإنارة وتوصيل أطراف أسلاك التأريض،وكل الأعمال المساعدة كما هو محدد وموضح في المخططات. على المقاول المعاينة و فحص الشبكة الحالية و الاستفادة من التمديدات الحالية و دمجها  علما بان البند يشمل جميع الوصلات و الاسلاك و الكابلات اللازمة لنهو العمل  بعد عمل الاختبارات اللازمة و بعد الموافقة من مهندس المشرف .Type D3,عدد,288.0,179.0,0.0,28.0,28.0,8064.0,15.64245810055866,بنود المطالبات,66,CMH_01_SMART.xlsx,sheet بنود المطالبات,high,prev_progress in workbook is informational; platform will recompute server-side from approved claims (Migration 048).
CMH_01-C01,3,286,توريد وتركيب وتوصيل وإختبار وفحص اجهزة الإنارة ويشمل اللمبات وأقواس التركيب وحبال التعليق وقطع الأكسسوار و ايضا نقاط الانارة متضمنة مواسير/أقنية قاسية عالية التحمل PVC  أوEMT وعلب ذات أسلاك لاتقل عن 0.4 مم2 لنقطة الإنارة وتوصيل أطراف أسلاك التأريض،وكل الأعمال المساعدة كما هو محدد وموضح في المخططات. على المقاول المعاينة و فحص الشبكة الحالية و الاستفادة من التمديدات الحالية و دمجها  علما بان البند يشمل جميع الوصلات و الاسلاك و الكابلات اللازمة لنهو العمل  بعد عمل الاختبارات اللازمة و بعد الموافقة من مهندس المشرف . Type E2,عدد,504.0,186.0,0.0,29.0,29.0,14616.0,15.591397849462366,بنود المطالبات,67,CMH_01_SMART.xlsx,sheet بنود المطالبات,high,prev_progress in workbook is informational; platform will recompute server-side from approved claims (Migration 048).
CMH_01-C01,3,291,توريد وتركيب وتوصيل وإختبار وفحص اجهزة الإنارة ويشمل اللمبات وأقواس التركيب وحبال التعليق وقطع الأكسسوار و ايضا نقاط الانارة متضمنة مواسير/أقنية قاسية عالية التحمل PVC  أوEMT وعلب ذات أسلاك لاتقل عن 0.4 مم2 لنقطة الإنارة وتوصيل أطراف أسلاك التأريض،وكل الأعمال المساعدة كما هو محدد وموضح في المخططات. على المقاول المعاينة و فحص الشبكة الحالية و الاستفادة من التمديدات الحالية و دمجها  علما بان البند يشمل جميع الوصلات و الاسلاك و الكابلات اللازمة لنهو العمل  بعد عمل الاختبارات اللازمة و بعد الموافقة من مهندس المشرف .Type LB4,عدد,1104.0,132.0,0.0,10.0,10.0,11040.0,7.575757575757576,بنود المطالبات,68,CMH_01_SMART.xlsx,sheet بنود المطالبات,high,prev_progress in workbook is informational; platform will recompute server-side from approved claims (Migration 048).
CMH_01-C01,3,295,توريد وتركيب وتوصيل وإختبار وفحص اجهزة الإنارة ويشمل اللمبات وأقواس التركيب وحبال التعليق وقطع الأكسسوار و ايضا نقاط الانارة متضمنة مواسير/أقنية قاسية عالية التحمل PVC  أوEMT وعلب ذات أسلاك لاتقل عن 0.4 مم2 لنقطة الإنارة وتوصيل أطراف أسلاك التأريض،وكل الأعمال المساعدة كما هو محدد وموضح في المخططات. على المقاول المعاينة و فحص الشبكة الحالية و الاستفادة من التمديدات الحالية و دمجها  علما بان البند يشمل جميع الوصلات و الاسلاك و الكابلات اللازمة لنهو العمل  بعد عمل الاختبارات اللازمة و بعد الموافقة من مهندس المشرف .Type ES-1,عدد,360.0,430.0,0.0,28.0,28.0,10080.0,6.511627906976744,بنود المطالبات,69,CMH_01_SMART.xlsx,sheet بنود المطالبات,high,prev_progress in workbook is informational; platform will recompute server-side from approved claims (Migration 048).
CMH_01-C01,3,298,توريد وتركيب وتوصيل وإختبار وفحص اجهزة الإنارة ويشمل اللمبات وأقواس التركيب وحبال التعليق وقطع الأكسسوار و ايضا نقاط الانارة متضمنة مواسير/أقنية قاسية عالية التحمل PVC  أوEMT وعلب ذات أسلاك لاتقل عن 0.4 مم2 لنقطة الإنارة وتوصيل أطراف أسلاك التأريض،وكل الأعمال المساعدة كما هو محدد وموضح في المخططات. على المقاول المعاينة و فحص الشبكة الحالية و الاستفادة من التمديدات الحالية و دمجها  علما بان البند يشمل جميع الوصلات و الاسلاك و الكابلات اللازمة لنهو العمل  بعد عمل الاختبارات اللازمة و بعد الموافقة من مهندس المشرف . Type P1,عدد,420.0,75.0,0.0,8.0,8.0,3360.0,10.666666666666668,بنود المطالبات,70,CMH_01_SMART.xlsx,sheet بنود المطالبات,high,prev_progress in workbook is informational; platform will recompute server-side from approved claims (Migration 048).
CMH_01-C01,3,299,توريد وتركيب وتوصيل وإختبار وفحص اجهزة الإنارة ويشمل اللمبات وأقواس التركيب وحبال التعليق وقطع الأكسسوار و ايضا نقاط الانارة متضمنة مواسير/أقنية قاسية عالية التحمل PVC  أوEMT وعلب ذات أسلاك لاتقل عن 0.4 مم2 لنقطة الإنارة وتوصيل أطراف أسلاك التأريض،وكل الأعمال المساعدة كما هو محدد وموضح في المخططات. على المقاول المعاينة و فحص الشبكة الحالية و الاستفادة من التمديدات الحالية و دمجها  علما بان البند يشمل جميع الوصلات و الاسلاك و الكابلات اللازمة لنهو العمل  بعد عمل الاختبارات اللازمة و بعد الموافقة من مهندس المشرف . Type T1,عدد,744.0,1146.0,0.0,99.0,99.0,73656.0,8.638743455497382,بنود المطالبات,71,CMH_01_SMART.xlsx,sheet بنود المطالبات,high,prev_progress in workbook is informational; platform will recompute server-side from approved claims (Migration 048).
CMH_01-C01,3,304,توريد وتركيب وتوصيل واختبار مفاتيح التحكم بالإنارة / أزرار كبس 10 أمبير، 230 فولت، وتشمل كل المواسير معزولة ب  PVC وأسلاك نحاس  0.4 مم2 حتى وحدات الانارة حسب الموضح على المخططات وحسب المواصفات. على المقاول المعاينة و فحص الشبكة الحالية و الاستفادة من التمديدات الحالية و دمجها مع التركيبات الجديدة بعد عمل الاختبارات اللازمة و بعد الموافقة من مهندس المشرف .مفتاح أحادي ، ثنائي الكباّس، 10 أمبير,عدد,216.0,490.0,0.0,8.0,8.0,1728.0,1.6326530612244898,بنود المطالبات,72,CMH_01_SMART.xlsx,sheet بنود المطالبات,high,prev_progress in workbook is informational; platform will recompute server-side from approved claims (Migration 048).
CMH_01-C01,3,327,"توريد وتركيب وإختبار المخارج اآلتية شاملة الكابالت 6A( )CAT والمواسير وعلب التوصيل وعلب السحب واألغطية و الوصالت cords Patch وخالفه حسب المواصفات ووفقا لما هو موضح بالمخططات مع جميع االكسسوارات لعمل النظام على أكمل وجه ومن أجود األنواع األصلية وحسب تعليمات ومواصفات إدارة الــ IT بالوزارة وكل ما يلزم من المخرج وحتى rack IT
على المقاول المعاينة و فحص الشبكة الحالية و االستفادة من التمديدات الحالية و دمجها مع التركيبات
الجديدة بعد عمل االختبارات الالزمة و بعد الموافقة من مهندس المشرف -:.
مخرج فردي حائطي مزود بعدد واحد مأخذ RJ-45
",عدد,432.0,206.0,0.0,8.0,8.0,3456.0,3.8834951456310676,بنود المطالبات,73,CMH_01_SMART.xlsx,sheet بنود المطالبات,high,prev_progress in workbook is informational; platform will recompute server-side from approved claims (Migration 048).
CMH_01-C01,4,6,توريد وبناء مباني من البلوك  مقاوم للحريق شاملا المونة والفواصل وأربطة التثبيت والتسليح الرأسي وعتبات جميع الفتحات وعزل الجدران المزدوجة المفرّغة والمكملات ويتم توريد البلوك بالموقع على قواعد خشبية مغطاه بالبلاستيك ويستمر على هذه الحالة حتى يبدأ استخدامه للبناء على أن يكون ذو ابعاد بطول 40سم وسماكة حسب المطلوب وارتفاع 20سم وان تكون صلد سليم نظيف وذو زوايا خارجية قائمة يستعمل لبناء الحوائط حسب ما هو موضح بالمخططات مع التكحيل ويكون  مطابق للمواصفات حسب النوعيه المطلوبة والسعر يشمل كل مايلزم للبناء من البلوك الكامل والقطع الخاصة سواء 5.0 أو 25.0 ، كذلك القطع الخاصة بتمديد المواسير بحيث لا يتم تكسير البلوك أثناء الاستخدام للبناء على الأطلاق ، بالإضافة إلى كافة المواد والاكسسوارات والسقايل واستعمال الشبك الممدد والتسليح بواسطة خوابير معدنية والمرابط المعدنية ويشمل السعر أي مواد أو أعمال يتطلبها استكمال العمل حسب المواصفات  القسم Ref drawing: 07-MRA-DD-(as per floor number) وتعليمات المهندس المشرف 04200Ar-100,م2,150.0,450.0,1707.45,39.66,1747.1100000000001,5948.999999999999,388.24666666666667,بنود المطالبات,74,CMH_01_SMART.xlsx,sheet بنود المطالبات,high,prev_progress in workbook is informational; platform will recompute server-side from approved claims (Migration 048).
CMH_01-C01,4,125,دهان بلون رمادي بيج على الألواح الجبسية والألواح الاسمنتية 100-WPF,م²,25.2,12700.0,680.09,359.2,1039.29,9051.84,8.183385826771653,بنود المطالبات,75,CMH_01_SMART.xlsx,sheet بنود المطالبات,high,prev_progress in workbook is informational; platform will recompute server-side from approved claims (Migration 048).
CMH_01-C01,4,176,للمواسير داخل المبنى من مواسير متعددة الطبقات بولي بروبلين كما هو موصف تشمل كافة القطع التركيبية )مثل القارنات من الحديد الصلب الغير قابل للصدأ والأكواع /المنحنيات والتفريعات والدعامات( والصمامات ومخمدات الصدمة ومنافس الهواء الآلية و المحابس  وكافة الاكسسوارات اللازمة، كما هو مبين في المخططات لتركيب مايلي من الأقطار الخارجية مع ربطه بالشبكة الحالية لاقرب نقطة و على المقاول تقديم المخططات التنفيذية و الحسابات الهيدروليكية و اعتمادها قبل البدا بالتنفيذ الاعمال من المهندس المشرف للاقطار  الداخلية قطر 20 مم,م.ط,66.0,532.0,0.0,113.52,113.52,7492.32,21.338345864661655,بنود المطالبات,76,CMH_01_SMART.xlsx,sheet بنود المطالبات,high,prev_progress in workbook is informational; platform will recompute server-side from approved claims (Migration 048).
CMH_01-C01,4,178,للمواسير داخل المبنى من مواسير متعددة الطبقات بولي بروبلين كما هو موصف تشمل كافة القطع التركيبية )مثل القارنات من الحديد الصلب الغير قابل للصدأ والأكواع /المنحنيات والتفريعات والدعامات( والصمامات ومخمدات الصدمة ومنافس الهواء الآلية و المحابس  وكافة الاكسسوارات اللازمة، كما هو مبين في المخططات لتركيب مايلي من الأقطار الخارجية مع ربطه بالشبكة الحالية لاقرب نقطة و على المقاول تقديم المخططات التنفيذية و الحسابات الهيدروليكية و اعتمادها قبل البدا بالتنفيذ الاعمال من المهندس المشرف للاقطار  الداخلية :قطر 32مم,م.ط,102.0,207.0,27.0,3.64,30.64,371.28000000000003,14.801932367149758,بنود المطالبات,77,CMH_01_SMART.xlsx,sheet بنود المطالبات,high,prev_progress in workbook is informational; platform will recompute server-side from approved claims (Migration 048).
CMH_01-C01,4,179,للمواسير داخل المبنى من مواسير متعددة الطبقات بولي بروبلين كما هو موصف تشمل كافة القطع التركيبية )مثل القارنات من الحديد الصلب الغير قابل للصدأ والأكواع /المنحنيات والتفريعات والدعامات( والصمامات ومخمدات الصدمة ومنافس الهواء الآلية و المحابس  وكافة الاكسسوارات اللازمة، كما هو مبين في المخططات لتركيب مايلي من الأقطار الخارجية مع ربطه بالشبكة الحالية لاقرب نقطة و على المقاول تقديم المخططات التنفيذية و الحسابات الهيدروليكية و اعتمادها قبل البدا بالتنفيذ الاعمال من المهندس المشرف للاقطار  الداخلية :قطر 40 مم,م.ط,85.2,103.0,12.0,27.2,39.2,2317.44,38.05825242718447,بنود المطالبات,78,CMH_01_SMART.xlsx,sheet بنود المطالبات,high,prev_progress in workbook is informational; platform will recompute server-side from approved claims (Migration 048).
CMH_01-C01,4,180,للمواسير داخل المبنى من مواسير متعددة الطبقات بولي بروبلين كما هو موصف تشمل كافة القطع التركيبية )مثل القارنات من الحديد الصلب الغير قابل للصدأ والأكواع /المنحنيات والتفريعات والدعامات( والصمامات ومخمدات الصدمة ومنافس الهواء الآلية و المحابس  وكافة الاكسسوارات اللازمة، كما هو مبين في المخططات لتركيب مايلي من الأقطار الخارجية مع ربطه بالشبكة الحالية لاقرب نقطة و على المقاول تقديم المخططات التنفيذية و الحسابات الهيدروليكية و اعتمادها قبل البدا بالتنفيذ الاعمال من المهندس المشرف للاقطار  الداخلية:قطر 50 مم,م.ط,94.8,218.0,18.0,40.16,58.16,3807.1679999999997,26.678899082568808,بنود المطالبات,79,CMH_01_SMART.xlsx,sheet بنود المطالبات,high,prev_progress in workbook is informational; platform will recompute server-side from approved claims (Migration 048).
CMH_01-C01,4,181,مواسير المياه الساخنة مؤلفة من عدة طبقات )بولي بروبلين معزولة( كما هو موصف مع العزل وتشمل كافة القطع التركيبية )مثل القارنات من الحديد الصلب الغير قابل للصدأ والأكواع / المنحنيات والتفريعات والدعامات( والصمامات ومخمدات الصدمة وكافة الاكسسوارات و المحابس  اللازمة لإنجاز تركيب مايلي من الأقطار الخارجية مع ربطه بالشبكة الحالية لاقرب نقطة و على المقاول تقديم المخططات التنفيذية و الحسابات الهيدروليكية و اعتمادها قبل البدا بالتنفيذ الاعمال من المهندس المشرف للاقطار  الداخلية :قطر 20 مم,م.ط,70.8,150.0,0.0,85.2,85.2,6032.16,56.800000000000004,بنود المطالبات,80,CMH_01_SMART.xlsx,sheet بنود المطالبات,high,prev_progress in workbook is informational; platform will recompute server-side from approved claims (Migration 048).
CMH_01-C01,4,185,مواسير صرف وتهوية مصنوعة من 4UPVC class  ذات وصلات انضغاطية ومطاط كما هو موصف وتشمل التهوية من خلال السطح مع الغطاء و طبات التسليك، وكافة قطع التركيبات والعلاقات اللازمة لإستكمال تركيب مايلي من الأقطار الداخلية:قطر 50 مم,م.ط,75.6,426.0,93.6,170.28,263.88,12873.168,61.94366197183099,بنود المطالبات,81,CMH_01_SMART.xlsx,sheet بنود المطالبات,high,prev_progress in workbook is informational; platform will recompute server-side from approved claims (Migration 048).
CMH_01-C01,4,186,مواسير صرف وتهوية مصنوعة من 4UPVC class  ذات وصلات انضغاطية ومطاط كما هو موصف وتشمل التهوية من خلال السطح مع الغطاء و طبات التسليك، وكافة قطع التركيبات والعلاقات اللازمة لإستكمال تركيب مايلي من الأقطار الداخلية:قطر 75 مم,م.ط,91.2,934.0,117.0,70.11,187.11,6394.032,20.03319057815846,بنود المطالبات,82,CMH_01_SMART.xlsx,sheet بنود المطالبات,high,prev_progress in workbook is informational; platform will recompute server-side from approved claims (Migration 048).
CMH_01-C01,4,187,مواسير صرف وتهوية مصنوعة من 4UPVC class  ذات وصلات انضغاطية ومطاط كما هو موصف وتشمل التهوية من خلال السطح مع الغطاء و طبات التسليك، وكافة قطع التركيبات والعلاقات اللازمة لإستكمال تركيب مايلي من الأقطار الداخلية:قطر 110 مم,م.ط,102.0,961.0,259.2,183.6,442.79999999999995,18727.2,46.07700312174817,بنود المطالبات,83,CMH_01_SMART.xlsx,sheet بنود المطالبات,high,prev_progress in workbook is informational; platform will recompute server-side from approved claims (Migration 048).
CMH_01-C01,4,199, يشمل العمل كافة قطع التركيبات مثل الأكواع  والتيهات ، 40. schتوريد و تركيب انابيب فولاذية سوداء والوصلات والقارنات والنقاصات/المخفضات ومنافس الهواء الآلية وتكون الوصلات من نوع  فيكتوليك او ما يماثلها للأقطار 50 مم أو أكبر، و تكون الوصلات قلووظ للأقطار أقل من 50 مم، والبند يشمل  العلاقات والدعامات للمواسير و المحابس  و الصرف ان لزم والدهان  لكامل الشبكة كما يلزم لاتمام العمل. و بناء على توجيهات مهندس المشرف  ومتطلبات الدفاعNFPA  ويشمل البند جميع ما يلزم لاتمام الأعمال طبقا للمواصفات و طبقا لمتطلبات ال المدني من الكشف على الشبكة الحالية وفحصها كما هو موضح على المخططات و على المقاول تقديم:المخططات التنفيذية و اعتمادها قبل بدء بالتنفيذ من المهندس المشرف كما هو موصف للأقطار التالية 25 mm dia.,م.ط,108.0,3900.0,736.2,537.4,1273.6,58039.2,32.656410256410254,بنود المطالبات,84,CMH_01_SMART.xlsx,sheet بنود المطالبات,high,prev_progress in workbook is informational; platform will recompute server-side from approved claims (Migration 048).
CMH_01-C01,4,200,توريد و تركيب انابيب فولاذية سوداء 40.sch ، يشمل العمل كافة قطع التركيبات مثل الأكواع  والتيهات والوصلات والقارنات والنقاصات/المخفضات ومنافس الهواء الآلية وتكون الوصلات من نوع  فيكتوليك او ما يماثلها للأقطار 50 مم أو أكبر، و تكون الوصلات قلووظ للأقطار أقل من 50 مم، والبند يشمل العلاقات والدعامات للمواسير و المحابس  و الصرف ان لزم والدهان  لكامل الشبكة كما يلزم لاتمام العمل و بناء على توجيهات مهندس المشرف .ويشمل البند جميع ما يلزم لاتمام الأعمال طبقا للمواصفات و طبقا لمتطلبات الNFPA  ومتطلبات الدفاع المدني من الكشف على الشبكة الحالية وفحصها كما هو موضح على المخططات و على المقاول تقديم المخططات التنفيذية و اعتمادها قبل بدء بالتنفيذ من المهندس المشرف كما هو موصف للأقطار التالية:.mm dia 28,م.ط,138.0,323.0,64.0,44.0,108.0,6072.0,33.43653250773993,بنود المطالبات,85,CMH_01_SMART.xlsx,sheet بنود المطالبات,high,prev_progress in workbook is informational; platform will recompute server-side from approved claims (Migration 048).
CMH_01-C01,4,201,توريد و تركيب انابيب فولاذية سوداء 40.sch ، يشمل العمل كافة قطع التركيبات مثل الأكواع  والتيهات والوصلات والقارنات والنقاصات/المخفضات ومنافس الهواء الآلية وتكون الوصلات من نوع  فيكتوليك او ما يماثلها للأقطار 50 مم أو أكبر، و تكون الوصلات قلووظ للأقطار أقل من 50 مم، والبند يشمل العلاقات والدعامات للمواسير و المحابس  و الصرف ان لزم والدهان  لكامل الشبكة كما يلزم لاتمام العمل و بناء على توجيهات مهندس المشرف .ويشمل البند جميع ما يلزم لاتمام الأعمال طبقا للمواصفات و طبقا لمتطلبات الNFPA  ومتطلبات الدفاع المدني من الكشف على الشبكة الحالية وفحصها كما هو موضح على المخططات و على المقاول تقديم المخططات التنفيذية و اعتمادها قبل بدء بالتنفيذ من المهندس المشرف كما هو موصف للأقطار التالية:.mm dia 33,م.ط,192.0,660.0,156.0,11.2,167.2,2150.3999999999996,25.33333333333333,بنود المطالبات,86,CMH_01_SMART.xlsx,sheet بنود المطالبات,high,prev_progress in workbook is informational; platform will recompute server-side from approved claims (Migration 048).
CMH_01-C01,4,202,توريد و تركيب انابيب فولاذية سوداء 40.sch ، يشمل العمل كافة قطع التركيبات مثل الأكواع  والتيهات والوصلات والقارنات والنقاصات/المخفضات ومنافس الهواء الآلية وتكون الوصلات من نوع  فيكتوليك او ما يماثلها للأقطار 50 مم أو أكبر، و تكون الوصلات قلووظ للأقطار أقل من 50 مم، والبند يشمل العلاقات والدعامات للمواسير و المحابس  و الصرف ان لزم والدهان  لكامل الشبكة كما يلزم لاتمام العمل و بناء على توجيهات مهندس المشرف .ويشمل البند جميع ما يلزم لاتمام الأعمال طبقا للمواصفات و طبقا لمتطلبات الNFPA  ومتطلبات الدفاع المدني من الكشف على الشبكة الحالية وفحصها كما هو موضح على المخططات و على المقاول تقديم المخططات التنفيذية و اعتمادها قبل بدء بالتنفيذ من المهندس المشرف كما هو موصف للأقطار التالية:.mm dia 40,م.ط,222.0,600.0,95.4,37.4,132.8,8302.8,22.133333333333336,بنود المطالبات,87,CMH_01_SMART.xlsx,sheet بنود المطالبات,high,prev_progress in workbook is informational; platform will recompute server-side from approved claims (Migration 048).
CMH_01-C01,4,203,توريد و تركيب انابيب فولاذية سوداء 40.sch ، يشمل العمل كافة قطع التركيبات مثل الأكواع  والتيهات والوصلات والقارنات والنقاصات/المخفضات ومنافس الهواء الآلية وتكون الوصلات من نوع  فيكتوليك او ما يماثلها للأقطار 50 مم أو أكبر، و تكون الوصلات قلووظ للأقطار أقل من 50 مم، والبند يشمل العلاقات والدعامات للمواسير و المحابس  و الصرف ان لزم والدهان  لكامل الشبكة كما يلزم لاتمام العمل و بناء على توجيهات مهندس المشرف .ويشمل البند جميع ما يلزم لاتمام الأعمال طبقا للمواصفات و طبقا لمتطلبات الNFPA  ومتطلبات الدفاع المدني من الكشف على الشبكة الحالية وفحصها كما هو موضح على المخططات و على المقاول تقديم المخططات التنفيذية و اعتمادها قبل بدء بالتنفيذ من المهندس المشرف كما هو موصف للأقطار التالية:.mm dia 63,م.ط,240.0,646.0,129.6,40.0,169.6,9600.0,26.253869969040245,بنود المطالبات,88,CMH_01_SMART.xlsx,sheet بنود المطالبات,high,prev_progress in workbook is informational; platform will recompute server-side from approved claims (Migration 048).
CMH_01-C01,4,204,توريد و تركيب انابيب فولاذية سوداء 40.sch ، يشمل العمل كافة قطع التركيبات مثل الأكواع  والتيهات والوصلات والقارنات والنقاصات/المخفضات ومنافس الهواء الآلية وتكون الوصلات من نوع  فيكتوليك او ما يماثلها للأقطار 50 مم أو أكبر، و تكون الوصلات قلووظ للأقطار أقل من 50 مم، والبند يشمل العلاقات والدعامات للمواسير و المحابس  و الصرف ان لزم والدهان  لكامل الشبكة كما يلزم لاتمام العمل و بناء على توجيهات مهندس المشرف .ويشمل البند جميع ما يلزم لاتمام الأعمال طبقا للمواصفات و طبقا لمتطلبات الNFPA  ومتطلبات الدفاع المدني من الكشف على الشبكة الحالية وفحصها كما هو موضح على المخططات و على المقاول تقديم المخططات التنفيذية و اعتمادها قبل بدء بالتنفيذ من المهندس المشرف كما هو موصف للأقطار التالية:.mm dia 77,م.ط,288.0,110.0,23.4,71.0,94.4,20448.0,85.81818181818183,بنود المطالبات,89,CMH_01_SMART.xlsx,sheet بنود المطالبات,high,prev_progress in workbook is informational; platform will recompute server-side from approved claims (Migration 048).
CMH_01-C01,4,206,توريد و تركيب انابيب فولاذية سوداء 40.sch ، يشمل العمل كافة قطع التركيبات مثل الأكواع  والتيهات والوصلات والقارنات والنقاصات/المخفضات ومنافس الهواء الآلية وتكون الوصلات من نوع  فيكتوليك او ما يماثلها للأقطار 50 مم أو أكبر، و تكون الوصلات قلووظ للأقطار أقل من 50 مم، والبند يشمل العلاقات والدعامات للمواسير و المحابس  و الصرف ان لزم والدهان  لكامل الشبكة كما يلزم لاتمام العمل و بناء على توجيهات مهندس المشرف .ويشمل البند جميع ما يلزم لاتمام الأعمال طبقا للمواصفات و طبقا لمتطلبات الNFPA  ومتطلبات الدفاع المدني من الكشف على الشبكة الحالية وفحصها كما هو موضح على المخططات و على المقاول تقديم المخططات التنفيذية و اعتمادها قبل بدء بالتنفيذ من المهندس المشرف كما هو موصف للأقطار التالية:.mm dia 141,م.ط,360.0,200.0,68.4,88.4,156.8,31824.000000000004,78.4,بنود المطالبات,90,CMH_01_SMART.xlsx,sheet بنود المطالبات,high,prev_progress in workbook is informational; platform will recompute server-side from approved claims (Migration 048).
CMH_01-C01,4,230,توريد و تصنيع و تركيب أعمال مجاري  من الصفائح المعدنية المجلفنه )90G( للهواء الداخل والراجع والهواء النقي وقناة السحب حسب المواصفات القياسية SMACNA وتشمل التيهات/القطعة التائية والكوع/المرفق والتفريعات والتحويلة والدعامة وحمالة التعليق. ويجب أخذ الطول على امتداد خط المركز فوق كل قطع التركيبات، ومن المفهوم بأن السعر الإفرادي لأعمال مجاري الهواء/الأقنية محمل عليه كل دعامات حامل التعليق ومخمّد الصوت والحريق وكل قطع الإكسسوار عزل الحراري )فايبرغلاس( ثخانة 25 مم وبكثافة 24 كغ/م3 مع مانع تبخر من الألمنيوم المقوّى حسب المخططات والمواصفات و حسب تعليمات مهندس المشرف.,م.ط,300.0,7000.0,729.0,1216.75,1945.75,365025.0,27.79642857142857,بنود المطالبات,91,CMH_01_SMART.xlsx,sheet بنود المطالبات,high,prev_progress in workbook is informational; platform will recompute server-side from approved claims (Migration 048).
CMH_01-C01,4,254,توريد وتركيب وإختبار وفحص علبة خدمة من نوعية ممتازة تحتوى على  ) أ ( مقابس تغذية أرضية مزدوجة ذات أسلاك 4 مم2 كحد أدنى مركبة على الأرض وتشمل أسلاك التأريض من اللوحة حتى المقابس + )ب( مآخذ للهاتف والبيانات ذات كابلات CAT 6A UTP وحتى كابينة الداتا  وحسب مواصفات إدارة الـ IT  بالوزارة. على المقاول المعاينة و فحص الشبكة الحالية و الاستفادة من التمديدات الحالية و دمجها مع التركيبات الجديدة بعد عمل الاختبارات اللازمة و بعد الموافقة من مهندس المشرف . النوع  )A(  )تحتوى على  4 قوى & 4 داتا (,عدد,2160.0,286.0,30.0,5.0,35.0,10800.0,12.237762237762238,بنود المطالبات,92,CMH_01_SMART.xlsx,sheet بنود المطالبات,high,prev_progress in workbook is informational; platform will recompute server-side from approved claims (Migration 048).
CMH_01-C01,4,264,توريد وتركيب وتوصيل وإختبار وفحص اجهزة الإنارة ويشمل اللمبات وأقواس التركيب وحبال التعليق وقطع الأكسسوار و ايضا نقاط الانارة متضمنة مواسير/أقنية قاسية عالية التحمل PVC  أوEMT وعلب ذات أسلاك لاتقل عن 0.4 مم2 لنقطة الإنارة وتوصيل أطراف أسلاك التأريض،وكل الأعمال المساعدة كما هو محدد وموضح في المخططات. على المقاول المعاينة و فحص الشبكة الحالية و الاستفادة من التمديدات الحالية و دمجها  علما بان البند يشمل جميع الوصلات و الاسلاك و الكابلات اللازمة لنهو العمل  بعد عمل الاختبارات اللازمة و بعد الموافقة من مهندس المشرف . Type A2,عدد,1044.0,1113.0,114.0,45.0,159.0,46980.0,14.285714285714285,بنود المطالبات,93,CMH_01_SMART.xlsx,sheet بنود المطالبات,high,prev_progress in workbook is informational; platform will recompute server-side from approved claims (Migration 048).
CMH_01-C01,4,272,توريد وتركيب وتوصيل وإختبار وفحص اجهزة الإنارة ويشمل اللمبات وأقواس التركيب وحبال التعليق وقطع الأكسسوار و ايضا نقاط الانارة متضمنة مواسير/أقنية قاسية عالية التحمل PVC  أوEMT وعلب ذات أسلاك لاتقل عن 0.4 مم2 لنقطة الإنارة وتوصيل أطراف أسلاك التأريض،وكل الأعمال المساعدة كما هو محدد وموضح في المخططات. على المقاول المعاينة و فحص الشبكة الحالية و الاستفادة من التمديدات الحالية و دمجها  علما بان البند يشمل جميع الوصلات و الاسلاك و الكابلات اللازمة لنهو العمل  بعد عمل الاختبارات اللازمة و بعد الموافقة من مهندس المشرف .Type B1,عدد,720.0,343.0,9.0,4.0,13.0,2880.0,3.7900874635568513,بنود المطالبات,94,CMH_01_SMART.xlsx,sheet بنود المطالبات,high,prev_progress in workbook is informational; platform will recompute server-side from approved claims (Migration 048).
CMH_01-C01,4,274,توريد وتركيب وتوصيل وإختبار وفحص اجهزة الإنارة ويشمل اللمبات وأقواس التركيب وحبال التعليق وقطع الأكسسوار و ايضا نقاط الانارة متضمنة مواسير/أقنية قاسية عالية التحمل PVC  أوEMT وعلب ذات أسلاك لاتقل عن 0.4 مم2 لنقطة الإنارة وتوصيل أطراف أسلاك التأريض،وكل الأعمال المساعدة كما هو محدد وموضح في المخططات.على المقاول المعاينة و فحص الشبكة الحالية و الاستفادة من التمديدات الحالية و دمجها  علما بان البند يشمل جميع الوصلات و الاسلاك و الكابلات اللازمة لنهو العمل  بعد عمل الاختبارات اللازمة و بعد الموافقة من مهندس المشرف .Type C1,عدد,1128.0,172.0,9.0,4.0,13.0,4512.0,7.55813953488372,بنود المطالبات,95,CMH_01_SMART.xlsx,sheet بنود المطالبات,high,prev_progress in workbook is informational; platform will recompute server-side from approved claims (Migration 048).
CMH_01-C01,4,275,توريد وتركيب وتوصيل وإختبار وفحص اجهزة الإنارة ويشمل اللمبات وأقواس التركيب وحبال التعليق وقطع الأكسسوار و ايضا نقاط الانارة متضمنة مواسير/أقنية قاسية عالية التحمل PVC  أوEMT وعلب ذات أسلاك لاتقل عن 0.4 مم2 لنقطة الإنارة وتوصيل أطراف أسلاك التأريض،وكل الأعمال المساعدة كما هو محدد وموضح في المخططات. على المقاول المعاينة و فحص الشبكة الحالية و الاستفادة من التمديدات الحالية و دمجها  علما بان البند يشمل جميع الوصلات و الاسلاك و الكابلات اللازمة لنهو العمل  بعد عمل الاختبارات اللازمة و بعد الموافقة من مهندس المشرف .Type C2,عدد,420.0,1422.0,44.0,157.0,201.0,65940.0,14.135021097046414,بنود المطالبات,96,CMH_01_SMART.xlsx,sheet بنود المطالبات,high,prev_progress in workbook is informational; platform will recompute server-side from approved claims (Migration 048).
CMH_01-C01,4,276,توريد وتركيب وتوصيل وإختبار وفحص اجهزة الإنارة ويشمل اللمبات وأقواس التركيب وحبال التعليق وقطع الأكسسوار و ايضا نقاط الانارة متضمنة مواسير/أقنية قاسية عالية التحمل PVC  أوEMT وعلب ذات أسلاك لاتقل عن 0.4 مم2 لنقطة الإنارة وتوصيل أطراف أسلاك التأريض،وكل الأعمال المساعدة كما هو محدد وموضح في المخططات. على المقاول المعاينة و فحص الشبكة الحالية و الاستفادة من التمديدات الحالية و دمجها  علما بان البند يشمل جميع الوصلات و الاسلاك و الكابلات اللازمة لنهو العمل  بعد عمل الاختبارات اللازمة و بعد الموافقة من مهندس المشرف .Type C3,عدد,444.0,1062.0,88.0,35.0,123.0,15540.0,11.581920903954803,بنود المطالبات,97,CMH_01_SMART.xlsx,sheet بنود المطالبات,high,prev_progress in workbook is informational; platform will recompute server-side from approved claims (Migration 048).
CMH_01-C01,4,277,توريد وتركيب وتوصيل وإختبار وفحص اجهزة الإنارة ويشمل اللمبات وأقواس التركيب وحبال التعليق وقطع الأكسسوار و ايضا نقاط الانارة متضمنة مواسير/أقنية قاسية عالية التحمل PVC  أوEMT وعلب ذات أسلاك لاتقل عن 0.4 مم2 لنقطة الإنارة وتوصيل أطراف أسلاك التأريض،وكل الأعمال المساعدة كما هو محدد وموضح في المخططات. على المقاول المعاينة و فحص الشبكة الحالية و الاستفادة من التمديدات الحالية و دمجها  علما بان البند يشمل جميع الوصلات و الاسلاك و الكابلات اللازمة لنهو العمل  بعد عمل الاختبارات اللازمة و بعد الموافقة من مهندس المشرف .Type C4,عدد,300.0,284.0,20.0,8.0,28.0,2400.0,9.859154929577464,بنود المطالبات,98,CMH_01_SMART.xlsx,sheet بنود المطالبات,high,prev_progress in workbook is informational; platform will recompute server-side from approved claims (Migration 048).
CMH_01-C01,4,278,توريد وتركيب وتوصيل وإختبار وفحص اجهزة الإنارة ويشمل اللمبات وأقواس التركيب وحبال التعليق وقطع الأكسسوار و ايضا نقاط الانارة متضمنة مواسير/أقنية قاسية عالية التحمل PVC  أوEMT وعلب ذات أسلاك لاتقل عن 0.4 مم2 لنقطة الإنارة وتوصيل أطراف أسلاك التأريض،وكل الأعمال المساعدة كما هو محدد وموضح في المخططات. على المقاول المعاينة و فحص الشبكة الحالية و الاستفادة من التمديدات الحالية و دمجها  علما بان البند يشمل جميع الوصلات و الاسلاك و الكابلات اللازمة لنهو العمل  بعد عمل الاختبارات اللازمة و بعد الموافقة من مهندس المشرف .Type C5,عدد,438.0,149.0,13.0,5.0,18.0,2190.0,12.080536912751679,بنود المطالبات,99,CMH_01_SMART.xlsx,sheet بنود المطالبات,high,prev_progress in workbook is informational; platform will recompute server-side from approved claims (Migration 048).
CMH_01-C01,4,279,توريد وتركيب وتوصيل وإختبار وفحص اجهزة الإنارة ويشمل اللمبات وأقواس التركيب وحبال التعليق وقطع الأكسسوار و ايضا نقاط الانارة متضمنة مواسير/أقنية قاسية عالية التحمل PVC  أوEMT وعلب ذات أسلاك لاتقل عن 0.4 مم2 لنقطة الإنارة وتوصيل أطراف أسلاك التأريض،وكل الأعمال المساعدة كما هو محدد وموضح في المخططات.على المقاول المعاينة و فحص الشبكة الحالية و الاستفادة من التمديدات الحالية و دمجها  علما بان البند يشمل جميع الوصلات و الاسلاك و الكابلات اللازمة لنهو العمل  بعد عمل الاختبارات اللازمة و بعد الموافقة من مهندس المشرف .Type C6,عدد,288.0,158.0,18.0,7.0,25.0,2016.0,15.822784810126583,بنود المطالبات,100,CMH_01_SMART.xlsx,sheet بنود المطالبات,high,prev_progress in workbook is informational; platform will recompute server-side from approved claims (Migration 048).
CMH_01-C01,4,298,توريد وتركيب وتوصيل وإختبار وفحص اجهزة الإنارة ويشمل اللمبات وأقواس التركيب وحبال التعليق وقطع الأكسسوار و ايضا نقاط الانارة متضمنة مواسير/أقنية قاسية عالية التحمل PVC  أوEMT وعلب ذات أسلاك لاتقل عن 0.4 مم2 لنقطة الإنارة وتوصيل أطراف أسلاك التأريض،وكل الأعمال المساعدة كما هو محدد وموضح في المخططات. على المقاول المعاينة و فحص الشبكة الحالية و الاستفادة من التمديدات الحالية و دمجها  علما بان البند يشمل جميع الوصلات و الاسلاك و الكابلات اللازمة لنهو العمل  بعد عمل الاختبارات اللازمة و بعد الموافقة من مهندس المشرف . Type P1,عدد,420.0,75.0,8.0,2.0,10.0,840.0,13.333333333333334,بنود المطالبات,101,CMH_01_SMART.xlsx,sheet بنود المطالبات,high,prev_progress in workbook is informational; platform will recompute server-side from approved claims (Migration 048).
CMH_01-C01,4,299,توريد وتركيب وتوصيل وإختبار وفحص اجهزة الإنارة ويشمل اللمبات وأقواس التركيب وحبال التعليق وقطع الأكسسوار و ايضا نقاط الانارة متضمنة مواسير/أقنية قاسية عالية التحمل PVC  أوEMT وعلب ذات أسلاك لاتقل عن 0.4 مم2 لنقطة الإنارة وتوصيل أطراف أسلاك التأريض،وكل الأعمال المساعدة كما هو محدد وموضح في المخططات. على المقاول المعاينة و فحص الشبكة الحالية و الاستفادة من التمديدات الحالية و دمجها  علما بان البند يشمل جميع الوصلات و الاسلاك و الكابلات اللازمة لنهو العمل  بعد عمل الاختبارات اللازمة و بعد الموافقة من مهندس المشرف . Type T1,عدد,744.0,1146.0,99.0,40.0,139.0,29760.0,12.12914485165794,بنود المطالبات,102,CMH_01_SMART.xlsx,sheet بنود المطالبات,high,prev_progress in workbook is informational; platform will recompute server-side from approved claims (Migration 048).
CMH_01-C01,5,6,توريد وبناء مباني من البلوك  مقاوم للحريق شاملا المونة والفواصل وأربطة التثبيت والتسليح الرأسي وعتبات جميع الفتحات وعزل الجدران المزدوجة المفرّغة والمكملات ويتم توريد البلوك بالموقع على قواعد خشبية مغطاه بالبلاستيك ويستمر على هذه الحالة حتى يبدأ استخدامه للبناء على أن يكون ذو ابعاد بطول 40سم وسماكة حسب المطلوب وارتفاع 20سم وان تكون صلد سليم نظيف وذو زوايا خارجية قائمة يستعمل لبناء الحوائط حسب ما هو موضح بالمخططات مع التكحيل ويكون  مطابق للمواصفات حسب النوعيه المطلوبة والسعر يشمل كل مايلزم للبناء من البلوك الكامل والقطع الخاصة سواء 5.0 أو 25.0 ، كذلك القطع الخاصة بتمديد المواسير بحيث لا يتم تكسير البلوك أثناء الاستخدام للبناء على الأطلاق ، بالإضافة إلى كافة المواد والاكسسوارات والسقايل واستعمال الشبك الممدد والتسليح بواسطة خوابير معدنية والمرابط المعدنية ويشمل السعر أي مواد أو أعمال يتطلبها استكمال العمل حسب المواصفات  القسم Ref drawing: 07-MRA-DD-(as per floor number) وتعليمات المهندس المشرف 04200Ar-100,م2,150.0,450.0,1747.1100000000001,201.12,1948.23,30168.0,432.93999999999994,بنود المطالبات,103,CMH_01_SMART.xlsx,sheet بنود المطالبات,high,prev_progress in workbook is informational; platform will recompute server-side from approved claims (Migration 048).
CMH_01-C01,5,35,تصنيع وتركيب كسوة من الخشب للجدران ويكون النمط والحجم كما هو موضح بالرسومات ويشمل السعر أي مواد أو أعمال يتطلبها إنهاء العمل حسب المواصفات والمخططات وتعليمات المهندس المشرف. Ref drawing: 07-MRA-DD-(as per floor number)-AR-600 to 07-MRA-DD-(as  per floor number)-AR-604كسوة من خشب الـ)Mdf( ،  مع قشرة ال )wenge( بشكل pattern مفرغة من الداخل مع ايطار خشبي ملبس بجلد لون بيج ومثبتة على الجدار الخشبي  لمنطقة معالي الوزير  حسب الرسومات والمناظير  وتعليمات المهندس المشرف.Code: P1,م2,1080.0,60.0,0.0,28.73,28.73,31028.4,47.88333333333333,بنود المطالبات,104,CMH_01_SMART.xlsx,sheet بنود المطالبات,high,prev_progress in workbook is informational; platform will recompute server-side from approved claims (Migration 048).
CMH_01-C01,5,46,توريد وتركيب باب زجاجي من نوع سيكوريت بسمك 12مم ويشمل السعر التثبيت والاطار من الالمنيوم الأسود المطلي بدهان بودرة بالفرن والخردوات وماكينة دفاش للإغلاق الذاتي مع ملصقات بحسب التصميم. ويشمل السعر أي مواد أو أعمال يتطلبها استكمال العمل حسب المواصفات والمخططات وتعليمات االمهندس المشرف.Ref drawing: 07-MRA-DD-(as per floor number)-AR-801 بعرض 1000 مم وارتفاع 2700 مم  GD01باب ضلفة واحدة  نموذج,عدد,2580.0,238.0,11.0,1.0,12.0,2580.0,5.042016806722689,بنود المطالبات,105,CMH_01_SMART.xlsx,sheet بنود المطالبات,high,prev_progress in workbook is informational; platform will recompute server-side from approved claims (Migration 048).
CMH_01-C01,5,66,توريد وتركيب قواطع زجاجيه داخليه من زجاج  سيكوريت عازل للصوت ثخانة 12مم مركّبة على مقاطع من  الألمنيوم )لون اسود 9005RAL (  مثبتة  بالسقف والأرض بإرتفاع 2700مم .ويشمل العمل الاطار والقوائم  والتثبيت بتيوب حديد ابعاد 4*8 سم وسماكة 2ملم  والملصقات بأماكن محددة حسب التصميم ، وفواصل البوليكاربونيت الجاف بين الألواح الزجاجية وقطع الإكسسوار ومانع التسرب والمواد الأخُرى المطلوبة لاستكمال التركيب حسب المخططات وتعليمات االمهندس المشرف.,م²,900.0,4000.0,296.0,16.23,312.23,14607.0,7.80575,بنود المطالبات,106,CMH_01_SMART.xlsx,sheet بنود المطالبات,high,prev_progress in workbook is informational; platform will recompute server-side from approved claims (Migration 048).
CMH_01-C01,5,72,طبقة من اللياسة الأسمنتية فوق الأسطح الخرسانية والجدران الداخلية  بسمك متوسط 20 مم على طبقات  طرطشة بسمك 5 مم وضهارة 15 مم حسب المواصفات مع المعالجة اليومية  بالمياه لمنع التنميلات ويتم عمل افريز بين البلوك والخرسانة يملئ بمواد قابلة للدهان والسعر يشمل كامل الأكسسوارات اللازمة من شبك معدني ممدد وزوايا ونهايات معدنية  ومواد الترابط  وعمل تجاويف في طبقة اللياسة بعمق 10مم عرض 10مم  في الاعمدة  وفي الجدران ان وجدت حسب الرسومات والمناظير وتعليمات المهندس المشرف ذلك حسب الاصول الفنية وتعليمات المهندس المشرف. لياسة الجدران والأعمدة الداخلية  وتشمل جميع الإكسسوارات بإرتفاع 20 سم أعلي الأسقف الجبسيه لزوم الجدران الداخلية,م²,42.0,758.0,3591.79,286.61,3878.4,12037.62,511.6622691292876,بنود المطالبات,107,CMH_01_SMART.xlsx,sheet بنود المطالبات,high,prev_progress in workbook is informational; platform will recompute server-side from approved claims (Migration 048).
CMH_01-C01,5,74,توريد وتركيب قاطع جداري ثخانة 100مم ذو الواح جبسية مقاومه للحريق  ثخانة 5.12مم تركب من الجهتين )طبقات مزدوجة( يشمل المسامير المعدنية و المزالج / الأعضاء المعدنية الساندة والسكك والغطاء العازل للصوت )صوف صخري( وكل الإكسسوارات حسب المخطط والمواصفات وتعليمات المهندس المشرف.,م²,180.0,12526.0,2576.12,42.98,2619.1,7736.4,20.909308638032893,بنود المطالبات,108,CMH_01_SMART.xlsx,sheet بنود المطالبات,high,prev_progress in workbook is informational; platform will recompute server-side from approved claims (Migration 048).
CMH_01-C01,5,75,توريد وتركيب أسقف معلقة من الالواح الجبسيه )01-GBC( ثخانة 12 مم المقاومة للحريق شاملة نظام التعليق وضبط الحواف والزوايا وأبواب لفتحات الكشف بالأسقف لأعمال الصيانة )أبواب جاهزة من النوع السهل الاستعمال والمزود بمفصلات مخفية( والإكسسوارات. ويشمل السعر أي مواد أو أعمال يتطلبها استكمال العمل حسب المواصفات والمخططات.,م²,150.0,24468.0,0.0,15.18007,15.18007,2277.0105000000003,0.062040501880006545,بنود المطالبات,109,CMH_01_SMART.xlsx,sheet بنود المطالبات,high,prev_progress in workbook is informational; platform will recompute server-side from approved claims (Migration 048).
CMH_01-C01,5,104,Ref drawing: 07-MRA-DD-(as per floor number)-AR-300 مقاس 500×500 مم  لون رمادي لمنطقة المرور CT-01بلاط - سجاد,م²,156.0,3600.0,0.0,1732.0,1732.0,270192.0,48.11111111111111,بنود المطالبات,110,CMH_01_SMART.xlsx,sheet بنود المطالبات,high,prev_progress in workbook is informational; platform will recompute server-side from approved claims (Migration 048).
CMH_01-C01,5,105,بلاط - سجاد 02-CT مقاس 500× 500 مم لون أزرق فاتح لمحطة العمل وغرفة الاجتماعات,م²,156.0,6705.0,0.0,2967.3,2967.3,462898.80000000005,44.25503355704698,بنود المطالبات,111,CMH_01_SMART.xlsx,sheet بنود المطالبات,high,prev_progress in workbook is informational; platform will recompute server-side from approved claims (Migration 048).
CMH_01-C01,5,106,Ref drawing: 07-MRA-DD-(as per floor number)-AR-300 مقاس 500×500 مم لون بيج لمكتب المدير CT-03بلاط - سجاد,م²,156.0,1213.0,0.0,616.47,616.47,96169.32,50.82192910140149,بنود المطالبات,112,CMH_01_SMART.xlsx,sheet بنود المطالبات,high,prev_progress in workbook is informational; platform will recompute server-side from approved claims (Migration 048).
CMH_01-C01,5,108,بلاط - سجاد05-CT مقاس 500×500 مم لغرف خدمة العملاء مع تصميم بشكل مثلث وألوان مختلفة,م²,156.0,735.0,0.0,316.75,316.75,49413.0,43.095238095238095,بنود المطالبات,113,CMH_01_SMART.xlsx,sheet بنود المطالبات,high,prev_progress in workbook is informational; platform will recompute server-side from approved claims (Migration 048).
CMH_01-C01,5,109,Ref drawing: 07-MRA-DD-(as per floor number)-AR-300 مقاس 500×500 مم لمركز الأعمال CT-06بلاط - سجاد,م²,156.0,109.0,0.0,52.29,52.29,8157.24,47.97247706422018,بنود المطالبات,114,CMH_01_SMART.xlsx,sheet بنود المطالبات,high,prev_progress in workbook is informational; platform will recompute server-side from approved claims (Migration 048).
CMH_01-C01,5,110,بلاط - سجاد 01-CR مقاس 500×500 مم لمكتب الرئيس ونائب الرئيس والصالة والسكرتارية وغرفة الاجتماعات الكبيرة.,م²,156.0,2140.0,0.0,1019.55,1019.55,159049.8,47.64252336448598,بنود المطالبات,115,CMH_01_SMART.xlsx,sheet بنود المطالبات,high,prev_progress in workbook is informational; platform will recompute server-side from approved claims (Migration 048).
CMH_01-C01,5,111,بلاط - سجاد 02-CR مقاس 500×500 مم لمكتب الرئيس ونائب الرئيس على شكل مثلثات لون بيج، رمادي فاتح ورمادي غامق.,م²,156.0,303.0,0.0,133.73,133.73,20861.879999999997,44.135313531353134,بنود المطالبات,116,CMH_01_SMART.xlsx,sheet بنود المطالبات,high,prev_progress in workbook is informational; platform will recompute server-side from approved claims (Migration 048).
CMH_01-C01,5,112,300-Ref drawing: 07-MRA-DD-(as per floor number)-ARبلاط - سجاد 03-CR مقاس 500×500 مم للمدير العام ومنطقة السكرتارية,م²,156.0,1550.0,0.0,874.79,874.79,136467.24,56.438064516129025,بنود المطالبات,117,CMH_01_SMART.xlsx,sheet بنود المطالبات,high,prev_progress in workbook is informational; platform will recompute server-side from approved claims (Migration 048).
CMH_01-C01,5,113,Ref drawing: 07-MRA-DD-(as per floor number)-AR-300 لمنطقة الصلاة CR-04 رولات السجاد,م²,156.0,129.0,0.0,62.57,62.57,9760.92,48.50387596899225,بنود المطالبات,118,CMH_01_SMART.xlsx,sheet بنود المطالبات,high,prev_progress in workbook is informational; platform will recompute server-side from approved claims (Migration 048).
CMH_01-C01,5,114,رولات السجاد 05-CR لمدخل معالي الوزير في الدور الارضي، سجادة المراسم الملكية لون بنفسجي مع إضافة إطار بنقشة مزخرفة حسب المناظير الداخلية.,م²,228.0,85.0,0.0,37.23,37.23,8488.439999999999,43.8,بنود المطالبات,119,CMH_01_SMART.xlsx,sheet بنود المطالبات,high,prev_progress in workbook is informational; platform will recompute server-side from approved claims (Migration 048).
CMH_01-C01,5,115,رولات السجاد 06-CR للمدخل الرئيسي والثانوي في الدور الأرضي بلون بيج مع تصميم على شكل مثلثات حسب المناظير الداخلية.,م²,216.0,174.0,0.0,71.16,71.16,15370.56,40.89655172413793,بنود المطالبات,120,CMH_01_SMART.xlsx,sheet بنود المطالبات,high,prev_progress in workbook is informational; platform will recompute server-side from approved claims (Migration 048).
CMH_01-C01,5,116,رولات السجاد 07-CR لمختصر معالي الوزير، غرفة الاجتماعات الخاصة بمعالي الوزير، غرفة الاجتماعات الرئيسية ومدير مكتب معالي الوزير.,م²,228.0,215.0,0.0,133.25,133.25,30381.0,61.9767441860465,بنود المطالبات,121,CMH_01_SMART.xlsx,sheet بنود المطالبات,high,prev_progress in workbook is informational; platform will recompute server-side from approved claims (Migration 048).
CMH_01-C01,5,117,300-Ref drawing: 07-MRA-DD-(as per floor number)-ARرولات السجاد 08-CR لمنطقة انتظار كبار الشخصيات في الدور السادس,م²,156.0,37.0,0.0,66.72,66.72,10408.32,180.32432432432432,بنود المطالبات,122,CMH_01_SMART.xlsx,sheet بنود المطالبات,high,prev_progress in workbook is informational; platform will recompute server-side from approved claims (Migration 048).
CMH_01-C01,5,118,300-Ref drawing: 07-MRA-DD-(as per floor number)-ARرولات السجاد 09-CR  لمكتب معالي الوزير، السكرتاريا ومنطقة الانتظار,م²,228.0,203.0,0.0,59.61,59.61,13591.08,29.36453201970443,بنود المطالبات,123,CMH_01_SMART.xlsx,sheet بنود المطالبات,high,prev_progress in workbook is informational; platform will recompute server-side from approved claims (Migration 048).
CMH_01-C01,5,119,300-Ref drawing: 07-MRA-DD-(as per floor number)-ARرولات السجاد 10-CR  لغرفة اللاونج في منطقة التنفيذين في الدور السادس,م²,156.0,18.0,0.0,34.44,34.44,5372.639999999999,191.33333333333331,بنود المطالبات,124,CMH_01_SMART.xlsx,sheet بنود المطالبات,high,prev_progress in workbook is informational; platform will recompute server-side from approved claims (Migration 048).
CMH_01-C01,5,125,دهان بلون رمادي بيج على الألواح الجبسية والألواح الاسمنتية 100-WPF,م²,25.2,12700.0,1039.29,80.0,1119.29,2016.0,8.813307086614174,بنود المطالبات,125,CMH_01_SMART.xlsx,sheet بنود المطالبات,high,prev_progress in workbook is informational; platform will recompute server-side from approved claims (Migration 048).
CMH_01-C01,5,133,تحضير وتنفيذ وعمل دهان عالي الجودة للأسقف الجبسية يشمل الوجه التحضيرى أساس ومعالجة الفواصل  بالمعجـون والشاش والمواد المخصص لتسكير فواصل الالواح الجبسية والاسمنتية وان يكون نوع  دهان  بلون ابيض,م²,24.0,25559.0,0.0,7.57,7.57,181.68,0.02961774717320709,بنود المطالبات,126,CMH_01_SMART.xlsx,sheet بنود المطالبات,high,prev_progress in workbook is informational; platform will recompute server-side from approved claims (Migration 048).
CMH_01-C01,5,137,بالمتر المسطح عمل دهان اكريليك مائي مرن عالي المتانة علي الاسطح الخرسانية وعلى الجدران  الظاهرة على السقف المفتوح  وكل التجهيزات الخاصة بالأعمال الميكانيكية والكهربائية باستثناء نظام الحريق. يشمل الوجه التحضيرى أساس  ثم  الدهان وجهين باللون المطلوب  مع نظافة الاسطح وازالة اى بروز بالخرسانات بالسقف ويتم التنفيذ طبقا للمخططات والمواصفاتة الفنية وعلي حسب تعليمات المهندس المشرف. دهان  بلون اسود,م²,30.0,9442.0,0.0,514.98,514.98,15449.400000000001,5.454141071806821,بنود المطالبات,127,CMH_01_SMART.xlsx,sheet بنود المطالبات,high,prev_progress in workbook is informational; platform will recompute server-side from approved claims (Migration 048).
CMH_01-C01,5,176,للمواسير داخل المبنى من مواسير متعددة الطبقات بولي بروبلين كما هو موصف تشمل كافة القطع التركيبية )مثل القارنات من الحديد الصلب الغير قابل للصدأ والأكواع /المنحنيات والتفريعات والدعامات( والصمامات ومخمدات الصدمة ومنافس الهواء الآلية و المحابس  وكافة الاكسسوارات اللازمة، كما هو مبين في المخططات لتركيب مايلي من الأقطار الخارجية مع ربطه بالشبكة الحالية لاقرب نقطة و على المقاول تقديم المخططات التنفيذية و الحسابات الهيدروليكية و اعتمادها قبل البدا بالتنفيذ الاعمال من المهندس المشرف للاقطار  الداخلية قطر 20 مم,م.ط,66.0,532.0,113.52,285.55,399.07,18846.3,75.01315789473684,بنود المطالبات,128,CMH_01_SMART.xlsx,sheet بنود المطالبات,high,prev_progress in workbook is informational; platform will recompute server-side from approved claims (Migration 048).
CMH_01-C01,5,177,للمواسير داخل المبنى من مواسير متعددة الطبقات بولي بروبلين كما هو موصف تشمل كافة القطع التركيبية )مثل القارنات من الحديد الصلب الغير قابل للصدأ والأكواع /المنحنيات والتفريعات والدعامات( والصمامات ومخمدات الصدمة ومنافس الهواء الآلية و المحابس  وكافة الاكسسوارات اللازمة، كما هو مبين في المخططات لتركيب مايلي من الأقطار الخارجية مع ربطه بالشبكة الحالية لاقرب نقطة و على المقاول تقديم المخططات التنفيذية و الحسابات الهيدروليكية و اعتمادها قبل البدا بالتنفيذ الاعمال من المهندس المشرف للاقطار  الداخلية قطر 25 مم,م.ط,70.8,221.0,40.0,6.16,46.16,436.128,20.8868778280543,بنود المطالبات,129,CMH_01_SMART.xlsx,sheet بنود المطالبات,high,prev_progress in workbook is informational; platform will recompute server-side from approved claims (Migration 048).
CMH_01-C01,5,178,للمواسير داخل المبنى من مواسير متعددة الطبقات بولي بروبلين كما هو موصف تشمل كافة القطع التركيبية )مثل القارنات من الحديد الصلب الغير قابل للصدأ والأكواع /المنحنيات والتفريعات والدعامات( والصمامات ومخمدات الصدمة ومنافس الهواء الآلية و المحابس  وكافة الاكسسوارات اللازمة، كما هو مبين في المخططات لتركيب مايلي من الأقطار الخارجية مع ربطه بالشبكة الحالية لاقرب نقطة و على المقاول تقديم المخططات التنفيذية و الحسابات الهيدروليكية و اعتمادها قبل البدا بالتنفيذ الاعمال من المهندس المشرف للاقطار  الداخلية :قطر 32مم,م.ط,102.0,207.0,30.64,31.46,62.1,3208.92,30,بنود المطالبات,130,CMH_01_SMART.xlsx,sheet بنود المطالبات,high,prev_progress in workbook is informational; platform will recompute server-side from approved claims (Migration 048).
CMH_01-C01,5,179,للمواسير داخل المبنى من مواسير متعددة الطبقات بولي بروبلين كما هو موصف تشمل كافة القطع التركيبية )مثل القارنات من الحديد الصلب الغير قابل للصدأ والأكواع /المنحنيات والتفريعات والدعامات( والصمامات ومخمدات الصدمة ومنافس الهواء الآلية و المحابس  وكافة الاكسسوارات اللازمة، كما هو مبين في المخططات لتركيب مايلي من الأقطار الخارجية مع ربطه بالشبكة الحالية لاقرب نقطة و على المقاول تقديم المخططات التنفيذية و الحسابات الهيدروليكية و اعتمادها قبل البدا بالتنفيذ الاعمال من المهندس المشرف للاقطار  الداخلية :قطر 40 مم,م.ط,85.2,103.0,39.2,41.35,80.55000000000001,3523.0200000000004,78.20388349514565,بنود المطالبات,131,CMH_01_SMART.xlsx,sheet بنود المطالبات,high,prev_progress in workbook is informational; platform will recompute server-side from approved claims (Migration 048).
CMH_01-C01,5,180,للمواسير داخل المبنى من مواسير متعددة الطبقات بولي بروبلين كما هو موصف تشمل كافة القطع التركيبية )مثل القارنات من الحديد الصلب الغير قابل للصدأ والأكواع /المنحنيات والتفريعات والدعامات( والصمامات ومخمدات الصدمة ومنافس الهواء الآلية و المحابس  وكافة الاكسسوارات اللازمة، كما هو مبين في المخططات لتركيب مايلي من الأقطار الخارجية مع ربطه بالشبكة الحالية لاقرب نقطة و على المقاول تقديم المخططات التنفيذية و الحسابات الهيدروليكية و اعتمادها قبل البدا بالتنفيذ الاعمال من المهندس المشرف للاقطار  الداخلية:قطر 50 مم,م.ط,94.8,218.0,58.16,32.11,90.27,3044.028,41.408256880733944,بنود المطالبات,132,CMH_01_SMART.xlsx,sheet بنود المطالبات,high,prev_progress in workbook is informational; platform will recompute server-side from approved claims (Migration 048).
CMH_01-C01,5,181,مواسير المياه الساخنة مؤلفة من عدة طبقات )بولي بروبلين معزولة( كما هو موصف مع العزل وتشمل كافة القطع التركيبية )مثل القارنات من الحديد الصلب الغير قابل للصدأ والأكواع / المنحنيات والتفريعات والدعامات( والصمامات ومخمدات الصدمة وكافة الاكسسوارات و المحابس  اللازمة لإنجاز تركيب مايلي من الأقطار الخارجية مع ربطه بالشبكة الحالية لاقرب نقطة و على المقاول تقديم المخططات التنفيذية و الحسابات الهيدروليكية و اعتمادها قبل البدا بالتنفيذ الاعمال من المهندس المشرف للاقطار  الداخلية :قطر 20 مم,م.ط,70.8,150.0,85.2,178.65,263.85,12648.42,175.9,بنود المطالبات,133,CMH_01_SMART.xlsx,sheet بنود المطالبات,high,prev_progress in workbook is informational; platform will recompute server-side from approved claims (Migration 048).
CMH_01-C01,5,182,مواسير المياه الساخنة مؤلفة من عدة طبقات )بولي بروبلين معزولة( كما هو موصف مع العزل وتشمل كافة القطع التركيبية )مثل القارنات من الحديد الصلب الغير قابل للصدأ والأكواع / المنحنيات والتفريعات والدعامات( والصمامات ومخمدات الصدمة وكافة الاكسسوارات و المحابس  اللازمة لإنجاز تركيب مايلي من الأقطار الخارجية مع ربطه بالشبكة الحالية لاقرب نقطة و على المقاول تقديم المخططات التنفيذية و الحسابات الهيدروليكية و اعتمادها قبل البدا بالتنفيذ الاعمال من المهندس المشرف للاقطار  الداخلية :قطر 25 مم,م.ط,75.6,100.0,0.0,31.5,31.5,2381.3999999999996,31.5,بنود المطالبات,134,CMH_01_SMART.xlsx,sheet بنود المطالبات,high,prev_progress in workbook is informational; platform will recompute server-side from approved claims (Migration 048).
CMH_01-C01,5,185,مواسير صرف وتهوية مصنوعة من 4UPVC class  ذات وصلات انضغاطية ومطاط كما هو موصف وتشمل التهوية من خلال السطح مع الغطاء و طبات التسليك، وكافة قطع التركيبات والعلاقات اللازمة لإستكمال تركيب مايلي من الأقطار الداخلية:قطر 50 مم,م.ط,75.6,426.0,263.88,239.5,503.38,18106.199999999997,118.16431924882629,بنود المطالبات,135,CMH_01_SMART.xlsx,sheet بنود المطالبات,high,prev_progress in workbook is informational; platform will recompute server-side from approved claims (Migration 048).
CMH_01-C01,5,186,مواسير صرف وتهوية مصنوعة من 4UPVC class  ذات وصلات انضغاطية ومطاط كما هو موصف وتشمل التهوية من خلال السطح مع الغطاء و طبات التسليك، وكافة قطع التركيبات والعلاقات اللازمة لإستكمال تركيب مايلي من الأقطار الداخلية:قطر 75 مم,م.ط,91.2,934.0,187.11,110.34,297.45000000000005,10063.008,31.846895074946474,بنود المطالبات,136,CMH_01_SMART.xlsx,sheet بنود المطالبات,high,prev_progress in workbook is informational; platform will recompute server-side from approved claims (Migration 048).
CMH_01-C01,5,187,مواسير صرف وتهوية مصنوعة من 4UPVC class  ذات وصلات انضغاطية ومطاط كما هو موصف وتشمل التهوية من خلال السطح مع الغطاء و طبات التسليك، وكافة قطع التركيبات والعلاقات اللازمة لإستكمال تركيب مايلي من الأقطار الداخلية:قطر 110 مم,م.ط,102.0,961.0,442.79999999999995,341.37,784.17,34819.74,81.59937565036421,بنود المطالبات,137,CMH_01_SMART.xlsx,sheet بنود المطالبات,high,prev_progress in workbook is informational; platform will recompute server-side from approved claims (Migration 048).
CMH_01-C01,5,199, يشمل العمل كافة قطع التركيبات مثل الأكواع  والتيهات ، 40. schتوريد و تركيب انابيب فولاذية سوداء والوصلات والقارنات والنقاصات/المخفضات ومنافس الهواء الآلية وتكون الوصلات من نوع  فيكتوليك او ما يماثلها للأقطار 50 مم أو أكبر، و تكون الوصلات قلووظ للأقطار أقل من 50 مم، والبند يشمل  العلاقات والدعامات للمواسير و المحابس  و الصرف ان لزم والدهان  لكامل الشبكة كما يلزم لاتمام العمل. و بناء على توجيهات مهندس المشرف  ومتطلبات الدفاعNFPA  ويشمل البند جميع ما يلزم لاتمام الأعمال طبقا للمواصفات و طبقا لمتطلبات ال المدني من الكشف على الشبكة الحالية وفحصها كما هو موضح على المخططات و على المقاول تقديم:المخططات التنفيذية و اعتمادها قبل بدء بالتنفيذ من المهندس المشرف كما هو موصف للأقطار التالية 25 mm dia.,م.ط,108.0,3900.0,1273.6,409.6,1683.1999999999998,44236.8,43.158974358974355,بنود المطالبات,138,CMH_01_SMART.xlsx,sheet بنود المطالبات,high,prev_progress in workbook is informational; platform will recompute server-side from approved claims (Migration 048).
CMH_01-C01,5,200,توريد و تركيب انابيب فولاذية سوداء 40.sch ، يشمل العمل كافة قطع التركيبات مثل الأكواع  والتيهات والوصلات والقارنات والنقاصات/المخفضات ومنافس الهواء الآلية وتكون الوصلات من نوع  فيكتوليك او ما يماثلها للأقطار 50 مم أو أكبر، و تكون الوصلات قلووظ للأقطار أقل من 50 مم، والبند يشمل العلاقات والدعامات للمواسير و المحابس  و الصرف ان لزم والدهان  لكامل الشبكة كما يلزم لاتمام العمل و بناء على توجيهات مهندس المشرف .ويشمل البند جميع ما يلزم لاتمام الأعمال طبقا للمواصفات و طبقا لمتطلبات الNFPA  ومتطلبات الدفاع المدني من الكشف على الشبكة الحالية وفحصها كما هو موضح على المخططات و على المقاول تقديم المخططات التنفيذية و اعتمادها قبل بدء بالتنفيذ من المهندس المشرف كما هو موصف للأقطار التالية:.mm dia 28,م.ط,138.0,323.0,108.0,36.0,144.0,4968.0,44.58204334365325,بنود المطالبات,139,CMH_01_SMART.xlsx,sheet بنود المطالبات,high,prev_progress in workbook is informational; platform will recompute server-side from approved claims (Migration 048).
CMH_01-C01,5,201,توريد و تركيب انابيب فولاذية سوداء 40.sch ، يشمل العمل كافة قطع التركيبات مثل الأكواع  والتيهات والوصلات والقارنات والنقاصات/المخفضات ومنافس الهواء الآلية وتكون الوصلات من نوع  فيكتوليك او ما يماثلها للأقطار 50 مم أو أكبر، و تكون الوصلات قلووظ للأقطار أقل من 50 مم، والبند يشمل العلاقات والدعامات للمواسير و المحابس  و الصرف ان لزم والدهان  لكامل الشبكة كما يلزم لاتمام العمل و بناء على توجيهات مهندس المشرف .ويشمل البند جميع ما يلزم لاتمام الأعمال طبقا للمواصفات و طبقا لمتطلبات الNFPA  ومتطلبات الدفاع المدني من الكشف على الشبكة الحالية وفحصها كما هو موضح على المخططات و على المقاول تقديم المخططات التنفيذية و اعتمادها قبل بدء بالتنفيذ من المهندس المشرف كما هو موصف للأقطار التالية:.mm dia 33,م.ط,192.0,660.0,167.2,68.4,235.6,13132.800000000001,35.696969696969695,بنود المطالبات,140,CMH_01_SMART.xlsx,sheet بنود المطالبات,high,prev_progress in workbook is informational; platform will recompute server-side from approved claims (Migration 048).
CMH_01-C01,5,202,توريد و تركيب انابيب فولاذية سوداء 40.sch ، يشمل العمل كافة قطع التركيبات مثل الأكواع  والتيهات والوصلات والقارنات والنقاصات/المخفضات ومنافس الهواء الآلية وتكون الوصلات من نوع  فيكتوليك او ما يماثلها للأقطار 50 مم أو أكبر، و تكون الوصلات قلووظ للأقطار أقل من 50 مم، والبند يشمل العلاقات والدعامات للمواسير و المحابس  و الصرف ان لزم والدهان  لكامل الشبكة كما يلزم لاتمام العمل و بناء على توجيهات مهندس المشرف .ويشمل البند جميع ما يلزم لاتمام الأعمال طبقا للمواصفات و طبقا لمتطلبات الNFPA  ومتطلبات الدفاع المدني من الكشف على الشبكة الحالية وفحصها كما هو موضح على المخططات و على المقاول تقديم المخططات التنفيذية و اعتمادها قبل بدء بالتنفيذ من المهندس المشرف كما هو موصف للأقطار التالية:.mm dia 40,م.ط,222.0,600.0,132.8,47.2,180.0,10478.400000000001,30,بنود المطالبات,141,CMH_01_SMART.xlsx,sheet بنود المطالبات,high,prev_progress in workbook is informational; platform will recompute server-side from approved claims (Migration 048).
CMH_01-C01,5,203,توريد و تركيب انابيب فولاذية سوداء 40.sch ، يشمل العمل كافة قطع التركيبات مثل الأكواع  والتيهات والوصلات والقارنات والنقاصات/المخفضات ومنافس الهواء الآلية وتكون الوصلات من نوع  فيكتوليك او ما يماثلها للأقطار 50 مم أو أكبر، و تكون الوصلات قلووظ للأقطار أقل من 50 مم، والبند يشمل العلاقات والدعامات للمواسير و المحابس  و الصرف ان لزم والدهان  لكامل الشبكة كما يلزم لاتمام العمل و بناء على توجيهات مهندس المشرف .ويشمل البند جميع ما يلزم لاتمام الأعمال طبقا للمواصفات و طبقا لمتطلبات الNFPA  ومتطلبات الدفاع المدني من الكشف على الشبكة الحالية وفحصها كما هو موضح على المخططات و على المقاول تقديم المخططات التنفيذية و اعتمادها قبل بدء بالتنفيذ من المهندس المشرف كما هو موصف للأقطار التالية:.mm dia 63,م.ط,240.0,646.0,169.6,69.6,239.2,16704.0,37.027863777089784,بنود المطالبات,142,CMH_01_SMART.xlsx,sheet بنود المطالبات,high,prev_progress in workbook is informational; platform will recompute server-side from approved claims (Migration 048).
CMH_01-C01,5,204,توريد و تركيب انابيب فولاذية سوداء 40.sch ، يشمل العمل كافة قطع التركيبات مثل الأكواع  والتيهات والوصلات والقارنات والنقاصات/المخفضات ومنافس الهواء الآلية وتكون الوصلات من نوع  فيكتوليك او ما يماثلها للأقطار 50 مم أو أكبر، و تكون الوصلات قلووظ للأقطار أقل من 50 مم، والبند يشمل العلاقات والدعامات للمواسير و المحابس  و الصرف ان لزم والدهان  لكامل الشبكة كما يلزم لاتمام العمل و بناء على توجيهات مهندس المشرف .ويشمل البند جميع ما يلزم لاتمام الأعمال طبقا للمواصفات و طبقا لمتطلبات الNFPA  ومتطلبات الدفاع المدني من الكشف على الشبكة الحالية وفحصها كما هو موضح على المخططات و على المقاول تقديم المخططات التنفيذية و اعتمادها قبل بدء بالتنفيذ من المهندس المشرف كما هو موصف للأقطار التالية:.mm dia 77,م.ط,288.0,110.0,94.4,22.4,116.80000000000001,6451.2,106.1818181818182,بنود المطالبات,143,CMH_01_SMART.xlsx,sheet بنود المطالبات,high,prev_progress in workbook is informational; platform will recompute server-side from approved claims (Migration 048).
CMH_01-C01,5,206,توريد و تركيب انابيب فولاذية سوداء 40.sch ، يشمل العمل كافة قطع التركيبات مثل الأكواع  والتيهات والوصلات والقارنات والنقاصات/المخفضات ومنافس الهواء الآلية وتكون الوصلات من نوع  فيكتوليك او ما يماثلها للأقطار 50 مم أو أكبر، و تكون الوصلات قلووظ للأقطار أقل من 50 مم، والبند يشمل العلاقات والدعامات للمواسير و المحابس  و الصرف ان لزم والدهان  لكامل الشبكة كما يلزم لاتمام العمل و بناء على توجيهات مهندس المشرف .ويشمل البند جميع ما يلزم لاتمام الأعمال طبقا للمواصفات و طبقا لمتطلبات الNFPA  ومتطلبات الدفاع المدني من الكشف على الشبكة الحالية وفحصها كما هو موضح على المخططات و على المقاول تقديم المخططات التنفيذية و اعتمادها قبل بدء بالتنفيذ من المهندس المشرف كما هو موصف للأقطار التالية:.mm dia 141,م.ط,360.0,200.0,156.8,61.6,218.4,22176.0,109.2,بنود المطالبات,144,CMH_01_SMART.xlsx,sheet بنود المطالبات,high,prev_progress in workbook is informational; platform will recompute server-side from approved claims (Migration 048).
CMH_01-C01,5,221,وحدات VAV من أعلى العلامات التجارية جودة )BYPASS TYPE( مع سخان كهربائي ، ترموستات إلكتروني رقمي للغرفة ، فليكس. توصيلات ، تثبيت ، دعم ، عازل اهتزاز مع كافة الملحقات المطلوبة حسب المواصفات والرسومات. 01-VAV ، اجمالي الهواء 0-250 ) ق/د( استطاعة التخزين 5.1 )ك/و(,عدد,6600.0,9.0,0.0,3.0,3.0,19800.0,33.33333333333333,بنود المطالبات,145,CMH_01_SMART.xlsx,sheet بنود المطالبات,high,prev_progress in workbook is informational; platform will recompute server-side from approved claims (Migration 048).
CMH_01-C01,5,222,وحدات VAV من أعلى العلامات التجارية جودة )BYPASS TYPE( مع سخان كهربائي ، ترموستات إلكتروني رقمي للغرفة ، فليكس. توصيلات ، تثبيت ، دعم ، عازل اهتزاز مع كافة الملحقات المطلوبة حسب المواصفات والرسومات. 02-VAV ، اجمالي الهواء 0-500 ) ق/د( استطاعة التخزين 2 )ك/و(,عدد,6960.0,127.0,0.0,27.0,27.0,187920.0,21.25984251968504,بنود المطالبات,146,CMH_01_SMART.xlsx,sheet بنود المطالبات,high,prev_progress in workbook is informational; platform will recompute server-side from approved claims (Migration 048).
CMH_01-C01,5,223,وحدات VAV من أعلى العلامات التجارية جودة )BYPASS TYPE( مع سخان كهربائي ، ترموستات إلكتروني رقمي للغرفة ، فليكس. توصيلات ، تثبيت ، دعم ، عازل اهتزاز مع كافة الملحقات المطلوبة حسب المواصفات والرسومات. 03-VAV ، اجمالي الهواء 0-750 ) ق/د( استطاعة التخزين 3 )ك/و( ,عدد,7200.0,51.0,0.0,18.0,18.0,129600.0,35.294117647058826,بنود المطالبات,147,CMH_01_SMART.xlsx,sheet بنود المطالبات,high,prev_progress in workbook is informational; platform will recompute server-side from approved claims (Migration 048).
CMH_01-C01,5,224,وحدات VAV من أعلى العلامات التجارية جودة )BYPASS TYPE( مع سخان كهربائي ، ترموستات إلكتروني رقمي للغرفة ، فليكس. توصيلات ، تثبيت ، دعم ، عازل اهتزاز مع كافة الملحقات المطلوبة حسب المواصفات والرسومات. 04-VAV ، اجمالي الهواء 0-1000 ) ق/د( استطاعة التخزين 5.3 )ك/و(,عدد,7200.0,24.0,0.0,8.0,8.0,57600.0,33.33333333333333,بنود المطالبات,148,CMH_01_SMART.xlsx,sheet بنود المطالبات,high,prev_progress in workbook is informational; platform will recompute server-side from approved claims (Migration 048).
CMH_01-C01,5,225,وحدات VAV من أعلى العلامات التجارية جودة )BYPASS TYPE( مع سخان كهربائي ، ترموستات إلكتروني رقمي للغرفة ، فليكس. توصيلات ، تثبيت ، دعم ، عازل اهتزاز مع كافة الملحقات المطلوبة حسب المواصفات والرسومات. 05-VAV ، اجمالي الهواء 0-1500 ) ق/د( استطاعة التخزين 5.3 )ك/و(,عدد,9000.0,44.0,0.0,11.0,11.0,99000.0,25,بنود المطالبات,149,CMH_01_SMART.xlsx,sheet بنود المطالبات,high,prev_progress in workbook is informational; platform will recompute server-side from approved claims (Migration 048).
CMH_01-C01,5,226,وحدات VAV من أعلى العلامات التجارية جودة )BYPASS TYPE( مع سخان كهربائي ، ترموستات إلكتروني رقمي للغرفة ، فليكس. توصيلات ، تثبيت ، دعم ، عازل اهتزاز مع كافة الملحقات المطلوبة حسب المواصفات والرسومات. 06-VAV ، اجمالي الهواء 0-2000 ) ق/د( استطاعة التخزين 6.3 )ك/و(,عدد,10200.0,49.0,0.0,7.0,7.0,71400.0,14.285714285714285,بنود المطالبات,150,CMH_01_SMART.xlsx,sheet بنود المطالبات,high,prev_progress in workbook is informational; platform will recompute server-side from approved claims (Migration 048).
CMH_01-C01,5,227,وحدات VAV من أعلى العلامات التجارية جودة )BYPASS TYPE( مع سخان كهربائي ، ترموستات إلكتروني رقمي للغرفة ، فليكس. توصيلات ، تثبيت ، دعم ، عازل اهتزاز مع كافة الملحقات المطلوبة حسب المواصفات والرسومات. 07-VAV ، اجمالي الهواء 0-2500 ) ق/د( استطاعة التخزين 7.3 )ك/و(,عدد,10800.0,24.0,0.0,1.0,1.0,10800.0,4.166666666666666,بنود المطالبات,151,CMH_01_SMART.xlsx,sheet بنود المطالبات,high,prev_progress in workbook is informational; platform will recompute server-side from approved claims (Migration 048).
CMH_01-C01,5,230,توريد و تصنيع و تركيب أعمال مجاري  من الصفائح المعدنية المجلفنه )90G( للهواء الداخل والراجع والهواء النقي وقناة السحب حسب المواصفات القياسية SMACNA وتشمل التيهات/القطعة التائية والكوع/المرفق والتفريعات والتحويلة والدعامة وحمالة التعليق. ويجب أخذ الطول على امتداد خط المركز فوق كل قطع التركيبات، ومن المفهوم بأن السعر الإفرادي لأعمال مجاري الهواء/الأقنية محمل عليه كل دعامات حامل التعليق ومخمّد الصوت والحريق وكل قطع الإكسسوار عزل الحراري )فايبرغلاس( ثخانة 25 مم وبكثافة 24 كغ/م3 مع مانع تبخر من الألمنيوم المقوّى حسب المخططات والمواصفات و حسب تعليمات مهندس المشرف.,م.ط,300.0,7000.0,1945.75,619.0,2564.75,185700.0,36.63928571428571,بنود المطالبات,152,CMH_01_SMART.xlsx,sheet بنود المطالبات,high,prev_progress in workbook is informational; platform will recompute server-side from approved claims (Migration 048).
CMH_01-C01,5,243,نظام إدارة المبنى BMS    تصميم وتوريد وتركيب نظام لإدارة المبنى أتوماتيكياً على أن يكون نظام التشغيل )OPEN PROTOCOL ( حسب توصيات الاستشارى المشرف وذلك للتحكم في تشغيل ومراقبة الانظمة الميكانيكية والكهربائية التالية :                                                  ـ التشلرات والمراوح ووحدات مناولة الهواء ووحدات ملف المروحة ومضخات المياه ووحدة ضخ الهواء وإنظمة الحريق والتحكم في الأنظمة والمعدات الميكانيكية بالمبنى - والتحكم في تشغيل ومتابعة حالة اللوحات الكهربائية الرئيسية والثانوية والمصاعد وكل الأنظمة التي يراها الاستشاري لأزمة مع الأخذ في الاعتبار قابلية التوسع في المباني المستقبلية .توريد وتركيب وتوصيل نظام إدارة المباني ) BMS ( لأنظمة HVAC ، وأنظمة السباكة ، ونظام الحريق ، والأنظمة الكهربائية والخدمات الخارجية ، كاملة بما في ذلك وحدات التحكم ونقاط التحكم والأسلاك والقنوات وصناديق السحب وصناديق التوصيل الثانوية وجميع عمليات التثبيت الضرورية مستلزمات؛ كل ما هو محدد ومفصل على الرسومات والموصوفة في المواصفات. والنظام يجب ان يتضمن البرامج واجهزة التحكم واجهزة المواقع ونقاط التحكم والاسلاك المتصلة بباقي الانظمة والمواسير وعلب السحب وعلب التوصيل الثانوية وجميع اكسسوارات ومتطلبات التركيبات الضرورية وهذه الاجهزة يجب ان يتم توصيلها مع جميع انظمة شبكة IP سواء من خلال تمكين اجهزة IP او من خلال بوابة IP او الموزع ويجب ان تشمل وحدات التحكم الطرفية التركيبات الضرورية والبرمجة والدمج عند اللزوم لتأسيس الاتصال والتعامل بين اجهزة التركيبات الالكتروميكانيكية وانظمة السلامة وانظمة الامن حسب اوامر ونظام التشغيل ووفقا لنظام وحسب تعليمات مهندس المشرف و يجب ان يتوافق النظام مع الانظمة الحالية للترشيد و المراقبة و يكون النظام لكامل المبني,عدد,2520000.0,1.0,0.0,0.25,0.25,630000.0,25,بنود المطالبات,153,CMH_01_SMART.xlsx,sheet بنود المطالبات,high,prev_progress in workbook is informational; platform will recompute server-side from approved claims (Migration 048).
CMH_01-C01,5,249,توريد وتركيب مقابس طاقة مربوطة بأسلاك 4 مم2 كحد أدنى وتشمل الأجهزة و والأسلاك والمواسير والعلب ودعامات التثبيت ، من اللوحات الى نقاط المقابس وحسب المواصفات. على المقاول المعاينة و فحص الشبكة الحالية و الاستفادة من التمديدات الحالية و دمجها مع التركيبات الجديدة بعد عمل الاختبارات اللازمة و بعد الموافقة من مهندس المشرف . مقبس ثنائي سقفى، من النوع المؤرض، 15 أمبير، 230 فولت، طور واحد، قطبين، 3 أسلاك.,عدد,216.0,126.0,8.0,4.0,12.0,864.0,9.523809523809524,بنود المطالبات,154,CMH_01_SMART.xlsx,sheet بنود المطالبات,high,prev_progress in workbook is informational; platform will recompute server-side from approved claims (Migration 048).
CMH_01-C01,5,261," توريد وتركيب واختبار والتشغيل التجريبي لمفاتيح فصل على الحمل من النوع عالية التحمل مع ماسورة  التثبيت المعدنية المرنة والمانعة لنفاذ السوائل، وقطع الإكسسوارعلى المقاول المعاينة و فحص الشبكة الحالية و الاستفادة من التمديدات الحالية و دمجها مع التركيبات الجديدة بعد عمل الاختبارات اللازمة و بعدالموافقة من مهندس المشرف  وبالإستطاعات التالية 30 A, 250 V, 2P",عدد,384.0,445.0,0.0,57.0,57.0,21888.0,12.808988764044942,بنود المطالبات,155,CMH_01_SMART.xlsx,sheet بنود المطالبات,high,prev_progress in workbook is informational; platform will recompute server-side from approved claims (Migration 048).
CMH_01-C01,5,303,توريد وتركيب وتوصيل واختبار مفاتيح التحكم بالإنارة / أزرار كبس 10 أمبير، 230 فولت، وتشمل كل المواسير معزولة ب  PVC وأسلاك نحاس  0.4 مم2 حتى وحدات الانارة حسب الموضح على المخططات وحسب المواصفات على المقاول المعاينة و فحص الشبكة الحالية و الاستفادة من التمديدات الحالية و دمجها مع التركيبات الجديدة بعد عمل الاختبارات اللازمة و بعد الموافقة من مهندس المشرف . مفتاح أحادي ، أحادي الكباّس، 10 أمبير,عدد,216.0,226.0,0.0,12.0,12.0,2592.0,5.3097345132743365,بنود المطالبات,156,CMH_01_SMART.xlsx,sheet بنود المطالبات,high,prev_progress in workbook is informational; platform will recompute server-side from approved claims (Migration 048).
CMH_01-C01,5,306,توريد وتركيب وتوصيل واختبار مفاتيح التحكم بالإنارة / أزرار كبس 10 أمبير، 230 فولت، وتشمل كل المواسير معزولة ب  PVC وأسلاك نحاس  0.4 مم2 حتى وحدات الانارة حسب الموضح على المخططات وحسب المواصفات. على المقاول المعاينة و فحص الشبكة الحالية و الاستفادة من التمديدات الحالية و دمجها مع التركيبات الجديدة بعد عمل الاختبارات اللازمة و بعد الموافقة من مهندس المشرف .مفتاح ثنائي ، ثنائي الكباّس، 10 أمبير,عدد,216.0,66.0,0.0,6.0,6.0,1296.0,9.090909090909092,بنود المطالبات,157,CMH_01_SMART.xlsx,sheet بنود المطالبات,high,prev_progress in workbook is informational; platform will recompute server-side from approved claims (Migration 048).
CMH_01-C01,5,327,"توريد وتركيب وإختبار المخارج اآلتية شاملة الكابالت 6A( )CAT والمواسير وعلب التوصيل وعلب السحب واألغطية و الوصالت cords Patch وخالفه حسب المواصفات ووفقا لما هو موضح بالمخططات مع جميع االكسسوارات لعمل النظام على أكمل وجه ومن أجود األنواع األصلية وحسب تعليمات ومواصفات إدارة الــ IT بالوزارة وكل ما يلزم من المخرج وحتى rack IT
على المقاول المعاينة و فحص الشبكة الحالية و االستفادة من التمديدات الحالية و دمجها مع التركيبات
الجديدة بعد عمل االختبارات الالزمة و بعد الموافقة من مهندس المشرف -:.
مخرج فردي حائطي مزود بعدد واحد مأخذ RJ-45
",عدد,432.0,206.0,8.0,4.0,12.0,1728.0,5.825242718446602,بنود المطالبات,158,CMH_01_SMART.xlsx,sheet بنود المطالبات,high,prev_progress in workbook is informational; platform will recompute server-side from approved claims (Migration 048).
CMH_01-C01,6,5,صبة أسمنتية كطبقة حماية للعزل في الأماكن الرطبة. ويشمل السعر وأي مواد أو أعمال يتطلبها تنفيذ العمل حسب المواصفات والمخططات وتعليمات المهندس المشرف.,م3,366.0,1345.0,101.28999999999999,49.55,150.83999999999997,18135.3,11.214869888475834,بنود المطالبات,159,CMH_01_SMART.xlsx,sheet بنود المطالبات,high,prev_progress in workbook is informational; platform will recompute server-side from approved claims (Migration 048).
CMH_01-C01,6,6,توريد وبناء مباني من البلوك  مقاوم للحريق شاملا المونة والفواصل وأربطة التثبيت والتسليح الرأسي وعتبات جميع الفتحات وعزل الجدران المزدوجة المفرّغة والمكملات ويتم توريد البلوك بالموقع على قواعد خشبية مغطاه بالبلاستيك ويستمر على هذه الحالة حتى يبدأ استخدامه للبناء على أن يكون ذو ابعاد بطول 40سم وسماكة حسب المطلوب وارتفاع 20سم وان تكون صلد سليم نظيف وذو زوايا خارجية قائمة يستعمل لبناء الحوائط حسب ما هو موضح بالمخططات مع التكحيل ويكون  مطابق للمواصفات حسب النوعيه المطلوبة والسعر يشمل كل مايلزم للبناء من البلوك الكامل والقطع الخاصة سواء 5.0 أو 25.0 ، كذلك القطع الخاصة بتمديد المواسير بحيث لا يتم تكسير البلوك أثناء الاستخدام للبناء على الأطلاق ، بالإضافة إلى كافة المواد والاكسسوارات والسقايل واستعمال الشبك الممدد والتسليح بواسطة خوابير معدنية والمرابط المعدنية ويشمل السعر أي مواد أو أعمال يتطلبها استكمال العمل حسب المواصفات  القسم Ref drawing: 07-MRA-DD-(as per floor number) وتعليمات المهندس المشرف 04200Ar-100,م2,150.0,450.0,1948.23,64.86,2013.09,9729.0,447.3533333333333,بنود المطالبات,160,CMH_01_SMART.xlsx,sheet بنود المطالبات,high,prev_progress in workbook is informational; platform will recompute server-side from approved claims (Migration 048).
CMH_01-C01,6,25,تصنيع وتركيب لوح خشبي بشكل طولي من  الـ )Mdf(  مع قشرة الجوز او ما يتناسب مع العينة المتفق عليها طول 25سم وعرض 10سم وارتفاع 270 سم الى جانب الابواب الزجاجية حسب المناظير والرسومات وتعليمات المهندس المشرف.Code: WDP2-08,عدد,240.0,248.0,0.0,9.0,9.0,2160.0,3.6290322580645165,بنود المطالبات,161,CMH_01_SMART.xlsx,sheet بنود المطالبات,high,prev_progress in workbook is informational; platform will recompute server-side from approved claims (Migration 048).
CMH_01-C01,6,45, توريد وتنفيذ طبقتين من غشاء عازل للمياه من الـبيتومين ثخانة 4 مم للأماكن الرطبة وحتى ارتفاع 10   سم على الجدران المحيطة ويشمل تحضير السطوح ومواد حشو الزوايا وطبقات الحماية جيوتكستايل الأفُقية والعمودية. ويشمل السعر أي مواد وأعمال مطلوبة لاستكمال العمل حسب المواصفات والمخططات.وتعليمات المهندس المشرف,م2,78.0,1345.0,0.0,263.15,263.15,20525.699999999997,19.56505576208178,بنود المطالبات,162,CMH_01_SMART.xlsx,sheet بنود المطالبات,high,prev_progress in workbook is informational; platform will recompute server-side from approved claims (Migration 048).
CMH_01-C01,6,72,طبقة من اللياسة الأسمنتية فوق الأسطح الخرسانية والجدران الداخلية  بسمك متوسط 20 مم على طبقات  طرطشة بسمك 5 مم وضهارة 15 مم حسب المواصفات مع المعالجة اليومية  بالمياه لمنع التنميلات ويتم عمل افريز بين البلوك والخرسانة يملئ بمواد قابلة للدهان والسعر يشمل كامل الأكسسوارات اللازمة من شبك معدني ممدد وزوايا ونهايات معدنية  ومواد الترابط  وعمل تجاويف في طبقة اللياسة بعمق 10مم عرض 10مم  في الاعمدة  وفي الجدران ان وجدت حسب الرسومات والمناظير وتعليمات المهندس المشرف ذلك حسب الاصول الفنية وتعليمات المهندس المشرف. لياسة الجدران والأعمدة الداخلية  وتشمل جميع الإكسسوارات بإرتفاع 20 سم أعلي الأسقف الجبسيه لزوم الجدران الداخلية,م²,42.0,758.0,3878.4,318.024,4196.424,13357.008,553.6179419525066,بنود المطالبات,163,CMH_01_SMART.xlsx,sheet بنود المطالبات,high,prev_progress in workbook is informational; platform will recompute server-side from approved claims (Migration 048).
CMH_01-C01,6,81, أرضيات بورسلان03-PT مقاس 600×600×12مم فرز ثاني بالمقاسات والالوان المطلوبة لدورات المياة العامة  طبقاً للمخططات والمواصفات.,م²,120.0,1407.0,0.0,485.93025,485.93025,58311.63,34.536620469083154,بنود المطالبات,164,CMH_01_SMART.xlsx,sheet بنود المطالبات,high,prev_progress in workbook is informational; platform will recompute server-side from approved claims (Migration 048).
CMH_01-C01,6,125,دهان بلون رمادي بيج على الألواح الجبسية والألواح الاسمنتية 100-WPF,م²,25.2,12700.0,1119.29,584.734,1704.024,14735.2968,13.417511811023623,بنود المطالبات,165,CMH_01_SMART.xlsx,sheet بنود المطالبات,high,prev_progress in workbook is informational; platform will recompute server-side from approved claims (Migration 048).
CMH_01-C01,6,133,تحضير وتنفيذ وعمل دهان عالي الجودة للأسقف الجبسية يشمل الوجه التحضيرى أساس ومعالجة الفواصل  بالمعجـون والشاش والمواد المخصص لتسكير فواصل الالواح الجبسية والاسمنتية وان يكون نوع  دهان  بلون ابيض,م²,24.0,25559.0,7.57,7.614,15.184000000000001,182.736,0.05940764505653586,بنود المطالبات,166,CMH_01_SMART.xlsx,sheet بنود المطالبات,high,prev_progress in workbook is informational; platform will recompute server-side from approved claims (Migration 048).
CMH_01-C01,6,176,للمواسير داخل المبنى من مواسير متعددة الطبقات بولي بروبلين كما هو موصف تشمل كافة القطع التركيبية )مثل القارنات من الحديد الصلب الغير قابل للصدأ والأكواع /المنحنيات والتفريعات والدعامات( والصمامات ومخمدات الصدمة ومنافس الهواء الآلية و المحابس  وكافة الاكسسوارات اللازمة، كما هو مبين في المخططات لتركيب مايلي من الأقطار الخارجية مع ربطه بالشبكة الحالية لاقرب نقطة و على المقاول تقديم المخططات التنفيذية و الحسابات الهيدروليكية و اعتمادها قبل البدا بالتنفيذ الاعمال من المهندس المشرف للاقطار  الداخلية قطر 20 مم,م.ط,66.0,532.0,399.07,170.92,569.99,11280.72,107.14097744360902,بنود المطالبات,167,CMH_01_SMART.xlsx,sheet بنود المطالبات,high,prev_progress in workbook is informational; platform will recompute server-side from approved claims (Migration 048).
CMH_01-C01,6,177,للمواسير داخل المبنى من مواسير متعددة الطبقات بولي بروبلين كما هو موصف تشمل كافة القطع التركيبية )مثل القارنات من الحديد الصلب الغير قابل للصدأ والأكواع /المنحنيات والتفريعات والدعامات( والصمامات ومخمدات الصدمة ومنافس الهواء الآلية و المحابس  وكافة الاكسسوارات اللازمة، كما هو مبين في المخططات لتركيب مايلي من الأقطار الخارجية مع ربطه بالشبكة الحالية لاقرب نقطة و على المقاول تقديم المخططات التنفيذية و الحسابات الهيدروليكية و اعتمادها قبل البدا بالتنفيذ الاعمال من المهندس المشرف للاقطار  الداخلية قطر 25 مم,م.ط,70.8,221.0,46.16,18.81,64.97,1331.7479999999998,29.398190045248867,بنود المطالبات,168,CMH_01_SMART.xlsx,sheet بنود المطالبات,high,prev_progress in workbook is informational; platform will recompute server-side from approved claims (Migration 048).
CMH_01-C01,6,178,للمواسير داخل المبنى من مواسير متعددة الطبقات بولي بروبلين كما هو موصف تشمل كافة القطع التركيبية )مثل القارنات من الحديد الصلب الغير قابل للصدأ والأكواع /المنحنيات والتفريعات والدعامات( والصمامات ومخمدات الصدمة ومنافس الهواء الآلية و المحابس  وكافة الاكسسوارات اللازمة، كما هو مبين في المخططات لتركيب مايلي من الأقطار الخارجية مع ربطه بالشبكة الحالية لاقرب نقطة و على المقاول تقديم المخططات التنفيذية و الحسابات الهيدروليكية و اعتمادها قبل البدا بالتنفيذ الاعمال من المهندس المشرف للاقطار  الداخلية :قطر 32مم,م.ط,102.0,207.0,62.1,57.74,119.84,5889.4800000000005,57.893719806763286,بنود المطالبات,169,CMH_01_SMART.xlsx,sheet بنود المطالبات,high,prev_progress in workbook is informational; platform will recompute server-side from approved claims (Migration 048).
CMH_01-C01,6,179,للمواسير داخل المبنى من مواسير متعددة الطبقات بولي بروبلين كما هو موصف تشمل كافة القطع التركيبية )مثل القارنات من الحديد الصلب الغير قابل للصدأ والأكواع /المنحنيات والتفريعات والدعامات( والصمامات ومخمدات الصدمة ومنافس الهواء الآلية و المحابس  وكافة الاكسسوارات اللازمة، كما هو مبين في المخططات لتركيب مايلي من الأقطار الخارجية مع ربطه بالشبكة الحالية لاقرب نقطة و على المقاول تقديم المخططات التنفيذية و الحسابات الهيدروليكية و اعتمادها قبل البدا بالتنفيذ الاعمال من المهندس المشرف للاقطار  الداخلية :قطر 40 مم,م.ط,85.2,103.0,80.55000000000001,60.12,140.67000000000002,5122.224,136.5728155339806,بنود المطالبات,170,CMH_01_SMART.xlsx,sheet بنود المطالبات,high,prev_progress in workbook is informational; platform will recompute server-side from approved claims (Migration 048).
CMH_01-C01,6,180,للمواسير داخل المبنى من مواسير متعددة الطبقات بولي بروبلين كما هو موصف تشمل كافة القطع التركيبية )مثل القارنات من الحديد الصلب الغير قابل للصدأ والأكواع /المنحنيات والتفريعات والدعامات( والصمامات ومخمدات الصدمة ومنافس الهواء الآلية و المحابس  وكافة الاكسسوارات اللازمة، كما هو مبين في المخططات لتركيب مايلي من الأقطار الخارجية مع ربطه بالشبكة الحالية لاقرب نقطة و على المقاول تقديم المخططات التنفيذية و الحسابات الهيدروليكية و اعتمادها قبل البدا بالتنفيذ الاعمال من المهندس المشرف للاقطار  الداخلية:قطر 50 مم,م.ط,94.8,218.0,90.27,31.82,122.09,3016.536,56.00458715596331,بنود المطالبات,171,CMH_01_SMART.xlsx,sheet بنود المطالبات,high,prev_progress in workbook is informational; platform will recompute server-side from approved claims (Migration 048).
CMH_01-C01,6,181,مواسير المياه الساخنة مؤلفة من عدة طبقات )بولي بروبلين معزولة( كما هو موصف مع العزل وتشمل كافة القطع التركيبية )مثل القارنات من الحديد الصلب الغير قابل للصدأ والأكواع / المنحنيات والتفريعات والدعامات( والصمامات ومخمدات الصدمة وكافة الاكسسوارات و المحابس  اللازمة لإنجاز تركيب مايلي من الأقطار الخارجية مع ربطه بالشبكة الحالية لاقرب نقطة و على المقاول تقديم المخططات التنفيذية و الحسابات الهيدروليكية و اعتمادها قبل البدا بالتنفيذ الاعمال من المهندس المشرف للاقطار  الداخلية :قطر 20 مم,م.ط,70.8,150.0,263.85,39.78,303.63,2816.424,202.42,بنود المطالبات,172,CMH_01_SMART.xlsx,sheet بنود المطالبات,high,prev_progress in workbook is informational; platform will recompute server-side from approved claims (Migration 048).
CMH_01-C01,6,185,مواسير صرف وتهوية مصنوعة من 4UPVC class  ذات وصلات انضغاطية ومطاط كما هو موصف وتشمل التهوية من خلال السطح مع الغطاء و طبات التسليك، وكافة قطع التركيبات والعلاقات اللازمة لإستكمال تركيب مايلي من الأقطار الداخلية:قطر 50 مم,م.ط,75.6,426.0,503.38,210.51,713.89,15914.555999999999,167.57981220657277,بنود المطالبات,173,CMH_01_SMART.xlsx,sheet بنود المطالبات,high,prev_progress in workbook is informational; platform will recompute server-side from approved claims (Migration 048).
CMH_01-C01,6,186,مواسير صرف وتهوية مصنوعة من 4UPVC class  ذات وصلات انضغاطية ومطاط كما هو موصف وتشمل التهوية من خلال السطح مع الغطاء و طبات التسليك، وكافة قطع التركيبات والعلاقات اللازمة لإستكمال تركيب مايلي من الأقطار الداخلية:قطر 75 مم,م.ط,91.2,934.0,297.45000000000005,80.46,377.91,7337.951999999999,40.46145610278373,بنود المطالبات,174,CMH_01_SMART.xlsx,sheet بنود المطالبات,high,prev_progress in workbook is informational; platform will recompute server-side from approved claims (Migration 048).
CMH_01-C01,6,187,مواسير صرف وتهوية مصنوعة من 4UPVC class  ذات وصلات انضغاطية ومطاط كما هو موصف وتشمل التهوية من خلال السطح مع الغطاء و طبات التسليك، وكافة قطع التركيبات والعلاقات اللازمة لإستكمال تركيب مايلي من الأقطار الداخلية:قطر 110 مم,م.ط,102.0,961.0,784.17,324.75,1108.92,33124.5,115.39229968782519,بنود المطالبات,175,CMH_01_SMART.xlsx,sheet بنود المطالبات,high,prev_progress in workbook is informational; platform will recompute server-side from approved claims (Migration 048).
CMH_01-C01,6,215,توريد و تركيب و اختبار رشاشات آلية اوتوماتيكية كما هو موصف رشاشات من النوع المخفي، ذات فتحة 2/1 بوصة، ومعامل 5.6 =K   ودرجة حرارة تشغيل 68 درجة مئوية,عدد,90.0,1000.0,0.0,235.0,235.0,21150.0,23.5,بنود المطالبات,176,CMH_01_SMART.xlsx,sheet بنود المطالبات,high,prev_progress in workbook is informational; platform will recompute server-side from approved claims (Migration 048).
CMH_01-C01,6,221,وحدات VAV من أعلى العلامات التجارية جودة )BYPASS TYPE( مع سخان كهربائي ، ترموستات إلكتروني رقمي للغرفة ، فليكس. توصيلات ، تثبيت ، دعم ، عازل اهتزاز مع كافة الملحقات المطلوبة حسب المواصفات والرسومات. 01-VAV ، اجمالي الهواء 0-250 ) ق/د( استطاعة التخزين 5.1 )ك/و(,عدد,6600.0,9.0,3.0,1.0,4.0,6600.0,44.44444444444444,بنود المطالبات,177,CMH_01_SMART.xlsx,sheet بنود المطالبات,high,prev_progress in workbook is informational; platform will recompute server-side from approved claims (Migration 048).
CMH_01-C01,6,222,وحدات VAV من أعلى العلامات التجارية جودة )BYPASS TYPE( مع سخان كهربائي ، ترموستات إلكتروني رقمي للغرفة ، فليكس. توصيلات ، تثبيت ، دعم ، عازل اهتزاز مع كافة الملحقات المطلوبة حسب المواصفات والرسومات. 02-VAV ، اجمالي الهواء 0-500 ) ق/د( استطاعة التخزين 2 )ك/و(,عدد,6960.0,127.0,27.0,5.0,32.0,34800.0,25.196850393700785,بنود المطالبات,178,CMH_01_SMART.xlsx,sheet بنود المطالبات,high,prev_progress in workbook is informational; platform will recompute server-side from approved claims (Migration 048).
CMH_01-C01,6,223,وحدات VAV من أعلى العلامات التجارية جودة )BYPASS TYPE( مع سخان كهربائي ، ترموستات إلكتروني رقمي للغرفة ، فليكس. توصيلات ، تثبيت ، دعم ، عازل اهتزاز مع كافة الملحقات المطلوبة حسب المواصفات والرسومات. 03-VAV ، اجمالي الهواء 0-750 ) ق/د( استطاعة التخزين 3 )ك/و( ,عدد,7200.0,51.0,18.0,3.0,21.0,21600.0,41.17647058823529,بنود المطالبات,179,CMH_01_SMART.xlsx,sheet بنود المطالبات,high,prev_progress in workbook is informational; platform will recompute server-side from approved claims (Migration 048).
CMH_01-C01,6,224,وحدات VAV من أعلى العلامات التجارية جودة )BYPASS TYPE( مع سخان كهربائي ، ترموستات إلكتروني رقمي للغرفة ، فليكس. توصيلات ، تثبيت ، دعم ، عازل اهتزاز مع كافة الملحقات المطلوبة حسب المواصفات والرسومات. 04-VAV ، اجمالي الهواء 0-1000 ) ق/د( استطاعة التخزين 5.3 )ك/و(,عدد,7200.0,24.0,8.0,2.0,10.0,14400.0,41.66666666666667,بنود المطالبات,180,CMH_01_SMART.xlsx,sheet بنود المطالبات,high,prev_progress in workbook is informational; platform will recompute server-side from approved claims (Migration 048).
CMH_01-C01,6,225,وحدات VAV من أعلى العلامات التجارية جودة )BYPASS TYPE( مع سخان كهربائي ، ترموستات إلكتروني رقمي للغرفة ، فليكس. توصيلات ، تثبيت ، دعم ، عازل اهتزاز مع كافة الملحقات المطلوبة حسب المواصفات والرسومات. 05-VAV ، اجمالي الهواء 0-1500 ) ق/د( استطاعة التخزين 5.3 )ك/و(,عدد,9000.0,44.0,11.0,1.0,12.0,9000.0,27.27272727272727,بنود المطالبات,181,CMH_01_SMART.xlsx,sheet بنود المطالبات,high,prev_progress in workbook is informational; platform will recompute server-side from approved claims (Migration 048).
CMH_01-C01,6,226,وحدات VAV من أعلى العلامات التجارية جودة )BYPASS TYPE( مع سخان كهربائي ، ترموستات إلكتروني رقمي للغرفة ، فليكس. توصيلات ، تثبيت ، دعم ، عازل اهتزاز مع كافة الملحقات المطلوبة حسب المواصفات والرسومات. 06-VAV ، اجمالي الهواء 0-2000 ) ق/د( استطاعة التخزين 6.3 )ك/و(,عدد,10200.0,49.0,7.0,1.0,8.0,10200.0,16.3265306122449,بنود المطالبات,182,CMH_01_SMART.xlsx,sheet بنود المطالبات,high,prev_progress in workbook is informational; platform will recompute server-side from approved claims (Migration 048).
CMH_01-C01,6,230,توريد و تصنيع و تركيب أعمال مجاري  من الصفائح المعدنية المجلفنه )90G( للهواء الداخل والراجع والهواء النقي وقناة السحب حسب المواصفات القياسية SMACNA وتشمل التيهات/القطعة التائية والكوع/المرفق والتفريعات والتحويلة والدعامة وحمالة التعليق. ويجب أخذ الطول على امتداد خط المركز فوق كل قطع التركيبات، ومن المفهوم بأن السعر الإفرادي لأعمال مجاري الهواء/الأقنية محمل عليه كل دعامات حامل التعليق ومخمّد الصوت والحريق وكل قطع الإكسسوار عزل الحراري )فايبرغلاس( ثخانة 25 مم وبكثافة 24 كغ/م3 مع مانع تبخر من الألمنيوم المقوّى حسب المخططات والمواصفات و حسب تعليمات مهندس المشرف.,م.ط,300.0,7000.0,2564.75,1147.15,3711.9,344145.0,53.02714285714286,بنود المطالبات,183,CMH_01_SMART.xlsx,sheet بنود المطالبات,high,prev_progress in workbook is informational; platform will recompute server-side from approved claims (Migration 048).
CMH_01-C01,6,231,ناشرة هواء ذات فتحات طولية  للهواء الداخل مصنعة من الألمنيوم المشكل بالبثق ومطلية بمسحوق البولستركاملة، مخمدات صوت ذات أرياش متضادّة ،وصندوق حجمى معزول من الداخل بعازل صوتى وميكانيزم للتحكم فى الهواء من واجهة الناشر وكل قطع الأكسسوار حسب المواصفات والمخططات مع توفير عينات للاعتماد من مهندس المشرف. ثلاثة فتحات / ثقب 25مم عرض,م.ط,480.0,1925.0,0.0,82.02,82.02,39369.6,4.26077922077922,بنود المطالبات,184,CMH_01_SMART.xlsx,sheet بنود المطالبات,high,prev_progress in workbook is informational; platform will recompute server-side from approved claims (Migration 048).
CMH_01-C01,6,232,ناشرة هواء ذات فتحات طولية للهواء الراجع مصنعة من الألمنيوم المشكل بالبثق ومطلية بمسحوق البولستركاملة، وكل قطع الأكسسوار حسب المواصفات والمخططات مع توفير عينات للاعتماد من مهندس المشرف. ثلاثة فتحات / ثقب 25مم عرض,م.ط,480.0,1925.0,0.0,82.02,82.02,39369.6,4.26077922077922,بنود المطالبات,185,CMH_01_SMART.xlsx,sheet بنود المطالبات,high,prev_progress in workbook is informational; platform will recompute server-side from approved claims (Migration 048).
CMH_01-C01,6,233, جريلات تغذية من الالومينيوم مغطاة ببودرة البوليستر كاملة وجميع الملحقات حسب المخططات..والمواصفات مع توفير عينات للاعتماد من مهندس المشرف 600mm X 600mm,عدد,456.0,724.0,0.0,25.0,25.0,11400.0,3.4530386740331496,بنود المطالبات,186,CMH_01_SMART.xlsx,sheet بنود المطالبات,high,prev_progress in workbook is informational; platform will recompute server-side from approved claims (Migration 048).
CMH_01-C01,6,234, جريلات رجوع من الالومينيوم مغطاة ببودرة البوليستر كاملة وجميع الملحقات حسب المخططات.والمواصفات مع توفير عينات للاعتماد من مهندس المشرف 600mm X 600mm,عدد,264.0,724.0,0.0,25.0,25.0,6600.0,3.4530386740331496,بنود المطالبات,187,CMH_01_SMART.xlsx,sheet بنود المطالبات,high,prev_progress in workbook is informational; platform will recompute server-side from approved claims (Migration 048).
CMH_01-C01,6,243,نظام إدارة المبنى BMS    تصميم وتوريد وتركيب نظام لإدارة المبنى أتوماتيكياً على أن يكون نظام التشغيل )OPEN PROTOCOL ( حسب توصيات الاستشارى المشرف وذلك للتحكم في تشغيل ومراقبة الانظمة الميكانيكية والكهربائية التالية :                                                  ـ التشلرات والمراوح ووحدات مناولة الهواء ووحدات ملف المروحة ومضخات المياه ووحدة ضخ الهواء وإنظمة الحريق والتحكم في الأنظمة والمعدات الميكانيكية بالمبنى - والتحكم في تشغيل ومتابعة حالة اللوحات الكهربائية الرئيسية والثانوية والمصاعد وكل الأنظمة التي يراها الاستشاري لأزمة مع الأخذ في الاعتبار قابلية التوسع في المباني المستقبلية .توريد وتركيب وتوصيل نظام إدارة المباني ) BMS ( لأنظمة HVAC ، وأنظمة السباكة ، ونظام الحريق ، والأنظمة الكهربائية والخدمات الخارجية ، كاملة بما في ذلك وحدات التحكم ونقاط التحكم والأسلاك والقنوات وصناديق السحب وصناديق التوصيل الثانوية وجميع عمليات التثبيت الضرورية مستلزمات؛ كل ما هو محدد ومفصل على الرسومات والموصوفة في المواصفات. والنظام يجب ان يتضمن البرامج واجهزة التحكم واجهزة المواقع ونقاط التحكم والاسلاك المتصلة بباقي الانظمة والمواسير وعلب السحب وعلب التوصيل الثانوية وجميع اكسسوارات ومتطلبات التركيبات الضرورية وهذه الاجهزة يجب ان يتم توصيلها مع جميع انظمة شبكة IP سواء من خلال تمكين اجهزة IP او من خلال بوابة IP او الموزع ويجب ان تشمل وحدات التحكم الطرفية التركيبات الضرورية والبرمجة والدمج عند اللزوم لتأسيس الاتصال والتعامل بين اجهزة التركيبات الالكتروميكانيكية وانظمة السلامة وانظمة الامن حسب اوامر ونظام التشغيل ووفقا لنظام وحسب تعليمات مهندس المشرف و يجب ان يتوافق النظام مع الانظمة الحالية للترشيد و المراقبة و يكون النظام لكامل المبني,عدد,2520000.0,1.0,0.25,0.0095,0.2595,23940.0,25.95,بنود المطالبات,188,CMH_01_SMART.xlsx,sheet بنود المطالبات,high,prev_progress in workbook is informational; platform will recompute server-side from approved claims (Migration 048).
CMH_01-C01,6,254,توريد وتركيب وإختبار وفحص علبة خدمة من نوعية ممتازة تحتوى على  ) أ ( مقابس تغذية أرضية مزدوجة ذات أسلاك 4 مم2 كحد أدنى مركبة على الأرض وتشمل أسلاك التأريض من اللوحة حتى المقابس + )ب( مآخذ للهاتف والبيانات ذات كابلات CAT 6A UTP وحتى كابينة الداتا  وحسب مواصفات إدارة الـ IT  بالوزارة. على المقاول المعاينة و فحص الشبكة الحالية و الاستفادة من التمديدات الحالية و دمجها مع التركيبات الجديدة بعد عمل الاختبارات اللازمة و بعد الموافقة من مهندس المشرف . النوع  )A(  )تحتوى على  4 قوى & 4 داتا (,عدد,2160.0,286.0,35.0,88.0,123.0,190080.0,43.00699300699301,بنود المطالبات,189,CMH_01_SMART.xlsx,sheet بنود المطالبات,high,prev_progress in workbook is informational; platform will recompute server-side from approved claims (Migration 048).
CMH_01-C01,6,255,توريد وتركيب وإختبار وفحص علبة خدمة من نوعية ممتازة تحتوى على  ) أ ( مقابس تغذية أرضية مزدوجة ذات أسلاك 4 مم2 كحد أدنى مركبة على الأرض وتشمل أسلاك التأريض من اللوحة حتى المقابس + )ب( مآخذ للهاتف والبيانات ذات كابلات CAT 6A UTP وحتى كابينة الداتا  وحسب مواصفات إدارة الـ IT  بالوزارة. على المقاول المعاينة و فحص الشبكة الحالية و الاستفادة من التمديدات الحالية و دمجها مع التركيبات الجديدة بعد عمل الاختبارات اللازمة و بعد الموافقة من مهندس المشرف . النوع )B(   )تحتوى على 2 قوى & 2 داتا (,عدد,1800.0,20.0,19.0,102.0,121.0,183600.0,605,بنود المطالبات,190,CMH_01_SMART.xlsx,sheet بنود المطالبات,high,prev_progress in workbook is informational; platform will recompute server-side from approved claims (Migration 048).
CMH_01-C01,6,256,توريد وتركيب وإختبار وفحص علبة خدمة من نوعية ممتازة تحتوى على  ) أ ( مقابس تغذية أرضية مزدوجة ذات أسلاك 4 مم2 كحد أدنى مركبة على الأرض وتشمل أسلاك التأريض من اللوحة حتى المقابس + )ب( مآخذ للهاتف والبيانات ذات كابلات CAT 6A UTP وحتى كابينة الداتا  وحسب مواصفات إدارة الـ IT  بالوزارة. على المقاول المعاينة و فحص الشبكة الحالية و الاستفادة من التمديدات الحالية و دمجها مع التركيبات الجديدة بعد عمل الاختبارات اللازمة و بعد الموافقة من مهندس المشرف . النوع )1FB(   )تحتوى على 1 قوى (,عدد,720.0,141.0,9.0,12.0,21.0,8640.0,14.893617021276595,بنود المطالبات,191,CMH_01_SMART.xlsx,sheet بنود المطالبات,high,prev_progress in workbook is informational; platform will recompute server-side from approved claims (Migration 048).
CMH_01-C01,6,261," توريد وتركيب واختبار والتشغيل التجريبي لمفاتيح فصل على الحمل من النوع عالية التحمل مع ماسورة  التثبيت المعدنية المرنة والمانعة لنفاذ السوائل، وقطع الإكسسوارعلى المقاول المعاينة و فحص الشبكة الحالية و الاستفادة من التمديدات الحالية و دمجها مع التركيبات الجديدة بعد عمل الاختبارات اللازمة و بعدالموافقة من مهندس المشرف  وبالإستطاعات التالية 30 A, 250 V, 2P",عدد,384.0,445.0,57.0,32.0,89.0,12288.0,20,بنود المطالبات,192,CMH_01_SMART.xlsx,sheet بنود المطالبات,high,prev_progress in workbook is informational; platform will recompute server-side from approved claims (Migration 048).
CMH_01-C01,6,304,توريد وتركيب وتوصيل واختبار مفاتيح التحكم بالإنارة / أزرار كبس 10 أمبير، 230 فولت، وتشمل كل المواسير معزولة ب  PVC وأسلاك نحاس  0.4 مم2 حتى وحدات الانارة حسب الموضح على المخططات وحسب المواصفات. على المقاول المعاينة و فحص الشبكة الحالية و الاستفادة من التمديدات الحالية و دمجها مع التركيبات الجديدة بعد عمل الاختبارات اللازمة و بعد الموافقة من مهندس المشرف .مفتاح أحادي ، ثنائي الكباّس، 10 أمبير,عدد,216.0,490.0,8.0,11.0,19.0,2376.0,3.877551020408163,بنود المطالبات,193,CMH_01_SMART.xlsx,sheet بنود المطالبات,high,prev_progress in workbook is informational; platform will recompute server-side from approved claims (Migration 048).
CMH_01-C01,6,319,"وريد وتركيب واختبار نظام التحكم فى الدخول بروتوكول IP مع البرامج الخاصة بنظام التحكم بتقنية integration RFID dual ، مع المواسير والكابالت وكل الملحقات لضمان عمل النظام على الوجه االكمل وحسب المواصفات والمخططات وتعليمات الشركة المصنعة وتعليمات ومواصفات إدارة الـ IT
بالوزارة و كل ما يلزم من مواد وأعمال كهربائية و مدنية مع تقديم ضمان من المصنع لمدة 3( سنوات)
لكافة مكونات النظام وخدمة الصيانة من مراكز المصنع بالمملكة ، ويحتوي النظام علي البنود التالية :
وحدة قارىء من النوع التقاربى      ( reader card Proximity )",عدد,990.0,182.0,0.0,1.0,1.0,990.0,0.5494505494505495,بنود المطالبات,194,CMH_01_SMART.xlsx,sheet بنود المطالبات,high,prev_progress in workbook is informational; platform will recompute server-side from approved claims (Migration 048).
CMH_01-C01,6,323,"توريد وتركيب واختبار نظام التحكم فى الدخول بروتوكول IP مع البرامج الخاصة بنظام التحكم بتقنية integration RFID dual ، مع المواسير والكابالت وكل الملحقات لضمان عمل النظام على الوجه االكمل وحسب المواصفات والمخططات وتعليمات الشركة المصنعة وتعليمات ومواصفات إدارة الـ IT
بالوزارة و كل ما يلزم من مواد وأعمال كهربائية و مدنية مع تقديم ضمان من المصنع لمدة 3( سنوات)
لكافة مكونات النظام وخدمة الصيانة من مراكز المصنع بالمملكة ، ويحتوي النظام علي البنود التالية :
وحدة زر خروج من النوع button( )Push",عدد,606.0,218.0,0.0,1.0,1.0,606.0,0.45871559633027525,بنود المطالبات,195,CMH_01_SMART.xlsx,sheet بنود المطالبات,high,prev_progress in workbook is informational; platform will recompute server-side from approved claims (Migration 048).
CMH_01-C01,6,330,"خزانة تجهيزات 42 U مقاس 2000×1000×800 ملم من أجود األنواع العالمية مع جميع االكسسوارات الالزمة من قاطع رئيسي 32( أمبير) وموزعات و مراوح و منظمات مسير الكوابل و كل
ما يلزم التمام العمل وحسب مواصفات وتعليمات إدارة الـ IT بالوزارة.",عدد,66000.0,12.0,0.0,4.0,4.0,264000.0,33.33333333333333,بنود المطالبات,196,CMH_01_SMART.xlsx,sheet بنود المطالبات,high,prev_progress in workbook is informational; platform will recompute server-side from approved claims (Migration 048).
CMH_01-C01,6,332,لوحات توزيع كابالت نحاسية Panel Patch a 6 CAT مع الوصالت لعدد 24 مخرج,عدد,2400.0,55.0,0.0,24.0,24.0,57600.0,43.63636363636363,بنود المطالبات,197,CMH_01_SMART.xlsx,sheet بنود المطالبات,high,prev_progress in workbook is informational; platform will recompute server-side from approved claims (Migration 048).
CMH_01-C01,7,5,صبة أسمنتية كطبقة حماية للعزل في الأماكن الرطبة. ويشمل السعر وأي مواد أو أعمال يتطلبها تنفيذ العمل حسب المواصفات والمخططات وتعليمات المهندس المشرف.,م3,366.0,1345.0,150.83999999999997,7.99,158.82999999999998,2924.34,11.8089219330855,بنود المطالبات,198,CMH_01_SMART.xlsx,sheet بنود المطالبات,high,prev_progress in workbook is informational; platform will recompute server-side from approved claims (Migration 048).
CMH_01-C01,7,6,توريد وبناء مباني من البلوك  مقاوم للحريق شاملا المونة والفواصل وأربطة التثبيت والتسليح الرأسي وعتبات جميع الفتحات وعزل الجدران المزدوجة المفرّغة والمكملات ويتم توريد البلوك بالموقع على قواعد خشبية مغطاه بالبلاستيك ويستمر على هذه الحالة حتى يبدأ استخدامه للبناء على أن يكون ذو ابعاد بطول 40سم وسماكة حسب المطلوب وارتفاع 20سم وان تكون صلد سليم نظيف وذو زوايا خارجية قائمة يستعمل لبناء الحوائط حسب ما هو موضح بالمخططات مع التكحيل ويكون  مطابق للمواصفات حسب النوعيه المطلوبة والسعر يشمل كل مايلزم للبناء من البلوك الكامل والقطع الخاصة سواء 5.0 أو 25.0 ، كذلك القطع الخاصة بتمديد المواسير بحيث لا يتم تكسير البلوك أثناء الاستخدام للبناء على الأطلاق ، بالإضافة إلى كافة المواد والاكسسوارات والسقايل واستعمال الشبك الممدد والتسليح بواسطة خوابير معدنية والمرابط المعدنية ويشمل السعر أي مواد أو أعمال يتطلبها استكمال العمل حسب المواصفات  القسم Ref drawing: 07-MRA-DD-(as per floor number) وتعليمات المهندس المشرف 04200Ar-100,م2,150.0,450.0,2013.09,254.33,2267.42,38149.5,503.87111111111113,بنود المطالبات,199,CMH_01_SMART.xlsx,sheet بنود المطالبات,high,prev_progress in workbook is informational; platform will recompute server-side from approved claims (Migration 048).
CMH_01-C01,7,25,تصنيع وتركيب لوح خشبي بشكل طولي من  الـ )Mdf(  مع قشرة الجوز او ما يتناسب مع العينة المتفق عليها طول 25سم وعرض 10سم وارتفاع 270 سم الى جانب الابواب الزجاجية حسب المناظير والرسومات وتعليمات المهندس المشرف.Code: WDP2-08,عدد,240.0,248.0,9.0,31.0,40.0,7440.0,16.129032258064516,بنود المطالبات,200,CMH_01_SMART.xlsx,sheet بنود المطالبات,high,prev_progress in workbook is informational; platform will recompute server-side from approved claims (Migration 048).
CMH_01-C01,7,26,تصنيع وتركيب كسوة من الخشب للجدران ويكون النمط والحجم كما هو موضح بالرسومات ويشمل السعر أي مواد أو أعمال يتطلبها إنهاء العمل حسب المواصفات والمخططات وتعليمات المهندس المشرف. Ref drawing: 07-MRA-DD-(as per floor number)-AR-600 to 07-MRA-DD-(as  per floor number)-AR-604كسوة من خشب الـ)Mdf(  ، مثبتة على العامود الخرساني بدهان رمادي على شكل وهيئة الأسطح الاسمنتية )matt( بتصميم مع غروف حسب الرسومات والمناظير وتعليمات المهندس المشرف.Code: WDP3-04,م2,528.0,345.0,0.0,92.27,92.27,48718.56,26.744927536231884,بنود المطالبات,201,CMH_01_SMART.xlsx,sheet بنود المطالبات,high,prev_progress in workbook is informational; platform will recompute server-side from approved claims (Migration 048).
CMH_01-C01,7,27,"تصنيع وتركيب كسوة من الخشب للجدران ويكون النمط والحجم كما هو موضح بالرسومات ويشمل السعر أي مواد أو أعمال يتطلبها إنهاء العمل حسب المواصفات والمخططات وتعليمات المهندس المشرف. Ref drawing: 07-MRA-DD-(as per floor number)-AR-600 to 07-MRA-DD-(as per floor number)-AR-604كسوة من خشب الـ)Mdf( ، مثبتة على القواطع الجبسية بدهان رمادي بيج  )matt( ، وبتصميم مع غروف حسب الرسومات والمناظير وتعليمات المهندس المشرف.Code: WPD4-01,WDP4-01.A",م2,528.0,331.0,0.0,39.67,39.67,20945.760000000002,11.984894259818732,بنود المطالبات,202,CMH_01_SMART.xlsx,sheet بنود المطالبات,high,prev_progress in workbook is informational; platform will recompute server-side from approved claims (Migration 048).
CMH_01-C01,7,28,تصنيع وتركيب كسوة من الخشب للجدران ويكون النمط والحجم كما هو موضح بالرسومات ويشمل السعر أي مواد أو أعمال يتطلبها إنهاء العمل حسب المواصفات والمخططات وتعليمات المهندس المشرف. Ref drawing: 07-MRA-DD-(as per floor number)-AR-600 to 07-MRA-DD-(as  per floor number)-AR-604كسوة من خشب الـ)Mdf(، مثبتة على القواطع الجبسية مع قشرة صناعية بحسب العينة الموافق عليها وغروف حسب الرسومات والمناظير وتعليمات المهندس المشرفCode: WDP2,م2,528.0,2517.0,0.0,228.77,228.77,120790.56000000001,9.088994835121177,بنود المطالبات,203,CMH_01_SMART.xlsx,sheet بنود المطالبات,high,prev_progress in workbook is informational; platform will recompute server-side from approved claims (Migration 048).
CMH_01-C01,7,29,"تصنيع وتركيب كسوة من الخشب للجدران ويكون النمط والحجم كما هو موضح بالرسومات ويشمل السعر أي مواد أو أعمال يتطلبها إنهاء العمل حسب المواصفات والمخططات وتعليمات المهندس المشرف. Ref drawing: 07-MRA-DD-(as per floor number)-AR-600 to 07-MRA-DD-(as  per floor number)-AR-604كسوة من خشب الـ)Mdf(  ، مثبتة على االقواطع الجبسية بدهان رمادي على شكل وهيئة الأسطح الاسمنتية ) matt( مع تصميم بفتحات حسب الرسومات والمناظير وتعليمات المهندس المشرف.Code: WDP3-01, WDP3-02, WDP3-03",م2,528.0,846.0,0.0,142.97,142.97,75488.16,16.89952718676123,بنود المطالبات,204,CMH_01_SMART.xlsx,sheet بنود المطالبات,high,prev_progress in workbook is informational; platform will recompute server-side from approved claims (Migration 048).
CMH_01-C01,7,30,"تصنيع وتركيب كسوة من الخشب للجدران ويكون النمط والحجم كما هو موضح بالرسومات ويشمل السعر أي مواد أو أعمال يتطلبها إنهاء العمل حسب المواصفات والمخططات وتعليمات المهندس المشرف. Ref drawing: 07-MRA-DD-(as per floor number)-AR-600 to 07-MRA-DD-(as  per floor number)-AR-604كسوة من خشب الـ) Mdf(  ، مع قشرة السنديان المطلي بدهان ابيض  مع غروف وفتحات إضاءة مخفية مغلفة من الداخل بطبقة Acrylic مغشى  حسب الرسومات والمناظير وتعليمات المهندس المشرف.Code: WDP1-03, WDP1-04, WDP1-05, WDP1-06",م2,570.0,456.0,0.0,89.4,89.4,50958.0,19.605263157894736,بنود المطالبات,205,CMH_01_SMART.xlsx,sheet بنود المطالبات,high,prev_progress in workbook is informational; platform will recompute server-side from approved claims (Migration 048).
CMH_01-C01,7,38,صنيع وتركيب كسوة من الخشب للاسقف ويكون النمط والحجم كما هو موضح بالرسومات ويشمل السعر أي مواد أو أعمال يتطلبها إنهاء العمل حسب المواصفات والمخططات وتعليمات المهندس المشرف.Ref drawing: 07-MRA-DD-(as per floor number)-AR-200سطح خشبي من من خشب الـ)Mdf(  مع قشرة صناعية بحسب العينة الموافق عليها وغروف مثبتة بنظام تعليق متصلة بالسقف الخرساني حسب الرسومات والمناظير وتعليمات المهندس المشرف.Code: WDC-01 & WDC-02,م2,840.0,684.0,0.0,128.86,128.86,108242.40000000001,18.839181286549707,بنود المطالبات,206,CMH_01_SMART.xlsx,sheet بنود المطالبات,high,prev_progress in workbook is informational; platform will recompute server-side from approved claims (Migration 048).
CMH_01-C01,7,40,تصنيع وتركيب خزائن خشبية ويكون النمط والحجم كما هو موضح بالرسومات ويشمل السعر أي مواد أو أعمال يتطلبها إنهاء العمل حسب المواصفات والمخططات وتعليمات المهندس المشرف.Ref drawing: 07-MRA-DD-(as per floor number)-AR-605خزانة خشبية01-WDC و 02-WDC من خشب الـ ) Mdf ( متداخلة الالوان من قشرة صناعية بحسب  العينة الموافق عليها والدهان الرمادي  على شكل وهيئة الاسطح الاسمنتية مثبتة على القواطع الجبسية مع اضاءة مخفية ومفصلات ومقابض مخفية وتصميم حسب الرسومات والمناظير وتعليمات المهندس المشرف.,م2,1440.0,72.0,0.0,8.93,8.93,12859.199999999999,12.402777777777779,بنود المطالبات,207,CMH_01_SMART.xlsx,sheet بنود المطالبات,high,prev_progress in workbook is informational; platform will recompute server-side from approved claims (Migration 048).
CMH_01-C01,7,41,تصنيع وتركيب خزائن خشبية ويكون النمط والحجم كما هو موضح بالرسومات ويشمل السعر أي مواد أو أعمال يتطلبها إنهاء العمل حسب المواصفات والمخططات وتعليمات المهندس المشرفRef drawing: 07-MRA-DD-(as per floor number)-AR-605خزانة خشبية03-WDC  من خشب الـ ) Mdf (  مع قشرة صناعية بحسب العينة الموافق عليها مثبتة على القواطع الجبسية  مع غروف ومفصلات ومقابض مخفية ،  حسب الرسومات والمناظير,م2,1440.0,78.0,0.0,10.81,10.81,15566.400000000001,13.85897435897436,بنود المطالبات,208,CMH_01_SMART.xlsx,sheet بنود المطالبات,high,prev_progress in workbook is informational; platform will recompute server-side from approved claims (Migration 048).
CMH_01-C01,7,42,تصنيع وتركيب خزائن خشبية ويكون النمط والحجم كما هو موضح بالرسومات ويشمل السعر أي مواد أو أعمال يتطلبها إنهاء العمل حسب المواصفات والمخططات وتعليمات المهندس المشرف.Ref drawing: 07-MRA-DD-(as per floor number)-AR-605خزانة خشبية04-WDC   من خشب الـ ) Mdf (  مطلية بدهان رمادي على شكل وهيئة الاسطح الاسمنتية مع غروف ومفصلات ومقابض مخفية ، وارفف مفتوحة من قشرة الجوز ،واضاءة مخفية ، مثبتة على الجدار الخارجي حسب الرسومات والمناظير  وتعليمات المهندس المشرف.,م2,1200.0,297.0,0.0,42.42,42.42,50904.0,14.282828282828284,بنود المطالبات,209,CMH_01_SMART.xlsx,sheet بنود المطالبات,high,prev_progress in workbook is informational; platform will recompute server-side from approved claims (Migration 048).
CMH_01-C01,7,43,تصنيع وتركيب خزائن خشبية ويكون النمط والحجم كما هو موضح بالرسومات ويشمل السعر أي مواد أو أعمال يتطلبها إنهاء العمل حسب المواصفات والمخططات وتعليمات المهندس المشرف.Ref drawing: 07-MRA-DD-(as per floor number)-AR-605 خزانة خشبية05-WDC  من خشب الـ ) Mdf (  مع قشرة الوينغي الداكنة مع أرفف وإضاءة مخفية، أبواب الخزائن زجاجية   ribbed glass(مع إيطار خشبي وغروف ومفصلات ومقابض مخفية لمنطقة معالي الوزير حسب الرسومات والمناظير وتعليمات المهندس المشرف.,م2,1440.0,69.0,0.0,17.96,17.96,25862.4,26.02898550724638,بنود المطالبات,210,CMH_01_SMART.xlsx,sheet بنود المطالبات,high,prev_progress in workbook is informational; platform will recompute server-side from approved claims (Migration 048).
CMH_01-C01,7,45, توريد وتنفيذ طبقتين من غشاء عازل للمياه من الـبيتومين ثخانة 4 مم للأماكن الرطبة وحتى ارتفاع 10   سم على الجدران المحيطة ويشمل تحضير السطوح ومواد حشو الزوايا وطبقات الحماية جيوتكستايل الأفُقية والعمودية. ويشمل السعر أي مواد وأعمال مطلوبة لاستكمال العمل حسب المواصفات والمخططات.وتعليمات المهندس المشرف,م2,78.0,1345.0,263.15,225.69,488.84,17603.82,36.344981412639406,بنود المطالبات,211,CMH_01_SMART.xlsx,sheet بنود المطالبات,high,prev_progress in workbook is informational; platform will recompute server-side from approved claims (Migration 048).
CMH_01-C01,7,66,توريد وتركيب قواطع زجاجيه داخليه من زجاج  سيكوريت عازل للصوت ثخانة 12مم مركّبة على مقاطع من  الألمنيوم )لون اسود 9005RAL (  مثبتة  بالسقف والأرض بإرتفاع 2700مم .ويشمل العمل الاطار والقوائم  والتثبيت بتيوب حديد ابعاد 4*8 سم وسماكة 2ملم  والملصقات بأماكن محددة حسب التصميم ، وفواصل البوليكاربونيت الجاف بين الألواح الزجاجية وقطع الإكسسوار ومانع التسرب والمواد الأخُرى المطلوبة لاستكمال التركيب حسب المخططات وتعليمات االمهندس المشرف.,م²,900.0,4000.0,312.23,319.14,631.37,287226.0,15.78425,بنود المطالبات,212,CMH_01_SMART.xlsx,sheet بنود المطالبات,high,prev_progress in workbook is informational; platform will recompute server-side from approved claims (Migration 048).
CMH_01-C01,7,72,طبقة من اللياسة الأسمنتية فوق الأسطح الخرسانية والجدران الداخلية  بسمك متوسط 20 مم على طبقات  طرطشة بسمك 5 مم وضهارة 15 مم حسب المواصفات مع المعالجة اليومية  بالمياه لمنع التنميلات ويتم عمل افريز بين البلوك والخرسانة يملئ بمواد قابلة للدهان والسعر يشمل كامل الأكسسوارات اللازمة من شبك معدني ممدد وزوايا ونهايات معدنية  ومواد الترابط  وعمل تجاويف في طبقة اللياسة بعمق 10مم عرض 10مم  في الاعمدة  وفي الجدران ان وجدت حسب الرسومات والمناظير وتعليمات المهندس المشرف ذلك حسب الاصول الفنية وتعليمات المهندس المشرف. لياسة الجدران والأعمدة الداخلية  وتشمل جميع الإكسسوارات بإرتفاع 20 سم أعلي الأسقف الجبسيه لزوم الجدران الداخلية,م²,42.0,758.0,4196.424,360.0,4556.424,15120.0,601.111345646438,بنود المطالبات,213,CMH_01_SMART.xlsx,sheet بنود المطالبات,high,prev_progress in workbook is informational; platform will recompute server-side from approved claims (Migration 048).
CMH_01-C01,7,74,توريد وتركيب قاطع جداري ثخانة 100مم ذو الواح جبسية مقاومه للحريق  ثخانة 5.12مم تركب من الجهتين )طبقات مزدوجة( يشمل المسامير المعدنية و المزالج / الأعضاء المعدنية الساندة والسكك والغطاء العازل للصوت )صوف صخري( وكل الإكسسوارات حسب المخطط والمواصفات وتعليمات المهندس المشرف.,م²,180.0,12526.0,2619.1,485.0,3104.1,87300.0,24.781254989621587,بنود المطالبات,214,CMH_01_SMART.xlsx,sheet بنود المطالبات,high,prev_progress in workbook is informational; platform will recompute server-side from approved claims (Migration 048).
CMH_01-C01,7,75,توريد وتركيب أسقف معلقة من الالواح الجبسيه )01-GBC( ثخانة 12 مم المقاومة للحريق شاملة نظام التعليق وضبط الحواف والزوايا وأبواب لفتحات الكشف بالأسقف لأعمال الصيانة )أبواب جاهزة من النوع السهل الاستعمال والمزود بمفصلات مخفية( والإكسسوارات. ويشمل السعر أي مواد أو أعمال يتطلبها استكمال العمل حسب المواصفات والمخططات.,م²,150.0,24468.0,15.18007,2671.42,2686.60007,400713.0,10.980055868889979,بنود المطالبات,215,CMH_01_SMART.xlsx,sheet بنود المطالبات,high,prev_progress in workbook is informational; platform will recompute server-side from approved claims (Migration 048).
CMH_01-C01,7,76,توريد وتركيب أسقف معلقة من الالواح الجبسيه  )02-GBC( ثخانة 12 مم المقاومة للرطوبة شاملة نظام التعليق وضبط الحواف والزوايا وأبواب لفتحات الكشف بالأسقف لأعمال الصيانة )أبواب جاهزة من النوع السهل الاستعمال والمزود بمفصلات مخفية( واالإكسسوارات. ويشمل السعر أي مواد أو أعمال يتطلبها استكمال العمل حسب المواصفات والمخططات وتعليمات المهندس المشرف.,م²,150.0,1091.0,0.0,61.19,61.19,9178.5,5.608615948670944,بنود المطالبات,216,CMH_01_SMART.xlsx,sheet بنود المطالبات,high,prev_progress in workbook is informational; platform will recompute server-side from approved claims (Migration 048).
CMH_01-C01,7,77,600×600مم توريد وتركيب اسقف اصطناعية  والسعر يشمل نظام التعليق من الحديد المجفلن مع جميع الاكسسوارات وكل مايلزم حسب المواصفات والمخططات وتعليمات الشركة المصنعة .,م²,150.0,3323.0,0.0,961.63,961.63,144244.5,28.93860969003912,بنود المطالبات,217,CMH_01_SMART.xlsx,sheet بنود المطالبات,high,prev_progress in workbook is informational; platform will recompute server-side from approved claims (Migration 048).
CMH_01-C01,7,104,Ref drawing: 07-MRA-DD-(as per floor number)-AR-300 مقاس 500×500 مم  لون رمادي لمنطقة المرور CT-01بلاط - سجاد,م²,156.0,3600.0,1732.0,251.08,1983.08,39168.48,55.08555555555555,بنود المطالبات,218,CMH_01_SMART.xlsx,sheet بنود المطالبات,high,prev_progress in workbook is informational; platform will recompute server-side from approved claims (Migration 048).
CMH_01-C01,7,105,بلاط - سجاد 02-CT مقاس 500× 500 مم لون أزرق فاتح لمحطة العمل وغرفة الاجتماعات,م²,156.0,6705.0,2967.3,516.32,3483.6200000000003,80545.92000000001,51.95555555555556,بنود المطالبات,219,CMH_01_SMART.xlsx,sheet بنود المطالبات,high,prev_progress in workbook is informational; platform will recompute server-side from approved claims (Migration 048).
CMH_01-C01,7,106,Ref drawing: 07-MRA-DD-(as per floor number)-AR-300 مقاس 500×500 مم لون بيج لمكتب المدير CT-03بلاط - سجاد,م²,156.0,1213.0,616.47,81.96,698.4300000000001,12785.759999999998,57.578730420445176,بنود المطالبات,220,CMH_01_SMART.xlsx,sheet بنود المطالبات,high,prev_progress in workbook is informational; platform will recompute server-side from approved claims (Migration 048).
CMH_01-C01,7,110,بلاط - سجاد 01-CR مقاس 500×500 مم لمكتب الرئيس ونائب الرئيس والصالة والسكرتارية وغرفة الاجتماعات الكبيرة.,م²,156.0,2140.0,1019.55,158.32,1177.87,24697.92,55.040654205607474,بنود المطالبات,221,CMH_01_SMART.xlsx,sheet بنود المطالبات,high,prev_progress in workbook is informational; platform will recompute server-side from approved claims (Migration 048).
CMH_01-C01,7,111,بلاط - سجاد 02-CR مقاس 500×500 مم لمكتب الرئيس ونائب الرئيس على شكل مثلثات لون بيج، رمادي فاتح ورمادي غامق.,م²,156.0,303.0,133.73,23.78,157.51,3709.6800000000003,51.983498349834974,بنود المطالبات,222,CMH_01_SMART.xlsx,sheet بنود المطالبات,high,prev_progress in workbook is informational; platform will recompute server-side from approved claims (Migration 048).
CMH_01-C01,7,112,300-Ref drawing: 07-MRA-DD-(as per floor number)-ARبلاط - سجاد 03-CR مقاس 500×500 مم للمدير العام ومنطقة السكرتارية,م²,156.0,1550.0,874.79,118.09,992.88,18422.04,64.05677419354838,بنود المطالبات,223,CMH_01_SMART.xlsx,sheet بنود المطالبات,high,prev_progress in workbook is informational; platform will recompute server-side from approved claims (Migration 048).
CMH_01-C01,7,113,Ref drawing: 07-MRA-DD-(as per floor number)-AR-300 لمنطقة الصلاة CR-04 رولات السجاد,م²,156.0,129.0,62.57,11.68,74.25,1822.08,57.55813953488372,بنود المطالبات,224,CMH_01_SMART.xlsx,sheet بنود المطالبات,high,prev_progress in workbook is informational; platform will recompute server-side from approved claims (Migration 048).
CMH_01-C01,7,125,دهان بلون رمادي بيج على الألواح الجبسية والألواح الاسمنتية 100-WPF,م²,25.2,12700.0,1704.024,5.13,1709.154,129.27599999999998,13.457905511811024,بنود المطالبات,225,CMH_01_SMART.xlsx,sheet بنود المطالبات,high,prev_progress in workbook is informational; platform will recompute server-side from approved claims (Migration 048).
CMH_01-C01,7,128,.دهان بلون رمادي اسمنتي على الألواح الجبسية والألواح الاسمنتية 200-WPF,م²,30.0,2088.0,118.72,47.8647,166.5847,1435.941,7.978194444444445,بنود المطالبات,226,CMH_01_SMART.xlsx,sheet بنود المطالبات,high,prev_progress in workbook is informational; platform will recompute server-side from approved claims (Migration 048).
CMH_01-C01,7,176,للمواسير داخل المبنى من مواسير متعددة الطبقات بولي بروبلين كما هو موصف تشمل كافة القطع التركيبية )مثل القارنات من الحديد الصلب الغير قابل للصدأ والأكواع /المنحنيات والتفريعات والدعامات( والصمامات ومخمدات الصدمة ومنافس الهواء الآلية و المحابس  وكافة الاكسسوارات اللازمة، كما هو مبين في المخططات لتركيب مايلي من الأقطار الخارجية مع ربطه بالشبكة الحالية لاقرب نقطة و على المقاول تقديم المخططات التنفيذية و الحسابات الهيدروليكية و اعتمادها قبل البدا بالتنفيذ الاعمال من المهندس المشرف للاقطار  الداخلية قطر 20 مم,م.ط,66.0,532.0,569.99,290.35,860.34,19163.100000000002,161.71804511278197,بنود المطالبات,227,CMH_01_SMART.xlsx,sheet بنود المطالبات,high,prev_progress in workbook is informational; platform will recompute server-side from approved claims (Migration 048).
CMH_01-C01,7,177,للمواسير داخل المبنى من مواسير متعددة الطبقات بولي بروبلين كما هو موصف تشمل كافة القطع التركيبية )مثل القارنات من الحديد الصلب الغير قابل للصدأ والأكواع /المنحنيات والتفريعات والدعامات( والصمامات ومخمدات الصدمة ومنافس الهواء الآلية و المحابس  وكافة الاكسسوارات اللازمة، كما هو مبين في المخططات لتركيب مايلي من الأقطار الخارجية مع ربطه بالشبكة الحالية لاقرب نقطة و على المقاول تقديم المخططات التنفيذية و الحسابات الهيدروليكية و اعتمادها قبل البدا بالتنفيذ الاعمال من المهندس المشرف للاقطار  الداخلية قطر 25 مم,م.ط,70.8,221.0,64.97,142.17,207.14,10065.635999999999,93.72850678733032,بنود المطالبات,228,CMH_01_SMART.xlsx,sheet بنود المطالبات,high,prev_progress in workbook is informational; platform will recompute server-side from approved claims (Migration 048).
CMH_01-C01,7,178,للمواسير داخل المبنى من مواسير متعددة الطبقات بولي بروبلين كما هو موصف تشمل كافة القطع التركيبية )مثل القارنات من الحديد الصلب الغير قابل للصدأ والأكواع /المنحنيات والتفريعات والدعامات( والصمامات ومخمدات الصدمة ومنافس الهواء الآلية و المحابس  وكافة الاكسسوارات اللازمة، كما هو مبين في المخططات لتركيب مايلي من الأقطار الخارجية مع ربطه بالشبكة الحالية لاقرب نقطة و على المقاول تقديم المخططات التنفيذية و الحسابات الهيدروليكية و اعتمادها قبل البدا بالتنفيذ الاعمال من المهندس المشرف للاقطار  الداخلية :قطر 32مم,م.ط,102.0,207.0,119.84,8.55,128.39000000000001,872.1,62.02415458937198,بنود المطالبات,229,CMH_01_SMART.xlsx,sheet بنود المطالبات,high,prev_progress in workbook is informational; platform will recompute server-side from approved claims (Migration 048).
CMH_01-C01,7,179,للمواسير داخل المبنى من مواسير متعددة الطبقات بولي بروبلين كما هو موصف تشمل كافة القطع التركيبية )مثل القارنات من الحديد الصلب الغير قابل للصدأ والأكواع /المنحنيات والتفريعات والدعامات( والصمامات ومخمدات الصدمة ومنافس الهواء الآلية و المحابس  وكافة الاكسسوارات اللازمة، كما هو مبين في المخططات لتركيب مايلي من الأقطار الخارجية مع ربطه بالشبكة الحالية لاقرب نقطة و على المقاول تقديم المخططات التنفيذية و الحسابات الهيدروليكية و اعتمادها قبل البدا بالتنفيذ الاعمال من المهندس المشرف للاقطار  الداخلية :قطر 40 مم,م.ط,85.2,103.0,140.67000000000002,94.33,235.0,8036.916,228.15533980582524,بنود المطالبات,230,CMH_01_SMART.xlsx,sheet بنود المطالبات,high,prev_progress in workbook is informational; platform will recompute server-side from approved claims (Migration 048).
CMH_01-C01,7,180,للمواسير داخل المبنى من مواسير متعددة الطبقات بولي بروبلين كما هو موصف تشمل كافة القطع التركيبية )مثل القارنات من الحديد الصلب الغير قابل للصدأ والأكواع /المنحنيات والتفريعات والدعامات( والصمامات ومخمدات الصدمة ومنافس الهواء الآلية و المحابس  وكافة الاكسسوارات اللازمة، كما هو مبين في المخططات لتركيب مايلي من الأقطار الخارجية مع ربطه بالشبكة الحالية لاقرب نقطة و على المقاول تقديم المخططات التنفيذية و الحسابات الهيدروليكية و اعتمادها قبل البدا بالتنفيذ الاعمال من المهندس المشرف للاقطار  الداخلية:قطر 50 مم,م.ط,94.8,218.0,122.09,18.71,140.8,1773.708,64.58715596330276,بنود المطالبات,231,CMH_01_SMART.xlsx,sheet بنود المطالبات,high,prev_progress in workbook is informational; platform will recompute server-side from approved claims (Migration 048).
CMH_01-C01,7,181,مواسير المياه الساخنة مؤلفة من عدة طبقات )بولي بروبلين معزولة( كما هو موصف مع العزل وتشمل كافة القطع التركيبية )مثل القارنات من الحديد الصلب الغير قابل للصدأ والأكواع / المنحنيات والتفريعات والدعامات( والصمامات ومخمدات الصدمة وكافة الاكسسوارات و المحابس  اللازمة لإنجاز تركيب مايلي من الأقطار الخارجية مع ربطه بالشبكة الحالية لاقرب نقطة و على المقاول تقديم المخططات التنفيذية و الحسابات الهيدروليكية و اعتمادها قبل البدا بالتنفيذ الاعمال من المهندس المشرف للاقطار  الداخلية :قطر 20 مم,م.ط,70.8,150.0,303.63,180.07,483.7,12748.955999999998,322.4666666666667,بنود المطالبات,232,CMH_01_SMART.xlsx,sheet بنود المطالبات,high,prev_progress in workbook is informational; platform will recompute server-side from approved claims (Migration 048).
CMH_01-C01,7,182,مواسير المياه الساخنة مؤلفة من عدة طبقات )بولي بروبلين معزولة( كما هو موصف مع العزل وتشمل كافة القطع التركيبية )مثل القارنات من الحديد الصلب الغير قابل للصدأ والأكواع / المنحنيات والتفريعات والدعامات( والصمامات ومخمدات الصدمة وكافة الاكسسوارات و المحابس  اللازمة لإنجاز تركيب مايلي من الأقطار الخارجية مع ربطه بالشبكة الحالية لاقرب نقطة و على المقاول تقديم المخططات التنفيذية و الحسابات الهيدروليكية و اعتمادها قبل البدا بالتنفيذ الاعمال من المهندس المشرف للاقطار  الداخلية :قطر 25 مم,م.ط,75.6,100.0,31.5,23.6,55.1,1784.16,55.1,بنود المطالبات,233,CMH_01_SMART.xlsx,sheet بنود المطالبات,high,prev_progress in workbook is informational; platform will recompute server-side from approved claims (Migration 048).
CMH_01-C01,7,183,سخان مياه كهربائي فردي من الحديد المعزول بالزجاج من النوع الأفقي الذي يركب أعلى السقف المستعار يشمل كافة الإكسسوارات و التوصيلات و المحابس كما هو موصف وكما هو مبين في تفاصيل المشروع العامة وبالإستطاعات التالية:توريد و تركيب و اختبار سخان بسعة 30 لتر، وقدرة 2.1  كيلو وات، مرجع     1-EWH,عدد,672.0,77.0,0.0,29.0,29.0,19488.0,37.66233766233766,بنود المطالبات,234,CMH_01_SMART.xlsx,sheet بنود المطالبات,high,prev_progress in workbook is informational; platform will recompute server-side from approved claims (Migration 048).
CMH_01-C01,7,184,سخان مياه كهربائي فردي من الحديد المعزول بالزجاج من النوع الأفقي الذي يركب أعلى السقف المستعار يشمل كافة الإكسسوارات و التوصيلات و المحابس كما هو موصف وكما هو مبين في تفاصيل المشروع العامة وبالإستطاعات التالية:اعادة تركيب و اختبار السخان الحالي بسعة 100 ليتر   بعد الكشف و المعاينة و الفحص حسب تعليمات مهندس المشرف,عدد,816.0,24.0,0.0,7.0,7.0,5712.0,29.166666666666668,بنود المطالبات,235,CMH_01_SMART.xlsx,sheet بنود المطالبات,high,prev_progress in workbook is informational; platform will recompute server-side from approved claims (Migration 048).
CMH_01-C01,7,185,مواسير صرف وتهوية مصنوعة من 4UPVC class  ذات وصلات انضغاطية ومطاط كما هو موصف وتشمل التهوية من خلال السطح مع الغطاء و طبات التسليك، وكافة قطع التركيبات والعلاقات اللازمة لإستكمال تركيب مايلي من الأقطار الداخلية:قطر 50 مم,م.ط,75.6,426.0,713.89,26.91,740.8,2034.396,173.89671361502346,بنود المطالبات,236,CMH_01_SMART.xlsx,sheet بنود المطالبات,high,prev_progress in workbook is informational; platform will recompute server-side from approved claims (Migration 048).
CMH_01-C01,7,186,مواسير صرف وتهوية مصنوعة من 4UPVC class  ذات وصلات انضغاطية ومطاط كما هو موصف وتشمل التهوية من خلال السطح مع الغطاء و طبات التسليك، وكافة قطع التركيبات والعلاقات اللازمة لإستكمال تركيب مايلي من الأقطار الداخلية:قطر 75 مم,م.ط,91.2,934.0,377.91,17.19,395.1,1567.728,42.301927194860816,بنود المطالبات,237,CMH_01_SMART.xlsx,sheet بنود المطالبات,high,prev_progress in workbook is informational; platform will recompute server-side from approved claims (Migration 048).
CMH_01-C01,7,187,مواسير صرف وتهوية مصنوعة من 4UPVC class  ذات وصلات انضغاطية ومطاط كما هو موصف وتشمل التهوية من خلال السطح مع الغطاء و طبات التسليك، وكافة قطع التركيبات والعلاقات اللازمة لإستكمال تركيب مايلي من الأقطار الداخلية:قطر 110 مم,م.ط,102.0,961.0,1108.92,157.72,1266.64,16087.44,131.8043704474506,بنود المطالبات,238,CMH_01_SMART.xlsx,sheet بنود المطالبات,high,prev_progress in workbook is informational; platform will recompute server-side from approved claims (Migration 048).
CMH_01-C01,7,188,صفاية أرضية )FD(، من PVC مع مصفاة معدنية  مطلية بالكروم شاملة سيفون كما هو موصف بالمقاسات التالية:مخرج قطر 75 مم,عدد,300.0,161.0,0.0,37.0,37.0,11100.0,22.981366459627328,بنود المطالبات,239,CMH_01_SMART.xlsx,sheet بنود المطالبات,high,prev_progress in workbook is informational; platform will recompute server-side from approved claims (Migration 048).
CMH_01-C01,7,189,صفاية أرضية )FD(، من PVC مع مصفاة معدنية  مطلية بالكروم شاملة سيفون كما هو موصف بالمقاسات التالية:صفاية' طولية أرضية )SD(،مع مصفاة  معدنية مطلية بالكروم شاملة سيفون مخرج قطر 50 مم,عدد,300.0,20.0,0.0,3.0,3.0,900.0,15,بنود المطالبات,240,CMH_01_SMART.xlsx,sheet بنود المطالبات,high,prev_progress in workbook is informational; platform will recompute server-side from approved claims (Migration 048).
CMH_01-C01,7,193,الأدوات والتركيبات الصحية كما هو موصف وتشمل صمامات الزاوية والخلاطات و المصائد والوصلاتالمرنة و الانابيب القصيرة للتغذية والصرف والتهوية وكافة قطع الإكسسوار لإتمام تركيب ، علي ان تكونالاجهزة والتركيبات من النوع المرشد لاستهلاك المياه :حوض وجه يركب على الكاونتر )مرجع 3-LAV (,عدد,2220.0,92.0,0.0,4.0,4.0,8880.0,4.3478260869565215,بنود المطالبات,241,CMH_01_SMART.xlsx,sheet بنود المطالبات,high,prev_progress in workbook is informational; platform will recompute server-side from approved claims (Migration 048).
CMH_01-C01,7,197,الأدوات والتركيبات الصحية كما هو موصف وتشمل صمامات الزاوية والخلاطات و المصائد والوصلات المرنة و الانابيب القصيرة للتغذية والصرف والتهوية وكافة قطع الإكسسوار لإتمام تركيب ، علي ان تكون الاجهزة والتركيبات من النوع المرشد لاستهلاك المياه :مقبض رشاش مع الخرطوم وأداة التعليق، مرجع PS,عدد,180.0,191.0,0.0,26.0,26.0,4680.0,13.612565445026178,بنود المطالبات,242,CMH_01_SMART.xlsx,sheet بنود المطالبات,high,prev_progress in workbook is informational; platform will recompute server-side from approved claims (Migration 048).
CMH_01-C01,7,198,الأدوات والتركيبات الصحية كما هو موصف وتشمل صمامات الزاوية والخلاطات و المصائد والوصلات المرنة و الانابيب القصيرة للتغذية والصرف والتهوية وكافة قطع الإكسسوار لإتمام تركيب ، علي ان تكون الاجهزة والتركيبات من النوع المرشد لاستهلاك المياه :خلاط مياة  يركب على الحوض,عدد,1080.0,208.0,0.0,4.0,4.0,4320.0,1.9230769230769231,بنود المطالبات,243,CMH_01_SMART.xlsx,sheet بنود المطالبات,high,prev_progress in workbook is informational; platform will recompute server-side from approved claims (Migration 048).
CMH_01-C01,7,199, يشمل العمل كافة قطع التركيبات مثل الأكواع  والتيهات ، 40. schتوريد و تركيب انابيب فولاذية سوداء والوصلات والقارنات والنقاصات/المخفضات ومنافس الهواء الآلية وتكون الوصلات من نوع  فيكتوليك او ما يماثلها للأقطار 50 مم أو أكبر، و تكون الوصلات قلووظ للأقطار أقل من 50 مم، والبند يشمل  العلاقات والدعامات للمواسير و المحابس  و الصرف ان لزم والدهان  لكامل الشبكة كما يلزم لاتمام العمل. و بناء على توجيهات مهندس المشرف  ومتطلبات الدفاعNFPA  ويشمل البند جميع ما يلزم لاتمام الأعمال طبقا للمواصفات و طبقا لمتطلبات ال المدني من الكشف على الشبكة الحالية وفحصها كما هو موضح على المخططات و على المقاول تقديم:المخططات التنفيذية و اعتمادها قبل بدء بالتنفيذ من المهندس المشرف كما هو موصف للأقطار التالية 25 mm dia.,م.ط,108.0,3900.0,1683.1999999999998,514.26,2197.46,55540.08,56.345128205128205,بنود المطالبات,244,CMH_01_SMART.xlsx,sheet بنود المطالبات,high,prev_progress in workbook is informational; platform will recompute server-side from approved claims (Migration 048).
CMH_01-C01,7,215,توريد و تركيب و اختبار رشاشات آلية اوتوماتيكية كما هو موصف رشاشات من النوع المخفي، ذات فتحة 2/1 بوصة، ومعامل 5.6 =K   ودرجة حرارة تشغيل 68 درجة مئوية,عدد,90.0,1000.0,235.0,25.0,260.0,2250.0,26,بنود المطالبات,245,CMH_01_SMART.xlsx,sheet بنود المطالبات,high,prev_progress in workbook is informational; platform will recompute server-side from approved claims (Migration 048).
CMH_01-C01,7,216,توريد و تركيب و اختبار رشاشات آلية اوتوماتيكية كما هو موصف رشاشات عامودية، ذات فتحة 2/1 بوصة، ومعامل 5.6 =K   ودرجة حرارة تشغيل 68 درجة مئوية,عدد,90.0,508.0,0.0,92.0,92.0,8280.0,18.11023622047244,بنود المطالبات,246,CMH_01_SMART.xlsx,sheet بنود المطالبات,high,prev_progress in workbook is informational; platform will recompute server-side from approved claims (Migration 048).
CMH_01-C01,7,218,توريد و تركيب نظام  غازي200FM لغرف الكهرباء و السنترال و ما يتطلبه النظام من تعديلاتمعمارية على ان يتم تقديمها للاعتماد من قبل مهندس المشرف  ،  مرجع 3-FE,عدد,54000.0,36.0,0.0,4.0,4.0,216000.0,11.11111111111111,بنود المطالبات,247,CMH_01_SMART.xlsx,sheet بنود المطالبات,high,prev_progress in workbook is informational; platform will recompute server-side from approved claims (Migration 048).
CMH_01-C01,7,227,وحدات VAV من أعلى العلامات التجارية جودة )BYPASS TYPE( مع سخان كهربائي ، ترموستات إلكتروني رقمي للغرفة ، فليكس. توصيلات ، تثبيت ، دعم ، عازل اهتزاز مع كافة الملحقات المطلوبة حسب المواصفات والرسومات. 07-VAV ، اجمالي الهواء 0-2500 ) ق/د( استطاعة التخزين 7.3 )ك/و(,عدد,10800.0,24.0,1.0,6.0,7.0,64800.0,29.166666666666668,بنود المطالبات,248,CMH_01_SMART.xlsx,sheet بنود المطالبات,high,prev_progress in workbook is informational; platform will recompute server-side from approved claims (Migration 048).
CMH_01-C01,7,230,توريد و تصنيع و تركيب أعمال مجاري  من الصفائح المعدنية المجلفنه )90G( للهواء الداخل والراجع والهواء النقي وقناة السحب حسب المواصفات القياسية SMACNA وتشمل التيهات/القطعة التائية والكوع/المرفق والتفريعات والتحويلة والدعامة وحمالة التعليق. ويجب أخذ الطول على امتداد خط المركز فوق كل قطع التركيبات، ومن المفهوم بأن السعر الإفرادي لأعمال مجاري الهواء/الأقنية محمل عليه كل دعامات حامل التعليق ومخمّد الصوت والحريق وكل قطع الإكسسوار عزل الحراري )فايبرغلاس( ثخانة 25 مم وبكثافة 24 كغ/م3 مع مانع تبخر من الألمنيوم المقوّى حسب المخططات والمواصفات و حسب تعليمات مهندس المشرف.,م.ط,300.0,7000.0,3711.9,23.0,3734.9,6900.0,53.355714285714285,بنود المطالبات,249,CMH_01_SMART.xlsx,sheet بنود المطالبات,high,prev_progress in workbook is informational; platform will recompute server-side from approved claims (Migration 048).
CMH_01-C01,7,231,ناشرة هواء ذات فتحات طولية  للهواء الداخل مصنعة من الألمنيوم المشكل بالبثق ومطلية بمسحوق البولستركاملة، مخمدات صوت ذات أرياش متضادّة ،وصندوق حجمى معزول من الداخل بعازل صوتى وميكانيزم للتحكم فى الهواء من واجهة الناشر وكل قطع الأكسسوار حسب المواصفات والمخططات مع توفير عينات للاعتماد من مهندس المشرف. ثلاثة فتحات / ثقب 25مم عرض,م.ط,480.0,1925.0,82.02,54.9,136.92,26352.0,7.112727272727272,بنود المطالبات,250,CMH_01_SMART.xlsx,sheet بنود المطالبات,high,prev_progress in workbook is informational; platform will recompute server-side from approved claims (Migration 048).
CMH_01-C01,7,232,ناشرة هواء ذات فتحات طولية للهواء الراجع مصنعة من الألمنيوم المشكل بالبثق ومطلية بمسحوق البولستركاملة، وكل قطع الأكسسوار حسب المواصفات والمخططات مع توفير عينات للاعتماد من مهندس المشرف. ثلاثة فتحات / ثقب 25مم عرض,م.ط,480.0,1925.0,82.02,57.05,139.07,27384.0,7.224415584415585,بنود المطالبات,251,CMH_01_SMART.xlsx,sheet بنود المطالبات,high,prev_progress in workbook is informational; platform will recompute server-side from approved claims (Migration 048).
CMH_01-C01,7,233, جريلات تغذية من الالومينيوم مغطاة ببودرة البوليستر كاملة وجميع الملحقات حسب المخططات..والمواصفات مع توفير عينات للاعتماد من مهندس المشرف 600mm X 600mm,عدد,456.0,724.0,25.0,49.0,74.0,22344.0,10.220994475138122,بنود المطالبات,252,CMH_01_SMART.xlsx,sheet بنود المطالبات,high,prev_progress in workbook is informational; platform will recompute server-side from approved claims (Migration 048).
CMH_01-C01,7,234, جريلات رجوع من الالومينيوم مغطاة ببودرة البوليستر كاملة وجميع الملحقات حسب المخططات.والمواصفات مع توفير عينات للاعتماد من مهندس المشرف 600mm X 600mm,عدد,264.0,724.0,25.0,14.0,39.0,3696.0,5.386740331491713,بنود المطالبات,253,CMH_01_SMART.xlsx,sheet بنود المطالبات,high,prev_progress in workbook is informational; platform will recompute server-side from approved claims (Migration 048).
CMH_01-C01,7,235, جريلات لسحب الهواء من الالمونيوم مغطاة ببودرة البوليستر كاملة بجميع ملحقات التركيب وحسب.المخططات والمواصفات مع توفير عينات للاعتماد من مهندس المشرف 150mm X 150MM,عدد,210.0,102.0,0.0,41.0,41.0,8610.0,40.19607843137255,بنود المطالبات,254,CMH_01_SMART.xlsx,sheet بنود المطالبات,high,prev_progress in workbook is informational; platform will recompute server-side from approved claims (Migration 048).
CMH_01-C01,7,236,وصلات هواء مرنة مع الكلبسات المعدنية، والبراغي، والملحقات الضرورية. العزل يجب أن يكون بسماكة 25 مم وكثافة 16 كغ/م3 لناشرات الهواء الخطية ويجب ان يطابق كود الحريق NFPA 90A حسب المواصفات والمخططات مع توفير عينات للاعتماد من مهندس المشرف.Dia 150 mm,م.ط,45.6,240.0,0.0,39.6,39.6,1805.7600000000002,16.5,بنود المطالبات,255,CMH_01_SMART.xlsx,sheet بنود المطالبات,high,prev_progress in workbook is informational; platform will recompute server-side from approved claims (Migration 048).
CMH_01-C01,7,237,وصلات هواء مرنة مع الكلبسات المعدنية، والبراغي، والملحقات الضرورية. العزل يجب أن يكون بسماكة 25 مم وكثافة 16 كغ/م3 لناشرات الهواء الخطية ويجب ان يطابق كود الحريق NFPA 90A حسب المواصفات والمخططات مع توفير عينات للاعتماد من مهندس المشرف. Dia 200 mm,م.ط,54.0,2964.0,0.0,115.2,115.2,6220.8,3.8866396761133606,بنود المطالبات,256,CMH_01_SMART.xlsx,sheet بنود المطالبات,high,prev_progress in workbook is informational; platform will recompute server-side from approved claims (Migration 048).
CMH_01-C01,7,238,وصلات هواء مرنة مع الكلبسات المعدنية، والبراغي، والملحقات الضرورية. العزل يجب أن يكون بسماكة 25 مم وكثافة 16 كغ/م3 لناشرات الهواء الخطية ويجب ان يطابق كود الحريق NFPA 90A حسب المواصفات والمخططات مع توفير عينات للاعتماد من مهندس المشرف. Dia 250 mm,م.ط,66.0,60.0,0.0,82.8,82.8,5464.8,138,بنود المطالبات,257,CMH_01_SMART.xlsx,sheet بنود المطالبات,high,prev_progress in workbook is informational; platform will recompute server-side from approved claims (Migration 048).
CMH_01-C01,7,243,نظام إدارة المبنى BMS    تصميم وتوريد وتركيب نظام لإدارة المبنى أتوماتيكياً على أن يكون نظام التشغيل )OPEN PROTOCOL ( حسب توصيات الاستشارى المشرف وذلك للتحكم في تشغيل ومراقبة الانظمة الميكانيكية والكهربائية التالية :                                                  ـ التشلرات والمراوح ووحدات مناولة الهواء ووحدات ملف المروحة ومضخات المياه ووحدة ضخ الهواء وإنظمة الحريق والتحكم في الأنظمة والمعدات الميكانيكية بالمبنى - والتحكم في تشغيل ومتابعة حالة اللوحات الكهربائية الرئيسية والثانوية والمصاعد وكل الأنظمة التي يراها الاستشاري لأزمة مع الأخذ في الاعتبار قابلية التوسع في المباني المستقبلية .توريد وتركيب وتوصيل نظام إدارة المباني ) BMS ( لأنظمة HVAC ، وأنظمة السباكة ، ونظام الحريق ، والأنظمة الكهربائية والخدمات الخارجية ، كاملة بما في ذلك وحدات التحكم ونقاط التحكم والأسلاك والقنوات وصناديق السحب وصناديق التوصيل الثانوية وجميع عمليات التثبيت الضرورية مستلزمات؛ كل ما هو محدد ومفصل على الرسومات والموصوفة في المواصفات. والنظام يجب ان يتضمن البرامج واجهزة التحكم واجهزة المواقع ونقاط التحكم والاسلاك المتصلة بباقي الانظمة والمواسير وعلب السحب وعلب التوصيل الثانوية وجميع اكسسوارات ومتطلبات التركيبات الضرورية وهذه الاجهزة يجب ان يتم توصيلها مع جميع انظمة شبكة IP سواء من خلال تمكين اجهزة IP او من خلال بوابة IP او الموزع ويجب ان تشمل وحدات التحكم الطرفية التركيبات الضرورية والبرمجة والدمج عند اللزوم لتأسيس الاتصال والتعامل بين اجهزة التركيبات الالكتروميكانيكية وانظمة السلامة وانظمة الامن حسب اوامر ونظام التشغيل ووفقا لنظام وحسب تعليمات مهندس المشرف و يجب ان يتوافق النظام مع الانظمة الحالية للترشيد و المراقبة و يكون النظام لكامل المبني,عدد,2520000.0,1.0,0.2595,0.0705,0.33,177659.99999999997,33,بنود المطالبات,258,CMH_01_SMART.xlsx,sheet بنود المطالبات,high,prev_progress in workbook is informational; platform will recompute server-side from approved claims (Migration 048).
CMH_01-C01,7,248,توريد وتركيب مقابس طاقة مربوطة بأسلاك 4 مم2 كحد أدنى وتشمل الأجهزة و والأسلاك والمواسير والعلب ودعامات التثبيت ، من اللوحات الى نقاط المقابس وحسب المواصفات. على المقاول المعاينة و فحص الشبكة الحالية و الاستفادة من التمديدات الحالية و دمجها مع التركيبات الجديدة بعد عمل الاختبارات اللازمة و بعد الموافقة من مهندس المشرف .مقبس أحادي، مركب على الجدار، من النوع المؤرض، 15 أمبير، 230 فولت، طور واحد، قطبين، 3 أسلاك.,عدد,216.0,282.0,0.0,24.0,24.0,5184.0,8.51063829787234,بنود المطالبات,259,CMH_01_SMART.xlsx,sheet بنود المطالبات,high,prev_progress in workbook is informational; platform will recompute server-side from approved claims (Migration 048).
CMH_01-C01,7,249,توريد وتركيب مقابس طاقة مربوطة بأسلاك 4 مم2 كحد أدنى وتشمل الأجهزة و والأسلاك والمواسير والعلب ودعامات التثبيت ، من اللوحات الى نقاط المقابس وحسب المواصفات. على المقاول المعاينة و فحص الشبكة الحالية و الاستفادة من التمديدات الحالية و دمجها مع التركيبات الجديدة بعد عمل الاختبارات اللازمة و بعد الموافقة من مهندس المشرف . مقبس ثنائي سقفى، من النوع المؤرض، 15 أمبير، 230 فولت، طور واحد، قطبين، 3 أسلاك.,عدد,216.0,126.0,12.0,9.0,21.0,1944.0,16.666666666666664,بنود المطالبات,260,CMH_01_SMART.xlsx,sheet بنود المطالبات,high,prev_progress in workbook is informational; platform will recompute server-side from approved claims (Migration 048).
CMH_01-C01,7,253, توريد وتركيب واختبار وفحص نقاط قوى للمقابس الكهربائية المتعددة الاستخدام بأسلاك نحاسية معزولة وذات مقطع لا يقل عن 6 مم2  في مواسير ويشتمل على المقبس و الاسلاك و PVC بمادة البلاستيك العلب وأعمال التثبيت والدعائم وكل الملحقات من لوحة التوزيع حتى المخارج وفقا للمخططات.والمواصفات الفنية  على المقاول المعاينة و فحص الشبكة الحالية و الاستفادة من التمديدات الحالية و دمجها مع التركيبات. الجديدة بعد عمل الاختبارات اللازمة و بعد الموافقة من مهندس المشرفمخرج  ومؤرض 30 أمبير ، 230 فولت 3 أسلاك ، 1 فاز لمجفف الأيدي,عدد,264.0,72.0,0.0,6.0,6.0,1584.0,8.333333333333332,بنود المطالبات,261,CMH_01_SMART.xlsx,sheet بنود المطالبات,high,prev_progress in workbook is informational; platform will recompute server-side from approved claims (Migration 048).
CMH_01-C01,7,254,توريد وتركيب وإختبار وفحص علبة خدمة من نوعية ممتازة تحتوى على  ) أ ( مقابس تغذية أرضية مزدوجة ذات أسلاك 4 مم2 كحد أدنى مركبة على الأرض وتشمل أسلاك التأريض من اللوحة حتى المقابس + )ب( مآخذ للهاتف والبيانات ذات كابلات CAT 6A UTP وحتى كابينة الداتا  وحسب مواصفات إدارة الـ IT  بالوزارة. على المقاول المعاينة و فحص الشبكة الحالية و الاستفادة من التمديدات الحالية و دمجها مع التركيبات الجديدة بعد عمل الاختبارات اللازمة و بعد الموافقة من مهندس المشرف . النوع  )A(  )تحتوى على  4 قوى & 4 داتا (,عدد,2160.0,286.0,123.0,38.0,161.0,82080.0,56.29370629370629,بنود المطالبات,262,CMH_01_SMART.xlsx,sheet بنود المطالبات,high,prev_progress in workbook is informational; platform will recompute server-side from approved claims (Migration 048).
CMH_01-C01,7,255,توريد وتركيب وإختبار وفحص علبة خدمة من نوعية ممتازة تحتوى على  ) أ ( مقابس تغذية أرضية مزدوجة ذات أسلاك 4 مم2 كحد أدنى مركبة على الأرض وتشمل أسلاك التأريض من اللوحة حتى المقابس + )ب( مآخذ للهاتف والبيانات ذات كابلات CAT 6A UTP وحتى كابينة الداتا  وحسب مواصفات إدارة الـ IT  بالوزارة. على المقاول المعاينة و فحص الشبكة الحالية و الاستفادة من التمديدات الحالية و دمجها مع التركيبات الجديدة بعد عمل الاختبارات اللازمة و بعد الموافقة من مهندس المشرف . النوع )B(   )تحتوى على 2 قوى & 2 داتا (,عدد,1800.0,20.0,121.0,24.0,145.0,43200.0,725,بنود المطالبات,263,CMH_01_SMART.xlsx,sheet بنود المطالبات,high,prev_progress in workbook is informational; platform will recompute server-side from approved claims (Migration 048).
CMH_01-C01,7,262,توريد وتركيب وتوصيل وإختبار وفحص اجهزة الإنارة ويشمل اللمبات وأقواس التركيب وحبال التعليق وقطع الأكسسوار و ايضا نقاط الانارة متضمنة مواسير/أقنية قاسية عالية التحمل PVC  أوEMT وعلب ذات أسلاك لاتقل عن 0.4 مم2 لنقطة الإنارة وتوصيل أطراف أسلاك التأريض،وكل الأعمال المساعدة كما هو محدد وموضح في المخططات. على المقاول المعاينة و فحص الشبكة الحالية و الاستفادة من التمديدات الحالية و دمجها  علما بان البند يشمل جميع الوصلات و الاسلاك و الكابلات اللازمة لنهو العمل  بعد عمل الاختبارات اللازمة و بعد الموافقة من مهندس المشرف . Type A1,عدد,348.0,530.0,13.0,17.0,30.0,5916.0,5.660377358490567,بنود المطالبات,264,CMH_01_SMART.xlsx,sheet بنود المطالبات,high,prev_progress in workbook is informational; platform will recompute server-side from approved claims (Migration 048).
CMH_01-C01,7,263,توريد وتركيب وتوصيل وإختبار وفحص اجهزة الإنارة ويشمل اللمبات وأقواس التركيب وحبال التعليق وقطع الأكسسوار و ايضا نقاط الانارة متضمنة مواسير/أقنية قاسية عالية التحمل PVC  أوEMT وعلب ذات أسلاك لاتقل عن 0.4 مم2 لنقطة الإنارة وتوصيل أطراف أسلاك التأريض،وكل الأعمال المساعدة كما هو محدد وموضح في المخططات. على المقاول المعاينة و فحص الشبكة الحالية و الاستفادة من التمديدات الحالية و دمجها  علما بان البند يشمل جميع الوصلات و الاسلاك و الكابلات اللازمة لنهو العمل  بعد عمل الاختبارات اللازمة و بعد الموافقة من مهندس المشرف . Type A1E,عدد,660.0,241.0,6.0,19.0,25.0,12540.0,10.37344398340249,بنود المطالبات,265,CMH_01_SMART.xlsx,sheet بنود المطالبات,high,prev_progress in workbook is informational; platform will recompute server-side from approved claims (Migration 048).
CMH_01-C01,7,272,توريد وتركيب وتوصيل وإختبار وفحص اجهزة الإنارة ويشمل اللمبات وأقواس التركيب وحبال التعليق وقطع الأكسسوار و ايضا نقاط الانارة متضمنة مواسير/أقنية قاسية عالية التحمل PVC  أوEMT وعلب ذات أسلاك لاتقل عن 0.4 مم2 لنقطة الإنارة وتوصيل أطراف أسلاك التأريض،وكل الأعمال المساعدة كما هو محدد وموضح في المخططات. على المقاول المعاينة و فحص الشبكة الحالية و الاستفادة من التمديدات الحالية و دمجها  علما بان البند يشمل جميع الوصلات و الاسلاك و الكابلات اللازمة لنهو العمل  بعد عمل الاختبارات اللازمة و بعد الموافقة من مهندس المشرف .Type B1,عدد,720.0,343.0,13.0,4.0,17.0,2880.0,4.956268221574344,بنود المطالبات,266,CMH_01_SMART.xlsx,sheet بنود المطالبات,high,prev_progress in workbook is informational; platform will recompute server-side from approved claims (Migration 048).
CMH_01-C01,7,274,توريد وتركيب وتوصيل وإختبار وفحص اجهزة الإنارة ويشمل اللمبات وأقواس التركيب وحبال التعليق وقطع الأكسسوار و ايضا نقاط الانارة متضمنة مواسير/أقنية قاسية عالية التحمل PVC  أوEMT وعلب ذات أسلاك لاتقل عن 0.4 مم2 لنقطة الإنارة وتوصيل أطراف أسلاك التأريض،وكل الأعمال المساعدة كما هو محدد وموضح في المخططات.على المقاول المعاينة و فحص الشبكة الحالية و الاستفادة من التمديدات الحالية و دمجها  علما بان البند يشمل جميع الوصلات و الاسلاك و الكابلات اللازمة لنهو العمل  بعد عمل الاختبارات اللازمة و بعد الموافقة من مهندس المشرف .Type C1,عدد,1128.0,172.0,13.0,4.0,17.0,4512.0,9.883720930232558,بنود المطالبات,267,CMH_01_SMART.xlsx,sheet بنود المطالبات,high,prev_progress in workbook is informational; platform will recompute server-side from approved claims (Migration 048).
CMH_01-C01,7,276,توريد وتركيب وتوصيل وإختبار وفحص اجهزة الإنارة ويشمل اللمبات وأقواس التركيب وحبال التعليق وقطع الأكسسوار و ايضا نقاط الانارة متضمنة مواسير/أقنية قاسية عالية التحمل PVC  أوEMT وعلب ذات أسلاك لاتقل عن 0.4 مم2 لنقطة الإنارة وتوصيل أطراف أسلاك التأريض،وكل الأعمال المساعدة كما هو محدد وموضح في المخططات. على المقاول المعاينة و فحص الشبكة الحالية و الاستفادة من التمديدات الحالية و دمجها  علما بان البند يشمل جميع الوصلات و الاسلاك و الكابلات اللازمة لنهو العمل  بعد عمل الاختبارات اللازمة و بعد الموافقة من مهندس المشرف .Type C3,عدد,444.0,1062.0,123.0,46.0,169.0,20424.0,15.913370998116761,بنود المطالبات,268,CMH_01_SMART.xlsx,sheet بنود المطالبات,high,prev_progress in workbook is informational; platform will recompute server-side from approved claims (Migration 048).
CMH_01-C01,7,277,توريد وتركيب وتوصيل وإختبار وفحص اجهزة الإنارة ويشمل اللمبات وأقواس التركيب وحبال التعليق وقطع الأكسسوار و ايضا نقاط الانارة متضمنة مواسير/أقنية قاسية عالية التحمل PVC  أوEMT وعلب ذات أسلاك لاتقل عن 0.4 مم2 لنقطة الإنارة وتوصيل أطراف أسلاك التأريض،وكل الأعمال المساعدة كما هو محدد وموضح في المخططات. على المقاول المعاينة و فحص الشبكة الحالية و الاستفادة من التمديدات الحالية و دمجها  علما بان البند يشمل جميع الوصلات و الاسلاك و الكابلات اللازمة لنهو العمل  بعد عمل الاختبارات اللازمة و بعد الموافقة من مهندس المشرف .Type C4,عدد,300.0,284.0,28.0,5.0,33.0,1500.0,11.619718309859154,بنود المطالبات,269,CMH_01_SMART.xlsx,sheet بنود المطالبات,high,prev_progress in workbook is informational; platform will recompute server-side from approved claims (Migration 048).
CMH_01-C01,7,278,توريد وتركيب وتوصيل وإختبار وفحص اجهزة الإنارة ويشمل اللمبات وأقواس التركيب وحبال التعليق وقطع الأكسسوار و ايضا نقاط الانارة متضمنة مواسير/أقنية قاسية عالية التحمل PVC  أوEMT وعلب ذات أسلاك لاتقل عن 0.4 مم2 لنقطة الإنارة وتوصيل أطراف أسلاك التأريض،وكل الأعمال المساعدة كما هو محدد وموضح في المخططات. على المقاول المعاينة و فحص الشبكة الحالية و الاستفادة من التمديدات الحالية و دمجها  علما بان البند يشمل جميع الوصلات و الاسلاك و الكابلات اللازمة لنهو العمل  بعد عمل الاختبارات اللازمة و بعد الموافقة من مهندس المشرف .Type C5,عدد,438.0,149.0,18.0,2.0,20.0,876.0,13.422818791946309,بنود المطالبات,270,CMH_01_SMART.xlsx,sheet بنود المطالبات,high,prev_progress in workbook is informational; platform will recompute server-side from approved claims (Migration 048).
CMH_01-C01,7,279,توريد وتركيب وتوصيل وإختبار وفحص اجهزة الإنارة ويشمل اللمبات وأقواس التركيب وحبال التعليق وقطع الأكسسوار و ايضا نقاط الانارة متضمنة مواسير/أقنية قاسية عالية التحمل PVC  أوEMT وعلب ذات أسلاك لاتقل عن 0.4 مم2 لنقطة الإنارة وتوصيل أطراف أسلاك التأريض،وكل الأعمال المساعدة كما هو محدد وموضح في المخططات.على المقاول المعاينة و فحص الشبكة الحالية و الاستفادة من التمديدات الحالية و دمجها  علما بان البند يشمل جميع الوصلات و الاسلاك و الكابلات اللازمة لنهو العمل  بعد عمل الاختبارات اللازمة و بعد الموافقة من مهندس المشرف .Type C6,عدد,288.0,158.0,25.0,11.0,36.0,3168.0,22.78481012658228,بنود المطالبات,271,CMH_01_SMART.xlsx,sheet بنود المطالبات,high,prev_progress in workbook is informational; platform will recompute server-side from approved claims (Migration 048).
CMH_01-C01,7,281,توريد وتركيب وتوصيل وإختبار وفحص اجهزة الإنارة ويشمل اللمبات وأقواس التركيب وحبال التعليق وقطع الأكسسوار و ايضا نقاط الانارة متضمنة مواسير/أقنية قاسية عالية التحمل PVC  أوEMT وعلب ذات أسلاك لاتقل عن 0.4 مم2 لنقطة الإنارة وتوصيل أطراف أسلاك التأريض،وكل الأعمال المساعدة كما هو محدد وموضح في المخططات. على المقاول المعاينة و فحص الشبكة الحالية و الاستفادة من التمديدات الحالية و دمجها  علما بان البند يشمل جميع الوصلات و الاسلاك و الكابلات اللازمة لنهو العمل  بعد عمل الاختبارات اللازمة و بعد الموافقة من مهندس المشرف . Type D1,عدد,936.0,56.0,6.0,4.0,10.0,3744.0,17.857142857142858,بنود المطالبات,272,CMH_01_SMART.xlsx,sheet بنود المطالبات,high,prev_progress in workbook is informational; platform will recompute server-side from approved claims (Migration 048).
CMH_01-C01,7,286,توريد وتركيب وتوصيل وإختبار وفحص اجهزة الإنارة ويشمل اللمبات وأقواس التركيب وحبال التعليق وقطع الأكسسوار و ايضا نقاط الانارة متضمنة مواسير/أقنية قاسية عالية التحمل PVC  أوEMT وعلب ذات أسلاك لاتقل عن 0.4 مم2 لنقطة الإنارة وتوصيل أطراف أسلاك التأريض،وكل الأعمال المساعدة كما هو محدد وموضح في المخططات. على المقاول المعاينة و فحص الشبكة الحالية و الاستفادة من التمديدات الحالية و دمجها  علما بان البند يشمل جميع الوصلات و الاسلاك و الكابلات اللازمة لنهو العمل  بعد عمل الاختبارات اللازمة و بعد الموافقة من مهندس المشرف . Type E2,عدد,504.0,186.0,29.0,19.0,48.0,9576.0,25.806451612903224,بنود المطالبات,273,CMH_01_SMART.xlsx,sheet بنود المطالبات,high,prev_progress in workbook is informational; platform will recompute server-side from approved claims (Migration 048).
CMH_01-C01,7,289,توريد وتركيب وتوصيل وإختبار وفحص اجهزة الإنارة ويشمل اللمبات وأقواس التركيب وحبال التعليق وقطع الأكسسوار و ايضا نقاط الانارة متضمنة مواسير/أقنية قاسية عالية التحمل PVC  أوEMT وعلب ذات أسلاك لاتقل عن 0.4 مم2 لنقطة الإنارة وتوصيل أطراف أسلاك التأريض،وكل الأعمال المساعدة كما هو محدد وموضح في المخططات. على المقاول المعاينة و فحص الشبكة الحالية و الاستفادة من التمديدات الحالية و دمجها  علما بان البند يشمل جميع الوصلات و الاسلاك و الكابلات اللازمة لنهو العمل  بعد عمل الاختبارات اللازمة و بعد الموافقة من مهندس المشرف . Type LB2,عدد,13800.0,14.0,0.0,4.0,4.0,55200.0,28.57142857142857,بنود المطالبات,274,CMH_01_SMART.xlsx,sheet بنود المطالبات,high,prev_progress in workbook is informational; platform will recompute server-side from approved claims (Migration 048).
CMH_01-C01,7,290,توريد وتركيب وتوصيل وإختبار وفحص اجهزة الإنارة ويشمل اللمبات وأقواس التركيب وحبال التعليق وقطع الأكسسوار و ايضا نقاط الانارة متضمنة مواسير/أقنية قاسية عالية التحمل PVC  أوEMT وعلب ذات أسلاك لاتقل عن 0.4 مم2 لنقطة الإنارة وتوصيل أطراف أسلاك التأريض،وكل الأعمال المساعدة كما هو محدد وموضح في المخططات. على المقاول المعاينة و فحص الشبكة الحالية و الاستفادة من التمديدات الحالية و دمجها  علما بان البند يشمل جميع الوصلات و الاسلاك و الكابلات اللازمة لنهو العمل  بعد عمل الاختبارات اللازمة و بعد الموافقة من مهندس المشرف . Type LB3,عدد,900.0,237.0,0.0,18.0,18.0,16200.0,7.59493670886076,بنود المطالبات,275,CMH_01_SMART.xlsx,sheet بنود المطالبات,high,prev_progress in workbook is informational; platform will recompute server-side from approved claims (Migration 048).
CMH_01-C01,7,291,توريد وتركيب وتوصيل وإختبار وفحص اجهزة الإنارة ويشمل اللمبات وأقواس التركيب وحبال التعليق وقطع الأكسسوار و ايضا نقاط الانارة متضمنة مواسير/أقنية قاسية عالية التحمل PVC  أوEMT وعلب ذات أسلاك لاتقل عن 0.4 مم2 لنقطة الإنارة وتوصيل أطراف أسلاك التأريض،وكل الأعمال المساعدة كما هو محدد وموضح في المخططات. على المقاول المعاينة و فحص الشبكة الحالية و الاستفادة من التمديدات الحالية و دمجها  علما بان البند يشمل جميع الوصلات و الاسلاك و الكابلات اللازمة لنهو العمل  بعد عمل الاختبارات اللازمة و بعد الموافقة من مهندس المشرف .Type LB4,عدد,1104.0,132.0,10.0,8.0,18.0,8832.0,13.636363636363635,بنود المطالبات,276,CMH_01_SMART.xlsx,sheet بنود المطالبات,high,prev_progress in workbook is informational; platform will recompute server-side from approved claims (Migration 048).
CMH_01-C01,7,295,توريد وتركيب وتوصيل وإختبار وفحص اجهزة الإنارة ويشمل اللمبات وأقواس التركيب وحبال التعليق وقطع الأكسسوار و ايضا نقاط الانارة متضمنة مواسير/أقنية قاسية عالية التحمل PVC  أوEMT وعلب ذات أسلاك لاتقل عن 0.4 مم2 لنقطة الإنارة وتوصيل أطراف أسلاك التأريض،وكل الأعمال المساعدة كما هو محدد وموضح في المخططات. على المقاول المعاينة و فحص الشبكة الحالية و الاستفادة من التمديدات الحالية و دمجها  علما بان البند يشمل جميع الوصلات و الاسلاك و الكابلات اللازمة لنهو العمل  بعد عمل الاختبارات اللازمة و بعد الموافقة من مهندس المشرف .Type ES-1,عدد,360.0,430.0,28.0,21.0,49.0,7560.0,11.395348837209303,بنود المطالبات,277,CMH_01_SMART.xlsx,sheet بنود المطالبات,high,prev_progress in workbook is informational; platform will recompute server-side from approved claims (Migration 048).
CMH_01-C01,7,306,توريد وتركيب وتوصيل واختبار مفاتيح التحكم بالإنارة / أزرار كبس 10 أمبير، 230 فولت، وتشمل كل المواسير معزولة ب  PVC وأسلاك نحاس  0.4 مم2 حتى وحدات الانارة حسب الموضح على المخططات وحسب المواصفات. على المقاول المعاينة و فحص الشبكة الحالية و الاستفادة من التمديدات الحالية و دمجها مع التركيبات الجديدة بعد عمل الاختبارات اللازمة و بعد الموافقة من مهندس المشرف .مفتاح ثنائي ، ثنائي الكباّس، 10 أمبير,عدد,216.0,66.0,6.0,1.0,7.0,216.0,10.606060606060606,بنود المطالبات,278,CMH_01_SMART.xlsx,sheet بنود المطالبات,high,prev_progress in workbook is informational; platform will recompute server-side from approved claims (Migration 048).
CMH_01-C01,7,309, كاشف انذار دخان من النوع المعنون طبقا للمخططات  ومواصفات المشروع,عدد,276.0,715.0,68.0,6.0,74.0,1656.0,10.34965034965035,بنود المطالبات,279,CMH_01_SMART.xlsx,sheet بنود المطالبات,high,prev_progress in workbook is informational; platform will recompute server-side from approved claims (Migration 048).
CMH_01-C01,7,311, وحدة إنذار حريق يدوية من النوع المعنون طبقا للمخططات  ومواصفات المشروع,عدد,384.0,54.0,2.0,1.0,3.0,384.0,5.555555555555555,بنود المطالبات,280,CMH_01_SMART.xlsx,sheet بنود المطالبات,high,prev_progress in workbook is informational; platform will recompute server-side from approved claims (Migration 048).
CMH_01-C01,7,313,وحدة تحكم  )Control module( من النوع المعنون طبقا للمخططات  ومواصفات المشروع,عدد,420.0,69.0,0.0,10.0,10.0,4200.0,14.492753623188406,بنود المطالبات,281,CMH_01_SMART.xlsx,sheet بنود المطالبات,high,prev_progress in workbook is informational; platform will recompute server-side from approved claims (Migration 048).
CMH_01-C01,7,314,وحدة جرس إنذار حريق داخلى طبقا للمخططات  ومواصفات المشروع,عدد,576.0,24.0,2.0,1.0,3.0,576.0,12.5,بنود المطالبات,282,CMH_01_SMART.xlsx,sheet بنود المطالبات,high,prev_progress in workbook is informational; platform will recompute server-side from approved claims (Migration 048).
CMH_01-C01,7,316,وحدات لاسلكية لتوفير خدمة شبكة المعلومات )Wireless Access Points(,عدد,1080.0,181.0,16.0,8.0,24.0,8640.0,13.259668508287293,بنود المطالبات,283,CMH_01_SMART.xlsx,sheet بنود المطالبات,high,prev_progress in workbook is informational; platform will recompute server-side from approved claims (Migration 048).
CMH_01-C01,7,317,عن طريق مقاول متخصص ذو خبرة كبيرة في هذا المجال ويقدم للاعتماد من إدارة الـ IT بالوزارة و يربط النظام مع الانظمة المعنية بالتحكم و الموازنة و يشمل البند جميع الوصلات و الكابلات و غيرها من المتطلبات الخاصة بنهو النظام كاملا توريد وتركيب واختبارنقاط كاميرا مراقبة داخلية سقفية و جميع ما يلزم من توصيلات و تركيبات و خلافة  لنهو النظام .,عدد,2640.0,258.0,27.0,17.0,44.0,44880.0,17.05426356589147,بنود المطالبات,284,CMH_01_SMART.xlsx,sheet بنود المطالبات,high,prev_progress in workbook is informational; platform will recompute server-side from approved claims (Migration 048).
CMH_01-C01,7,324,"توريد وتركيب وإختبار نظام النداء الصوتي العام يتضمن كافة الكابالت و المواسير و العلب و النهايات مع كامل اكسسوارات التركيب الالزمة وتشغيل تجهيزات الصوت و تركيب المعدات الرئيسية بغرفة التحكم حسب المخططات و المواصفات وتعليمات الشركة المصنعة مشتمال على كل ما يلزم التمام العمل
و ربطه مع نظام الحريق و ادارة المبنى و يتكون من االتي -:
سماعة سقفية 6 وات
",عدد,420.0,252.0,20.0,14.0,34.0,5880.0,13.492063492063492,بنود المطالبات,285,CMH_01_SMART.xlsx,sheet بنود المطالبات,high,prev_progress in workbook is informational; platform will recompute server-side from approved claims (Migration 048).
CMH_01-C01,7,330,"خزانة تجهيزات 42 U مقاس 2000×1000×800 ملم من أجود األنواع العالمية مع جميع االكسسوارات الالزمة من قاطع رئيسي 32( أمبير) وموزعات و مراوح و منظمات مسير الكوابل و كل
ما يلزم التمام العمل وحسب مواصفات وتعليمات إدارة الـ IT بالوزارة.",عدد,66000.0,12.0,4.0,1.0,5.0,66000.0,41.66666666666667,بنود المطالبات,286,CMH_01_SMART.xlsx,sheet بنود المطالبات,high,prev_progress in workbook is informational; platform will recompute server-side from approved claims (Migration 048).
CMH_01-C01,8,5,صبة أسمنتية كطبقة حماية للعزل في الأماكن الرطبة. ويشمل السعر وأي مواد أو أعمال يتطلبها تنفيذ العمل حسب المواصفات والمخططات وتعليمات المهندس المشرف.,م3,366.0,1345.0,158.82999999999998,4.65,163.48,1701.9,12.154646840148699,بنود المطالبات,287,CMH_01_SMART.xlsx,sheet بنود المطالبات,high,prev_progress in workbook is informational; platform will recompute server-side from approved claims (Migration 048).
CMH_01-C01,8,6,توريد وبناء مباني من البلوك  مقاوم للحريق شاملا المونة والفواصل وأربطة التثبيت والتسليح الرأسي وعتبات جميع الفتحات وعزل الجدران المزدوجة المفرّغة والمكملات ويتم توريد البلوك بالموقع على قواعد خشبية مغطاه بالبلاستيك ويستمر على هذه الحالة حتى يبدأ استخدامه للبناء على أن يكون ذو ابعاد بطول 40سم وسماكة حسب المطلوب وارتفاع 20سم وان تكون صلد سليم نظيف وذو زوايا خارجية قائمة يستعمل لبناء الحوائط حسب ما هو موضح بالمخططات مع التكحيل ويكون  مطابق للمواصفات حسب النوعيه المطلوبة والسعر يشمل كل مايلزم للبناء من البلوك الكامل والقطع الخاصة سواء 5.0 أو 25.0 ، كذلك القطع الخاصة بتمديد المواسير بحيث لا يتم تكسير البلوك أثناء الاستخدام للبناء على الأطلاق ، بالإضافة إلى كافة المواد والاكسسوارات والسقايل واستعمال الشبك الممدد والتسليح بواسطة خوابير معدنية والمرابط المعدنية ويشمل السعر أي مواد أو أعمال يتطلبها استكمال العمل حسب المواصفات  القسم Ref drawing: 07-MRA-DD-(as per floor number) وتعليمات المهندس المشرف 04200Ar-100,م2,150.0,450.0,2267.42,35.5,2302.92,5325.0,511.76000000000005,بنود المطالبات,288,CMH_01_SMART.xlsx,sheet بنود المطالبات,high,prev_progress in workbook is informational; platform will recompute server-side from approved claims (Migration 048).
CMH_01-C01,8,26,تصنيع وتركيب كسوة من الخشب للجدران ويكون النمط والحجم كما هو موضح بالرسومات ويشمل السعر أي مواد أو أعمال يتطلبها إنهاء العمل حسب المواصفات والمخططات وتعليمات المهندس المشرف. Ref drawing: 07-MRA-DD-(as per floor number)-AR-600 to 07-MRA-DD-(as  per floor number)-AR-604كسوة من خشب الـ)Mdf(  ، مثبتة على العامود الخرساني بدهان رمادي على شكل وهيئة الأسطح الاسمنتية )matt( بتصميم مع غروف حسب الرسومات والمناظير وتعليمات المهندس المشرف.Code: WDP3-04,م2,528.0,345.0,92.27,5.29,97.56,2793.12,28.27826086956522,بنود المطالبات,289,CMH_01_SMART.xlsx,sheet بنود المطالبات,high,prev_progress in workbook is informational; platform will recompute server-side from approved claims (Migration 048).
CMH_01-C01,8,30,"تصنيع وتركيب كسوة من الخشب للجدران ويكون النمط والحجم كما هو موضح بالرسومات ويشمل السعر أي مواد أو أعمال يتطلبها إنهاء العمل حسب المواصفات والمخططات وتعليمات المهندس المشرف. Ref drawing: 07-MRA-DD-(as per floor number)-AR-600 to 07-MRA-DD-(as  per floor number)-AR-604كسوة من خشب الـ) Mdf(  ، مع قشرة السنديان المطلي بدهان ابيض  مع غروف وفتحات إضاءة مخفية مغلفة من الداخل بطبقة Acrylic مغشى  حسب الرسومات والمناظير وتعليمات المهندس المشرف.Code: WDP1-03, WDP1-04, WDP1-05, WDP1-06",م2,570.0,456.0,89.4,11.92,101.32000000000001,6794.4,22.219298245614034,بنود المطالبات,290,CMH_01_SMART.xlsx,sheet بنود المطالبات,high,prev_progress in workbook is informational; platform will recompute server-side from approved claims (Migration 048).
CMH_01-C01,8,39,تصنيع وتركيب كسوة من الخشب للاسقف ويكون النمط والحجم كما هو موضح بالرسومات ويشمل السعر أي مواد أو أعمال يتطلبها إنهاء العمل حسب المواصفات والمخططات وتعليمات المهندس المشرف.Ref drawing: 07-MRA-DD-(as per floor number)-AR-200سطح خشبي03-WDC من من خشب الـ)Mdf( على شكل مربعات بسماكة تصميم  5سم، وفتحات على شكل مثلث مع اضاءة مخفية مغلفة من الاعلى بطبقة Acrylic شفاف مغشى سماكة 4مم مثبتة بنظام تعليق متصلة بالسقف الخرساني حسب الرسومات والمناظير وتعليمات المهندس المشرف.Code: WDC-03,م2,780.0,64.0,0.0,14.68,14.68,11450.4,22.9375,بنود المطالبات,291,CMH_01_SMART.xlsx,sheet بنود المطالبات,high,prev_progress in workbook is informational; platform will recompute server-side from approved claims (Migration 048).
CMH_01-C01,8,42,تصنيع وتركيب خزائن خشبية ويكون النمط والحجم كما هو موضح بالرسومات ويشمل السعر أي مواد أو أعمال يتطلبها إنهاء العمل حسب المواصفات والمخططات وتعليمات المهندس المشرف.Ref drawing: 07-MRA-DD-(as per floor number)-AR-605خزانة خشبية04-WDC   من خشب الـ ) Mdf (  مطلية بدهان رمادي على شكل وهيئة الاسطح الاسمنتية مع غروف ومفصلات ومقابض مخفية ، وارفف مفتوحة من قشرة الجوز ،واضاءة مخفية ، مثبتة على الجدار الخارجي حسب الرسومات والمناظير  وتعليمات المهندس المشرف.,م2,1200.0,297.0,42.42,3.34,45.760000000000005,4008.0,15.407407407407408,بنود المطالبات,292,CMH_01_SMART.xlsx,sheet بنود المطالبات,high,prev_progress in workbook is informational; platform will recompute server-side from approved claims (Migration 048).
CMH_01-C01,8,45, توريد وتنفيذ طبقتين من غشاء عازل للمياه من الـبيتومين ثخانة 4 مم للأماكن الرطبة وحتى ارتفاع 10   سم على الجدران المحيطة ويشمل تحضير السطوح ومواد حشو الزوايا وطبقات الحماية جيوتكستايل الأفُقية والعمودية. ويشمل السعر أي مواد وأعمال مطلوبة لاستكمال العمل حسب المواصفات والمخططات.وتعليمات المهندس المشرف,م2,78.0,1345.0,488.84,48.9,537.74,3814.2,39.98066914498141,بنود المطالبات,293,CMH_01_SMART.xlsx,sheet بنود المطالبات,high,prev_progress in workbook is informational; platform will recompute server-side from approved claims (Migration 048).
CMH_01-C01,8,46,توريد وتركيب باب زجاجي من نوع سيكوريت بسمك 12مم ويشمل السعر التثبيت والاطار من الالمنيوم الأسود المطلي بدهان بودرة بالفرن والخردوات وماكينة دفاش للإغلاق الذاتي مع ملصقات بحسب التصميم. ويشمل السعر أي مواد أو أعمال يتطلبها استكمال العمل حسب المواصفات والمخططات وتعليمات االمهندس المشرف.Ref drawing: 07-MRA-DD-(as per floor number)-AR-801 بعرض 1000 مم وارتفاع 2700 مم  GD01باب ضلفة واحدة  نموذج,عدد,2580.0,238.0,12.0,42.0,54.0,108360.0,22.689075630252102,بنود المطالبات,294,CMH_01_SMART.xlsx,sheet بنود المطالبات,high,prev_progress in workbook is informational; platform will recompute server-side from approved claims (Migration 048).
CMH_01-C01,8,47,توريد وتركيب باب زجاجي من نوع سيكوريت بسمك 12مم ويشمل السعر التثبيت والاطار من الالمنيوم الأسود المطلي بدهان بودرة بالفرن والخردوات وماكينة دفاش للإغلاق الذاتي مع ملصقات بحسب التصميم. ويشمل السعر أي مواد أو أعمال يتطلبها استكمال العمل حسب المواصفات والمخططات وتعليمات االمهندس المشرف. Ref drawing: 07-MRA-DD-(as per floor number)-AR-801   بعرض 1800 مم وارتفاع 2600 مم  GD02باب ضلفتين  نموذج ,عدد,4020.0,37.0,2.0,8.0,10.0,32160.0,27.027027027027028,بنود المطالبات,295,CMH_01_SMART.xlsx,sheet بنود المطالبات,high,prev_progress in workbook is informational; platform will recompute server-side from approved claims (Migration 048).
CMH_01-C01,8,48,توريد وتركيب باب زجاجي من نوع سيكوريت بسمك 12مم ويشمل السعر التثبيت والاطار من الالمنيوم الأسود المطلي بدهان بودرة بالفرن والخردوات وماكينة دفاش للإغلاق الذاتي مع ملصقات بحسب التصميم. ويشمل السعر أي مواد أو أعمال يتطلبها استكمال العمل حسب المواصفات والمخططات وتعليمات االمهندس المشرف. Ref drawing: 07-MRA-DD-(as per floor number)-AR-801 بعرض 1800 مم وارتفاع 2100 مم  GD03باب ضلفتين  نموذج ,عدد,3600.0,5.0,0.0,1.0,1.0,3600.0,20,بنود المطالبات,296,CMH_01_SMART.xlsx,sheet بنود المطالبات,high,prev_progress in workbook is informational; platform will recompute server-side from approved claims (Migration 048).
CMH_01-C01,8,49,توريد وتركيب باب من قطاعات الخشب شبه المصمت بسمك 44مم مكون من قواطيع خشب داخليه بحشو  mdf مع قشرة الجوز  والحلق من الخشب السويدي المسطم المقاوم للرطوبة مع تشطيب نهائي من قشرة الجوز والبند يشمل جميع الإكسسوارات اللازمه من مفصلات ودفاش من النوع المخفي ومقابض وربل كاتم لصوت الإغلاق ودهانات  و إنهاء جميع الأعمال على الوجه الأكمل طبقا للمخططات واصول الصناعة  والمواصفات الفنية وتعليمات االمهندس المشرف. Ref drawing: 07-MRA-DD-(as per floor number)-AR-800 بعرض 2000 مم وارتفاع 2200 مم  WD07باب مروحة ضلفتين  نموذج ,عدد,5280.0,13.0,0.0,2.0,2.0,10560.0,15.384615384615385,بنود المطالبات,297,CMH_01_SMART.xlsx,sheet بنود المطالبات,high,prev_progress in workbook is informational; platform will recompute server-side from approved claims (Migration 048).
CMH_01-C01,8,50,توريد وتركيب باب من قطاعات الخشب شبه المصمت بسمك 44مم مكون من قواطيع خشب داخليه بحشو  mdf مع قشرة الجوز  والحلق من الخشب السويدي المسطم المقاوم للرطوبة مع تشطيب نهائي من قشرة الجوز والبند يشمل جميع الإكسسوارات اللازمه من مفصلات ودفاش من النوع المخفي ومقابض وربل كاتم لصوت الإغلاق ودهانات  و إنهاء جميع الأعمال على الوجه الأكمل طبقا للمخططات واصول الصناعة  والمواصفات الفنية وتعليمات االمهندس المشرف. Ref drawing: 07-MRA-DD-(as per floor number)-AR-800 بعرض1000 مم وارتفاع 2200 مم  WD06باب مروحة ضلفة واحدة  نموذج ,عدد,2400.0,13.0,0.0,2.0,2.0,4800.0,15.384615384615385,بنود المطالبات,298,CMH_01_SMART.xlsx,sheet بنود المطالبات,high,prev_progress in workbook is informational; platform will recompute server-side from approved claims (Migration 048).
CMH_01-C01,8,51,توريد وتركيب باب من قطاعات الخشب شبه المصمت بسمك 44مم مكون من قواطيع خشب داخليه بحشو  mdf مع قشرة الجوز  والحلق من الخشب السويدي المسطم المقاوم للرطوبة مع تشطيب نهائي من قشرة الجوز والبند يشمل جميع الإكسسوارات اللازمه من مفصلات ودفاش من النوع المخفي ومقابض وربل كاتم لصوت الإغلاق ودهانات  و إنهاء جميع الأعمال على الوجه الأكمل طبقا للمخططات واصول الصناعة  والمواصفات الفنية وتعليمات االمهندس المشرف. Ref drawing: 07-MRA-DD-(as per floor number)-AR-800 بعرض 900 مم وارتفاع 2200 مم  WD05باب مروحة ضلفة واحدة  نموذج ,عدد,2400.0,47.0,0.0,7.0,7.0,16800.0,14.893617021276595,بنود المطالبات,299,CMH_01_SMART.xlsx,sheet بنود المطالبات,high,prev_progress in workbook is informational; platform will recompute server-side from approved claims (Migration 048).
CMH_01-C01,8,52,توريد وتركيب باب من قطاعات الخشب شبه المصمت بسمك 44مم مكون من قواطيع خشب داخليه بحشو  mdf مع قشرة الجوز  والحلق من الخشب السويدي المسطم المقاوم للرطوبة مع تشطيب نهائي من قشرة الجوز والبند يشمل جميع الإكسسوارات اللازمه من مفصلات ودفاش من النوع المخفي ومقابض وربل كاتم لصوت الإغلاق ودهانات  و إنهاء جميع الأعمال على الوجه الأكمل طبقا للمخططات واصول الصناعة  والمواصفات الفنية وتعليمات االمهندس المشرف. Ref drawing: 07-MRA-DD-(as per floor number)-AR-800 بعرض 800 مم وارتفاع 2200 مم  WD04باب مروحة ضلفة واحدة  نموذج ,عدد,2400.0,48.0,0.0,8.0,8.0,19200.0,16.666666666666664,بنود المطالبات,300,CMH_01_SMART.xlsx,sheet بنود المطالبات,high,prev_progress in workbook is informational; platform will recompute server-side from approved claims (Migration 048).
CMH_01-C01,8,55,توريد وتركيب باب من قطاعات الخشب شبه المصمت بسمك 44مم مكون من قواطيع خشب داخليه بحشو خفيف mdfوالمطلي بدهان رمادي على هيئة الأسطح الاسمنتية والحلق من الخشب السويدي المسطم المقاوم للرطوبة مخفي داخل الواجهة القواطع الجبسية والبند يشمل جميع الإكسسوارات اللازمه من مفصلات ودفاش من النوع المخفي ومقابض وربل كاتم لصوت الإغلاق ودهانات و إنهاء جميع الأعمال على الوجه الأكمل طبقا للمخططات واصول الصناعة  والمواصفات الفنية وتعليمات االمهندس المشرف. Ref drawing: 07-MRA-DD-(as per floor number)-AR-800 بعرض 900 مم وارتفاع 2200 مم  WD01باب مروحة ضلفة واحدة  نموذج ,عدد,2400.0,14.0,0.0,3.0,3.0,7200.0,21.428571428571427,بنود المطالبات,301,CMH_01_SMART.xlsx,sheet بنود المطالبات,high,prev_progress in workbook is informational; platform will recompute server-side from approved claims (Migration 048).
CMH_01-C01,8,56,توريد وتركيب باب من قطاعات الخشب شبه المصمت بسمك 44مم مكون من قواطيع خشب داخليه بحشو  mdfوالمطلي بدهان رمادي بيج والحلق من الخشب السويدي المسطم المقاوم للرطوبة مخفي داخل الواجهة القواطع الجبسية والبند يشمل جميع الإكسسوارات اللازمه من مفصلات ودفاش من النوع المخفي ومقابض، ربل كاتم لصوت الإغلاق ودهانات .و إنهاء جميع الأعمال على الوجه الأكمل طبقا للمخططات واصول الصناعة  والمواصفات الفنية وتعليمات االمهندس المشرف. Ref drawing: 07-MRA-DD-(as per floor number)-AR-800 بعرض900 مم وارتفاع 2200 مم  WD03باب مروحة ضلفة واحدة  نموذج ,عدد,2400.0,32.0,0.0,6.0,6.0,14400.0,18.75,بنود المطالبات,302,CMH_01_SMART.xlsx,sheet بنود المطالبات,high,prev_progress in workbook is informational; platform will recompute server-side from approved claims (Migration 048).
CMH_01-C01,8,66,توريد وتركيب قواطع زجاجيه داخليه من زجاج  سيكوريت عازل للصوت ثخانة 12مم مركّبة على مقاطع من  الألمنيوم )لون اسود 9005RAL (  مثبتة  بالسقف والأرض بإرتفاع 2700مم .ويشمل العمل الاطار والقوائم  والتثبيت بتيوب حديد ابعاد 4*8 سم وسماكة 2ملم  والملصقات بأماكن محددة حسب التصميم ، وفواصل البوليكاربونيت الجاف بين الألواح الزجاجية وقطع الإكسسوار ومانع التسرب والمواد الأخُرى المطلوبة لاستكمال التركيب حسب المخططات وتعليمات االمهندس المشرف.,م²,900.0,4000.0,631.37,404.1,1035.47,363690.0,25.886750000000003,بنود المطالبات,303,CMH_01_SMART.xlsx,sheet بنود المطالبات,high,prev_progress in workbook is informational; platform will recompute server-side from approved claims (Migration 048).
CMH_01-C01,8,67,توريد وتركيب باب من قطاعات الحديد  بسمك 45 مم مقاوم للحريق 90 دقيقة،  مع طبقة من الصاج سماكة 2مم من الجهتين على اطار معدنى مجوف والسعر يشمل التكسية الخشبية بقشرة الجوز لضلفة الباب والإطار من جهة واحدة..ويشمل التوريد والتركيب والتثبيت  والمفصلات والمقابض   والدفاش والاكسسوارت من اجود الانواع  وكل مايلزم لانهاء العمل على اكمل وجه ة حسب المخططات وتعليمات االمهندس المشرف. Ref. drawing: 07-MRA-DD-(as per floor number)-AR-804 ضلفة واحدة عرض1000مم وإرتفاع 2200مم SD01 باب نموذج ,م²,3000.0,58.0,0.0,8.0,8.0,24000.0,13.793103448275861,بنود المطالبات,304,CMH_01_SMART.xlsx,sheet بنود المطالبات,high,prev_progress in workbook is informational; platform will recompute server-side from approved claims (Migration 048).
CMH_01-C01,8,75,توريد وتركيب أسقف معلقة من الالواح الجبسيه )01-GBC( ثخانة 12 مم المقاومة للحريق شاملة نظام التعليق وضبط الحواف والزوايا وأبواب لفتحات الكشف بالأسقف لأعمال الصيانة )أبواب جاهزة من النوع السهل الاستعمال والمزود بمفصلات مخفية( والإكسسوارات. ويشمل السعر أي مواد أو أعمال يتطلبها استكمال العمل حسب المواصفات والمخططات.,م²,150.0,24468.0,2686.60007,1419.5,4106.10007,212925.0,16.781510830472453,بنود المطالبات,305,CMH_01_SMART.xlsx,sheet بنود المطالبات,high,prev_progress in workbook is informational; platform will recompute server-side from approved claims (Migration 048).
CMH_01-C01,8,76,توريد وتركيب أسقف معلقة من الالواح الجبسيه  )02-GBC( ثخانة 12 مم المقاومة للرطوبة شاملة نظام التعليق وضبط الحواف والزوايا وأبواب لفتحات الكشف بالأسقف لأعمال الصيانة )أبواب جاهزة من النوع السهل الاستعمال والمزود بمفصلات مخفية( واالإكسسوارات. ويشمل السعر أي مواد أو أعمال يتطلبها استكمال العمل حسب المواصفات والمخططات وتعليمات المهندس المشرف.,م²,150.0,1091.0,61.19,220.67,281.86,33100.5,25.835013748854262,بنود المطالبات,306,CMH_01_SMART.xlsx,sheet بنود المطالبات,high,prev_progress in workbook is informational; platform will recompute server-side from approved claims (Migration 048).
CMH_01-C01,8,77,600×600مم توريد وتركيب اسقف اصطناعية  والسعر يشمل نظام التعليق من الحديد المجفلن مع جميع الاكسسوارات وكل مايلزم حسب المواصفات والمخططات وتعليمات الشركة المصنعة .,م²,150.0,3323.0,961.63,278.72,1240.35,41808.00000000001,37.326211254890154,بنود المطالبات,307,CMH_01_SMART.xlsx,sheet بنود المطالبات,high,prev_progress in workbook is informational; platform will recompute server-side from approved claims (Migration 048).
CMH_01-C01,8,81, أرضيات بورسلان03-PT مقاس 600×600×12مم فرز ثاني بالمقاسات والالوان المطلوبة لدورات المياة العامة  طبقاً للمخططات والمواصفات.,م²,120.0,1407.0,485.93025,113.0,598.93025,13560.0,42.567892679459845,بنود المطالبات,308,CMH_01_SMART.xlsx,sheet بنود المطالبات,high,prev_progress in workbook is informational; platform will recompute server-side from approved claims (Migration 048).
CMH_01-C01,8,82, أرضيات بورسلان04-PT مقاس 600×600×12مم فرز ثاني بالمقاسات والالوان المطلوبة لغرف الأرشيف والمخازن والمطبخ طبقاً للمخططات والمواصفات.,م²,120.0,735.0,0.0,33.98,33.98,4077.5999999999995,4.6231292517006795,بنود المطالبات,309,CMH_01_SMART.xlsx,sheet بنود المطالبات,high,prev_progress in workbook is informational; platform will recompute server-side from approved claims (Migration 048).
CMH_01-C01,8,85, جدران بورسلان (PW-03(type A&B  مقاس 600×300×12مم فرز ثاني بالمقاسات والالوان المطلوبة لدورات المياة العامة  طبقاً للمخططات والمواصفات.,م²,96.0,2648.0,0.0,98.6,98.6,9465.599999999999,3.7235649546827796,بنود المطالبات,310,CMH_01_SMART.xlsx,sheet بنود المطالبات,high,prev_progress in workbook is informational; platform will recompute server-side from approved claims (Migration 048).
CMH_01-C01,8,95,معالجة وتنظيف وصقل وجلاء بلاط رخام الأرضيات والدرج مع بودرة الرخام المستخدم والتلميع 4 أوجه وملو الفواصل بمادة مقاومة للرطوبة والبكتيريا  والسعر يشمل جميع المواد والأعمال اللازمة لإتمام العمل المطلوب طبقا للمخططات والمواصفات الفنية وبحسب توجيهات واعتماد المهندس المشرف. رخام الأرضيات في المداخل و الممرات الرئيسية وبسطات الدرج.,م²,42.0,4800.0,0.0,371.8,371.8,15615.6,7.745833333333334,بنود المطالبات,311,CMH_01_SMART.xlsx,sheet بنود المطالبات,high,prev_progress in workbook is informational; platform will recompute server-side from approved claims (Migration 048).
CMH_01-C01,8,125,دهان بلون رمادي بيج على الألواح الجبسية والألواح الاسمنتية 100-WPF,م²,25.2,12700.0,1709.154,360.6,2069.754,9087.12,16.29727559055118,بنود المطالبات,312,CMH_01_SMART.xlsx,sheet بنود المطالبات,high,prev_progress in workbook is informational; platform will recompute server-side from approved claims (Migration 048).
CMH_01-C01,8,133,تحضير وتنفيذ وعمل دهان عالي الجودة للأسقف الجبسية يشمل الوجه التحضيرى أساس ومعالجة الفواصل  بالمعجـون والشاش والمواد المخصص لتسكير فواصل الالواح الجبسية والاسمنتية وان يكون نوع  دهان  بلون ابيض,م²,24.0,25559.0,15.184000000000001,1890.3,1905.484,45367.2,7.455236902852223,بنود المطالبات,313,CMH_01_SMART.xlsx,sheet بنود المطالبات,high,prev_progress in workbook is informational; platform will recompute server-side from approved claims (Migration 048).
CMH_01-C01,8,137,بالمتر المسطح عمل دهان اكريليك مائي مرن عالي المتانة علي الاسطح الخرسانية وعلى الجدران  الظاهرة على السقف المفتوح  وكل التجهيزات الخاصة بالأعمال الميكانيكية والكهربائية باستثناء نظام الحريق. يشمل الوجه التحضيرى أساس  ثم  الدهان وجهين باللون المطلوب  مع نظافة الاسطح وازالة اى بروز بالخرسانات بالسقف ويتم التنفيذ طبقا للمخططات والمواصفاتة الفنية وعلي حسب تعليمات المهندس المشرف. دهان  بلون اسود,م²,30.0,9442.0,514.98,1479.04,1994.02,44371.2,21.11861893666596,بنود المطالبات,314,CMH_01_SMART.xlsx,sheet بنود المطالبات,high,prev_progress in workbook is informational; platform will recompute server-side from approved claims (Migration 048).
CMH_01-C01,8,152,توريد وتركيب مرآة وجه 6 مم ترُكّب بارزة عن الجدار مع شطف على كل الجهات طبقا للمواصفات وبحسب تعليمات المهندس المشرف. مقاس 1200 × 700 مم,عدد,1200.0,92.0,0.0,16.0,16.0,19200.0,17.391304347826086,بنود المطالبات,315,CMH_01_SMART.xlsx,sheet بنود المطالبات,high,prev_progress in workbook is informational; platform will recompute server-side from approved claims (Migration 048).
CMH_01-C01,8,153,توريد وتركيب كاونتر لوحي للمغاسل كوريان عالي الكثافة سماكة 20 مم، يشمل الجزء الأمامي واللوح الواقي الخلفي  سماكة 20 مم حسب المحدد في المخططات والأقواس وأدوات التثبيت من الحديد المجلفن. و يشمل السعر أي مواد أو أعمال يتطلبها انهاء العمل طبقاً للموضح بالمواصفات والرسومات. ويشمل الأعمال الخشبية اللازمة للخزائن المرتبطة بالكاونتر حسب التصميم المطلوب وبحسب تعليمات المهندس المشرف. Ref drawing: 07-MRA-DD-(as per floor number)-AR-700 to 703 مقاس: 1250طول × عرض600 مم ,عدد,1800.0,32.0,0.0,6.0,6.0,10800.0,18.75,بنود المطالبات,316,CMH_01_SMART.xlsx,sheet بنود المطالبات,high,prev_progress in workbook is informational; platform will recompute server-side from approved claims (Migration 048).
CMH_01-C01,8,154,توريد وتركيب كاونتر لوحي للمغاسل كوريان عالي الكثافة سماكة 20 مم، يشمل الجزء الأمامي واللوح الواقي الخلفي  سماكة 20 مم حسب المحدد في المخططات والأقواس وأدوات التثبيت من الحديد المجلفن. و يشمل السعر أي مواد أو أعمال يتطلبها انهاء العمل طبقاً للموضح بالمواصفات والرسومات. ويشمل الأعمال الخشبية اللازمة للخزائن المرتبطة بالكاونتر حسب التصميم المطلوب وبحسب تعليمات المهندس المشرف. Ref drawing: 07-MRA-DD-(as per floor number)-AR-700 to 703 مقاس: 1200طول × عرض600 مم ,عدد,1800.0,20.0,0.0,2.0,2.0,3600.0,10,بنود المطالبات,317,CMH_01_SMART.xlsx,sheet بنود المطالبات,high,prev_progress in workbook is informational; platform will recompute server-side from approved claims (Migration 048).
CMH_01-C01,8,155,توريد وتركيب كاونتر لوحي للمغاسل كوريان عالي الكثافة سماكة 20 مم، يشمل الجزء الأمامي واللوح الواقي الخلفي  سماكة 20 مم حسب المحدد في المخططات والأقواس وأدوات التثبيت من الحديد المجلفن. و يشمل السعر أي مواد أو أعمال يتطلبها انهاء العمل طبقاً للموضح بالمواصفات والرسومات. ويشمل الأعمال الخشبية اللازمة للخزائن المرتبطة بالكاونتر حسب التصميم المطلوب وبحسب تعليمات المهندس المشرف.  مقاس: 1000طولRef drawing: 07-MRA-DD-(as per floor number)-AR-700 to 703 عرض600 مم × ,عدد,1200.0,22.0,0.0,5.0,5.0,6000.0,22.727272727272727,بنود المطالبات,318,CMH_01_SMART.xlsx,sheet بنود المطالبات,high,prev_progress in workbook is informational; platform will recompute server-side from approved claims (Migration 048).
CMH_01-C01,8,156,توريد وتركيب كاونتر لوحي للمغاسل كوريان عالي الكثافة سماكة 20 مم، يشمل الجزء الأمامي واللوح الواقي الخلفي  سماكة 20 مم حسب المحدد في المخططات والأقواس وأدوات التثبيت من الحديد المجلفن.و يشمل السعر أي مواد أو أعمال يتطلبها انهاء العمل طبقاً للموضح بالمواصفات والرسومات. ويشمل الأعمال الخشبية اللازمة للخزائن المرتبطة بالكاونتر حسب التصميم المطلوب وبحسب تعليمات المهندس المشرف.Ref drawing: 07-MRA-DD-(as per floor number)-AR-700 to 703 مقاس: 3800طول × عرض600 مم ,عدد,6000.0,23.0,0.0,6.0,6.0,36000.0,26.08695652173913,بنود المطالبات,319,CMH_01_SMART.xlsx,sheet بنود المطالبات,high,prev_progress in workbook is informational; platform will recompute server-side from approved claims (Migration 048).
CMH_01-C01,8,175,قواطع الحمامات مكونة من ألواح الفينوليك المضغوط ارتفاع 2 متر ذو المقاومة الشديدة للماء مع طبقة ميلامين بلون رمادي غامق مقاومة للخدش وسهلة التنظيف ، سمك الألواح هو  19 ملم ،. قواطع الحمامات تشمل إكسسوارات عالية الجودة ) مفصلات ذاتية الإغلاق وقفل ( والأبواب والاكسسوارات والعلاقات من الستانلس ستيل brushed finish وكل ما يلزم لانهاء العمل حسب الأصول الفنية والمواصفلت وتعليمات المهندس المشرف .,م²,780.0,611.0,0.0,138.87,138.87,108318.6,22.72831423895254,بنود المطالبات,320,CMH_01_SMART.xlsx,sheet بنود المطالبات,high,prev_progress in workbook is informational; platform will recompute server-side from approved claims (Migration 048).
CMH_01-C01,8,184,سخان مياه كهربائي فردي من الحديد المعزول بالزجاج من النوع الأفقي الذي يركب أعلى السقف المستعار يشمل كافة الإكسسوارات و التوصيلات و المحابس كما هو موصف وكما هو مبين في تفاصيل المشروع العامة وبالإستطاعات التالية:اعادة تركيب و اختبار السخان الحالي بسعة 100 ليتر   بعد الكشف و المعاينة و الفحص حسب تعليمات مهندس المشرف,عدد,816.0,24.0,7.0,5.0,12.0,4080.0,50,بنود المطالبات,321,CMH_01_SMART.xlsx,sheet بنود المطالبات,high,prev_progress in workbook is informational; platform will recompute server-side from approved claims (Migration 048).
CMH_01-C01,8,185,مواسير صرف وتهوية مصنوعة من 4UPVC class  ذات وصلات انضغاطية ومطاط كما هو موصف وتشمل التهوية من خلال السطح مع الغطاء و طبات التسليك، وكافة قطع التركيبات والعلاقات اللازمة لإستكمال تركيب مايلي من الأقطار الداخلية:قطر 50 مم,م.ط,75.6,426.0,740.8,81.9,822.6999999999999,6191.64,193.12206572769952,بنود المطالبات,322,CMH_01_SMART.xlsx,sheet بنود المطالبات,high,prev_progress in workbook is informational; platform will recompute server-side from approved claims (Migration 048).
CMH_01-C01,8,186,مواسير صرف وتهوية مصنوعة من 4UPVC class  ذات وصلات انضغاطية ومطاط كما هو موصف وتشمل التهوية من خلال السطح مع الغطاء و طبات التسليك، وكافة قطع التركيبات والعلاقات اللازمة لإستكمال تركيب مايلي من الأقطار الداخلية:قطر 75 مم,م.ط,91.2,934.0,395.1,44.41,439.51,4050.192,47.05674518201285,بنود المطالبات,323,CMH_01_SMART.xlsx,sheet بنود المطالبات,high,prev_progress in workbook is informational; platform will recompute server-side from approved claims (Migration 048).
CMH_01-C01,8,187,مواسير صرف وتهوية مصنوعة من 4UPVC class  ذات وصلات انضغاطية ومطاط كما هو موصف وتشمل التهوية من خلال السطح مع الغطاء و طبات التسليك، وكافة قطع التركيبات والعلاقات اللازمة لإستكمال تركيب مايلي من الأقطار الداخلية:قطر 110 مم,م.ط,102.0,961.0,1266.64,88.81,1355.45,9058.62,141.04578563995838,بنود المطالبات,324,CMH_01_SMART.xlsx,sheet بنود المطالبات,high,prev_progress in workbook is informational; platform will recompute server-side from approved claims (Migration 048).
CMH_01-C01,8,188,صفاية أرضية )FD(، من PVC مع مصفاة معدنية  مطلية بالكروم شاملة سيفون كما هو موصف بالمقاسات التالية:مخرج قطر 75 مم,عدد,300.0,161.0,37.0,30.0,67.0,9000.0,41.61490683229814,بنود المطالبات,325,CMH_01_SMART.xlsx,sheet بنود المطالبات,high,prev_progress in workbook is informational; platform will recompute server-side from approved claims (Migration 048).
CMH_01-C01,8,190,الأدوات والتركيبات الصحية كما هو موصف وتشمل صمامات الزاوية والخلاطات و المصائد والوصلات المرنة و الانابيب القصيرة للتغذية والصرف والتهوية وكافة قطع الإكسسوار لإتمام تركيب ، علي ان تكون الاجهزة والتركيبات من النوع المرشد لاستهلاك المياه :حوض وجه على رخامة )مرجع 1-LAV ( من نفس نوع الرخام الصناعي كوريان للكاونتر والكاونتر محسوب في بند منفصل,عدد,2640.0,68.0,0.0,3.0,3.0,7920.0,4.411764705882353,بنود المطالبات,326,CMH_01_SMART.xlsx,sheet بنود المطالبات,high,prev_progress in workbook is informational; platform will recompute server-side from approved claims (Migration 048).
CMH_01-C01,8,193,الأدوات والتركيبات الصحية كما هو موصف وتشمل صمامات الزاوية والخلاطات و المصائد والوصلاتالمرنة و الانابيب القصيرة للتغذية والصرف والتهوية وكافة قطع الإكسسوار لإتمام تركيب ، علي ان تكونالاجهزة والتركيبات من النوع المرشد لاستهلاك المياه :حوض وجه يركب على الكاونتر )مرجع 3-LAV (,عدد,2220.0,92.0,4.0,16.0,20.0,35520.0,21.73913043478261,بنود المطالبات,327,CMH_01_SMART.xlsx,sheet بنود المطالبات,high,prev_progress in workbook is informational; platform will recompute server-side from approved claims (Migration 048).
CMH_01-C01,8,195,الأدوات والتركيبات الصحية كما هو موصف وتشمل صمامات الزاوية والخلاطات و المصائد والوصلات المرنة و الانابيب القصيرة للتغذية والصرف والتهوية وكافة قطع الإكسسوار لإتمام تركيب ، علي ان تكون الاجهزة والتركيبات من النوع المرشد لاستهلاك المياه :مرحاض افرنجي ) مرجع 2-WWC (  مثبت على الحائط بخزان  طرد مخفي مع زر دفق من الصلب الذي لا يصدأ - مع غطاء للمرحاض مقاوم للبكتريا من نوع soft closing,عدد,2760.0,55.0,0.0,9.0,9.0,24840.0,16.363636363636363,بنود المطالبات,328,CMH_01_SMART.xlsx,sheet بنود المطالبات,high,prev_progress in workbook is informational; platform will recompute server-side from approved claims (Migration 048).
CMH_01-C01,8,196,الأدوات والتركيبات الصحية كما هو موصف وتشمل صمامات الزاوية والخلاطات و المصائد والوصلات المرنة و الانابيب القصيرة للتغذية والصرف والتهوية وكافة قطع الإكسسوار لإتمام تركيب ، علي ان تكون الاجهزة والتركيبات من النوع المرشد لاستهلاك المياه :مرحاض شرقي )مرجع EWC( مثبت على الحائط بخزان  طرد مخفي مع زر دفق من الصلب الذي لا يصدأ،,عدد,2160.0,23.0,0.0,6.0,6.0,12960.0,26.08695652173913,بنود المطالبات,329,CMH_01_SMART.xlsx,sheet بنود المطالبات,high,prev_progress in workbook is informational; platform will recompute server-side from approved claims (Migration 048).
CMH_01-C01,8,197,الأدوات والتركيبات الصحية كما هو موصف وتشمل صمامات الزاوية والخلاطات و المصائد والوصلات المرنة و الانابيب القصيرة للتغذية والصرف والتهوية وكافة قطع الإكسسوار لإتمام تركيب ، علي ان تكون الاجهزة والتركيبات من النوع المرشد لاستهلاك المياه :مقبض رشاش مع الخرطوم وأداة التعليق، مرجع PS,عدد,180.0,191.0,26.0,27.0,53.0,4860.0,27.748691099476442,بنود المطالبات,330,CMH_01_SMART.xlsx,sheet بنود المطالبات,high,prev_progress in workbook is informational; platform will recompute server-side from approved claims (Migration 048).
CMH_01-C01,8,198,الأدوات والتركيبات الصحية كما هو موصف وتشمل صمامات الزاوية والخلاطات و المصائد والوصلات المرنة و الانابيب القصيرة للتغذية والصرف والتهوية وكافة قطع الإكسسوار لإتمام تركيب ، علي ان تكون الاجهزة والتركيبات من النوع المرشد لاستهلاك المياه :خلاط مياة  يركب على الحوض,عدد,1080.0,208.0,4.0,19.0,23.0,20520.0,11.057692307692307,بنود المطالبات,331,CMH_01_SMART.xlsx,sheet بنود المطالبات,high,prev_progress in workbook is informational; platform will recompute server-side from approved claims (Migration 048).
CMH_01-C01,8,215,توريد و تركيب و اختبار رشاشات آلية اوتوماتيكية كما هو موصف رشاشات من النوع المخفي، ذات فتحة 2/1 بوصة، ومعامل 5.6 =K   ودرجة حرارة تشغيل 68 درجة مئوية,عدد,90.0,1000.0,260.0,11.0,271.0,990.0,27.1,بنود المطالبات,332,CMH_01_SMART.xlsx,sheet بنود المطالبات,high,prev_progress in workbook is informational; platform will recompute server-side from approved claims (Migration 048).
CMH_01-C01,8,218,توريد و تركيب نظام  غازي200FM لغرف الكهرباء و السنترال و ما يتطلبه النظام من تعديلاتمعمارية على ان يتم تقديمها للاعتماد من قبل مهندس المشرف  ،  مرجع 3-FE,عدد,54000.0,36.0,4.0,2.0,6.0,108000.0,16.666666666666664,بنود المطالبات,333,CMH_01_SMART.xlsx,sheet بنود المطالبات,high,prev_progress in workbook is informational; platform will recompute server-side from approved claims (Migration 048).
CMH_01-C01,8,231,ناشرة هواء ذات فتحات طولية  للهواء الداخل مصنعة من الألمنيوم المشكل بالبثق ومطلية بمسحوق البولستركاملة، مخمدات صوت ذات أرياش متضادّة ،وصندوق حجمى معزول من الداخل بعازل صوتى وميكانيزم للتحكم فى الهواء من واجهة الناشر وكل قطع الأكسسوار حسب المواصفات والمخططات مع توفير عينات للاعتماد من مهندس المشرف. ثلاثة فتحات / ثقب 25مم عرض,م.ط,480.0,1925.0,136.92,95.67,232.58999999999997,45921.6,12.082597402597402,بنود المطالبات,334,CMH_01_SMART.xlsx,sheet بنود المطالبات,high,prev_progress in workbook is informational; platform will recompute server-side from approved claims (Migration 048).
CMH_01-C01,8,232,ناشرة هواء ذات فتحات طولية للهواء الراجع مصنعة من الألمنيوم المشكل بالبثق ومطلية بمسحوق البولستركاملة، وكل قطع الأكسسوار حسب المواصفات والمخططات مع توفير عينات للاعتماد من مهندس المشرف. ثلاثة فتحات / ثقب 25مم عرض,م.ط,480.0,1925.0,139.07,94.34,233.41,45283.200000000004,12.125194805194806,بنود المطالبات,335,CMH_01_SMART.xlsx,sheet بنود المطالبات,high,prev_progress in workbook is informational; platform will recompute server-side from approved claims (Migration 048).
CMH_01-C01,8,233, جريلات تغذية من الالومينيوم مغطاة ببودرة البوليستر كاملة وجميع الملحقات حسب المخططات..والمواصفات مع توفير عينات للاعتماد من مهندس المشرف 600mm X 600mm,عدد,456.0,724.0,74.0,64.0,138.0,29184.0,19.060773480662984,بنود المطالبات,336,CMH_01_SMART.xlsx,sheet بنود المطالبات,high,prev_progress in workbook is informational; platform will recompute server-side from approved claims (Migration 048).
CMH_01-C01,8,234, جريلات رجوع من الالومينيوم مغطاة ببودرة البوليستر كاملة وجميع الملحقات حسب المخططات.والمواصفات مع توفير عينات للاعتماد من مهندس المشرف 600mm X 600mm,عدد,264.0,724.0,39.0,38.0,77.0,10032.0,10.6353591160221,بنود المطالبات,337,CMH_01_SMART.xlsx,sheet بنود المطالبات,high,prev_progress in workbook is informational; platform will recompute server-side from approved claims (Migration 048).
CMH_01-C01,8,235, جريلات لسحب الهواء من الالمونيوم مغطاة ببودرة البوليستر كاملة بجميع ملحقات التركيب وحسب.المخططات والمواصفات مع توفير عينات للاعتماد من مهندس المشرف 150mm X 150MM,عدد,210.0,102.0,41.0,21.0,62.0,4410.0,60.78431372549019,بنود المطالبات,338,CMH_01_SMART.xlsx,sheet بنود المطالبات,high,prev_progress in workbook is informational; platform will recompute server-side from approved claims (Migration 048).
CMH_01-C01,8,261," توريد وتركيب واختبار والتشغيل التجريبي لمفاتيح فصل على الحمل من النوع عالية التحمل مع ماسورة  التثبيت المعدنية المرنة والمانعة لنفاذ السوائل، وقطع الإكسسوارعلى المقاول المعاينة و فحص الشبكة الحالية و الاستفادة من التمديدات الحالية و دمجها مع التركيبات الجديدة بعد عمل الاختبارات اللازمة و بعدالموافقة من مهندس المشرف  وبالإستطاعات التالية 30 A, 250 V, 2P",عدد,384.0,445.0,89.0,37.0,126.0,14208.0,28.314606741573034,بنود المطالبات,339,CMH_01_SMART.xlsx,sheet بنود المطالبات,high,prev_progress in workbook is informational; platform will recompute server-side from approved claims (Migration 048).
CMH_01-C01,8,264,توريد وتركيب وتوصيل وإختبار وفحص اجهزة الإنارة ويشمل اللمبات وأقواس التركيب وحبال التعليق وقطع الأكسسوار و ايضا نقاط الانارة متضمنة مواسير/أقنية قاسية عالية التحمل PVC  أوEMT وعلب ذات أسلاك لاتقل عن 0.4 مم2 لنقطة الإنارة وتوصيل أطراف أسلاك التأريض،وكل الأعمال المساعدة كما هو محدد وموضح في المخططات. على المقاول المعاينة و فحص الشبكة الحالية و الاستفادة من التمديدات الحالية و دمجها  علما بان البند يشمل جميع الوصلات و الاسلاك و الكابلات اللازمة لنهو العمل  بعد عمل الاختبارات اللازمة و بعد الموافقة من مهندس المشرف . Type A2,عدد,1044.0,1113.0,159.0,177.0,336.0,184788.0,30.18867924528302,بنود المطالبات,340,CMH_01_SMART.xlsx,sheet بنود المطالبات,high,prev_progress in workbook is informational; platform will recompute server-side from approved claims (Migration 048).
CMH_01-C01,8,272,توريد وتركيب وتوصيل وإختبار وفحص اجهزة الإنارة ويشمل اللمبات وأقواس التركيب وحبال التعليق وقطع الأكسسوار و ايضا نقاط الانارة متضمنة مواسير/أقنية قاسية عالية التحمل PVC  أوEMT وعلب ذات أسلاك لاتقل عن 0.4 مم2 لنقطة الإنارة وتوصيل أطراف أسلاك التأريض،وكل الأعمال المساعدة كما هو محدد وموضح في المخططات. على المقاول المعاينة و فحص الشبكة الحالية و الاستفادة من التمديدات الحالية و دمجها  علما بان البند يشمل جميع الوصلات و الاسلاك و الكابلات اللازمة لنهو العمل  بعد عمل الاختبارات اللازمة و بعد الموافقة من مهندس المشرف .Type B1,عدد,720.0,343.0,17.0,8.0,25.0,5760.0,7.288629737609329,بنود المطالبات,341,CMH_01_SMART.xlsx,sheet بنود المطالبات,high,prev_progress in workbook is informational; platform will recompute server-side from approved claims (Migration 048).
CMH_01-C01,8,274,توريد وتركيب وتوصيل وإختبار وفحص اجهزة الإنارة ويشمل اللمبات وأقواس التركيب وحبال التعليق وقطع الأكسسوار و ايضا نقاط الانارة متضمنة مواسير/أقنية قاسية عالية التحمل PVC  أوEMT وعلب ذات أسلاك لاتقل عن 0.4 مم2 لنقطة الإنارة وتوصيل أطراف أسلاك التأريض،وكل الأعمال المساعدة كما هو محدد وموضح في المخططات.على المقاول المعاينة و فحص الشبكة الحالية و الاستفادة من التمديدات الحالية و دمجها  علما بان البند يشمل جميع الوصلات و الاسلاك و الكابلات اللازمة لنهو العمل  بعد عمل الاختبارات اللازمة و بعد الموافقة من مهندس المشرف .Type C1,عدد,1128.0,172.0,17.0,8.0,25.0,9024.0,14.534883720930234,بنود المطالبات,342,CMH_01_SMART.xlsx,sheet بنود المطالبات,high,prev_progress in workbook is informational; platform will recompute server-side from approved claims (Migration 048).
CMH_01-C01,8,275,توريد وتركيب وتوصيل وإختبار وفحص اجهزة الإنارة ويشمل اللمبات وأقواس التركيب وحبال التعليق وقطع الأكسسوار و ايضا نقاط الانارة متضمنة مواسير/أقنية قاسية عالية التحمل PVC  أوEMT وعلب ذات أسلاك لاتقل عن 0.4 مم2 لنقطة الإنارة وتوصيل أطراف أسلاك التأريض،وكل الأعمال المساعدة كما هو محدد وموضح في المخططات. على المقاول المعاينة و فحص الشبكة الحالية و الاستفادة من التمديدات الحالية و دمجها  علما بان البند يشمل جميع الوصلات و الاسلاك و الكابلات اللازمة لنهو العمل  بعد عمل الاختبارات اللازمة و بعد الموافقة من مهندس المشرف .Type C2,عدد,420.0,1422.0,201.0,200.0,401.0,84000.0,28.199718706047822,بنود المطالبات,343,CMH_01_SMART.xlsx,sheet بنود المطالبات,high,prev_progress in workbook is informational; platform will recompute server-side from approved claims (Migration 048).
CMH_01-C01,8,288,توريد وتركيب وتوصيل وإختبار وفحص اجهزة الإنارة ويشمل اللمبات وأقواس التركيب وحبال التعليق وقطع الأكسسوار و ايضا نقاط الانارة متضمنة مواسير/أقنية قاسية عالية التحمل PVC  أوEMT وعلب ذات أسلاك لاتقل عن 0.4 مم2 لنقطة الإنارة وتوصيل أطراف أسلاك التأريض،وكل الأعمال المساعدة كما هو محدد وموضح في المخططات. على المقاول المعاينة و فحص الشبكة الحالية و الاستفادة من التمديدات الحالية و دمجها  علما بان البند يشمل جميع الوصلات و الاسلاك و الكابلات اللازمة لنهو العمل  بعد عمل الاختبارات اللازمة و بعد الموافقة من مهندس المشرف .Type LB1,م.ط,170.4,5772.0,0.0,1021.0,1021.0,173978.4,17.688842688842687,بنود المطالبات,344,CMH_01_SMART.xlsx,sheet بنود المطالبات,high,prev_progress in workbook is informational; platform will recompute server-side from approved claims (Migration 048).
CMH_01-C01,8,291,توريد وتركيب وتوصيل وإختبار وفحص اجهزة الإنارة ويشمل اللمبات وأقواس التركيب وحبال التعليق وقطع الأكسسوار و ايضا نقاط الانارة متضمنة مواسير/أقنية قاسية عالية التحمل PVC  أوEMT وعلب ذات أسلاك لاتقل عن 0.4 مم2 لنقطة الإنارة وتوصيل أطراف أسلاك التأريض،وكل الأعمال المساعدة كما هو محدد وموضح في المخططات. على المقاول المعاينة و فحص الشبكة الحالية و الاستفادة من التمديدات الحالية و دمجها  علما بان البند يشمل جميع الوصلات و الاسلاك و الكابلات اللازمة لنهو العمل  بعد عمل الاختبارات اللازمة و بعد الموافقة من مهندس المشرف .Type LB4,عدد,1104.0,132.0,18.0,11.0,29.0,12144.0,21.96969696969697,بنود المطالبات,345,CMH_01_SMART.xlsx,sheet بنود المطالبات,high,prev_progress in workbook is informational; platform will recompute server-side from approved claims (Migration 048).
CMH_01-C01,8,292, توريد وتركيب وتوصيل وإختبار وفحص اجهزة الإنارة ويشمل اللمبات وأقواس التركيب وحبال التعليق وعلبEMT أو PVC  وقطع الأكسسوار و ايضا نقاط الانارة متضمنة مواسير/أقنية قاسية عالية التحمل ذات أسلاك لاتقل عن 0.4 مم2 لنقطة الإنارة وتوصيل أطراف أسلاك التأريض،وكل الأعمال المساعدة كما.هو محدد وموضح في المخططات  على المقاول المعاينة و فحص الشبكة الحالية و الاستفادة من التمديدات الحالية و دمجها  علما بان البند يشمل جميع الوصلات و الاسلاك و الكابلات اللازمة لنهو العمل  بعد عمل الاختبارات اللازمة و بعد. الموافقة من مهندس المشرف Type LB5,م.ط,174.0,263.0,0.0,223.14,223.14,38826.36,84.84410646387832,بنود المطالبات,346,CMH_01_SMART.xlsx,sheet بنود المطالبات,high,prev_progress in workbook is informational; platform will recompute server-side from approved claims (Migration 048).
CMH_01-C01,8,299,توريد وتركيب وتوصيل وإختبار وفحص اجهزة الإنارة ويشمل اللمبات وأقواس التركيب وحبال التعليق وقطع الأكسسوار و ايضا نقاط الانارة متضمنة مواسير/أقنية قاسية عالية التحمل PVC  أوEMT وعلب ذات أسلاك لاتقل عن 0.4 مم2 لنقطة الإنارة وتوصيل أطراف أسلاك التأريض،وكل الأعمال المساعدة كما هو محدد وموضح في المخططات. على المقاول المعاينة و فحص الشبكة الحالية و الاستفادة من التمديدات الحالية و دمجها  علما بان البند يشمل جميع الوصلات و الاسلاك و الكابلات اللازمة لنهو العمل  بعد عمل الاختبارات اللازمة و بعد الموافقة من مهندس المشرف . Type T1,عدد,744.0,1146.0,139.0,63.0,202.0,46872.0,17.62652705061082,بنود المطالبات,347,CMH_01_SMART.xlsx,sheet بنود المطالبات,high,prev_progress in workbook is informational; platform will recompute server-side from approved claims (Migration 048).
CMH_01-C01,8,307," توريد وتركيب وتوصيل وتجريب مفاتيح ذات أضواء دليلية وتشمل الماسورة والأسلاك حسب المبيّن على.المخططات و ذلك لسخانات المياه  وحسب المواصفات 20 Amp., 230 V, 1PH",عدد,300.0,77.0,0.0,20.0,20.0,6000.0,25.97402597402597,بنود المطالبات,348,CMH_01_SMART.xlsx,sheet بنود المطالبات,high,prev_progress in workbook is informational; platform will recompute server-side from approved claims (Migration 048).
CMH_01-C01,8,316,وحدات لاسلكية لتوفير خدمة شبكة المعلومات )Wireless Access Points(,عدد,1080.0,181.0,24.0,14.0,38.0,15120.0,20.994475138121548,بنود المطالبات,349,CMH_01_SMART.xlsx,sheet بنود المطالبات,high,prev_progress in workbook is informational; platform will recompute server-side from approved claims (Migration 048).
CMH_01-C01,8,317,عن طريق مقاول متخصص ذو خبرة كبيرة في هذا المجال ويقدم للاعتماد من إدارة الـ IT بالوزارة و يربط النظام مع الانظمة المعنية بالتحكم و الموازنة و يشمل البند جميع الوصلات و الكابلات و غيرها من المتطلبات الخاصة بنهو النظام كاملا توريد وتركيب واختبارنقاط كاميرا مراقبة داخلية سقفية و جميع ما يلزم من توصيلات و تركيبات و خلافة  لنهو النظام .,عدد,2640.0,258.0,44.0,24.0,68.0,63360.0,26.356589147286826,بنود المطالبات,350,CMH_01_SMART.xlsx,sheet بنود المطالبات,high,prev_progress in workbook is informational; platform will recompute server-side from approved claims (Migration 048).
CMH_01-C01,8,319,"وريد وتركيب واختبار نظام التحكم فى الدخول بروتوكول IP مع البرامج الخاصة بنظام التحكم بتقنية integration RFID dual ، مع المواسير والكابالت وكل الملحقات لضمان عمل النظام على الوجه االكمل وحسب المواصفات والمخططات وتعليمات الشركة المصنعة وتعليمات ومواصفات إدارة الـ IT
بالوزارة و كل ما يلزم من مواد وأعمال كهربائية و مدنية مع تقديم ضمان من المصنع لمدة 3( سنوات)
لكافة مكونات النظام وخدمة الصيانة من مراكز المصنع بالمملكة ، ويحتوي النظام علي البنود التالية :
وحدة قارىء من النوع التقاربى      ( reader card Proximity )",عدد,990.0,182.0,1.0,-1.0,0.0,-990.0,0,بنود المطالبات,351,CMH_01_SMART.xlsx,sheet بنود المطالبات,high,prev_progress in workbook is informational; platform will recompute server-side from approved claims (Migration 048).
CMH_01-C01,8,323,"توريد وتركيب واختبار نظام التحكم فى الدخول بروتوكول IP مع البرامج الخاصة بنظام التحكم بتقنية integration RFID dual ، مع المواسير والكابالت وكل الملحقات لضمان عمل النظام على الوجه االكمل وحسب المواصفات والمخططات وتعليمات الشركة المصنعة وتعليمات ومواصفات إدارة الـ IT
بالوزارة و كل ما يلزم من مواد وأعمال كهربائية و مدنية مع تقديم ضمان من المصنع لمدة 3( سنوات)
لكافة مكونات النظام وخدمة الصيانة من مراكز المصنع بالمملكة ، ويحتوي النظام علي البنود التالية :
وحدة زر خروج من النوع button( )Push",عدد,606.0,218.0,1.0,-1.0,0.0,-606.0,0,بنود المطالبات,352,CMH_01_SMART.xlsx,sheet بنود المطالبات,high,prev_progress in workbook is informational; platform will recompute server-side from approved claims (Migration 048).
CMH_01-C01,8,327,"توريد وتركيب وإختبار المخارج اآلتية شاملة الكابالت 6A( )CAT والمواسير وعلب التوصيل وعلب السحب واألغطية و الوصالت cords Patch وخالفه حسب المواصفات ووفقا لما هو موضح بالمخططات مع جميع االكسسوارات لعمل النظام على أكمل وجه ومن أجود األنواع األصلية وحسب تعليمات ومواصفات إدارة الــ IT بالوزارة وكل ما يلزم من المخرج وحتى rack IT
على المقاول المعاينة و فحص الشبكة الحالية و االستفادة من التمديدات الحالية و دمجها مع التركيبات
الجديدة بعد عمل االختبارات الالزمة و بعد الموافقة من مهندس المشرف -:.
مخرج فردي حائطي مزود بعدد واحد مأخذ RJ-45
",عدد,432.0,206.0,12.0,53.0,65.0,22896.0,31.55339805825243,بنود المطالبات,353,CMH_01_SMART.xlsx,sheet بنود المطالبات,high,prev_progress in workbook is informational; platform will recompute server-side from approved claims (Migration 048).
CMH_01-C01,8,334,فك و تقطيع وتنزيل و ترحيل مواسير شبكة الصرف و التغذية القائمة و البند يشمل فك القطع والترحيل خارج الموقع وتسليم جميع مكونات شبكة الصرف و التغذية للجهة مالكة المشروع ,م.ط,16.523,0.0,0.0,1969.5,1969.5,32542.0485,,بنود المطالبات,354,CMH_01_SMART.xlsx,sheet بنود المطالبات,high,prev_progress in workbook is informational; platform will recompute server-side from approved claims (Migration 048).
CMH_01-C01,8,335, توريد و تركيب خرسانة مسلحة ، لا يقل إجهاد كسرها عن 35 ميجا باسكال لزوم خرسانات  الأسقف ، بأسمنت من النوع (أ)، طبقاً للمخططات . ويشمل السعر القوالب  وحديد التسليح  و الربط مع الكمرات الحالية بالتكسير و المضافات الخرسانية و الخلط والنقل والصب والمعالجة والاختبار حسب المخططات لإنهاء الأعمال حسب اصول الصنع وتوجيهات المهندس المشرف ,م³,1600.0,0.0,0.0,4.17,4.17,6672.0,,بنود المطالبات,355,CMH_01_SMART.xlsx,sheet بنود المطالبات,high,prev_progress in workbook is informational; platform will recompute server-side from approved claims (Migration 048).
CMH_01-C01,8,336,ازالة واعادة انشاء مبنى غرفة الحراسة   أعمال الإزالة و الحفر والردم ,م²,6702.0,0.0,0.0,11.29,11.29,75665.57999999999,,بنود المطالبات,356,CMH_01_SMART.xlsx,sheet بنود المطالبات,high,prev_progress in workbook is informational; platform will recompute server-side from approved claims (Migration 048).
CMH_01-C01,8,337,أعمال الهيكل الخرساني و المباني والتشطيبات المعمارية لغرفة الحارس ,م²,5173.0,0.0,0.0,11.29,11.29,58403.17,,بنود المطالبات,357,CMH_01_SMART.xlsx,sheet بنود المطالبات,high,prev_progress in workbook is informational; platform will recompute server-side from approved claims (Migration 048).
CMH_01-C01,8,338,الأعمال الميكانيكية لغرفة الحارس  ,عدد,6392.0,0.0,0.0,1.0,1.0,6392.0,,بنود المطالبات,358,CMH_01_SMART.xlsx,sheet بنود المطالبات,high,prev_progress in workbook is informational; platform will recompute server-side from approved claims (Migration 048).
CMH_01-C01,8,339,الأعمال الكهربائية لغرفة الحارس ,م²,1275.5,0.0,0.0,11.29,11.29,14400.394999999999,,بنود المطالبات,359,CMH_01_SMART.xlsx,sheet بنود المطالبات,high,prev_progress in workbook is informational; platform will recompute server-side from approved claims (Migration 048).
CMH_01-C01,8,340,ازالة وتكسير وترحيل ارضيات الخرسانة,م²,69.42,0.0,0.0,1108.23,1108.23,76933.3266,,بنود المطالبات,360,CMH_01_SMART.xlsx,sheet بنود المطالبات,high,prev_progress in workbook is informational; platform will recompute server-side from approved claims (Migration 048).
CMH_01-C01,8,341,فك و تقطيع وتنزيل و ترحيل مواسير شبكة مكافحة الحريق القائمة و البند يشمل فك الرشاشات والترحيل خارج الموقع وتسليم جميع مكونات شبكة الحريق للجهة مالكة المشروع ,م.ط,20.88,0.0,0.0,7084.89,7084.89,147932.5032,,بنود المطالبات,361,CMH_01_SMART.xlsx,sheet بنود المطالبات,high,prev_progress in workbook is informational; platform will recompute server-side from approved claims (Migration 048).
CMH_01-C01,8,342,فك وفحص و إختبار وحدات VAV القائمة بالمبنى و البند يشمل  الترحيل لمستودعات الجهة مالكة المشروع بمدينة الرياض ,عدد,450.0,0.0,0.0,181.0,181.0,81450.0,,بنود المطالبات,362,CMH_01_SMART.xlsx,sheet بنود المطالبات,high,prev_progress in workbook is informational; platform will recompute server-side from approved claims (Migration 048).
CMH_01-C01,8,343,فك و إزالة  مجاري الهواء من الصفائح المعدنية المجلفنة شامل الاكواع و التفريعات و التحويله و العامة وحاملة التعليق و الترحيل إلى مستودعات الجهة مالكة المشروع بمدينة الرياض  ,م.ط,106.0,0.0,0.0,6078.94,6078.94,644367.64,,بنود المطالبات,363,CMH_01_SMART.xlsx,sheet بنود المطالبات,high,prev_progress in workbook is informational; platform will recompute server-side from approved claims (Migration 048).
CMH_01-C01,8,344,"تصنيع و توريد و تركيب شباك دبل أكشن (Tilt &turn)مقاس
 (1.0متر *3.0متر ) ثابت مع مفصلات ",م²,1665.0,0.0,0.0,33.0,33.0,54945.0,,بنود المطالبات,364,CMH_01_SMART.xlsx,sheet بنود المطالبات,high,prev_progress in workbook is informational; platform will recompute server-side from approved claims (Migration 048).
CMH_01-C01,8,346,"
توريد وتركيب مرحاض افرنجي مثبت على الحائط  مع محبس دفق (Flush valve)  مع زر دفق من الكروم ، مع غطاء للمرحاض مقاوم للبكتريا من نوع soft closing",عدد,2408.39,0.0,0.0,30.0,30.0,72251.7,,بنود المطالبات,365,CMH_01_SMART.xlsx,sheet بنود المطالبات,high,prev_progress in workbook is informational; platform will recompute server-side from approved claims (Migration 048).
CMH_01-C01,8,348,توريد وتركيب برادات مياة حسب العينة المعتمدة ويتم التركيب طبقاً للمخططات والمواصفات الفنية وبحسب توجيهات واعتماد المهندس المشرف.,عدد,12600.0,0.0,0.0,12.0,12.0,151200.0,,بنود المطالبات,366,CMH_01_SMART.xlsx,sheet بنود المطالبات,high,prev_progress in workbook is informational; platform will recompute server-side from approved claims (Migration 048).
CMH_01-C01,8,349, توريد و تركيب مراوح سحب الهواء (AXIAL INLINE FAN)  تشمل عمليات التوريد و التركيب و الاختبار و التثبيت  سعة 100 قدم مكعب بالدقيقة بالدور الثالث والرابع والخامس,عدد,1160.4,0.0,0.0,2.0,2.0,2320.8,,بنود المطالبات,367,CMH_01_SMART.xlsx,sheet بنود المطالبات,high,prev_progress in workbook is informational; platform will recompute server-side from approved claims (Migration 048).
CMH_01-C01,8,351,توريد وتركيب وفرد دهان ايبوكسي لزوم الدربزينات بالفناء الوسطي و البهو الداخلي بين الادوار و المدخل ويتم التركيب طبقاً للمخططات والمواصفات الفنية و المواد المعتمدة  .,م.ط,45.0,0.0,0.0,60.47,60.47,2721.15,,بنود المطالبات,368,CMH_01_SMART.xlsx,sheet بنود المطالبات,high,prev_progress in workbook is informational; platform will recompute server-side from approved claims (Migration 048).
CMH_01-C01,8,352,توريد وتركيب ابواب خشبيةWD02 حسب العينة المعتمدة ويتم التركيب طبقاً للمخططات والمواصفات الفنية وبحسب توجيهات واعتماد المهندس المشرف.,عدد,16800.0,0.0,0.0,3.0,3.0,50400.0,,بنود المطالبات,369,CMH_01_SMART.xlsx,sheet بنود المطالبات,high,prev_progress in workbook is informational; platform will recompute server-side from approved claims (Migration 048).
CMH_01-C01,8,353,"للمواسير داخل المبنى من مواسير متعددة الطبقات بولي بروبلين كما هو موصف تشمل كافة القطع التركيبية مثل القارنات من الحديد الصلب الغير قابل للصدأ والأكواع والمنحنيات والتفريعات والدعامات ، كما هو مبين في المخططات لتركيب مايلي من الأقطار الداخلية مع ربطه بالشبكة الحالية لاقرب نقطة و على المقاول تقديم المخططات التنفيذية و الحسابات الهيدروليكية و اعتمادها قبل البدأ بتنفيذ الاعمال من المهندس المشرف للاقطار  الداخلية :
قطر 75 مم",م.ط,298.0,0.0,0.0,34.7,34.7,10340.6,,بنود المطالبات,370,CMH_01_SMART.xlsx,sheet بنود المطالبات,high,prev_progress in workbook is informational; platform will recompute server-side from approved claims (Migration 048).
CMH_01-C01,8,354,"للمواسير داخل المبنى من مواسير متعددة الطبقات بولي بروبلين كما هو موصف تشمل كافة القطع التركيبية مثل القارنات من الحديد الصلب الغير قابل للصدأ والأكواع والمنحنيات والتفريعات والدعامات ، كما هو مبين في المخططات لتركيب مايلي من الأقطار الداخلية مع ربطه بالشبكة الحالية لاقرب نقطة و على المقاول تقديم المخططات التنفيذية و الحسابات الهيدروليكية و اعتمادها قبل البدأ بتنفيذ الاعمال من المهندس المشرف للاقطار  الداخلية :
قطر 63 مم",م.ط,179.0,0.0,0.0,19.6,19.6,3508.4,,بنود المطالبات,371,CMH_01_SMART.xlsx,sheet بنود المطالبات,high,prev_progress in workbook is informational; platform will recompute server-side from approved claims (Migration 048).
CMH_01-C01,8,355,"توريد وتركيب محبس بوابة (GATE VALVE) يركب علي شبكة المواسير داخل المبني ، والبند يشمل جميع القطع والتوصيلات اللازمة للتركيب وذلك للأقطار التالية:
قطر 3 بوصة",عدد,2180.0,0.0,0.0,1.0,1.0,2180.0,,بنود المطالبات,372,CMH_01_SMART.xlsx,sheet بنود المطالبات,high,prev_progress in workbook is informational; platform will recompute server-side from approved claims (Migration 048).
CMH_01-C01,8,356,"توريد وتركيب محبس بوابة (GATE VALVE) يركب علي شبكة المواسير داخل المبني ، والبند يشمل جميع القطع والتوصيلات اللازمة للتركيب وذلك للأقطار التالية:
قطر 2.5 بوصة",عدد,1663.0,0.0,0.0,13.0,13.0,21619.0,,بنود المطالبات,373,CMH_01_SMART.xlsx,sheet بنود المطالبات,high,prev_progress in workbook is informational; platform will recompute server-side from approved claims (Migration 048).
CMH_01-C01,8,357,"توريد وتركيب محبس بوابة (GATE VALVE) يركب علي شبكة المواسير داخل المبني ، والبند يشمل جميع القطع والتوصيلات اللازمة للتركيب وذلك للأقطار التالية:
قطر 1.25 بوصة",عدد,621.0,0.0,0.0,14.0,14.0,8694.0,,بنود المطالبات,374,CMH_01_SMART.xlsx,sheet بنود المطالبات,high,prev_progress in workbook is informational; platform will recompute server-side from approved claims (Migration 048).
CMH_01-C01,8,358,"توريد وتركيب محبس تخفيض ضغط (PRV) يركب علي شبكة المواسير داخل المبني ، والبند يشمل جميع القطع والتوصيلات اللازمة للتركيب وذلك للأقطار التالية:
قطر 2 بوصة",عدد,1772.0,0.0,0.0,13.0,13.0,23036.0,,بنود المطالبات,375,CMH_01_SMART.xlsx,sheet بنود المطالبات,high,prev_progress in workbook is informational; platform will recompute server-side from approved claims (Migration 048).
CMH_01-C01,8,359,"توريد وتركيب محبس تخفيض ضغط (PRV) يركب علي شبكة المواسير داخل المبني ، والبند يشمل جميع القطع والتوصيلات اللازمة للتركيب وذلك للأقطار التالية:
قطر 1.25 بوصة",عدد,772.0,0.0,0.0,14.0,14.0,10808.0,,بنود المطالبات,376,CMH_01_SMART.xlsx,sheet بنود المطالبات,high,prev_progress in workbook is informational; platform will recompute server-side from approved claims (Migration 048).
CMH_01-C01,8,360,"توريد وتركيب محبس تنفيس الهواء (AUTOMATIC AIR VENT) يركب علي شبكة المواسير داخل المبني ، والبند يشمل جميع القطع والتوصيلات اللازمة للتركيب وذلك للأقطار التالية:
قطر 1 بوصة",عدد,90.0,0.0,0.0,2.0,2.0,180.0,,بنود المطالبات,377,CMH_01_SMART.xlsx,sheet بنود المطالبات,high,prev_progress in workbook is informational; platform will recompute server-side from approved claims (Migration 048).
CMH_01-C01,8,361,"01-MT 02& MT رخام مون ستون غراي رمادي فاتح و رمادي غامق 
مقاس  1200× 300 مم لمنطقة القهوة و المدخل سماكة 16مم .",م²,454.0,0.0,0.0,459.35,459.35,208544.90000000002,,بنود المطالبات,378,CMH_01_SMART.xlsx,sheet بنود المطالبات,high,prev_progress in workbook is informational; platform will recompute server-side from approved claims (Migration 048).
CMH_01-C01,8,367, توريد و تركيب حوض خدمة  (JANITOR SINK) والبند يشمل كوع الصرف والخلاط وجميع ما يلزم للتركيب والتثبيت,عدد,2445.0,0.0,0.0,4.0,4.0,9780.0,,بنود المطالبات,379,CMH_01_SMART.xlsx,sheet بنود المطالبات,high,prev_progress in workbook is informational; platform will recompute server-side from approved claims (Migration 048).
CMH_01-C01,9,1,تشتمل على أعمال الهدم وإلإزالة والترحيل داخل أدوار المبنى والسعر يشمل نقل المخلفات الغير صالحه للمقالب العموميه ونقل المخلفات الصالحه لمخازن الجهه المالكه.Ref drawing: 07-MRA-DD-(as per floor number)-AR-001هدم وإزالة الجدران وتشمل  جميع أنواع جدران الطوب  والقواطع الجبسية و الخشبية و الزجاجية  بحسب المخططات المعتمدة وتعليمات المهندس المشرف.,م2,18.0,17900.0,6940.6,4253.57,11194.17,76564.26,62.53726256983241,بنود المطالبات,380,CMH_01_SMART.xlsx,sheet بنود المطالبات,high,prev_progress in workbook is informational; platform will recompute server-side from approved claims (Migration 048).
CMH_01-C01,9,3,تشتمل على أعمال الهدم وإلإزالة والترحيل داخل أدوار المبنى والسعر يشمل نقل المخلفات الغير صالحه للمقالب العموميه ونقل المخلفات الصالحه لمخازن الجهه المالكهRef drawing: 07-MRA-DD-(as per floor number)-AR-001هدم وإزالة تشطيبات الأسقف المستعارة الحالية بما تشمل أسقف جبسية وبلاطات صناعية وأسقف معدنية  بحسب المخططات المعتمدة وتعليمات المهندس المشرف.,م2,8.5,18420.0,3441.98,4833.6,8275.58,41085.600000000006,44.9271444082519,بنود المطالبات,381,CMH_01_SMART.xlsx,sheet بنود المطالبات,high,prev_progress in workbook is informational; platform will recompute server-side from approved claims (Migration 048).
CMH_01-C01,9,22,توريد وتركيب وزرات خشب )Mdf( مع قشرة جوز بارتفاع 100مم وسمك 12مم شاملا التثبيت والدهانات والتشطيب والتلميع. ويشمل السعر أي مواد أو أعمال يتطلبها انهاء العمل طبقا للموضح بالمواصفات والمخططات وتعليمات المهندس المشرف .Ref drawing: 07-MRA-DD-(as per floor number)-AR-301,م.ط,42.0,4532.0,0.0,600.0,600.0,25200.0,13.239187996469552,بنود المطالبات,382,CMH_01_SMART.xlsx,sheet بنود المطالبات,high,prev_progress in workbook is informational; platform will recompute server-side from approved claims (Migration 048).
CMH_01-C01,9,25,تصنيع وتركيب لوح خشبي بشكل طولي من  الـ )Mdf(  مع قشرة الجوز او ما يتناسب مع العينة المتفق عليها طول 25سم وعرض 10سم وارتفاع 270 سم الى جانب الابواب الزجاجية حسب المناظير والرسومات وتعليمات المهندس المشرف.Code: WDP2-08,عدد,240.0,248.0,40.0,30.0,70.0,7200.0,28.225806451612907,بنود المطالبات,383,CMH_01_SMART.xlsx,sheet بنود المطالبات,high,prev_progress in workbook is informational; platform will recompute server-side from approved claims (Migration 048).
CMH_01-C01,9,26,تصنيع وتركيب كسوة من الخشب للجدران ويكون النمط والحجم كما هو موضح بالرسومات ويشمل السعر أي مواد أو أعمال يتطلبها إنهاء العمل حسب المواصفات والمخططات وتعليمات المهندس المشرف. Ref drawing: 07-MRA-DD-(as per floor number)-AR-600 to 07-MRA-DD-(as  per floor number)-AR-604كسوة من خشب الـ)Mdf(  ، مثبتة على العامود الخرساني بدهان رمادي على شكل وهيئة الأسطح الاسمنتية )matt( بتصميم مع غروف حسب الرسومات والمناظير وتعليمات المهندس المشرف.Code: WDP3-04,م2,528.0,345.0,97.56,71.1,168.66,37540.799999999996,48.88695652173913,بنود المطالبات,384,CMH_01_SMART.xlsx,sheet بنود المطالبات,high,prev_progress in workbook is informational; platform will recompute server-side from approved claims (Migration 048).
CMH_01-C01,9,27,"تصنيع وتركيب كسوة من الخشب للجدران ويكون النمط والحجم كما هو موضح بالرسومات ويشمل السعر أي مواد أو أعمال يتطلبها إنهاء العمل حسب المواصفات والمخططات وتعليمات المهندس المشرف. Ref drawing: 07-MRA-DD-(as per floor number)-AR-600 to 07-MRA-DD-(as per floor number)-AR-604كسوة من خشب الـ)Mdf( ، مثبتة على القواطع الجبسية بدهان رمادي بيج  )matt( ، وبتصميم مع غروف حسب الرسومات والمناظير وتعليمات المهندس المشرف.Code: WPD4-01,WDP4-01.A",م2,528.0,331.0,39.67,31.74,71.41,16758.719999999998,21.574018126888216,بنود المطالبات,385,CMH_01_SMART.xlsx,sheet بنود المطالبات,high,prev_progress in workbook is informational; platform will recompute server-side from approved claims (Migration 048).
CMH_01-C01,9,28,تصنيع وتركيب كسوة من الخشب للجدران ويكون النمط والحجم كما هو موضح بالرسومات ويشمل السعر أي مواد أو أعمال يتطلبها إنهاء العمل حسب المواصفات والمخططات وتعليمات المهندس المشرف. Ref drawing: 07-MRA-DD-(as per floor number)-AR-600 to 07-MRA-DD-(as  per floor number)-AR-604كسوة من خشب الـ)Mdf(، مثبتة على القواطع الجبسية مع قشرة صناعية بحسب العينة الموافق عليها وغروف حسب الرسومات والمناظير وتعليمات المهندس المشرفCode: WDP2,م2,528.0,2517.0,228.77,399.67,628.44,211025.76,24.967818831942793,بنود المطالبات,386,CMH_01_SMART.xlsx,sheet بنود المطالبات,high,prev_progress in workbook is informational; platform will recompute server-side from approved claims (Migration 048).
CMH_01-C01,9,29,"تصنيع وتركيب كسوة من الخشب للجدران ويكون النمط والحجم كما هو موضح بالرسومات ويشمل السعر أي مواد أو أعمال يتطلبها إنهاء العمل حسب المواصفات والمخططات وتعليمات المهندس المشرف. Ref drawing: 07-MRA-DD-(as per floor number)-AR-600 to 07-MRA-DD-(as  per floor number)-AR-604كسوة من خشب الـ)Mdf(  ، مثبتة على االقواطع الجبسية بدهان رمادي على شكل وهيئة الأسطح الاسمنتية ) matt( مع تصميم بفتحات حسب الرسومات والمناظير وتعليمات المهندس المشرف.Code: WDP3-01, WDP3-02, WDP3-03",م2,528.0,846.0,142.97,36.81,179.78,19435.68,21.250591016548466,بنود المطالبات,387,CMH_01_SMART.xlsx,sheet بنود المطالبات,high,prev_progress in workbook is informational; platform will recompute server-side from approved claims (Migration 048).
CMH_01-C01,9,30,"تصنيع وتركيب كسوة من الخشب للجدران ويكون النمط والحجم كما هو موضح بالرسومات ويشمل السعر أي مواد أو أعمال يتطلبها إنهاء العمل حسب المواصفات والمخططات وتعليمات المهندس المشرف. Ref drawing: 07-MRA-DD-(as per floor number)-AR-600 to 07-MRA-DD-(as  per floor number)-AR-604كسوة من خشب الـ) Mdf(  ، مع قشرة السنديان المطلي بدهان ابيض  مع غروف وفتحات إضاءة مخفية مغلفة من الداخل بطبقة Acrylic مغشى  حسب الرسومات والمناظير وتعليمات المهندس المشرف.Code: WDP1-03, WDP1-04, WDP1-05, WDP1-06",م2,570.0,456.0,101.32000000000001,10.1,111.42,5757.0,24.434210526315788,بنود المطالبات,388,CMH_01_SMART.xlsx,sheet بنود المطالبات,high,prev_progress in workbook is informational; platform will recompute server-side from approved claims (Migration 048).
CMH_01-C01,9,43,تصنيع وتركيب خزائن خشبية ويكون النمط والحجم كما هو موضح بالرسومات ويشمل السعر أي مواد أو أعمال يتطلبها إنهاء العمل حسب المواصفات والمخططات وتعليمات المهندس المشرف.Ref drawing: 07-MRA-DD-(as per floor number)-AR-605 خزانة خشبية05-WDC  من خشب الـ ) Mdf (  مع قشرة الوينغي الداكنة مع أرفف وإضاءة مخفية، أبواب الخزائن زجاجية   ribbed glass(مع إيطار خشبي وغروف ومفصلات ومقابض مخفية لمنطقة معالي الوزير حسب الرسومات والمناظير وتعليمات المهندس المشرف.,م2,1440.0,69.0,17.96,4.49,22.450000000000003,6465.6,32.536231884057976,بنود المطالبات,389,CMH_01_SMART.xlsx,sheet بنود المطالبات,high,prev_progress in workbook is informational; platform will recompute server-side from approved claims (Migration 048).
CMH_01-C01,9,66,توريد وتركيب قواطع زجاجيه داخليه من زجاج  سيكوريت عازل للصوت ثخانة 12مم مركّبة على مقاطع من  الألمنيوم )لون اسود 9005RAL (  مثبتة  بالسقف والأرض بإرتفاع 2700مم .ويشمل العمل الاطار والقوائم  والتثبيت بتيوب حديد ابعاد 4*8 سم وسماكة 2ملم  والملصقات بأماكن محددة حسب التصميم ، وفواصل البوليكاربونيت الجاف بين الألواح الزجاجية وقطع الإكسسوار ومانع التسرب والمواد الأخُرى المطلوبة لاستكمال التركيب حسب المخططات وتعليمات االمهندس المشرف.,م²,900.0,4000.0,1035.47,89.6,1125.07,80640.0,28.12675,بنود المطالبات,390,CMH_01_SMART.xlsx,sheet بنود المطالبات,high,prev_progress in workbook is informational; platform will recompute server-side from approved claims (Migration 048).
CMH_01-C01,9,128,.دهان بلون رمادي اسمنتي على الألواح الجبسية والألواح الاسمنتية 200-WPF,م²,30.0,2088.0,166.5847,64.9,231.4847,1947.0000000000002,11.086431992337165,بنود المطالبات,391,CMH_01_SMART.xlsx,sheet بنود المطالبات,high,prev_progress in workbook is informational; platform will recompute server-side from approved claims (Migration 048).
CMH_01-C01,9,185,مواسير صرف وتهوية مصنوعة من 4UPVC class  ذات وصلات انضغاطية ومطاط كما هو موصف وتشمل التهوية من خلال السطح مع الغطاء و طبات التسليك، وكافة قطع التركيبات والعلاقات اللازمة لإستكمال تركيب مايلي من الأقطار الداخلية:قطر 50 مم,م.ط,75.6,426.0,822.6999999999999,84.7,907.4,6403.32,213.00469483568074,بنود المطالبات,392,CMH_01_SMART.xlsx,sheet بنود المطالبات,high,prev_progress in workbook is informational; platform will recompute server-side from approved claims (Migration 048).
CMH_01-C01,9,186,مواسير صرف وتهوية مصنوعة من 4UPVC class  ذات وصلات انضغاطية ومطاط كما هو موصف وتشمل التهوية من خلال السطح مع الغطاء و طبات التسليك، وكافة قطع التركيبات والعلاقات اللازمة لإستكمال تركيب مايلي من الأقطار الداخلية:قطر 75 مم,م.ط,91.2,934.0,439.51,69.89,509.4,6373.968,54.53961456102784,بنود المطالبات,393,CMH_01_SMART.xlsx,sheet بنود المطالبات,high,prev_progress in workbook is informational; platform will recompute server-side from approved claims (Migration 048).
CMH_01-C01,9,187,مواسير صرف وتهوية مصنوعة من 4UPVC class  ذات وصلات انضغاطية ومطاط كما هو موصف وتشمل التهوية من خلال السطح مع الغطاء و طبات التسليك، وكافة قطع التركيبات والعلاقات اللازمة لإستكمال تركيب مايلي من الأقطار الداخلية:قطر 110 مم,م.ط,102.0,961.0,1355.45,65.7,1421.15,6701.400000000001,147.8824141519251,بنود المطالبات,394,CMH_01_SMART.xlsx,sheet بنود المطالبات,high,prev_progress in workbook is informational; platform will recompute server-side from approved claims (Migration 048).
CMH_01-C01,9,199, يشمل العمل كافة قطع التركيبات مثل الأكواع  والتيهات ، 40. schتوريد و تركيب انابيب فولاذية سوداء والوصلات والقارنات والنقاصات/المخفضات ومنافس الهواء الآلية وتكون الوصلات من نوع  فيكتوليك او ما يماثلها للأقطار 50 مم أو أكبر، و تكون الوصلات قلووظ للأقطار أقل من 50 مم، والبند يشمل  العلاقات والدعامات للمواسير و المحابس  و الصرف ان لزم والدهان  لكامل الشبكة كما يلزم لاتمام العمل. و بناء على توجيهات مهندس المشرف  ومتطلبات الدفاعNFPA  ويشمل البند جميع ما يلزم لاتمام الأعمال طبقا للمواصفات و طبقا لمتطلبات ال المدني من الكشف على الشبكة الحالية وفحصها كما هو موضح على المخططات و على المقاول تقديم:المخططات التنفيذية و اعتمادها قبل بدء بالتنفيذ من المهندس المشرف كما هو موصف للأقطار التالية 25 mm dia.,م.ط,108.0,3900.0,2197.46,131.0,2328.46,14148.0,59.70410256410257,بنود المطالبات,395,CMH_01_SMART.xlsx,sheet بنود المطالبات,high,prev_progress in workbook is informational; platform will recompute server-side from approved claims (Migration 048).
CMH_01-C01,9,200,توريد و تركيب انابيب فولاذية سوداء 40.sch ، يشمل العمل كافة قطع التركيبات مثل الأكواع  والتيهات والوصلات والقارنات والنقاصات/المخفضات ومنافس الهواء الآلية وتكون الوصلات من نوع  فيكتوليك او ما يماثلها للأقطار 50 مم أو أكبر، و تكون الوصلات قلووظ للأقطار أقل من 50 مم، والبند يشمل العلاقات والدعامات للمواسير و المحابس  و الصرف ان لزم والدهان  لكامل الشبكة كما يلزم لاتمام العمل و بناء على توجيهات مهندس المشرف .ويشمل البند جميع ما يلزم لاتمام الأعمال طبقا للمواصفات و طبقا لمتطلبات الNFPA  ومتطلبات الدفاع المدني من الكشف على الشبكة الحالية وفحصها كما هو موضح على المخططات و على المقاول تقديم المخططات التنفيذية و اعتمادها قبل بدء بالتنفيذ من المهندس المشرف كما هو موصف للأقطار التالية:.mm dia 28,م.ط,138.0,323.0,144.0,45.75,189.75,6313.5,58.746130030959755,بنود المطالبات,396,CMH_01_SMART.xlsx,sheet بنود المطالبات,high,prev_progress in workbook is informational; platform will recompute server-side from approved claims (Migration 048).
CMH_01-C01,9,201,توريد و تركيب انابيب فولاذية سوداء 40.sch ، يشمل العمل كافة قطع التركيبات مثل الأكواع  والتيهات والوصلات والقارنات والنقاصات/المخفضات ومنافس الهواء الآلية وتكون الوصلات من نوع  فيكتوليك او ما يماثلها للأقطار 50 مم أو أكبر، و تكون الوصلات قلووظ للأقطار أقل من 50 مم، والبند يشمل العلاقات والدعامات للمواسير و المحابس  و الصرف ان لزم والدهان  لكامل الشبكة كما يلزم لاتمام العمل و بناء على توجيهات مهندس المشرف .ويشمل البند جميع ما يلزم لاتمام الأعمال طبقا للمواصفات و طبقا لمتطلبات الNFPA  ومتطلبات الدفاع المدني من الكشف على الشبكة الحالية وفحصها كما هو موضح على المخططات و على المقاول تقديم المخططات التنفيذية و اعتمادها قبل بدء بالتنفيذ من المهندس المشرف كما هو موصف للأقطار التالية:.mm dia 33,م.ط,192.0,660.0,235.6,139.56,375.15999999999997,26795.52,56.84242424242424,بنود المطالبات,397,CMH_01_SMART.xlsx,sheet بنود المطالبات,high,prev_progress in workbook is informational; platform will recompute server-side from approved claims (Migration 048).
CMH_01-C01,9,202,توريد و تركيب انابيب فولاذية سوداء 40.sch ، يشمل العمل كافة قطع التركيبات مثل الأكواع  والتيهات والوصلات والقارنات والنقاصات/المخفضات ومنافس الهواء الآلية وتكون الوصلات من نوع  فيكتوليك او ما يماثلها للأقطار 50 مم أو أكبر، و تكون الوصلات قلووظ للأقطار أقل من 50 مم، والبند يشمل العلاقات والدعامات للمواسير و المحابس  و الصرف ان لزم والدهان  لكامل الشبكة كما يلزم لاتمام العمل و بناء على توجيهات مهندس المشرف .ويشمل البند جميع ما يلزم لاتمام الأعمال طبقا للمواصفات و طبقا لمتطلبات الNFPA  ومتطلبات الدفاع المدني من الكشف على الشبكة الحالية وفحصها كما هو موضح على المخططات و على المقاول تقديم المخططات التنفيذية و اعتمادها قبل بدء بالتنفيذ من المهندس المشرف كما هو موصف للأقطار التالية:.mm dia 40,م.ط,222.0,600.0,180.0,81.15,261.15,18015.300000000003,43.525,بنود المطالبات,398,CMH_01_SMART.xlsx,sheet بنود المطالبات,high,prev_progress in workbook is informational; platform will recompute server-side from approved claims (Migration 048).
CMH_01-C01,9,203,توريد و تركيب انابيب فولاذية سوداء 40.sch ، يشمل العمل كافة قطع التركيبات مثل الأكواع  والتيهات والوصلات والقارنات والنقاصات/المخفضات ومنافس الهواء الآلية وتكون الوصلات من نوع  فيكتوليك او ما يماثلها للأقطار 50 مم أو أكبر، و تكون الوصلات قلووظ للأقطار أقل من 50 مم، والبند يشمل العلاقات والدعامات للمواسير و المحابس  و الصرف ان لزم والدهان  لكامل الشبكة كما يلزم لاتمام العمل و بناء على توجيهات مهندس المشرف .ويشمل البند جميع ما يلزم لاتمام الأعمال طبقا للمواصفات و طبقا لمتطلبات الNFPA  ومتطلبات الدفاع المدني من الكشف على الشبكة الحالية وفحصها كما هو موضح على المخططات و على المقاول تقديم المخططات التنفيذية و اعتمادها قبل بدء بالتنفيذ من المهندس المشرف كما هو موصف للأقطار التالية:.mm dia 63,م.ط,240.0,646.0,239.2,7.37,246.57,1768.8,38.1687306501548,بنود المطالبات,399,CMH_01_SMART.xlsx,sheet بنود المطالبات,high,prev_progress in workbook is informational; platform will recompute server-side from approved claims (Migration 048).
CMH_01-C01,9,206,توريد و تركيب انابيب فولاذية سوداء 40.sch ، يشمل العمل كافة قطع التركيبات مثل الأكواع  والتيهات والوصلات والقارنات والنقاصات/المخفضات ومنافس الهواء الآلية وتكون الوصلات من نوع  فيكتوليك او ما يماثلها للأقطار 50 مم أو أكبر، و تكون الوصلات قلووظ للأقطار أقل من 50 مم، والبند يشمل العلاقات والدعامات للمواسير و المحابس  و الصرف ان لزم والدهان  لكامل الشبكة كما يلزم لاتمام العمل و بناء على توجيهات مهندس المشرف .ويشمل البند جميع ما يلزم لاتمام الأعمال طبقا للمواصفات و طبقا لمتطلبات الNFPA  ومتطلبات الدفاع المدني من الكشف على الشبكة الحالية وفحصها كما هو موضح على المخططات و على المقاول تقديم المخططات التنفيذية و اعتمادها قبل بدء بالتنفيذ من المهندس المشرف كما هو موصف للأقطار التالية:.mm dia 141,م.ط,360.0,200.0,218.4,16.62,235.02,5983.200000000001,117.51,بنود المطالبات,400,CMH_01_SMART.xlsx,sheet بنود المطالبات,high,prev_progress in workbook is informational; platform will recompute server-side from approved claims (Migration 048).
CMH_01-C01,9,215,توريد و تركيب و اختبار رشاشات آلية اوتوماتيكية كما هو موصف رشاشات من النوع المخفي، ذات فتحة 2/1 بوصة، ومعامل 5.6 =K   ودرجة حرارة تشغيل 68 درجة مئوية,عدد,90.0,1000.0,271.0,80.0,351.0,7200.0,35.099999999999994,بنود المطالبات,401,CMH_01_SMART.xlsx,sheet بنود المطالبات,high,prev_progress in workbook is informational; platform will recompute server-side from approved claims (Migration 048).
CMH_01-C01,9,216,توريد و تركيب و اختبار رشاشات آلية اوتوماتيكية كما هو موصف رشاشات عامودية، ذات فتحة 2/1 بوصة، ومعامل 5.6 =K   ودرجة حرارة تشغيل 68 درجة مئوية,عدد,90.0,508.0,92.0,20.0,112.0,1800.0,22.04724409448819,بنود المطالبات,402,CMH_01_SMART.xlsx,sheet بنود المطالبات,high,prev_progress in workbook is informational; platform will recompute server-side from approved claims (Migration 048).
CMH_01-C01,9,221,وحدات VAV من أعلى العلامات التجارية جودة )BYPASS TYPE( مع سخان كهربائي ، ترموستات إلكتروني رقمي للغرفة ، فليكس. توصيلات ، تثبيت ، دعم ، عازل اهتزاز مع كافة الملحقات المطلوبة حسب المواصفات والرسومات. 01-VAV ، اجمالي الهواء 0-250 ) ق/د( استطاعة التخزين 5.1 )ك/و(,عدد,6600.0,9.0,4.0,1.3,5.3,8580.0,58.88888888888889,بنود المطالبات,403,CMH_01_SMART.xlsx,sheet بنود المطالبات,high,prev_progress in workbook is informational; platform will recompute server-side from approved claims (Migration 048).
CMH_01-C01,9,222,وحدات VAV من أعلى العلامات التجارية جودة )BYPASS TYPE( مع سخان كهربائي ، ترموستات إلكتروني رقمي للغرفة ، فليكس. توصيلات ، تثبيت ، دعم ، عازل اهتزاز مع كافة الملحقات المطلوبة حسب المواصفات والرسومات. 02-VAV ، اجمالي الهواء 0-500 ) ق/د( استطاعة التخزين 2 )ك/و(,عدد,6960.0,127.0,32.0,20.2,52.2,140592.0,41.102362204724415,بنود المطالبات,404,CMH_01_SMART.xlsx,sheet بنود المطالبات,high,prev_progress in workbook is informational; platform will recompute server-side from approved claims (Migration 048).
CMH_01-C01,9,223,وحدات VAV من أعلى العلامات التجارية جودة )BYPASS TYPE( مع سخان كهربائي ، ترموستات إلكتروني رقمي للغرفة ، فليكس. توصيلات ، تثبيت ، دعم ، عازل اهتزاز مع كافة الملحقات المطلوبة حسب المواصفات والرسومات. 03-VAV ، اجمالي الهواء 0-750 ) ق/د( استطاعة التخزين 3 )ك/و( ,عدد,7200.0,51.0,21.0,15.4,36.4,110880.0,71.37254901960785,بنود المطالبات,405,CMH_01_SMART.xlsx,sheet بنود المطالبات,high,prev_progress in workbook is informational; platform will recompute server-side from approved claims (Migration 048).
CMH_01-C01,9,224,وحدات VAV من أعلى العلامات التجارية جودة )BYPASS TYPE( مع سخان كهربائي ، ترموستات إلكتروني رقمي للغرفة ، فليكس. توصيلات ، تثبيت ، دعم ، عازل اهتزاز مع كافة الملحقات المطلوبة حسب المواصفات والرسومات. 04-VAV ، اجمالي الهواء 0-1000 ) ق/د( استطاعة التخزين 5.3 )ك/و(,عدد,7200.0,24.0,10.0,5.5,15.5,39600.0,64.58333333333334,بنود المطالبات,406,CMH_01_SMART.xlsx,sheet بنود المطالبات,high,prev_progress in workbook is informational; platform will recompute server-side from approved claims (Migration 048).
CMH_01-C01,9,225,وحدات VAV من أعلى العلامات التجارية جودة )BYPASS TYPE( مع سخان كهربائي ، ترموستات إلكتروني رقمي للغرفة ، فليكس. توصيلات ، تثبيت ، دعم ، عازل اهتزاز مع كافة الملحقات المطلوبة حسب المواصفات والرسومات. 05-VAV ، اجمالي الهواء 0-1500 ) ق/د( استطاعة التخزين 5.3 )ك/و(,عدد,9000.0,44.0,12.0,7.7,19.7,69300.0,44.772727272727266,بنود المطالبات,407,CMH_01_SMART.xlsx,sheet بنود المطالبات,high,prev_progress in workbook is informational; platform will recompute server-side from approved claims (Migration 048).
CMH_01-C01,9,226,وحدات VAV من أعلى العلامات التجارية جودة )BYPASS TYPE( مع سخان كهربائي ، ترموستات إلكتروني رقمي للغرفة ، فليكس. توصيلات ، تثبيت ، دعم ، عازل اهتزاز مع كافة الملحقات المطلوبة حسب المواصفات والرسومات. 06-VAV ، اجمالي الهواء 0-2000 ) ق/د( استطاعة التخزين 6.3 )ك/و(,عدد,10200.0,49.0,8.0,6.3,14.3,64260.0,29.183673469387756,بنود المطالبات,408,CMH_01_SMART.xlsx,sheet بنود المطالبات,high,prev_progress in workbook is informational; platform will recompute server-side from approved claims (Migration 048).
CMH_01-C01,9,230,توريد و تصنيع و تركيب أعمال مجاري  من الصفائح المعدنية المجلفنه )90G( للهواء الداخل والراجع والهواء النقي وقناة السحب حسب المواصفات القياسية SMACNA وتشمل التيهات/القطعة التائية والكوع/المرفق والتفريعات والتحويلة والدعامة وحمالة التعليق. ويجب أخذ الطول على امتداد خط المركز فوق كل قطع التركيبات، ومن المفهوم بأن السعر الإفرادي لأعمال مجاري الهواء/الأقنية محمل عليه كل دعامات حامل التعليق ومخمّد الصوت والحريق وكل قطع الإكسسوار عزل الحراري )فايبرغلاس( ثخانة 25 مم وبكثافة 24 كغ/م3 مع مانع تبخر من الألمنيوم المقوّى حسب المخططات والمواصفات و حسب تعليمات مهندس المشرف.,م.ط,300.0,7000.0,3734.9,843.84,4578.74,253152.0,65.41057142857143,بنود المطالبات,409,CMH_01_SMART.xlsx,sheet بنود المطالبات,high,prev_progress in workbook is informational; platform will recompute server-side from approved claims (Migration 048).
CMH_01-C01,9,238,وصلات هواء مرنة مع الكلبسات المعدنية، والبراغي، والملحقات الضرورية. العزل يجب أن يكون بسماكة 25 مم وكثافة 16 كغ/م3 لناشرات الهواء الخطية ويجب ان يطابق كود الحريق NFPA 90A حسب المواصفات والمخططات مع توفير عينات للاعتماد من مهندس المشرف. Dia 250 mm,م.ط,66.0,60.0,82.8,203.0,285.8,13398.0,476.33333333333337,بنود المطالبات,410,CMH_01_SMART.xlsx,sheet بنود المطالبات,high,prev_progress in workbook is informational; platform will recompute server-side from approved claims (Migration 048).
CMH_01-C01,9,243,نظام إدارة المبنى BMS    تصميم وتوريد وتركيب نظام لإدارة المبنى أتوماتيكياً على أن يكون نظام التشغيل )OPEN PROTOCOL ( حسب توصيات الاستشارى المشرف وذلك للتحكم في تشغيل ومراقبة الانظمة الميكانيكية والكهربائية التالية :                                                  ـ التشلرات والمراوح ووحدات مناولة الهواء ووحدات ملف المروحة ومضخات المياه ووحدة ضخ الهواء وإنظمة الحريق والتحكم في الأنظمة والمعدات الميكانيكية بالمبنى - والتحكم في تشغيل ومتابعة حالة اللوحات الكهربائية الرئيسية والثانوية والمصاعد وكل الأنظمة التي يراها الاستشاري لأزمة مع الأخذ في الاعتبار قابلية التوسع في المباني المستقبلية .توريد وتركيب وتوصيل نظام إدارة المباني ) BMS ( لأنظمة HVAC ، وأنظمة السباكة ، ونظام الحريق ، والأنظمة الكهربائية والخدمات الخارجية ، كاملة بما في ذلك وحدات التحكم ونقاط التحكم والأسلاك والقنوات وصناديق السحب وصناديق التوصيل الثانوية وجميع عمليات التثبيت الضرورية مستلزمات؛ كل ما هو محدد ومفصل على الرسومات والموصوفة في المواصفات. والنظام يجب ان يتضمن البرامج واجهزة التحكم واجهزة المواقع ونقاط التحكم والاسلاك المتصلة بباقي الانظمة والمواسير وعلب السحب وعلب التوصيل الثانوية وجميع اكسسوارات ومتطلبات التركيبات الضرورية وهذه الاجهزة يجب ان يتم توصيلها مع جميع انظمة شبكة IP سواء من خلال تمكين اجهزة IP او من خلال بوابة IP او الموزع ويجب ان تشمل وحدات التحكم الطرفية التركيبات الضرورية والبرمجة والدمج عند اللزوم لتأسيس الاتصال والتعامل بين اجهزة التركيبات الالكتروميكانيكية وانظمة السلامة وانظمة الامن حسب اوامر ونظام التشغيل ووفقا لنظام وحسب تعليمات مهندس المشرف و يجب ان يتوافق النظام مع الانظمة الحالية للترشيد و المراقبة و يكون النظام لكامل المبني,عدد,2520000.0,1.0,0.33,0.08,0.41000000000000003,201600.0,41,بنود المطالبات,411,CMH_01_SMART.xlsx,sheet بنود المطالبات,high,prev_progress in workbook is informational; platform will recompute server-side from approved claims (Migration 048).
CMH_01-C01,9,248,توريد وتركيب مقابس طاقة مربوطة بأسلاك 4 مم2 كحد أدنى وتشمل الأجهزة و والأسلاك والمواسير والعلب ودعامات التثبيت ، من اللوحات الى نقاط المقابس وحسب المواصفات. على المقاول المعاينة و فحص الشبكة الحالية و الاستفادة من التمديدات الحالية و دمجها مع التركيبات الجديدة بعد عمل الاختبارات اللازمة و بعد الموافقة من مهندس المشرف .مقبس أحادي، مركب على الجدار، من النوع المؤرض، 15 أمبير، 230 فولت، طور واحد، قطبين، 3 أسلاك.,عدد,216.0,282.0,24.0,27.85,51.85,6015.6,18.386524822695037,بنود المطالبات,412,CMH_01_SMART.xlsx,sheet بنود المطالبات,high,prev_progress in workbook is informational; platform will recompute server-side from approved claims (Migration 048).
CMH_01-C01,9,249,توريد وتركيب مقابس طاقة مربوطة بأسلاك 4 مم2 كحد أدنى وتشمل الأجهزة و والأسلاك والمواسير والعلب ودعامات التثبيت ، من اللوحات الى نقاط المقابس وحسب المواصفات. على المقاول المعاينة و فحص الشبكة الحالية و الاستفادة من التمديدات الحالية و دمجها مع التركيبات الجديدة بعد عمل الاختبارات اللازمة و بعد الموافقة من مهندس المشرف . مقبس ثنائي سقفى، من النوع المؤرض، 15 أمبير، 230 فولت، طور واحد، قطبين، 3 أسلاك.,عدد,216.0,126.0,21.0,16.0,37.0,3456.0,29.365079365079367,بنود المطالبات,413,CMH_01_SMART.xlsx,sheet بنود المطالبات,high,prev_progress in workbook is informational; platform will recompute server-side from approved claims (Migration 048).
CMH_01-C01,9,262,توريد وتركيب وتوصيل وإختبار وفحص اجهزة الإنارة ويشمل اللمبات وأقواس التركيب وحبال التعليق وقطع الأكسسوار و ايضا نقاط الانارة متضمنة مواسير/أقنية قاسية عالية التحمل PVC  أوEMT وعلب ذات أسلاك لاتقل عن 0.4 مم2 لنقطة الإنارة وتوصيل أطراف أسلاك التأريض،وكل الأعمال المساعدة كما هو محدد وموضح في المخططات. على المقاول المعاينة و فحص الشبكة الحالية و الاستفادة من التمديدات الحالية و دمجها  علما بان البند يشمل جميع الوصلات و الاسلاك و الكابلات اللازمة لنهو العمل  بعد عمل الاختبارات اللازمة و بعد الموافقة من مهندس المشرف . Type A1,عدد,348.0,530.0,30.0,30.0,60.0,10440.0,11.320754716981133,بنود المطالبات,414,CMH_01_SMART.xlsx,sheet بنود المطالبات,high,prev_progress in workbook is informational; platform will recompute server-side from approved claims (Migration 048).
CMH_01-C01,9,263,توريد وتركيب وتوصيل وإختبار وفحص اجهزة الإنارة ويشمل اللمبات وأقواس التركيب وحبال التعليق وقطع الأكسسوار و ايضا نقاط الانارة متضمنة مواسير/أقنية قاسية عالية التحمل PVC  أوEMT وعلب ذات أسلاك لاتقل عن 0.4 مم2 لنقطة الإنارة وتوصيل أطراف أسلاك التأريض،وكل الأعمال المساعدة كما هو محدد وموضح في المخططات. على المقاول المعاينة و فحص الشبكة الحالية و الاستفادة من التمديدات الحالية و دمجها  علما بان البند يشمل جميع الوصلات و الاسلاك و الكابلات اللازمة لنهو العمل  بعد عمل الاختبارات اللازمة و بعد الموافقة من مهندس المشرف . Type A1E,عدد,660.0,241.0,25.0,25.0,50.0,16500.0,20.74688796680498,بنود المطالبات,415,CMH_01_SMART.xlsx,sheet بنود المطالبات,high,prev_progress in workbook is informational; platform will recompute server-side from approved claims (Migration 048).
CMH_01-C01,9,275,توريد وتركيب وتوصيل وإختبار وفحص اجهزة الإنارة ويشمل اللمبات وأقواس التركيب وحبال التعليق وقطع الأكسسوار و ايضا نقاط الانارة متضمنة مواسير/أقنية قاسية عالية التحمل PVC  أوEMT وعلب ذات أسلاك لاتقل عن 0.4 مم2 لنقطة الإنارة وتوصيل أطراف أسلاك التأريض،وكل الأعمال المساعدة كما هو محدد وموضح في المخططات. على المقاول المعاينة و فحص الشبكة الحالية و الاستفادة من التمديدات الحالية و دمجها  علما بان البند يشمل جميع الوصلات و الاسلاك و الكابلات اللازمة لنهو العمل  بعد عمل الاختبارات اللازمة و بعد الموافقة من مهندس المشرف .Type C2,عدد,420.0,1422.0,401.0,33.0,434.0,13860.0,30.520393811533054,بنود المطالبات,416,CMH_01_SMART.xlsx,sheet بنود المطالبات,high,prev_progress in workbook is informational; platform will recompute server-side from approved claims (Migration 048).
CMH_01-C01,9,276,توريد وتركيب وتوصيل وإختبار وفحص اجهزة الإنارة ويشمل اللمبات وأقواس التركيب وحبال التعليق وقطع الأكسسوار و ايضا نقاط الانارة متضمنة مواسير/أقنية قاسية عالية التحمل PVC  أوEMT وعلب ذات أسلاك لاتقل عن 0.4 مم2 لنقطة الإنارة وتوصيل أطراف أسلاك التأريض،وكل الأعمال المساعدة كما هو محدد وموضح في المخططات. على المقاول المعاينة و فحص الشبكة الحالية و الاستفادة من التمديدات الحالية و دمجها  علما بان البند يشمل جميع الوصلات و الاسلاك و الكابلات اللازمة لنهو العمل  بعد عمل الاختبارات اللازمة و بعد الموافقة من مهندس المشرف .Type C3,عدد,444.0,1062.0,169.0,50.0,219.0,22200.0,20.62146892655367,بنود المطالبات,417,CMH_01_SMART.xlsx,sheet بنود المطالبات,high,prev_progress in workbook is informational; platform will recompute server-side from approved claims (Migration 048).
CMH_01-C01,9,277,توريد وتركيب وتوصيل وإختبار وفحص اجهزة الإنارة ويشمل اللمبات وأقواس التركيب وحبال التعليق وقطع الأكسسوار و ايضا نقاط الانارة متضمنة مواسير/أقنية قاسية عالية التحمل PVC  أوEMT وعلب ذات أسلاك لاتقل عن 0.4 مم2 لنقطة الإنارة وتوصيل أطراف أسلاك التأريض،وكل الأعمال المساعدة كما هو محدد وموضح في المخططات. على المقاول المعاينة و فحص الشبكة الحالية و الاستفادة من التمديدات الحالية و دمجها  علما بان البند يشمل جميع الوصلات و الاسلاك و الكابلات اللازمة لنهو العمل  بعد عمل الاختبارات اللازمة و بعد الموافقة من مهندس المشرف .Type C4,عدد,300.0,284.0,33.0,16.0,49.0,4800.0,17.253521126760564,بنود المطالبات,418,CMH_01_SMART.xlsx,sheet بنود المطالبات,high,prev_progress in workbook is informational; platform will recompute server-side from approved claims (Migration 048).
CMH_01-C01,9,278,توريد وتركيب وتوصيل وإختبار وفحص اجهزة الإنارة ويشمل اللمبات وأقواس التركيب وحبال التعليق وقطع الأكسسوار و ايضا نقاط الانارة متضمنة مواسير/أقنية قاسية عالية التحمل PVC  أوEMT وعلب ذات أسلاك لاتقل عن 0.4 مم2 لنقطة الإنارة وتوصيل أطراف أسلاك التأريض،وكل الأعمال المساعدة كما هو محدد وموضح في المخططات. على المقاول المعاينة و فحص الشبكة الحالية و الاستفادة من التمديدات الحالية و دمجها  علما بان البند يشمل جميع الوصلات و الاسلاك و الكابلات اللازمة لنهو العمل  بعد عمل الاختبارات اللازمة و بعد الموافقة من مهندس المشرف .Type C5,عدد,438.0,149.0,20.0,55.0,75.0,24090.0,50.33557046979866,بنود المطالبات,419,CMH_01_SMART.xlsx,sheet بنود المطالبات,high,prev_progress in workbook is informational; platform will recompute server-side from approved claims (Migration 048).
CMH_01-C01,9,279,توريد وتركيب وتوصيل وإختبار وفحص اجهزة الإنارة ويشمل اللمبات وأقواس التركيب وحبال التعليق وقطع الأكسسوار و ايضا نقاط الانارة متضمنة مواسير/أقنية قاسية عالية التحمل PVC  أوEMT وعلب ذات أسلاك لاتقل عن 0.4 مم2 لنقطة الإنارة وتوصيل أطراف أسلاك التأريض،وكل الأعمال المساعدة كما هو محدد وموضح في المخططات.على المقاول المعاينة و فحص الشبكة الحالية و الاستفادة من التمديدات الحالية و دمجها  علما بان البند يشمل جميع الوصلات و الاسلاك و الكابلات اللازمة لنهو العمل  بعد عمل الاختبارات اللازمة و بعد الموافقة من مهندس المشرف .Type C6,عدد,288.0,158.0,36.0,14.0,50.0,4032.0,31.645569620253166,بنود المطالبات,420,CMH_01_SMART.xlsx,sheet بنود المطالبات,high,prev_progress in workbook is informational; platform will recompute server-side from approved claims (Migration 048).
CMH_01-C01,9,281,توريد وتركيب وتوصيل وإختبار وفحص اجهزة الإنارة ويشمل اللمبات وأقواس التركيب وحبال التعليق وقطع الأكسسوار و ايضا نقاط الانارة متضمنة مواسير/أقنية قاسية عالية التحمل PVC  أوEMT وعلب ذات أسلاك لاتقل عن 0.4 مم2 لنقطة الإنارة وتوصيل أطراف أسلاك التأريض،وكل الأعمال المساعدة كما هو محدد وموضح في المخططات. على المقاول المعاينة و فحص الشبكة الحالية و الاستفادة من التمديدات الحالية و دمجها  علما بان البند يشمل جميع الوصلات و الاسلاك و الكابلات اللازمة لنهو العمل  بعد عمل الاختبارات اللازمة و بعد الموافقة من مهندس المشرف . Type D1,عدد,936.0,56.0,10.0,12.0,22.0,11232.0,39.285714285714285,بنود المطالبات,421,CMH_01_SMART.xlsx,sheet بنود المطالبات,high,prev_progress in workbook is informational; platform will recompute server-side from approved claims (Migration 048).
CMH_01-C01,9,283,توريد وتركيب وتوصيل وإختبار وفحص اجهزة الإنارة ويشمل اللمبات وأقواس التركيب وحبال التعليق وقطع الأكسسوار و ايضا نقاط الانارة متضمنة مواسير/أقنية قاسية عالية التحمل PVC  أوEMT وعلب ذات أسلاك لاتقل عن 0.4 مم2 لنقطة الإنارة وتوصيل أطراف أسلاك التأريض،وكل الأعمال المساعدة كما هو محدد وموضح في المخططات. على المقاول المعاينة و فحص الشبكة الحالية و الاستفادة من التمديدات الحالية و دمجها  علما بان البند يشمل جميع الوصلات و الاسلاك و الكابلات اللازمة لنهو العمل  بعد عمل الاختبارات اللازمة و بعد الموافقة من مهندس المشرف .Type D3,عدد,288.0,179.0,28.0,50.0,78.0,14400.0,43.575418994413404,بنود المطالبات,422,CMH_01_SMART.xlsx,sheet بنود المطالبات,high,prev_progress in workbook is informational; platform will recompute server-side from approved claims (Migration 048).
CMH_01-C01,9,295,توريد وتركيب وتوصيل وإختبار وفحص اجهزة الإنارة ويشمل اللمبات وأقواس التركيب وحبال التعليق وقطع الأكسسوار و ايضا نقاط الانارة متضمنة مواسير/أقنية قاسية عالية التحمل PVC  أوEMT وعلب ذات أسلاك لاتقل عن 0.4 مم2 لنقطة الإنارة وتوصيل أطراف أسلاك التأريض،وكل الأعمال المساعدة كما هو محدد وموضح في المخططات. على المقاول المعاينة و فحص الشبكة الحالية و الاستفادة من التمديدات الحالية و دمجها  علما بان البند يشمل جميع الوصلات و الاسلاك و الكابلات اللازمة لنهو العمل  بعد عمل الاختبارات اللازمة و بعد الموافقة من مهندس المشرف .Type ES-1,عدد,360.0,430.0,49.0,42.0,91.0,15120.0,21.16279069767442,بنود المطالبات,423,CMH_01_SMART.xlsx,sheet بنود المطالبات,high,prev_progress in workbook is informational; platform will recompute server-side from approved claims (Migration 048).
CMH_01-C01,9,334,فك و تقطيع وتنزيل و ترحيل مواسير شبكة الصرف و التغذية القائمة و البند يشمل فك القطع والترحيل خارج الموقع وتسليم جميع مكونات شبكة الصرف و التغذية للجهة مالكة المشروع ,م.ط,16.523,0.0,1969.5,229.2,2198.7,3787.0715999999998,,بنود المطالبات,424,CMH_01_SMART.xlsx,sheet بنود المطالبات,high,prev_progress in workbook is informational; platform will recompute server-side from approved claims (Migration 048).
CMH_01-C01,9,341,فك و تقطيع وتنزيل و ترحيل مواسير شبكة مكافحة الحريق القائمة و البند يشمل فك الرشاشات والترحيل خارج الموقع وتسليم جميع مكونات شبكة الحريق للجهة مالكة المشروع ,م.ط,20.88,0.0,7084.89,2615.11,9700.0,54603.4968,,بنود المطالبات,425,CMH_01_SMART.xlsx,sheet بنود المطالبات,high,prev_progress in workbook is informational; platform will recompute server-side from approved claims (Migration 048).
CMH_01-C01,9,343,فك و إزالة  مجاري الهواء من الصفائح المعدنية المجلفنة شامل الاكواع و التفريعات و التحويله و العامة وحاملة التعليق و الترحيل إلى مستودعات الجهة مالكة المشروع بمدينة الرياض  ,م.ط,106.0,0.0,6078.94,1478.0,7556.94,156668.0,,بنود المطالبات,426,CMH_01_SMART.xlsx,sheet بنود المطالبات,high,prev_progress in workbook is informational; platform will recompute server-side from approved claims (Migration 048).
CMH_01-C01,10,2,تشتمل على أعمال الهدم وإلإزالة والترحيل داخل أدوار المبنى والسعر يشمل نقل المخلفات الغير صالحه للمقالب العموميه ونقل المخلفات الصالحه لمخازن الجهه المالكه.Ref drawing: 07-MRA-DD-(as per floor number)-AR-هدم وإزالة تشطيبات رخام أو بلاط بورسلان أو سيراميك  للأرضيات والجدران الحالية  بحسب المخططات المعتمدة وتعليمات المهندس المشرف.,م2,14.5,10362.0,2125.76,2775.3,4901.06,40241.850000000006,47.298397992665514,بنود المطالبات,427,CMH_01_SMART.xlsx,sheet بنود المطالبات,high,prev_progress in workbook is informational; platform will recompute server-side from approved claims (Migration 048).
CMH_01-C01,10,6,توريد وبناء مباني من البلوك  مقاوم للحريق شاملا المونة والفواصل وأربطة التثبيت والتسليح الرأسي وعتبات جميع الفتحات وعزل الجدران المزدوجة المفرّغة والمكملات ويتم توريد البلوك بالموقع على قواعد خشبية مغطاه بالبلاستيك ويستمر على هذه الحالة حتى يبدأ استخدامه للبناء على أن يكون ذو ابعاد بطول 40سم وسماكة حسب المطلوب وارتفاع 20سم وان تكون صلد سليم نظيف وذو زوايا خارجية قائمة يستعمل لبناء الحوائط حسب ما هو موضح بالمخططات مع التكحيل ويكون  مطابق للمواصفات حسب النوعيه المطلوبة والسعر يشمل كل مايلزم للبناء من البلوك الكامل والقطع الخاصة سواء 5.0 أو 25.0 ، كذلك القطع الخاصة بتمديد المواسير بحيث لا يتم تكسير البلوك أثناء الاستخدام للبناء على الأطلاق ، بالإضافة إلى كافة المواد والاكسسوارات والسقايل واستعمال الشبك الممدد والتسليح بواسطة خوابير معدنية والمرابط المعدنية ويشمل السعر أي مواد أو أعمال يتطلبها استكمال العمل حسب المواصفات  القسم Ref drawing: 07-MRA-DD-(as per floor number) وتعليمات المهندس المشرف 04200Ar-100,م2,150.0,450.0,2302.92,17.99,2320.91,2698.4999999999995,515.7577777777777,بنود المطالبات,428,CMH_01_SMART.xlsx,sheet بنود المطالبات,high,prev_progress in workbook is informational; platform will recompute server-side from approved claims (Migration 048).
CMH_01-C01,10,28,تصنيع وتركيب كسوة من الخشب للجدران ويكون النمط والحجم كما هو موضح بالرسومات ويشمل السعر أي مواد أو أعمال يتطلبها إنهاء العمل حسب المواصفات والمخططات وتعليمات المهندس المشرف. Ref drawing: 07-MRA-DD-(as per floor number)-AR-600 to 07-MRA-DD-(as  per floor number)-AR-604كسوة من خشب الـ)Mdf(، مثبتة على القواطع الجبسية مع قشرة صناعية بحسب العينة الموافق عليها وغروف حسب الرسومات والمناظير وتعليمات المهندس المشرفCode: WDP2,م2,528.0,2517.0,628.44,130.0,758.44,68640.0,30.132697655939612,بنود المطالبات,429,CMH_01_SMART.xlsx,sheet بنود المطالبات,high,prev_progress in workbook is informational; platform will recompute server-side from approved claims (Migration 048).
CMH_01-C01,10,29,"تصنيع وتركيب كسوة من الخشب للجدران ويكون النمط والحجم كما هو موضح بالرسومات ويشمل السعر أي مواد أو أعمال يتطلبها إنهاء العمل حسب المواصفات والمخططات وتعليمات المهندس المشرف. Ref drawing: 07-MRA-DD-(as per floor number)-AR-600 to 07-MRA-DD-(as  per floor number)-AR-604كسوة من خشب الـ)Mdf(  ، مثبتة على االقواطع الجبسية بدهان رمادي على شكل وهيئة الأسطح الاسمنتية ) matt( مع تصميم بفتحات حسب الرسومات والمناظير وتعليمات المهندس المشرف.Code: WDP3-01, WDP3-02, WDP3-03",م2,528.0,846.0,179.78,104.22,284.0,55028.159999999996,33.56973995271868,بنود المطالبات,430,CMH_01_SMART.xlsx,sheet بنود المطالبات,high,prev_progress in workbook is informational; platform will recompute server-side from approved claims (Migration 048).
CMH_01-C01,10,30,"تصنيع وتركيب كسوة من الخشب للجدران ويكون النمط والحجم كما هو موضح بالرسومات ويشمل السعر أي مواد أو أعمال يتطلبها إنهاء العمل حسب المواصفات والمخططات وتعليمات المهندس المشرف. Ref drawing: 07-MRA-DD-(as per floor number)-AR-600 to 07-MRA-DD-(as  per floor number)-AR-604كسوة من خشب الـ) Mdf(  ، مع قشرة السنديان المطلي بدهان ابيض  مع غروف وفتحات إضاءة مخفية مغلفة من الداخل بطبقة Acrylic مغشى  حسب الرسومات والمناظير وتعليمات المهندس المشرف.Code: WDP1-03, WDP1-04, WDP1-05, WDP1-06",م2,570.0,456.0,111.42,62.4,173.82,35568.0,38.11842105263158,بنود المطالبات,431,CMH_01_SMART.xlsx,sheet بنود المطالبات,high,prev_progress in workbook is informational; platform will recompute server-side from approved claims (Migration 048).
CMH_01-C01,10,38,صنيع وتركيب كسوة من الخشب للاسقف ويكون النمط والحجم كما هو موضح بالرسومات ويشمل السعر أي مواد أو أعمال يتطلبها إنهاء العمل حسب المواصفات والمخططات وتعليمات المهندس المشرف.Ref drawing: 07-MRA-DD-(as per floor number)-AR-200سطح خشبي من من خشب الـ)Mdf(  مع قشرة صناعية بحسب العينة الموافق عليها وغروف مثبتة بنظام تعليق متصلة بالسقف الخرساني حسب الرسومات والمناظير وتعليمات المهندس المشرف.Code: WDC-01 & WDC-02,م2,840.0,684.0,128.86,102.14,231.0,85797.6,33.771929824561404,بنود المطالبات,432,CMH_01_SMART.xlsx,sheet بنود المطالبات,high,prev_progress in workbook is informational; platform will recompute server-side from approved claims (Migration 048).
CMH_01-C01,10,40,تصنيع وتركيب خزائن خشبية ويكون النمط والحجم كما هو موضح بالرسومات ويشمل السعر أي مواد أو أعمال يتطلبها إنهاء العمل حسب المواصفات والمخططات وتعليمات المهندس المشرف.Ref drawing: 07-MRA-DD-(as per floor number)-AR-605خزانة خشبية01-WDC و 02-WDC من خشب الـ ) Mdf ( متداخلة الالوان من قشرة صناعية بحسب  العينة الموافق عليها والدهان الرمادي  على شكل وهيئة الاسطح الاسمنتية مثبتة على القواطع الجبسية مع اضاءة مخفية ومفصلات ومقابض مخفية وتصميم حسب الرسومات والمناظير وتعليمات المهندس المشرف.,م2,1440.0,72.0,8.93,9.78,18.71,14083.199999999999,25.98611111111111,بنود المطالبات,433,CMH_01_SMART.xlsx,sheet بنود المطالبات,high,prev_progress in workbook is informational; platform will recompute server-side from approved claims (Migration 048).
CMH_01-C01,10,42,تصنيع وتركيب خزائن خشبية ويكون النمط والحجم كما هو موضح بالرسومات ويشمل السعر أي مواد أو أعمال يتطلبها إنهاء العمل حسب المواصفات والمخططات وتعليمات المهندس المشرف.Ref drawing: 07-MRA-DD-(as per floor number)-AR-605خزانة خشبية04-WDC   من خشب الـ ) Mdf (  مطلية بدهان رمادي على شكل وهيئة الاسطح الاسمنتية مع غروف ومفصلات ومقابض مخفية ، وارفف مفتوحة من قشرة الجوز ،واضاءة مخفية ، مثبتة على الجدار الخارجي حسب الرسومات والمناظير  وتعليمات المهندس المشرف.,م2,1200.0,297.0,45.760000000000005,37.24,83.0,44688.0,27.946127946127948,بنود المطالبات,434,CMH_01_SMART.xlsx,sheet بنود المطالبات,high,prev_progress in workbook is informational; platform will recompute server-side from approved claims (Migration 048).
CMH_01-C01,10,66,توريد وتركيب قواطع زجاجيه داخليه من زجاج  سيكوريت عازل للصوت ثخانة 12مم مركّبة على مقاطع من  الألمنيوم )لون اسود 9005RAL (  مثبتة  بالسقف والأرض بإرتفاع 2700مم .ويشمل العمل الاطار والقوائم  والتثبيت بتيوب حديد ابعاد 4*8 سم وسماكة 2ملم  والملصقات بأماكن محددة حسب التصميم ، وفواصل البوليكاربونيت الجاف بين الألواح الزجاجية وقطع الإكسسوار ومانع التسرب والمواد الأخُرى المطلوبة لاستكمال التركيب حسب المخططات وتعليمات االمهندس المشرف.,م²,900.0,4000.0,1125.07,59.0,1184.07,53100.0,29.60175,بنود المطالبات,435,CMH_01_SMART.xlsx,sheet بنود المطالبات,high,prev_progress in workbook is informational; platform will recompute server-side from approved claims (Migration 048).
CMH_01-C01,10,74,توريد وتركيب قاطع جداري ثخانة 100مم ذو الواح جبسية مقاومه للحريق  ثخانة 5.12مم تركب من الجهتين )طبقات مزدوجة( يشمل المسامير المعدنية و المزالج / الأعضاء المعدنية الساندة والسكك والغطاء العازل للصوت )صوف صخري( وكل الإكسسوارات حسب المخطط والمواصفات وتعليمات المهندس المشرف.,م²,180.0,12526.0,3104.1,893.9,3998.0,160902.0,31.917611368353825,بنود المطالبات,436,CMH_01_SMART.xlsx,sheet بنود المطالبات,high,prev_progress in workbook is informational; platform will recompute server-side from approved claims (Migration 048).
CMH_01-C01,10,75,توريد وتركيب أسقف معلقة من الالواح الجبسيه )01-GBC( ثخانة 12 مم المقاومة للحريق شاملة نظام التعليق وضبط الحواف والزوايا وأبواب لفتحات الكشف بالأسقف لأعمال الصيانة )أبواب جاهزة من النوع السهل الاستعمال والمزود بمفصلات مخفية( والإكسسوارات. ويشمل السعر أي مواد أو أعمال يتطلبها استكمال العمل حسب المواصفات والمخططات.,م²,150.0,24468.0,4106.10007,2299.9,6406.00007,344985.0,26.18113482916462,بنود المطالبات,437,CMH_01_SMART.xlsx,sheet بنود المطالبات,high,prev_progress in workbook is informational; platform will recompute server-side from approved claims (Migration 048).
CMH_01-C01,10,97,رخام رمادي غامق تندر غراي مقاس 600×900 مم  سماكة  20مم  كإطار حول المصاعد,م²,300.0,101.0,0.0,13.0,13.0,3900.0,12.871287128712872,بنود المطالبات,438,CMH_01_SMART.xlsx,sheet بنود المطالبات,high,prev_progress in workbook is informational; platform will recompute server-side from approved claims (Migration 048).
CMH_01-C01,10,230,توريد و تصنيع و تركيب أعمال مجاري  من الصفائح المعدنية المجلفنه )90G( للهواء الداخل والراجع والهواء النقي وقناة السحب حسب المواصفات القياسية SMACNA وتشمل التيهات/القطعة التائية والكوع/المرفق والتفريعات والتحويلة والدعامة وحمالة التعليق. ويجب أخذ الطول على امتداد خط المركز فوق كل قطع التركيبات، ومن المفهوم بأن السعر الإفرادي لأعمال مجاري الهواء/الأقنية محمل عليه كل دعامات حامل التعليق ومخمّد الصوت والحريق وكل قطع الإكسسوار عزل الحراري )فايبرغلاس( ثخانة 25 مم وبكثافة 24 كغ/م3 مع مانع تبخر من الألمنيوم المقوّى حسب المخططات والمواصفات و حسب تعليمات مهندس المشرف.,م.ط,300.0,7000.0,4578.74,547.26,5126.0,164178.0,73.22857142857143,بنود المطالبات,439,CMH_01_SMART.xlsx,sheet بنود المطالبات,high,prev_progress in workbook is informational; platform will recompute server-side from approved claims (Migration 048).
CMH_01-C01,10,231,ناشرة هواء ذات فتحات طولية  للهواء الداخل مصنعة من الألمنيوم المشكل بالبثق ومطلية بمسحوق البولستركاملة، مخمدات صوت ذات أرياش متضادّة ،وصندوق حجمى معزول من الداخل بعازل صوتى وميكانيزم للتحكم فى الهواء من واجهة الناشر وكل قطع الأكسسوار حسب المواصفات والمخططات مع توفير عينات للاعتماد من مهندس المشرف. ثلاثة فتحات / ثقب 25مم عرض,م.ط,480.0,1925.0,232.58999999999997,108.41,341.0,52036.799999999996,17.71428571428571,بنود المطالبات,440,CMH_01_SMART.xlsx,sheet بنود المطالبات,high,prev_progress in workbook is informational; platform will recompute server-side from approved claims (Migration 048).
CMH_01-C01,10,232,ناشرة هواء ذات فتحات طولية للهواء الراجع مصنعة من الألمنيوم المشكل بالبثق ومطلية بمسحوق البولستركاملة، وكل قطع الأكسسوار حسب المواصفات والمخططات مع توفير عينات للاعتماد من مهندس المشرف. ثلاثة فتحات / ثقب 25مم عرض,م.ط,480.0,1925.0,233.41,108.59,342.0,52123.200000000004,17.766233766233768,بنود المطالبات,441,CMH_01_SMART.xlsx,sheet بنود المطالبات,high,prev_progress in workbook is informational; platform will recompute server-side from approved claims (Migration 048).
CMH_01-C01,10,233, جريلات تغذية من الالومينيوم مغطاة ببودرة البوليستر كاملة وجميع الملحقات حسب المخططات..والمواصفات مع توفير عينات للاعتماد من مهندس المشرف 600mm X 600mm,عدد,456.0,724.0,138.0,26.0,164.0,11856.0,22.65193370165746,بنود المطالبات,442,CMH_01_SMART.xlsx,sheet بنود المطالبات,high,prev_progress in workbook is informational; platform will recompute server-side from approved claims (Migration 048).
CMH_01-C01,10,234, جريلات رجوع من الالومينيوم مغطاة ببودرة البوليستر كاملة وجميع الملحقات حسب المخططات.والمواصفات مع توفير عينات للاعتماد من مهندس المشرف 600mm X 600mm,عدد,264.0,724.0,77.0,46.0,123.0,12144.0,16.988950276243095,بنود المطالبات,443,CMH_01_SMART.xlsx,sheet بنود المطالبات,high,prev_progress in workbook is informational; platform will recompute server-side from approved claims (Migration 048).
CMH_01-C01,10,237,وصلات هواء مرنة مع الكلبسات المعدنية، والبراغي، والملحقات الضرورية. العزل يجب أن يكون بسماكة 25 مم وكثافة 16 كغ/م3 لناشرات الهواء الخطية ويجب ان يطابق كود الحريق NFPA 90A حسب المواصفات والمخططات مع توفير عينات للاعتماد من مهندس المشرف. Dia 200 mm,م.ط,54.0,2964.0,115.2,28.8,144.0,1555.2,4.8582995951417,بنود المطالبات,444,CMH_01_SMART.xlsx,sheet بنود المطالبات,high,prev_progress in workbook is informational; platform will recompute server-side from approved claims (Migration 048).
CMH_01-C01,10,238,وصلات هواء مرنة مع الكلبسات المعدنية، والبراغي، والملحقات الضرورية. العزل يجب أن يكون بسماكة 25 مم وكثافة 16 كغ/م3 لناشرات الهواء الخطية ويجب ان يطابق كود الحريق NFPA 90A حسب المواصفات والمخططات مع توفير عينات للاعتماد من مهندس المشرف. Dia 250 mm,م.ط,66.0,60.0,285.8,452.2,738.0,29845.2,1230,بنود المطالبات,445,CMH_01_SMART.xlsx,sheet بنود المطالبات,high,prev_progress in workbook is informational; platform will recompute server-side from approved claims (Migration 048).
CMH_01-C01,10,248,توريد وتركيب مقابس طاقة مربوطة بأسلاك 4 مم2 كحد أدنى وتشمل الأجهزة و والأسلاك والمواسير والعلب ودعامات التثبيت ، من اللوحات الى نقاط المقابس وحسب المواصفات. على المقاول المعاينة و فحص الشبكة الحالية و الاستفادة من التمديدات الحالية و دمجها مع التركيبات الجديدة بعد عمل الاختبارات اللازمة و بعد الموافقة من مهندس المشرف .مقبس أحادي، مركب على الجدار، من النوع المؤرض، 15 أمبير، 230 فولت، طور واحد، قطبين، 3 أسلاك.,عدد,216.0,282.0,51.85,40.15,92.0,8672.4,32.62411347517731,بنود المطالبات,446,CMH_01_SMART.xlsx,sheet بنود المطالبات,high,prev_progress in workbook is informational; platform will recompute server-side from approved claims (Migration 048).
CMH_01-C01,10,249,توريد وتركيب مقابس طاقة مربوطة بأسلاك 4 مم2 كحد أدنى وتشمل الأجهزة و والأسلاك والمواسير والعلب ودعامات التثبيت ، من اللوحات الى نقاط المقابس وحسب المواصفات. على المقاول المعاينة و فحص الشبكة الحالية و الاستفادة من التمديدات الحالية و دمجها مع التركيبات الجديدة بعد عمل الاختبارات اللازمة و بعد الموافقة من مهندس المشرف . مقبس ثنائي سقفى، من النوع المؤرض، 15 أمبير، 230 فولت، طور واحد، قطبين، 3 أسلاك.,عدد,216.0,126.0,37.0,13.0,50.0,2808.0,39.682539682539684,بنود المطالبات,447,CMH_01_SMART.xlsx,sheet بنود المطالبات,high,prev_progress in workbook is informational; platform will recompute server-side from approved claims (Migration 048).
CMH_01-C01,10,253, توريد وتركيب واختبار وفحص نقاط قوى للمقابس الكهربائية المتعددة الاستخدام بأسلاك نحاسية معزولة وذات مقطع لا يقل عن 6 مم2  في مواسير ويشتمل على المقبس و الاسلاك و PVC بمادة البلاستيك العلب وأعمال التثبيت والدعائم وكل الملحقات من لوحة التوزيع حتى المخارج وفقا للمخططات.والمواصفات الفنية  على المقاول المعاينة و فحص الشبكة الحالية و الاستفادة من التمديدات الحالية و دمجها مع التركيبات. الجديدة بعد عمل الاختبارات اللازمة و بعد الموافقة من مهندس المشرفمخرج  ومؤرض 30 أمبير ، 230 فولت 3 أسلاك ، 1 فاز لمجفف الأيدي,عدد,264.0,72.0,6.0,8.0,14.0,2112.0,19.444444444444446,بنود المطالبات,448,CMH_01_SMART.xlsx,sheet بنود المطالبات,high,prev_progress in workbook is informational; platform will recompute server-side from approved claims (Migration 048).
CMH_01-C01,10,262,توريد وتركيب وتوصيل وإختبار وفحص اجهزة الإنارة ويشمل اللمبات وأقواس التركيب وحبال التعليق وقطع الأكسسوار و ايضا نقاط الانارة متضمنة مواسير/أقنية قاسية عالية التحمل PVC  أوEMT وعلب ذات أسلاك لاتقل عن 0.4 مم2 لنقطة الإنارة وتوصيل أطراف أسلاك التأريض،وكل الأعمال المساعدة كما هو محدد وموضح في المخططات. على المقاول المعاينة و فحص الشبكة الحالية و الاستفادة من التمديدات الحالية و دمجها  علما بان البند يشمل جميع الوصلات و الاسلاك و الكابلات اللازمة لنهو العمل  بعد عمل الاختبارات اللازمة و بعد الموافقة من مهندس المشرف . Type A1,عدد,348.0,530.0,60.0,51.0,111.0,17748.0,20.943396226415096,بنود المطالبات,449,CMH_01_SMART.xlsx,sheet بنود المطالبات,high,prev_progress in workbook is informational; platform will recompute server-side from approved claims (Migration 048).
CMH_01-C01,10,264,توريد وتركيب وتوصيل وإختبار وفحص اجهزة الإنارة ويشمل اللمبات وأقواس التركيب وحبال التعليق وقطع الأكسسوار و ايضا نقاط الانارة متضمنة مواسير/أقنية قاسية عالية التحمل PVC  أوEMT وعلب ذات أسلاك لاتقل عن 0.4 مم2 لنقطة الإنارة وتوصيل أطراف أسلاك التأريض،وكل الأعمال المساعدة كما هو محدد وموضح في المخططات. على المقاول المعاينة و فحص الشبكة الحالية و الاستفادة من التمديدات الحالية و دمجها  علما بان البند يشمل جميع الوصلات و الاسلاك و الكابلات اللازمة لنهو العمل  بعد عمل الاختبارات اللازمة و بعد الموافقة من مهندس المشرف . Type A2,عدد,1044.0,1113.0,336.0,80.0,416.0,83520.0,37.37646001796946,بنود المطالبات,450,CMH_01_SMART.xlsx,sheet بنود المطالبات,high,prev_progress in workbook is informational; platform will recompute server-side from approved claims (Migration 048).
CMH_01-C01,10,272,توريد وتركيب وتوصيل وإختبار وفحص اجهزة الإنارة ويشمل اللمبات وأقواس التركيب وحبال التعليق وقطع الأكسسوار و ايضا نقاط الانارة متضمنة مواسير/أقنية قاسية عالية التحمل PVC  أوEMT وعلب ذات أسلاك لاتقل عن 0.4 مم2 لنقطة الإنارة وتوصيل أطراف أسلاك التأريض،وكل الأعمال المساعدة كما هو محدد وموضح في المخططات. على المقاول المعاينة و فحص الشبكة الحالية و الاستفادة من التمديدات الحالية و دمجها  علما بان البند يشمل جميع الوصلات و الاسلاك و الكابلات اللازمة لنهو العمل  بعد عمل الاختبارات اللازمة و بعد الموافقة من مهندس المشرف .Type B1,عدد,720.0,343.0,25.0,7.0,32.0,5040.0,9.329446064139942,بنود المطالبات,451,CMH_01_SMART.xlsx,sheet بنود المطالبات,high,prev_progress in workbook is informational; platform will recompute server-side from approved claims (Migration 048).
CMH_01-C01,10,274,توريد وتركيب وتوصيل وإختبار وفحص اجهزة الإنارة ويشمل اللمبات وأقواس التركيب وحبال التعليق وقطع الأكسسوار و ايضا نقاط الانارة متضمنة مواسير/أقنية قاسية عالية التحمل PVC  أوEMT وعلب ذات أسلاك لاتقل عن 0.4 مم2 لنقطة الإنارة وتوصيل أطراف أسلاك التأريض،وكل الأعمال المساعدة كما هو محدد وموضح في المخططات.على المقاول المعاينة و فحص الشبكة الحالية و الاستفادة من التمديدات الحالية و دمجها  علما بان البند يشمل جميع الوصلات و الاسلاك و الكابلات اللازمة لنهو العمل  بعد عمل الاختبارات اللازمة و بعد الموافقة من مهندس المشرف .Type C1,عدد,1128.0,172.0,25.0,25.0,50.0,28200.0,29.069767441860467,بنود المطالبات,452,CMH_01_SMART.xlsx,sheet بنود المطالبات,high,prev_progress in workbook is informational; platform will recompute server-side from approved claims (Migration 048).
CMH_01-C01,10,275,توريد وتركيب وتوصيل وإختبار وفحص اجهزة الإنارة ويشمل اللمبات وأقواس التركيب وحبال التعليق وقطع الأكسسوار و ايضا نقاط الانارة متضمنة مواسير/أقنية قاسية عالية التحمل PVC  أوEMT وعلب ذات أسلاك لاتقل عن 0.4 مم2 لنقطة الإنارة وتوصيل أطراف أسلاك التأريض،وكل الأعمال المساعدة كما هو محدد وموضح في المخططات. على المقاول المعاينة و فحص الشبكة الحالية و الاستفادة من التمديدات الحالية و دمجها  علما بان البند يشمل جميع الوصلات و الاسلاك و الكابلات اللازمة لنهو العمل  بعد عمل الاختبارات اللازمة و بعد الموافقة من مهندس المشرف .Type C2,عدد,420.0,1422.0,434.0,121.0,555.0,50820.0,39.029535864978904,بنود المطالبات,453,CMH_01_SMART.xlsx,sheet بنود المطالبات,high,prev_progress in workbook is informational; platform will recompute server-side from approved claims (Migration 048).
CMH_01-C01,10,277,توريد وتركيب وتوصيل وإختبار وفحص اجهزة الإنارة ويشمل اللمبات وأقواس التركيب وحبال التعليق وقطع الأكسسوار و ايضا نقاط الانارة متضمنة مواسير/أقنية قاسية عالية التحمل PVC  أوEMT وعلب ذات أسلاك لاتقل عن 0.4 مم2 لنقطة الإنارة وتوصيل أطراف أسلاك التأريض،وكل الأعمال المساعدة كما هو محدد وموضح في المخططات. على المقاول المعاينة و فحص الشبكة الحالية و الاستفادة من التمديدات الحالية و دمجها  علما بان البند يشمل جميع الوصلات و الاسلاك و الكابلات اللازمة لنهو العمل  بعد عمل الاختبارات اللازمة و بعد الموافقة من مهندس المشرف .Type C4,عدد,300.0,284.0,49.0,43.0,92.0,12900.0,32.3943661971831,بنود المطالبات,454,CMH_01_SMART.xlsx,sheet بنود المطالبات,high,prev_progress in workbook is informational; platform will recompute server-side from approved claims (Migration 048).
CMH_01-C01,10,281,توريد وتركيب وتوصيل وإختبار وفحص اجهزة الإنارة ويشمل اللمبات وأقواس التركيب وحبال التعليق وقطع الأكسسوار و ايضا نقاط الانارة متضمنة مواسير/أقنية قاسية عالية التحمل PVC  أوEMT وعلب ذات أسلاك لاتقل عن 0.4 مم2 لنقطة الإنارة وتوصيل أطراف أسلاك التأريض،وكل الأعمال المساعدة كما هو محدد وموضح في المخططات. على المقاول المعاينة و فحص الشبكة الحالية و الاستفادة من التمديدات الحالية و دمجها  علما بان البند يشمل جميع الوصلات و الاسلاك و الكابلات اللازمة لنهو العمل  بعد عمل الاختبارات اللازمة و بعد الموافقة من مهندس المشرف . Type D1,عدد,936.0,56.0,22.0,5.0,27.0,4680.0,48.214285714285715,بنود المطالبات,455,CMH_01_SMART.xlsx,sheet بنود المطالبات,high,prev_progress in workbook is informational; platform will recompute server-side from approved claims (Migration 048).
CMH_01-C01,10,288,توريد وتركيب وتوصيل وإختبار وفحص اجهزة الإنارة ويشمل اللمبات وأقواس التركيب وحبال التعليق وقطع الأكسسوار و ايضا نقاط الانارة متضمنة مواسير/أقنية قاسية عالية التحمل PVC  أوEMT وعلب ذات أسلاك لاتقل عن 0.4 مم2 لنقطة الإنارة وتوصيل أطراف أسلاك التأريض،وكل الأعمال المساعدة كما هو محدد وموضح في المخططات. على المقاول المعاينة و فحص الشبكة الحالية و الاستفادة من التمديدات الحالية و دمجها  علما بان البند يشمل جميع الوصلات و الاسلاك و الكابلات اللازمة لنهو العمل  بعد عمل الاختبارات اللازمة و بعد الموافقة من مهندس المشرف .Type LB1,م.ط,170.4,5772.0,1021.0,715.0,1736.0,121836.0,30.076230076230075,بنود المطالبات,456,CMH_01_SMART.xlsx,sheet بنود المطالبات,high,prev_progress in workbook is informational; platform will recompute server-side from approved claims (Migration 048).
CMH_01-C01,10,290,توريد وتركيب وتوصيل وإختبار وفحص اجهزة الإنارة ويشمل اللمبات وأقواس التركيب وحبال التعليق وقطع الأكسسوار و ايضا نقاط الانارة متضمنة مواسير/أقنية قاسية عالية التحمل PVC  أوEMT وعلب ذات أسلاك لاتقل عن 0.4 مم2 لنقطة الإنارة وتوصيل أطراف أسلاك التأريض،وكل الأعمال المساعدة كما هو محدد وموضح في المخططات. على المقاول المعاينة و فحص الشبكة الحالية و الاستفادة من التمديدات الحالية و دمجها  علما بان البند يشمل جميع الوصلات و الاسلاك و الكابلات اللازمة لنهو العمل  بعد عمل الاختبارات اللازمة و بعد الموافقة من مهندس المشرف . Type LB3,عدد,900.0,237.0,18.0,47.0,65.0,42300.0,27.42616033755274,بنود المطالبات,457,CMH_01_SMART.xlsx,sheet بنود المطالبات,high,prev_progress in workbook is informational; platform will recompute server-side from approved claims (Migration 048).
CMH_01-C01,10,299,توريد وتركيب وتوصيل وإختبار وفحص اجهزة الإنارة ويشمل اللمبات وأقواس التركيب وحبال التعليق وقطع الأكسسوار و ايضا نقاط الانارة متضمنة مواسير/أقنية قاسية عالية التحمل PVC  أوEMT وعلب ذات أسلاك لاتقل عن 0.4 مم2 لنقطة الإنارة وتوصيل أطراف أسلاك التأريض،وكل الأعمال المساعدة كما هو محدد وموضح في المخططات. على المقاول المعاينة و فحص الشبكة الحالية و الاستفادة من التمديدات الحالية و دمجها  علما بان البند يشمل جميع الوصلات و الاسلاك و الكابلات اللازمة لنهو العمل  بعد عمل الاختبارات اللازمة و بعد الموافقة من مهندس المشرف . Type T1,عدد,744.0,1146.0,202.0,23.0,225.0,17112.0,19.63350785340314,بنود المطالبات,458,CMH_01_SMART.xlsx,sheet بنود المطالبات,high,prev_progress in workbook is informational; platform will recompute server-side from approved claims (Migration 048).
CMH_01-C01,10,303,توريد وتركيب وتوصيل واختبار مفاتيح التحكم بالإنارة / أزرار كبس 10 أمبير، 230 فولت، وتشمل كل المواسير معزولة ب  PVC وأسلاك نحاس  0.4 مم2 حتى وحدات الانارة حسب الموضح على المخططات وحسب المواصفات على المقاول المعاينة و فحص الشبكة الحالية و الاستفادة من التمديدات الحالية و دمجها مع التركيبات الجديدة بعد عمل الاختبارات اللازمة و بعد الموافقة من مهندس المشرف . مفتاح أحادي ، أحادي الكباّس، 10 أمبير,عدد,216.0,226.0,12.0,55.0,67.0,11880.0,29.646017699115045,بنود المطالبات,459,CMH_01_SMART.xlsx,sheet بنود المطالبات,high,prev_progress in workbook is informational; platform will recompute server-side from approved claims (Migration 048).
CMH_01-C01,10,304,توريد وتركيب وتوصيل واختبار مفاتيح التحكم بالإنارة / أزرار كبس 10 أمبير، 230 فولت، وتشمل كل المواسير معزولة ب  PVC وأسلاك نحاس  0.4 مم2 حتى وحدات الانارة حسب الموضح على المخططات وحسب المواصفات. على المقاول المعاينة و فحص الشبكة الحالية و الاستفادة من التمديدات الحالية و دمجها مع التركيبات الجديدة بعد عمل الاختبارات اللازمة و بعد الموافقة من مهندس المشرف .مفتاح أحادي ، ثنائي الكباّس، 10 أمبير,عدد,216.0,490.0,19.0,149.0,168.0,32184.0,34.285714285714285,بنود المطالبات,460,CMH_01_SMART.xlsx,sheet بنود المطالبات,high,prev_progress in workbook is informational; platform will recompute server-side from approved claims (Migration 048).
CMH_01-C01,10,306,توريد وتركيب وتوصيل واختبار مفاتيح التحكم بالإنارة / أزرار كبس 10 أمبير، 230 فولت، وتشمل كل المواسير معزولة ب  PVC وأسلاك نحاس  0.4 مم2 حتى وحدات الانارة حسب الموضح على المخططات وحسب المواصفات. على المقاول المعاينة و فحص الشبكة الحالية و الاستفادة من التمديدات الحالية و دمجها مع التركيبات الجديدة بعد عمل الاختبارات اللازمة و بعد الموافقة من مهندس المشرف .مفتاح ثنائي ، ثنائي الكباّس، 10 أمبير,عدد,216.0,66.0,7.0,11.0,18.0,2376.0,27.27272727272727,بنود المطالبات,461,CMH_01_SMART.xlsx,sheet بنود المطالبات,high,prev_progress in workbook is informational; platform will recompute server-side from approved claims (Migration 048).
CMH_01-C01,10,308,توريد وتركيب و فحص وتسليم نظام انذار حريق معنون  يتضمن لوحة إنذار رئيسية مرتبطة بحاسب مع طابعة  مزود  ببرنامج مصنع خصيصاً لهذا النوع من الأنظمة  قادر على التوافق مع نظام المراقبة التلفزيونية  و التحكم بالدخول و المراقبة . و ذلك باستخدام كوابل مخصصة لأنظمة إنذار الحريق ذات غلاف خارجي من نوع LSOH و يجب أن لا يقل الناقل عن Cx1.5mm2   و يتم التركيب ضمن مواسير من النوع EMT    و تشمل اعمال المدنية إن لزم ذلك  وكل ما يلزم لإتمام العمل على اكمل وجه. على المقاول المعاينة و فحص الشبكة الحالية و الاستفادة من التمديدات الحالية و دمجها مع التركيبات الجديدة بعد عمل الاختبارات اللازمة و بعد الموافقة من مهندس المشرف . على المقاول عمل ربط  انذار الحريق مع نظام ادارة المبنى BMS,عدد,28800.0,1.0,0.0,0.2,0.2,5760.0,20,بنود المطالبات,462,CMH_01_SMART.xlsx,sheet بنود المطالبات,high,prev_progress in workbook is informational; platform will recompute server-side from approved claims (Migration 048).
CMH_01-C01,10,309, كاشف انذار دخان من النوع المعنون طبقا للمخططات  ومواصفات المشروع,عدد,276.0,715.0,74.0,81.0,155.0,22356.0,21.678321678321677,بنود المطالبات,463,CMH_01_SMART.xlsx,sheet بنود المطالبات,high,prev_progress in workbook is informational; platform will recompute server-side from approved claims (Migration 048).
CMH_01-C01,10,311, وحدة إنذار حريق يدوية من النوع المعنون طبقا للمخططات  ومواصفات المشروع,عدد,384.0,54.0,3.0,4.0,7.0,1536.0,12.962962962962962,بنود المطالبات,464,CMH_01_SMART.xlsx,sheet بنود المطالبات,high,prev_progress in workbook is informational; platform will recompute server-side from approved claims (Migration 048).
CMH_01-C01,10,313,وحدة تحكم  )Control module( من النوع المعنون طبقا للمخططات  ومواصفات المشروع,عدد,420.0,69.0,10.0,5.0,15.0,2100.0,21.73913043478261,بنود المطالبات,465,CMH_01_SMART.xlsx,sheet بنود المطالبات,high,prev_progress in workbook is informational; platform will recompute server-side from approved claims (Migration 048).
CMH_01-C01,10,314,وحدة جرس إنذار حريق داخلى طبقا للمخططات  ومواصفات المشروع,عدد,576.0,24.0,3.0,2.0,5.0,1152.0,20.833333333333336,بنود المطالبات,466,CMH_01_SMART.xlsx,sheet بنود المطالبات,high,prev_progress in workbook is informational; platform will recompute server-side from approved claims (Migration 048).
CMH_01-C01,10,351,توريد وتركيب وفرد دهان ايبوكسي لزوم الدربزينات بالفناء الوسطي و البهو الداخلي بين الادوار و المدخل ويتم التركيب طبقاً للمخططات والمواصفات الفنية و المواد المعتمدة  .,م.ط,45.0,0.0,60.47,19.53,80.0,878.85,,بنود المطالبات,467,CMH_01_SMART.xlsx,sheet بنود المطالبات,high,prev_progress in workbook is informational; platform will recompute server-side from approved claims (Migration 048).
CMH_01-C01,11,6,توريد وبناء مباني من البلوك  مقاوم للحريق شاملا المونة والفواصل وأربطة التثبيت والتسليح الرأسي وعتبات جميع الفتحات وعزل الجدران المزدوجة المفرّغة والمكملات ويتم توريد البلوك بالموقع على قواعد خشبية مغطاه بالبلاستيك ويستمر على هذه الحالة حتى يبدأ استخدامه للبناء على أن يكون ذو ابعاد بطول 40سم وسماكة حسب المطلوب وارتفاع 20سم وان تكون صلد سليم نظيف وذو زوايا خارجية قائمة يستعمل لبناء الحوائط حسب ما هو موضح بالمخططات مع التكحيل ويكون  مطابق للمواصفات حسب النوعيه المطلوبة والسعر يشمل كل مايلزم للبناء من البلوك الكامل والقطع الخاصة سواء 5.0 أو 25.0 ، كذلك القطع الخاصة بتمديد المواسير بحيث لا يتم تكسير البلوك أثناء الاستخدام للبناء على الأطلاق ، بالإضافة إلى كافة المواد والاكسسوارات والسقايل واستعمال الشبك الممدد والتسليح بواسطة خوابير معدنية والمرابط المعدنية ويشمل السعر أي مواد أو أعمال يتطلبها استكمال العمل حسب المواصفات  القسم Ref drawing: 07-MRA-DD-(as per floor number) وتعليمات المهندس المشرف 04200Ar-100,م2,150.0,450.0,2320.91,373.09,2694.0,55963.49999999999,598.6666666666666,بنود المطالبات,468,CMH_01_SMART.xlsx,sheet بنود المطالبات,high,prev_progress in workbook is informational; platform will recompute server-side from approved claims (Migration 048).
CMH_01-C01,11,7,توريد وبناء مباني من البلوك  مقاوم للحريق شاملا المونة والفواصل وأربطة التثبيت والتسليح الرأسي وعتبات جميع الفتحات وعزل الجدران المزدوجة المفرّغة والمكملات ويتم توريد البلوك بالموقع علىقواعد خشبية مغطاه بالبلاستيك ويستمر على هذه الحالة حتى يبدأ استخدامه للبناء على أن يكون ذو ابعاد بطول 40سم وسماكة حسب المطلوب وارتفاع 20سم وان تكون صلد سليم نظيف وذو زوايا خارجية قائمة يستعمل لبناء الحوائط حسب ما هو موضح بالمخططات مع التكحيل ويكون  مطابق للمواصفات حسب النوعيه المطلوبة والسعر يشمل كل مايلزم للبناء من البلوك الكامل والقطع الخاصة سواء 5.0 أو 25.0 ، كذلك القطع الخاصة بتمديد المواسير بحيث لا يتم تكسير البلوك أثناء الاستخدام للبناء على الأطلاق ، بالإضافة إلى كافة المواد والاكسسوارات والسقايل واستعمال الشبك الممدد والتسليح بواسطة خوابير معدنية والمرابط المعدنية ويشمل السعر أي مواد أو أعمال يتطلبها استكمال العمل حسب المواصفات  القسمRef drawing: 07-MRA-DD-(as per floor number) وتعليمات المهندس المشرف 04200-Ar-100,م2,150.0,76.0,117.36,110.64,228.0,16596.0,300,بنود المطالبات,469,CMH_01_SMART.xlsx,sheet بنود المطالبات,high,prev_progress in workbook is informational; platform will recompute server-side from approved claims (Migration 048).
CMH_01-C01,11,22,توريد وتركيب وزرات خشب )Mdf( مع قشرة جوز بارتفاع 100مم وسمك 12مم شاملا التثبيت والدهانات والتشطيب والتلميع. ويشمل السعر أي مواد أو أعمال يتطلبها انهاء العمل طبقا للموضح بالمواصفات والمخططات وتعليمات المهندس المشرف .Ref drawing: 07-MRA-DD-(as per floor number)-AR-301,م.ط,42.0,4532.0,600.0,600.0,1200.0,25200.0,26.478375992939103,بنود المطالبات,470,CMH_01_SMART.xlsx,sheet بنود المطالبات,high,prev_progress in workbook is informational; platform will recompute server-side from approved claims (Migration 048).
CMH_01-C01,11,25,تصنيع وتركيب لوح خشبي بشكل طولي من  الـ )Mdf(  مع قشرة الجوز او ما يتناسب مع العينة المتفق عليها طول 25سم وعرض 10سم وارتفاع 270 سم الى جانب الابواب الزجاجية حسب المناظير والرسومات وتعليمات المهندس المشرف.Code: WDP2-08,عدد,240.0,248.0,70.0,8.0,78.0,1920.0,31.451612903225808,بنود المطالبات,471,CMH_01_SMART.xlsx,sheet بنود المطالبات,high,prev_progress in workbook is informational; platform will recompute server-side from approved claims (Migration 048).
CMH_01-C01,11,28,تصنيع وتركيب كسوة من الخشب للجدران ويكون النمط والحجم كما هو موضح بالرسومات ويشمل السعر أي مواد أو أعمال يتطلبها إنهاء العمل حسب المواصفات والمخططات وتعليمات المهندس المشرف. Ref drawing: 07-MRA-DD-(as per floor number)-AR-600 to 07-MRA-DD-(as  per floor number)-AR-604كسوة من خشب الـ)Mdf(، مثبتة على القواطع الجبسية مع قشرة صناعية بحسب العينة الموافق عليها وغروف حسب الرسومات والمناظير وتعليمات المهندس المشرفCode: WDP2,م2,528.0,2517.0,758.44,157.56,916.0,83191.68000000001,36.39253079062376,بنود المطالبات,472,CMH_01_SMART.xlsx,sheet بنود المطالبات,high,prev_progress in workbook is informational; platform will recompute server-side from approved claims (Migration 048).
CMH_01-C01,11,29,"تصنيع وتركيب كسوة من الخشب للجدران ويكون النمط والحجم كما هو موضح بالرسومات ويشمل السعر أي مواد أو أعمال يتطلبها إنهاء العمل حسب المواصفات والمخططات وتعليمات المهندس المشرف. Ref drawing: 07-MRA-DD-(as per floor number)-AR-600 to 07-MRA-DD-(as  per floor number)-AR-604كسوة من خشب الـ)Mdf(  ، مثبتة على االقواطع الجبسية بدهان رمادي على شكل وهيئة الأسطح الاسمنتية ) matt( مع تصميم بفتحات حسب الرسومات والمناظير وتعليمات المهندس المشرف.Code: WDP3-01, WDP3-02, WDP3-03",م2,528.0,846.0,284.0,38.0,322.0,20064.0,38.061465721040186,بنود المطالبات,473,CMH_01_SMART.xlsx,sheet بنود المطالبات,high,prev_progress in workbook is informational; platform will recompute server-side from approved claims (Migration 048).
CMH_01-C01,11,30,"تصنيع وتركيب كسوة من الخشب للجدران ويكون النمط والحجم كما هو موضح بالرسومات ويشمل السعر أي مواد أو أعمال يتطلبها إنهاء العمل حسب المواصفات والمخططات وتعليمات المهندس المشرف. Ref drawing: 07-MRA-DD-(as per floor number)-AR-600 to 07-MRA-DD-(as  per floor number)-AR-604كسوة من خشب الـ) Mdf(  ، مع قشرة السنديان المطلي بدهان ابيض  مع غروف وفتحات إضاءة مخفية مغلفة من الداخل بطبقة Acrylic مغشى  حسب الرسومات والمناظير وتعليمات المهندس المشرف.Code: WDP1-03, WDP1-04, WDP1-05, WDP1-06",م2,570.0,456.0,173.82,47.18,221.0,26892.6,48.46491228070175,بنود المطالبات,474,CMH_01_SMART.xlsx,sheet بنود المطالبات,high,prev_progress in workbook is informational; platform will recompute server-side from approved claims (Migration 048).
CMH_01-C01,11,38,صنيع وتركيب كسوة من الخشب للاسقف ويكون النمط والحجم كما هو موضح بالرسومات ويشمل السعر أي مواد أو أعمال يتطلبها إنهاء العمل حسب المواصفات والمخططات وتعليمات المهندس المشرف.Ref drawing: 07-MRA-DD-(as per floor number)-AR-200سطح خشبي من من خشب الـ)Mdf(  مع قشرة صناعية بحسب العينة الموافق عليها وغروف مثبتة بنظام تعليق متصلة بالسقف الخرساني حسب الرسومات والمناظير وتعليمات المهندس المشرف.Code: WDC-01 & WDC-02,م2,840.0,684.0,231.0,19.0,250.0,15960.0,36.54970760233918,بنود المطالبات,475,CMH_01_SMART.xlsx,sheet بنود المطالبات,high,prev_progress in workbook is informational; platform will recompute server-side from approved claims (Migration 048).
CMH_01-C01,11,39,تصنيع وتركيب كسوة من الخشب للاسقف ويكون النمط والحجم كما هو موضح بالرسومات ويشمل السعر أي مواد أو أعمال يتطلبها إنهاء العمل حسب المواصفات والمخططات وتعليمات المهندس المشرف.Ref drawing: 07-MRA-DD-(as per floor number)-AR-200سطح خشبي03-WDC من من خشب الـ)Mdf( على شكل مربعات بسماكة تصميم  5سم، وفتحات على شكل مثلث مع اضاءة مخفية مغلفة من الاعلى بطبقة Acrylic شفاف مغشى سماكة 4مم مثبتة بنظام تعليق متصلة بالسقف الخرساني حسب الرسومات والمناظير وتعليمات المهندس المشرف.Code: WDC-03,م2,780.0,64.0,14.68,11.32,26.0,8829.6,40.625,بنود المطالبات,476,CMH_01_SMART.xlsx,sheet بنود المطالبات,high,prev_progress in workbook is informational; platform will recompute server-side from approved claims (Migration 048).
CMH_01-C01,11,40,تصنيع وتركيب خزائن خشبية ويكون النمط والحجم كما هو موضح بالرسومات ويشمل السعر أي مواد أو أعمال يتطلبها إنهاء العمل حسب المواصفات والمخططات وتعليمات المهندس المشرف.Ref drawing: 07-MRA-DD-(as per floor number)-AR-605خزانة خشبية01-WDC و 02-WDC من خشب الـ ) Mdf ( متداخلة الالوان من قشرة صناعية بحسب  العينة الموافق عليها والدهان الرمادي  على شكل وهيئة الاسطح الاسمنتية مثبتة على القواطع الجبسية مع اضاءة مخفية ومفصلات ومقابض مخفية وتصميم حسب الرسومات والمناظير وتعليمات المهندس المشرف.,م2,1440.0,72.0,18.71,2.29,21.0,3297.6,29.166666666666668,بنود المطالبات,477,CMH_01_SMART.xlsx,sheet بنود المطالبات,high,prev_progress in workbook is informational; platform will recompute server-side from approved claims (Migration 048).
CMH_01-C01,11,41,تصنيع وتركيب خزائن خشبية ويكون النمط والحجم كما هو موضح بالرسومات ويشمل السعر أي مواد أو أعمال يتطلبها إنهاء العمل حسب المواصفات والمخططات وتعليمات المهندس المشرفRef drawing: 07-MRA-DD-(as per floor number)-AR-605خزانة خشبية03-WDC  من خشب الـ ) Mdf (  مع قشرة صناعية بحسب العينة الموافق عليها مثبتة على القواطع الجبسية  مع غروف ومفصلات ومقابض مخفية ،  حسب الرسومات والمناظير,م2,1440.0,78.0,10.81,16.19,27.0,23313.600000000002,34.61538461538461,بنود المطالبات,478,CMH_01_SMART.xlsx,sheet بنود المطالبات,high,prev_progress in workbook is informational; platform will recompute server-side from approved claims (Migration 048).
CMH_01-C01,11,43,تصنيع وتركيب خزائن خشبية ويكون النمط والحجم كما هو موضح بالرسومات ويشمل السعر أي مواد أو أعمال يتطلبها إنهاء العمل حسب المواصفات والمخططات وتعليمات المهندس المشرف.Ref drawing: 07-MRA-DD-(as per floor number)-AR-605 خزانة خشبية05-WDC  من خشب الـ ) Mdf (  مع قشرة الوينغي الداكنة مع أرفف وإضاءة مخفية، أبواب الخزائن زجاجية   ribbed glass(مع إيطار خشبي وغروف ومفصلات ومقابض مخفية لمنطقة معالي الوزير حسب الرسومات والمناظير وتعليمات المهندس المشرف.,م2,1440.0,69.0,22.450000000000003,11.55,34.0,16632.0,49.275362318840585,بنود المطالبات,479,CMH_01_SMART.xlsx,sheet بنود المطالبات,high,prev_progress in workbook is informational; platform will recompute server-side from approved claims (Migration 048).
CMH_01-C01,11,45, توريد وتنفيذ طبقتين من غشاء عازل للمياه من الـبيتومين ثخانة 4 مم للأماكن الرطبة وحتى ارتفاع 10   سم على الجدران المحيطة ويشمل تحضير السطوح ومواد حشو الزوايا وطبقات الحماية جيوتكستايل الأفُقية والعمودية. ويشمل السعر أي مواد وأعمال مطلوبة لاستكمال العمل حسب المواصفات والمخططات.وتعليمات المهندس المشرف,م2,78.0,1345.0,537.74,202.26,740.0,15776.279999999999,55.01858736059479,بنود المطالبات,480,CMH_01_SMART.xlsx,sheet بنود المطالبات,high,prev_progress in workbook is informational; platform will recompute server-side from approved claims (Migration 048).
CMH_01-C01,11,46,توريد وتركيب باب زجاجي من نوع سيكوريت بسمك 12مم ويشمل السعر التثبيت والاطار من الالمنيوم الأسود المطلي بدهان بودرة بالفرن والخردوات وماكينة دفاش للإغلاق الذاتي مع ملصقات بحسب التصميم. ويشمل السعر أي مواد أو أعمال يتطلبها استكمال العمل حسب المواصفات والمخططات وتعليمات االمهندس المشرف.Ref drawing: 07-MRA-DD-(as per floor number)-AR-801 بعرض 1000 مم وارتفاع 2700 مم  GD01باب ضلفة واحدة  نموذج,عدد,2580.0,238.0,54.0,37.0,91.0,95460.0,38.23529411764706,بنود المطالبات,481,CMH_01_SMART.xlsx,sheet بنود المطالبات,high,prev_progress in workbook is informational; platform will recompute server-side from approved claims (Migration 048).
CMH_01-C01,11,47,توريد وتركيب باب زجاجي من نوع سيكوريت بسمك 12مم ويشمل السعر التثبيت والاطار من الالمنيوم الأسود المطلي بدهان بودرة بالفرن والخردوات وماكينة دفاش للإغلاق الذاتي مع ملصقات بحسب التصميم. ويشمل السعر أي مواد أو أعمال يتطلبها استكمال العمل حسب المواصفات والمخططات وتعليمات االمهندس المشرف. Ref drawing: 07-MRA-DD-(as per floor number)-AR-801   بعرض 1800 مم وارتفاع 2600 مم  GD02باب ضلفتين  نموذج ,عدد,4020.0,37.0,10.0,6.0,16.0,24120.0,43.24324324324324,بنود المطالبات,482,CMH_01_SMART.xlsx,sheet بنود المطالبات,high,prev_progress in workbook is informational; platform will recompute server-side from approved claims (Migration 048).
CMH_01-C01,11,48,توريد وتركيب باب زجاجي من نوع سيكوريت بسمك 12مم ويشمل السعر التثبيت والاطار من الالمنيوم الأسود المطلي بدهان بودرة بالفرن والخردوات وماكينة دفاش للإغلاق الذاتي مع ملصقات بحسب التصميم. ويشمل السعر أي مواد أو أعمال يتطلبها استكمال العمل حسب المواصفات والمخططات وتعليمات االمهندس المشرف. Ref drawing: 07-MRA-DD-(as per floor number)-AR-801 بعرض 1800 مم وارتفاع 2100 مم  GD03باب ضلفتين  نموذج ,عدد,3600.0,5.0,1.0,1.0,2.0,3600.0,40,بنود المطالبات,483,CMH_01_SMART.xlsx,sheet بنود المطالبات,high,prev_progress in workbook is informational; platform will recompute server-side from approved claims (Migration 048).
CMH_01-C01,11,49,توريد وتركيب باب من قطاعات الخشب شبه المصمت بسمك 44مم مكون من قواطيع خشب داخليه بحشو  mdf مع قشرة الجوز  والحلق من الخشب السويدي المسطم المقاوم للرطوبة مع تشطيب نهائي من قشرة الجوز والبند يشمل جميع الإكسسوارات اللازمه من مفصلات ودفاش من النوع المخفي ومقابض وربل كاتم لصوت الإغلاق ودهانات  و إنهاء جميع الأعمال على الوجه الأكمل طبقا للمخططات واصول الصناعة  والمواصفات الفنية وتعليمات االمهندس المشرف. Ref drawing: 07-MRA-DD-(as per floor number)-AR-800 بعرض 2000 مم وارتفاع 2200 مم  WD07باب مروحة ضلفتين  نموذج ,عدد,5280.0,13.0,2.0,2.0,4.0,10560.0,30.76923076923077,بنود المطالبات,484,CMH_01_SMART.xlsx,sheet بنود المطالبات,high,prev_progress in workbook is informational; platform will recompute server-side from approved claims (Migration 048).
CMH_01-C01,11,50,توريد وتركيب باب من قطاعات الخشب شبه المصمت بسمك 44مم مكون من قواطيع خشب داخليه بحشو  mdf مع قشرة الجوز  والحلق من الخشب السويدي المسطم المقاوم للرطوبة مع تشطيب نهائي من قشرة الجوز والبند يشمل جميع الإكسسوارات اللازمه من مفصلات ودفاش من النوع المخفي ومقابض وربل كاتم لصوت الإغلاق ودهانات  و إنهاء جميع الأعمال على الوجه الأكمل طبقا للمخططات واصول الصناعة  والمواصفات الفنية وتعليمات االمهندس المشرف. Ref drawing: 07-MRA-DD-(as per floor number)-AR-800 بعرض1000 مم وارتفاع 2200 مم  WD06باب مروحة ضلفة واحدة  نموذج ,عدد,2400.0,13.0,2.0,2.0,4.0,4800.0,30.76923076923077,بنود المطالبات,485,CMH_01_SMART.xlsx,sheet بنود المطالبات,high,prev_progress in workbook is informational; platform will recompute server-side from approved claims (Migration 048).
CMH_01-C01,11,51,توريد وتركيب باب من قطاعات الخشب شبه المصمت بسمك 44مم مكون من قواطيع خشب داخليه بحشو  mdf مع قشرة الجوز  والحلق من الخشب السويدي المسطم المقاوم للرطوبة مع تشطيب نهائي من قشرة الجوز والبند يشمل جميع الإكسسوارات اللازمه من مفصلات ودفاش من النوع المخفي ومقابض وربل كاتم لصوت الإغلاق ودهانات  و إنهاء جميع الأعمال على الوجه الأكمل طبقا للمخططات واصول الصناعة  والمواصفات الفنية وتعليمات االمهندس المشرف. Ref drawing: 07-MRA-DD-(as per floor number)-AR-800 بعرض 900 مم وارتفاع 2200 مم  WD05باب مروحة ضلفة واحدة  نموذج ,عدد,2400.0,47.0,7.0,9.0,16.0,21600.0,34.04255319148936,بنود المطالبات,486,CMH_01_SMART.xlsx,sheet بنود المطالبات,high,prev_progress in workbook is informational; platform will recompute server-side from approved claims (Migration 048).
CMH_01-C01,11,52,توريد وتركيب باب من قطاعات الخشب شبه المصمت بسمك 44مم مكون من قواطيع خشب داخليه بحشو  mdf مع قشرة الجوز  والحلق من الخشب السويدي المسطم المقاوم للرطوبة مع تشطيب نهائي من قشرة الجوز والبند يشمل جميع الإكسسوارات اللازمه من مفصلات ودفاش من النوع المخفي ومقابض وربل كاتم لصوت الإغلاق ودهانات  و إنهاء جميع الأعمال على الوجه الأكمل طبقا للمخططات واصول الصناعة  والمواصفات الفنية وتعليمات االمهندس المشرف. Ref drawing: 07-MRA-DD-(as per floor number)-AR-800 بعرض 800 مم وارتفاع 2200 مم  WD04باب مروحة ضلفة واحدة  نموذج ,عدد,2400.0,48.0,8.0,10.0,18.0,24000.0,37.5,بنود المطالبات,487,CMH_01_SMART.xlsx,sheet بنود المطالبات,high,prev_progress in workbook is informational; platform will recompute server-side from approved claims (Migration 048).
CMH_01-C01,11,55,توريد وتركيب باب من قطاعات الخشب شبه المصمت بسمك 44مم مكون من قواطيع خشب داخليه بحشو خفيف mdfوالمطلي بدهان رمادي على هيئة الأسطح الاسمنتية والحلق من الخشب السويدي المسطم المقاوم للرطوبة مخفي داخل الواجهة القواطع الجبسية والبند يشمل جميع الإكسسوارات اللازمه من مفصلات ودفاش من النوع المخفي ومقابض وربل كاتم لصوت الإغلاق ودهانات و إنهاء جميع الأعمال على الوجه الأكمل طبقا للمخططات واصول الصناعة  والمواصفات الفنية وتعليمات االمهندس المشرف. Ref drawing: 07-MRA-DD-(as per floor number)-AR-800 بعرض 900 مم وارتفاع 2200 مم  WD01باب مروحة ضلفة واحدة  نموذج ,عدد,2400.0,14.0,3.0,3.0,6.0,7200.0,42.857142857142854,بنود المطالبات,488,CMH_01_SMART.xlsx,sheet بنود المطالبات,high,prev_progress in workbook is informational; platform will recompute server-side from approved claims (Migration 048).
CMH_01-C01,11,56,توريد وتركيب باب من قطاعات الخشب شبه المصمت بسمك 44مم مكون من قواطيع خشب داخليه بحشو  mdfوالمطلي بدهان رمادي بيج والحلق من الخشب السويدي المسطم المقاوم للرطوبة مخفي داخل الواجهة القواطع الجبسية والبند يشمل جميع الإكسسوارات اللازمه من مفصلات ودفاش من النوع المخفي ومقابض، ربل كاتم لصوت الإغلاق ودهانات .و إنهاء جميع الأعمال على الوجه الأكمل طبقا للمخططات واصول الصناعة  والمواصفات الفنية وتعليمات االمهندس المشرف. Ref drawing: 07-MRA-DD-(as per floor number)-AR-800 بعرض900 مم وارتفاع 2200 مم  WD03باب مروحة ضلفة واحدة  نموذج ,عدد,2400.0,32.0,6.0,6.0,12.0,14400.0,37.5,بنود المطالبات,489,CMH_01_SMART.xlsx,sheet بنود المطالبات,high,prev_progress in workbook is informational; platform will recompute server-side from approved claims (Migration 048).
CMH_01-C01,11,66,توريد وتركيب قواطع زجاجيه داخليه من زجاج  سيكوريت عازل للصوت ثخانة 12مم مركّبة على مقاطع من  الألمنيوم )لون اسود 9005RAL (  مثبتة  بالسقف والأرض بإرتفاع 2700مم .ويشمل العمل الاطار والقوائم  والتثبيت بتيوب حديد ابعاد 4*8 سم وسماكة 2ملم  والملصقات بأماكن محددة حسب التصميم ، وفواصل البوليكاربونيت الجاف بين الألواح الزجاجية وقطع الإكسسوار ومانع التسرب والمواد الأخُرى المطلوبة لاستكمال التركيب حسب المخططات وتعليمات االمهندس المشرف.,م²,900.0,4000.0,1184.07,637.93,1822.0,574137.0,45.550000000000004,بنود المطالبات,490,CMH_01_SMART.xlsx,sheet بنود المطالبات,high,prev_progress in workbook is informational; platform will recompute server-side from approved claims (Migration 048).
CMH_01-C01,11,72,طبقة من اللياسة الأسمنتية فوق الأسطح الخرسانية والجدران الداخلية  بسمك متوسط 20 مم على طبقات  طرطشة بسمك 5 مم وضهارة 15 مم حسب المواصفات مع المعالجة اليومية  بالمياه لمنع التنميلات ويتم عمل افريز بين البلوك والخرسانة يملئ بمواد قابلة للدهان والسعر يشمل كامل الأكسسوارات اللازمة من شبك معدني ممدد وزوايا ونهايات معدنية  ومواد الترابط  وعمل تجاويف في طبقة اللياسة بعمق 10مم عرض 10مم  في الاعمدة  وفي الجدران ان وجدت حسب الرسومات والمناظير وتعليمات المهندس المشرف ذلك حسب الاصول الفنية وتعليمات المهندس المشرف. لياسة الجدران والأعمدة الداخلية  وتشمل جميع الإكسسوارات بإرتفاع 20 سم أعلي الأسقف الجبسيه لزوم الجدران الداخلية,م²,42.0,758.0,4556.424,87.58,4644.004,3678.36,612.6654353562005,بنود المطالبات,491,CMH_01_SMART.xlsx,sheet بنود المطالبات,high,prev_progress in workbook is informational; platform will recompute server-side from approved claims (Migration 048).
CMH_01-C01,11,75,توريد وتركيب أسقف معلقة من الالواح الجبسيه )01-GBC( ثخانة 12 مم المقاومة للحريق شاملة نظام التعليق وضبط الحواف والزوايا وأبواب لفتحات الكشف بالأسقف لأعمال الصيانة )أبواب جاهزة من النوع السهل الاستعمال والمزود بمفصلات مخفية( والإكسسوارات. ويشمل السعر أي مواد أو أعمال يتطلبها استكمال العمل حسب المواصفات والمخططات.,م²,150.0,24468.0,6406.00007,1790.0,8196.00007,268500.0,33.49681244891286,بنود المطالبات,492,CMH_01_SMART.xlsx,sheet بنود المطالبات,high,prev_progress in workbook is informational; platform will recompute server-side from approved claims (Migration 048).
CMH_01-C01,11,76,توريد وتركيب أسقف معلقة من الالواح الجبسيه  )02-GBC( ثخانة 12 مم المقاومة للرطوبة شاملة نظام التعليق وضبط الحواف والزوايا وأبواب لفتحات الكشف بالأسقف لأعمال الصيانة )أبواب جاهزة من النوع السهل الاستعمال والمزود بمفصلات مخفية( واالإكسسوارات. ويشمل السعر أي مواد أو أعمال يتطلبها استكمال العمل حسب المواصفات والمخططات وتعليمات المهندس المشرف.,م²,150.0,1091.0,281.86,167.14,449.0,25070.999999999996,41.15490375802017,بنود المطالبات,493,CMH_01_SMART.xlsx,sheet بنود المطالبات,high,prev_progress in workbook is informational; platform will recompute server-side from approved claims (Migration 048).
CMH_01-C01,11,81, أرضيات بورسلان03-PT مقاس 600×600×12مم فرز ثاني بالمقاسات والالوان المطلوبة لدورات المياة العامة  طبقاً للمخططات والمواصفات.,م²,120.0,1407.0,598.93025,99.07,698.00025,11888.4,49.60911513859275,بنود المطالبات,494,CMH_01_SMART.xlsx,sheet بنود المطالبات,high,prev_progress in workbook is informational; platform will recompute server-side from approved claims (Migration 048).
CMH_01-C01,11,82, أرضيات بورسلان04-PT مقاس 600×600×12مم فرز ثاني بالمقاسات والالوان المطلوبة لغرف الأرشيف والمخازن والمطبخ طبقاً للمخططات والمواصفات.,م²,120.0,735.0,33.98,34.02,68.0,4082.4000000000005,9.251700680272108,بنود المطالبات,495,CMH_01_SMART.xlsx,sheet بنود المطالبات,high,prev_progress in workbook is informational; platform will recompute server-side from approved claims (Migration 048).
CMH_01-C01,11,85, جدران بورسلان (PW-03(type A&B  مقاس 600×300×12مم فرز ثاني بالمقاسات والالوان المطلوبة لدورات المياة العامة  طبقاً للمخططات والمواصفات.,م²,96.0,2648.0,98.6,374.4,473.0,35942.399999999994,17.862537764350453,بنود المطالبات,496,CMH_01_SMART.xlsx,sheet بنود المطالبات,high,prev_progress in workbook is informational; platform will recompute server-side from approved claims (Migration 048).
CMH_01-C01,11,104,Ref drawing: 07-MRA-DD-(as per floor number)-AR-300 مقاس 500×500 مم  لون رمادي لمنطقة المرور CT-01بلاط - سجاد,م²,156.0,3600.0,1983.08,307.92,2291.0,48035.520000000004,63.638888888888886,بنود المطالبات,497,CMH_01_SMART.xlsx,sheet بنود المطالبات,high,prev_progress in workbook is informational; platform will recompute server-side from approved claims (Migration 048).
CMH_01-C01,11,105,بلاط - سجاد 02-CT مقاس 500× 500 مم لون أزرق فاتح لمحطة العمل وغرفة الاجتماعات,م²,156.0,6705.0,3483.6200000000003,642.38,4126.0,100211.28,61.53616703952275,بنود المطالبات,498,CMH_01_SMART.xlsx,sheet بنود المطالبات,high,prev_progress in workbook is informational; platform will recompute server-side from approved claims (Migration 048).
CMH_01-C01,11,106,Ref drawing: 07-MRA-DD-(as per floor number)-AR-300 مقاس 500×500 مم لون بيج لمكتب المدير CT-03بلاط - سجاد,م²,156.0,1213.0,698.4300000000001,113.57,812.0,17716.92,66.94146743610882,بنود المطالبات,499,CMH_01_SMART.xlsx,sheet بنود المطالبات,high,prev_progress in workbook is informational; platform will recompute server-side from approved claims (Migration 048).
CMH_01-C01,11,110,بلاط - سجاد 01-CR مقاس 500×500 مم لمكتب الرئيس ونائب الرئيس والصالة والسكرتارية وغرفة الاجتماعات الكبيرة.,م²,156.0,2140.0,1177.87,198.13,1376.0,30908.28,64.29906542056075,بنود المطالبات,500,CMH_01_SMART.xlsx,sheet بنود المطالبات,high,prev_progress in workbook is informational; platform will recompute server-side from approved claims (Migration 048).
CMH_01-C01,11,111,بلاط - سجاد 02-CR مقاس 500×500 مم لمكتب الرئيس ونائب الرئيس على شكل مثلثات لون بيج، رمادي فاتح ورمادي غامق.,م²,156.0,303.0,157.51,29.49,187.0,4600.44,61.71617161716172,بنود المطالبات,501,CMH_01_SMART.xlsx,sheet بنود المطالبات,high,prev_progress in workbook is informational; platform will recompute server-side from approved claims (Migration 048).
CMH_01-C01,11,112,300-Ref drawing: 07-MRA-DD-(as per floor number)-ARبلاط - سجاد 03-CR مقاس 500×500 مم للمدير العام ومنطقة السكرتارية,م²,156.0,1550.0,992.88,147.12,1140.0,22950.72,73.54838709677419,بنود المطالبات,502,CMH_01_SMART.xlsx,sheet بنود المطالبات,high,prev_progress in workbook is informational; platform will recompute server-side from approved claims (Migration 048).
CMH_01-C01,11,113,Ref drawing: 07-MRA-DD-(as per floor number)-AR-300 لمنطقة الصلاة CR-04 رولات السجاد,م²,156.0,129.0,74.25,15.75,90.0,2457.0,69.76744186046511,بنود المطالبات,503,CMH_01_SMART.xlsx,sheet بنود المطالبات,high,prev_progress in workbook is informational; platform will recompute server-side from approved claims (Migration 048).
CMH_01-C01,11,128,.دهان بلون رمادي اسمنتي على الألواح الجبسية والألواح الاسمنتية 200-WPF,م²,30.0,2088.0,231.4847,26.51,257.9947,795.3000000000001,12.356068007662836,بنود المطالبات,504,CMH_01_SMART.xlsx,sheet بنود المطالبات,high,prev_progress in workbook is informational; platform will recompute server-side from approved claims (Migration 048).
CMH_01-C01,11,133,تحضير وتنفيذ وعمل دهان عالي الجودة للأسقف الجبسية يشمل الوجه التحضيرى أساس ومعالجة الفواصل  بالمعجـون والشاش والمواد المخصص لتسكير فواصل الالواح الجبسية والاسمنتية وان يكون نوع  دهان  بلون ابيض,م²,24.0,25559.0,1905.484,1712.52,3618.004,41100.479999999996,14.155499041433545,بنود المطالبات,505,CMH_01_SMART.xlsx,sheet بنود المطالبات,high,prev_progress in workbook is informational; platform will recompute server-side from approved claims (Migration 048).
CMH_01-C01,11,137,بالمتر المسطح عمل دهان اكريليك مائي مرن عالي المتانة علي الاسطح الخرسانية وعلى الجدران  الظاهرة على السقف المفتوح  وكل التجهيزات الخاصة بالأعمال الميكانيكية والكهربائية باستثناء نظام الحريق. يشمل الوجه التحضيرى أساس  ثم  الدهان وجهين باللون المطلوب  مع نظافة الاسطح وازالة اى بروز بالخرسانات بالسقف ويتم التنفيذ طبقا للمخططات والمواصفاتة الفنية وعلي حسب تعليمات المهندس المشرف. دهان  بلون اسود,م²,30.0,9442.0,1994.02,667.98,2662.0,20039.4,28.193179411141706,بنود المطالبات,506,CMH_01_SMART.xlsx,sheet بنود المطالبات,high,prev_progress in workbook is informational; platform will recompute server-side from approved claims (Migration 048).
CMH_01-C01,11,153,توريد وتركيب كاونتر لوحي للمغاسل كوريان عالي الكثافة سماكة 20 مم، يشمل الجزء الأمامي واللوح الواقي الخلفي  سماكة 20 مم حسب المحدد في المخططات والأقواس وأدوات التثبيت من الحديد المجلفن. و يشمل السعر أي مواد أو أعمال يتطلبها انهاء العمل طبقاً للموضح بالمواصفات والرسومات. ويشمل الأعمال الخشبية اللازمة للخزائن المرتبطة بالكاونتر حسب التصميم المطلوب وبحسب تعليمات المهندس المشرف. Ref drawing: 07-MRA-DD-(as per floor number)-AR-700 to 703 مقاس: 1250طول × عرض600 مم ,عدد,1800.0,32.0,6.0,6.0,12.0,10800.0,37.5,بنود المطالبات,507,CMH_01_SMART.xlsx,sheet بنود المطالبات,high,prev_progress in workbook is informational; platform will recompute server-side from approved claims (Migration 048).
CMH_01-C01,11,154,توريد وتركيب كاونتر لوحي للمغاسل كوريان عالي الكثافة سماكة 20 مم، يشمل الجزء الأمامي واللوح الواقي الخلفي  سماكة 20 مم حسب المحدد في المخططات والأقواس وأدوات التثبيت من الحديد المجلفن. و يشمل السعر أي مواد أو أعمال يتطلبها انهاء العمل طبقاً للموضح بالمواصفات والرسومات. ويشمل الأعمال الخشبية اللازمة للخزائن المرتبطة بالكاونتر حسب التصميم المطلوب وبحسب تعليمات المهندس المشرف. Ref drawing: 07-MRA-DD-(as per floor number)-AR-700 to 703 مقاس: 1200طول × عرض600 مم ,عدد,1800.0,20.0,2.0,2.0,4.0,3600.0,20,بنود المطالبات,508,CMH_01_SMART.xlsx,sheet بنود المطالبات,high,prev_progress in workbook is informational; platform will recompute server-side from approved claims (Migration 048).
CMH_01-C01,11,155,توريد وتركيب كاونتر لوحي للمغاسل كوريان عالي الكثافة سماكة 20 مم، يشمل الجزء الأمامي واللوح الواقي الخلفي  سماكة 20 مم حسب المحدد في المخططات والأقواس وأدوات التثبيت من الحديد المجلفن. و يشمل السعر أي مواد أو أعمال يتطلبها انهاء العمل طبقاً للموضح بالمواصفات والرسومات. ويشمل الأعمال الخشبية اللازمة للخزائن المرتبطة بالكاونتر حسب التصميم المطلوب وبحسب تعليمات المهندس المشرف.  مقاس: 1000طولRef drawing: 07-MRA-DD-(as per floor number)-AR-700 to 703 عرض600 مم × ,عدد,1200.0,22.0,5.0,5.0,10.0,6000.0,45.45454545454545,بنود المطالبات,509,CMH_01_SMART.xlsx,sheet بنود المطالبات,high,prev_progress in workbook is informational; platform will recompute server-side from approved claims (Migration 048).
CMH_01-C01,11,156,توريد وتركيب كاونتر لوحي للمغاسل كوريان عالي الكثافة سماكة 20 مم، يشمل الجزء الأمامي واللوح الواقي الخلفي  سماكة 20 مم حسب المحدد في المخططات والأقواس وأدوات التثبيت من الحديد المجلفن.و يشمل السعر أي مواد أو أعمال يتطلبها انهاء العمل طبقاً للموضح بالمواصفات والرسومات. ويشمل الأعمال الخشبية اللازمة للخزائن المرتبطة بالكاونتر حسب التصميم المطلوب وبحسب تعليمات المهندس المشرف.Ref drawing: 07-MRA-DD-(as per floor number)-AR-700 to 703 مقاس: 3800طول × عرض600 مم ,عدد,6000.0,23.0,6.0,1.0,7.0,6000.0,30.434782608695656,بنود المطالبات,510,CMH_01_SMART.xlsx,sheet بنود المطالبات,high,prev_progress in workbook is informational; platform will recompute server-side from approved claims (Migration 048).
CMH_01-C01,11,177,للمواسير داخل المبنى من مواسير متعددة الطبقات بولي بروبلين كما هو موصف تشمل كافة القطع التركيبية )مثل القارنات من الحديد الصلب الغير قابل للصدأ والأكواع /المنحنيات والتفريعات والدعامات( والصمامات ومخمدات الصدمة ومنافس الهواء الآلية و المحابس  وكافة الاكسسوارات اللازمة، كما هو مبين في المخططات لتركيب مايلي من الأقطار الخارجية مع ربطه بالشبكة الحالية لاقرب نقطة و على المقاول تقديم المخططات التنفيذية و الحسابات الهيدروليكية و اعتمادها قبل البدا بالتنفيذ الاعمال من المهندس المشرف للاقطار  الداخلية قطر 25 مم,م.ط,70.8,221.0,207.14,10.86,218.0,768.8879999999999,98.64253393665159,بنود المطالبات,511,CMH_01_SMART.xlsx,sheet بنود المطالبات,high,prev_progress in workbook is informational; platform will recompute server-side from approved claims (Migration 048).
CMH_01-C01,11,178,للمواسير داخل المبنى من مواسير متعددة الطبقات بولي بروبلين كما هو موصف تشمل كافة القطع التركيبية )مثل القارنات من الحديد الصلب الغير قابل للصدأ والأكواع /المنحنيات والتفريعات والدعامات( والصمامات ومخمدات الصدمة ومنافس الهواء الآلية و المحابس  وكافة الاكسسوارات اللازمة، كما هو مبين في المخططات لتركيب مايلي من الأقطار الخارجية مع ربطه بالشبكة الحالية لاقرب نقطة و على المقاول تقديم المخططات التنفيذية و الحسابات الهيدروليكية و اعتمادها قبل البدا بالتنفيذ الاعمال من المهندس المشرف للاقطار  الداخلية :قطر 32مم,م.ط,102.0,207.0,128.39000000000001,4.61,133.00000000000003,470.22,64.25120772946862,بنود المطالبات,512,CMH_01_SMART.xlsx,sheet بنود المطالبات,high,prev_progress in workbook is informational; platform will recompute server-side from approved claims (Migration 048).
CMH_01-C01,11,180,للمواسير داخل المبنى من مواسير متعددة الطبقات بولي بروبلين كما هو موصف تشمل كافة القطع التركيبية )مثل القارنات من الحديد الصلب الغير قابل للصدأ والأكواع /المنحنيات والتفريعات والدعامات( والصمامات ومخمدات الصدمة ومنافس الهواء الآلية و المحابس  وكافة الاكسسوارات اللازمة، كما هو مبين في المخططات لتركيب مايلي من الأقطار الخارجية مع ربطه بالشبكة الحالية لاقرب نقطة و على المقاول تقديم المخططات التنفيذية و الحسابات الهيدروليكية و اعتمادها قبل البدا بالتنفيذ الاعمال من المهندس المشرف للاقطار  الداخلية:قطر 50 مم,م.ط,94.8,218.0,140.8,7.2,148.0,682.56,67.88990825688074,بنود المطالبات,513,CMH_01_SMART.xlsx,sheet بنود المطالبات,high,prev_progress in workbook is informational; platform will recompute server-side from approved claims (Migration 048).
CMH_01-C01,11,185,مواسير صرف وتهوية مصنوعة من 4UPVC class  ذات وصلات انضغاطية ومطاط كما هو موصف وتشمل التهوية من خلال السطح مع الغطاء و طبات التسليك، وكافة قطع التركيبات والعلاقات اللازمة لإستكمال تركيب مايلي من الأقطار الداخلية:قطر 50 مم,م.ط,75.6,426.0,907.4,149.6,1057.0,11309.759999999998,248.12206572769955,بنود المطالبات,514,CMH_01_SMART.xlsx,sheet بنود المطالبات,high,prev_progress in workbook is informational; platform will recompute server-side from approved claims (Migration 048).
CMH_01-C01,11,186,مواسير صرف وتهوية مصنوعة من 4UPVC class  ذات وصلات انضغاطية ومطاط كما هو موصف وتشمل التهوية من خلال السطح مع الغطاء و طبات التسليك، وكافة قطع التركيبات والعلاقات اللازمة لإستكمال تركيب مايلي من الأقطار الداخلية:قطر 75 مم,م.ط,91.2,934.0,509.4,93.6,603.0,8536.32,64.5610278372591,بنود المطالبات,515,CMH_01_SMART.xlsx,sheet بنود المطالبات,high,prev_progress in workbook is informational; platform will recompute server-side from approved claims (Migration 048).
CMH_01-C01,11,187,مواسير صرف وتهوية مصنوعة من 4UPVC class  ذات وصلات انضغاطية ومطاط كما هو موصف وتشمل التهوية من خلال السطح مع الغطاء و طبات التسليك، وكافة قطع التركيبات والعلاقات اللازمة لإستكمال تركيب مايلي من الأقطار الداخلية:قطر 110 مم,م.ط,102.0,961.0,1421.15,234.85,1656.0,23954.7,172.32049947970864,بنود المطالبات,516,CMH_01_SMART.xlsx,sheet بنود المطالبات,high,prev_progress in workbook is informational; platform will recompute server-side from approved claims (Migration 048).
CMH_01-C01,11,189,صفاية أرضية )FD(، من PVC مع مصفاة معدنية  مطلية بالكروم شاملة سيفون كما هو موصف بالمقاسات التالية:صفاية' طولية أرضية )SD(،مع مصفاة  معدنية مطلية بالكروم شاملة سيفون مخرج قطر 50 مم,عدد,300.0,20.0,3.0,4.0,7.0,1200.0,35,بنود المطالبات,517,CMH_01_SMART.xlsx,sheet بنود المطالبات,high,prev_progress in workbook is informational; platform will recompute server-side from approved claims (Migration 048).
CMH_01-C01,11,198,الأدوات والتركيبات الصحية كما هو موصف وتشمل صمامات الزاوية والخلاطات و المصائد والوصلات المرنة و الانابيب القصيرة للتغذية والصرف والتهوية وكافة قطع الإكسسوار لإتمام تركيب ، علي ان تكون الاجهزة والتركيبات من النوع المرشد لاستهلاك المياه :خلاط مياة  يركب على الحوض,عدد,1080.0,208.0,23.0,4.0,27.0,4320.0,12.980769230769232,بنود المطالبات,518,CMH_01_SMART.xlsx,sheet بنود المطالبات,high,prev_progress in workbook is informational; platform will recompute server-side from approved claims (Migration 048).
CMH_01-C01,11,199, يشمل العمل كافة قطع التركيبات مثل الأكواع  والتيهات ، 40. schتوريد و تركيب انابيب فولاذية سوداء والوصلات والقارنات والنقاصات/المخفضات ومنافس الهواء الآلية وتكون الوصلات من نوع  فيكتوليك او ما يماثلها للأقطار 50 مم أو أكبر، و تكون الوصلات قلووظ للأقطار أقل من 50 مم، والبند يشمل  العلاقات والدعامات للمواسير و المحابس  و الصرف ان لزم والدهان  لكامل الشبكة كما يلزم لاتمام العمل. و بناء على توجيهات مهندس المشرف  ومتطلبات الدفاعNFPA  ويشمل البند جميع ما يلزم لاتمام الأعمال طبقا للمواصفات و طبقا لمتطلبات ال المدني من الكشف على الشبكة الحالية وفحصها كما هو موضح على المخططات و على المقاول تقديم:المخططات التنفيذية و اعتمادها قبل بدء بالتنفيذ من المهندس المشرف كما هو موصف للأقطار التالية 25 mm dia.,م.ط,108.0,3900.0,2328.46,852.54,3181.0,92074.31999999999,81.56410256410257,بنود المطالبات,519,CMH_01_SMART.xlsx,sheet بنود المطالبات,high,prev_progress in workbook is informational; platform will recompute server-side from approved claims (Migration 048).
CMH_01-C01,11,200,توريد و تركيب انابيب فولاذية سوداء 40.sch ، يشمل العمل كافة قطع التركيبات مثل الأكواع  والتيهات والوصلات والقارنات والنقاصات/المخفضات ومنافس الهواء الآلية وتكون الوصلات من نوع  فيكتوليك او ما يماثلها للأقطار 50 مم أو أكبر، و تكون الوصلات قلووظ للأقطار أقل من 50 مم، والبند يشمل العلاقات والدعامات للمواسير و المحابس  و الصرف ان لزم والدهان  لكامل الشبكة كما يلزم لاتمام العمل و بناء على توجيهات مهندس المشرف .ويشمل البند جميع ما يلزم لاتمام الأعمال طبقا للمواصفات و طبقا لمتطلبات الNFPA  ومتطلبات الدفاع المدني من الكشف على الشبكة الحالية وفحصها كما هو موضح على المخططات و على المقاول تقديم المخططات التنفيذية و اعتمادها قبل بدء بالتنفيذ من المهندس المشرف كما هو موصف للأقطار التالية:.mm dia 28,م.ط,138.0,323.0,189.75,16.25,206.0,2242.5,63.77708978328174,بنود المطالبات,520,CMH_01_SMART.xlsx,sheet بنود المطالبات,high,prev_progress in workbook is informational; platform will recompute server-side from approved claims (Migration 048).
CMH_01-C01,11,201,توريد و تركيب انابيب فولاذية سوداء 40.sch ، يشمل العمل كافة قطع التركيبات مثل الأكواع  والتيهات والوصلات والقارنات والنقاصات/المخفضات ومنافس الهواء الآلية وتكون الوصلات من نوع  فيكتوليك او ما يماثلها للأقطار 50 مم أو أكبر، و تكون الوصلات قلووظ للأقطار أقل من 50 مم، والبند يشمل العلاقات والدعامات للمواسير و المحابس  و الصرف ان لزم والدهان  لكامل الشبكة كما يلزم لاتمام العمل و بناء على توجيهات مهندس المشرف .ويشمل البند جميع ما يلزم لاتمام الأعمال طبقا للمواصفات و طبقا لمتطلبات الNFPA  ومتطلبات الدفاع المدني من الكشف على الشبكة الحالية وفحصها كما هو موضح على المخططات و على المقاول تقديم المخططات التنفيذية و اعتمادها قبل بدء بالتنفيذ من المهندس المشرف كما هو موصف للأقطار التالية:.mm dia 33,م.ط,192.0,660.0,375.15999999999997,39.84,415.0,7649.280000000001,62.878787878787875,بنود المطالبات,521,CMH_01_SMART.xlsx,sheet بنود المطالبات,high,prev_progress in workbook is informational; platform will recompute server-side from approved claims (Migration 048).
CMH_01-C01,11,202,توريد و تركيب انابيب فولاذية سوداء 40.sch ، يشمل العمل كافة قطع التركيبات مثل الأكواع  والتيهات والوصلات والقارنات والنقاصات/المخفضات ومنافس الهواء الآلية وتكون الوصلات من نوع  فيكتوليك او ما يماثلها للأقطار 50 مم أو أكبر، و تكون الوصلات قلووظ للأقطار أقل من 50 مم، والبند يشمل العلاقات والدعامات للمواسير و المحابس  و الصرف ان لزم والدهان  لكامل الشبكة كما يلزم لاتمام العمل و بناء على توجيهات مهندس المشرف .ويشمل البند جميع ما يلزم لاتمام الأعمال طبقا للمواصفات و طبقا لمتطلبات الNFPA  ومتطلبات الدفاع المدني من الكشف على الشبكة الحالية وفحصها كما هو موضح على المخططات و على المقاول تقديم المخططات التنفيذية و اعتمادها قبل بدء بالتنفيذ من المهندس المشرف كما هو موصف للأقطار التالية:.mm dia 40,م.ط,222.0,600.0,261.15,15.85,277.0,3518.7,46.166666666666664,بنود المطالبات,522,CMH_01_SMART.xlsx,sheet بنود المطالبات,high,prev_progress in workbook is informational; platform will recompute server-side from approved claims (Migration 048).
CMH_01-C01,11,203,توريد و تركيب انابيب فولاذية سوداء 40.sch ، يشمل العمل كافة قطع التركيبات مثل الأكواع  والتيهات والوصلات والقارنات والنقاصات/المخفضات ومنافس الهواء الآلية وتكون الوصلات من نوع  فيكتوليك او ما يماثلها للأقطار 50 مم أو أكبر، و تكون الوصلات قلووظ للأقطار أقل من 50 مم، والبند يشمل العلاقات والدعامات للمواسير و المحابس  و الصرف ان لزم والدهان  لكامل الشبكة كما يلزم لاتمام العمل و بناء على توجيهات مهندس المشرف .ويشمل البند جميع ما يلزم لاتمام الأعمال طبقا للمواصفات و طبقا لمتطلبات الNFPA  ومتطلبات الدفاع المدني من الكشف على الشبكة الحالية وفحصها كما هو موضح على المخططات و على المقاول تقديم المخططات التنفيذية و اعتمادها قبل بدء بالتنفيذ من المهندس المشرف كما هو موصف للأقطار التالية:.mm dia 63,م.ط,240.0,646.0,246.57,36.43,283.0,8743.2,43.808049535603715,بنود المطالبات,523,CMH_01_SMART.xlsx,sheet بنود المطالبات,high,prev_progress in workbook is informational; platform will recompute server-side from approved claims (Migration 048).
CMH_01-C01,11,204,توريد و تركيب انابيب فولاذية سوداء 40.sch ، يشمل العمل كافة قطع التركيبات مثل الأكواع  والتيهات والوصلات والقارنات والنقاصات/المخفضات ومنافس الهواء الآلية وتكون الوصلات من نوع  فيكتوليك او ما يماثلها للأقطار 50 مم أو أكبر، و تكون الوصلات قلووظ للأقطار أقل من 50 مم، والبند يشمل العلاقات والدعامات للمواسير و المحابس  و الصرف ان لزم والدهان  لكامل الشبكة كما يلزم لاتمام العمل و بناء على توجيهات مهندس المشرف .ويشمل البند جميع ما يلزم لاتمام الأعمال طبقا للمواصفات و طبقا لمتطلبات الNFPA  ومتطلبات الدفاع المدني من الكشف على الشبكة الحالية وفحصها كما هو موضح على المخططات و على المقاول تقديم المخططات التنفيذية و اعتمادها قبل بدء بالتنفيذ من المهندس المشرف كما هو موصف للأقطار التالية:.mm dia 77,م.ط,288.0,110.0,116.80000000000001,14.2,131.0,4089.6,119.0909090909091,بنود المطالبات,524,CMH_01_SMART.xlsx,sheet بنود المطالبات,high,prev_progress in workbook is informational; platform will recompute server-side from approved claims (Migration 048).
CMH_01-C01,11,206,توريد و تركيب انابيب فولاذية سوداء 40.sch ، يشمل العمل كافة قطع التركيبات مثل الأكواع  والتيهات والوصلات والقارنات والنقاصات/المخفضات ومنافس الهواء الآلية وتكون الوصلات من نوع  فيكتوليك او ما يماثلها للأقطار 50 مم أو أكبر، و تكون الوصلات قلووظ للأقطار أقل من 50 مم، والبند يشمل العلاقات والدعامات للمواسير و المحابس  و الصرف ان لزم والدهان  لكامل الشبكة كما يلزم لاتمام العمل و بناء على توجيهات مهندس المشرف .ويشمل البند جميع ما يلزم لاتمام الأعمال طبقا للمواصفات و طبقا لمتطلبات الNFPA  ومتطلبات الدفاع المدني من الكشف على الشبكة الحالية وفحصها كما هو موضح على المخططات و على المقاول تقديم المخططات التنفيذية و اعتمادها قبل بدء بالتنفيذ من المهندس المشرف كما هو موصف للأقطار التالية:.mm dia 141,م.ط,360.0,200.0,235.02,26.98,262.0,9712.8,131,بنود المطالبات,525,CMH_01_SMART.xlsx,sheet بنود المطالبات,high,prev_progress in workbook is informational; platform will recompute server-side from approved claims (Migration 048).
CMH_01-C01,11,216,توريد و تركيب و اختبار رشاشات آلية اوتوماتيكية كما هو موصف رشاشات عامودية، ذات فتحة 2/1 بوصة، ومعامل 5.6 =K   ودرجة حرارة تشغيل 68 درجة مئوية,عدد,90.0,508.0,112.0,463.0,575.0,41670.0,113.18897637795276,بنود المطالبات,526,CMH_01_SMART.xlsx,sheet بنود المطالبات,high,prev_progress in workbook is informational; platform will recompute server-side from approved claims (Migration 048).
CMH_01-C01,11,218,توريد و تركيب نظام  غازي200FM لغرف الكهرباء و السنترال و ما يتطلبه النظام من تعديلاتمعمارية على ان يتم تقديمها للاعتماد من قبل مهندس المشرف  ،  مرجع 3-FE,عدد,54000.0,36.0,6.0,2.4,8.4,129600.0,23.333333333333332,بنود المطالبات,527,CMH_01_SMART.xlsx,sheet بنود المطالبات,high,prev_progress in workbook is informational; platform will recompute server-side from approved claims (Migration 048).
CMH_01-C01,11,219,توريد و تركيب كبائن مكافحة الحريق class II مزوده بمحبس 5.1 بوصة و خرطوم قماشي من مادةمعتمدة و ايضا بها طفاية حريق ABC  سعة 6 كيلو,عدد,4800.0,30.0,0.0,13.0,13.0,62400.0,43.333333333333336,بنود المطالبات,528,CMH_01_SMART.xlsx,sheet بنود المطالبات,high,prev_progress in workbook is informational; platform will recompute server-side from approved claims (Migration 048).
CMH_01-C01,11,221,وحدات VAV من أعلى العلامات التجارية جودة )BYPASS TYPE( مع سخان كهربائي ، ترموستات إلكتروني رقمي للغرفة ، فليكس. توصيلات ، تثبيت ، دعم ، عازل اهتزاز مع كافة الملحقات المطلوبة حسب المواصفات والرسومات. 01-VAV ، اجمالي الهواء 0-250 ) ق/د( استطاعة التخزين 5.1 )ك/و(,عدد,6600.0,9.0,5.3,1.7,7.0,11220.0,77.77777777777779,بنود المطالبات,529,CMH_01_SMART.xlsx,sheet بنود المطالبات,high,prev_progress in workbook is informational; platform will recompute server-side from approved claims (Migration 048).
CMH_01-C01,11,222,وحدات VAV من أعلى العلامات التجارية جودة )BYPASS TYPE( مع سخان كهربائي ، ترموستات إلكتروني رقمي للغرفة ، فليكس. توصيلات ، تثبيت ، دعم ، عازل اهتزاز مع كافة الملحقات المطلوبة حسب المواصفات والرسومات. 02-VAV ، اجمالي الهواء 0-500 ) ق/د( استطاعة التخزين 2 )ك/و(,عدد,6960.0,127.0,52.2,7.8,60.0,54288.0,47.24409448818898,بنود المطالبات,530,CMH_01_SMART.xlsx,sheet بنود المطالبات,high,prev_progress in workbook is informational; platform will recompute server-side from approved claims (Migration 048).
CMH_01-C01,11,223,وحدات VAV من أعلى العلامات التجارية جودة )BYPASS TYPE( مع سخان كهربائي ، ترموستات إلكتروني رقمي للغرفة ، فليكس. توصيلات ، تثبيت ، دعم ، عازل اهتزاز مع كافة الملحقات المطلوبة حسب المواصفات والرسومات. 03-VAV ، اجمالي الهواء 0-750 ) ق/د( استطاعة التخزين 3 )ك/و( ,عدد,7200.0,51.0,36.4,4.6,41.0,33120.0,80.3921568627451,بنود المطالبات,531,CMH_01_SMART.xlsx,sheet بنود المطالبات,high,prev_progress in workbook is informational; platform will recompute server-side from approved claims (Migration 048).
CMH_01-C01,11,224,وحدات VAV من أعلى العلامات التجارية جودة )BYPASS TYPE( مع سخان كهربائي ، ترموستات إلكتروني رقمي للغرفة ، فليكس. توصيلات ، تثبيت ، دعم ، عازل اهتزاز مع كافة الملحقات المطلوبة حسب المواصفات والرسومات. 04-VAV ، اجمالي الهواء 0-1000 ) ق/د( استطاعة التخزين 5.3 )ك/و(,عدد,7200.0,24.0,15.5,1.5,17.0,10800.0,70.83333333333334,بنود المطالبات,532,CMH_01_SMART.xlsx,sheet بنود المطالبات,high,prev_progress in workbook is informational; platform will recompute server-side from approved claims (Migration 048).
CMH_01-C01,11,225,وحدات VAV من أعلى العلامات التجارية جودة )BYPASS TYPE( مع سخان كهربائي ، ترموستات إلكتروني رقمي للغرفة ، فليكس. توصيلات ، تثبيت ، دعم ، عازل اهتزاز مع كافة الملحقات المطلوبة حسب المواصفات والرسومات. 05-VAV ، اجمالي الهواء 0-1500 ) ق/د( استطاعة التخزين 5.3 )ك/و(,عدد,9000.0,44.0,19.7,3.3,23.0,29700.0,52.27272727272727,بنود المطالبات,533,CMH_01_SMART.xlsx,sheet بنود المطالبات,high,prev_progress in workbook is informational; platform will recompute server-side from approved claims (Migration 048).
CMH_01-C01,11,226,وحدات VAV من أعلى العلامات التجارية جودة )BYPASS TYPE( مع سخان كهربائي ، ترموستات إلكتروني رقمي للغرفة ، فليكس. توصيلات ، تثبيت ، دعم ، عازل اهتزاز مع كافة الملحقات المطلوبة حسب المواصفات والرسومات. 06-VAV ، اجمالي الهواء 0-2000 ) ق/د( استطاعة التخزين 6.3 )ك/و(,عدد,10200.0,49.0,14.3,1.7,16.0,17340.0,32.6530612244898,بنود المطالبات,534,CMH_01_SMART.xlsx,sheet بنود المطالبات,high,prev_progress in workbook is informational; platform will recompute server-side from approved claims (Migration 048).
CMH_01-C01,11,230,توريد و تصنيع و تركيب أعمال مجاري  من الصفائح المعدنية المجلفنه )90G( للهواء الداخل والراجع والهواء النقي وقناة السحب حسب المواصفات القياسية SMACNA وتشمل التيهات/القطعة التائية والكوع/المرفق والتفريعات والتحويلة والدعامة وحمالة التعليق. ويجب أخذ الطول على امتداد خط المركز فوق كل قطع التركيبات، ومن المفهوم بأن السعر الإفرادي لأعمال مجاري الهواء/الأقنية محمل عليه كل دعامات حامل التعليق ومخمّد الصوت والحريق وكل قطع الإكسسوار عزل الحراري )فايبرغلاس( ثخانة 25 مم وبكثافة 24 كغ/م3 مع مانع تبخر من الألمنيوم المقوّى حسب المخططات والمواصفات و حسب تعليمات مهندس المشرف.,م.ط,300.0,7000.0,5126.0,122.0,5248.0,36600.0,74.97142857142856,بنود المطالبات,535,CMH_01_SMART.xlsx,sheet بنود المطالبات,high,prev_progress in workbook is informational; platform will recompute server-side from approved claims (Migration 048).
CMH_01-C01,11,231,ناشرة هواء ذات فتحات طولية  للهواء الداخل مصنعة من الألمنيوم المشكل بالبثق ومطلية بمسحوق البولستركاملة، مخمدات صوت ذات أرياش متضادّة ،وصندوق حجمى معزول من الداخل بعازل صوتى وميكانيزم للتحكم فى الهواء من واجهة الناشر وكل قطع الأكسسوار حسب المواصفات والمخططات مع توفير عينات للاعتماد من مهندس المشرف. ثلاثة فتحات / ثقب 25مم عرض,م.ط,480.0,1925.0,341.0,209.0,550.0,100320.0,28.57142857142857,بنود المطالبات,536,CMH_01_SMART.xlsx,sheet بنود المطالبات,high,prev_progress in workbook is informational; platform will recompute server-side from approved claims (Migration 048).
CMH_01-C01,11,232,ناشرة هواء ذات فتحات طولية للهواء الراجع مصنعة من الألمنيوم المشكل بالبثق ومطلية بمسحوق البولستركاملة، وكل قطع الأكسسوار حسب المواصفات والمخططات مع توفير عينات للاعتماد من مهندس المشرف. ثلاثة فتحات / ثقب 25مم عرض,م.ط,480.0,1925.0,342.0,197.0,539.0,94560.0,28.000000000000004,بنود المطالبات,537,CMH_01_SMART.xlsx,sheet بنود المطالبات,high,prev_progress in workbook is informational; platform will recompute server-side from approved claims (Migration 048).
CMH_01-C01,11,233, جريلات تغذية من الالومينيوم مغطاة ببودرة البوليستر كاملة وجميع الملحقات حسب المخططات..والمواصفات مع توفير عينات للاعتماد من مهندس المشرف 600mm X 600mm,عدد,456.0,724.0,164.0,127.0,291.0,57912.0,40.193370165745854,بنود المطالبات,538,CMH_01_SMART.xlsx,sheet بنود المطالبات,high,prev_progress in workbook is informational; platform will recompute server-side from approved claims (Migration 048).
CMH_01-C01,11,234, جريلات رجوع من الالومينيوم مغطاة ببودرة البوليستر كاملة وجميع الملحقات حسب المخططات.والمواصفات مع توفير عينات للاعتماد من مهندس المشرف 600mm X 600mm,عدد,264.0,724.0,123.0,54.0,177.0,14256.0,24.447513812154696,بنود المطالبات,539,CMH_01_SMART.xlsx,sheet بنود المطالبات,high,prev_progress in workbook is informational; platform will recompute server-side from approved claims (Migration 048).
CMH_01-C01,11,235, جريلات لسحب الهواء من الالمونيوم مغطاة ببودرة البوليستر كاملة بجميع ملحقات التركيب وحسب.المخططات والمواصفات مع توفير عينات للاعتماد من مهندس المشرف 150mm X 150MM,عدد,210.0,102.0,62.0,40.0,102.0,8400.0,100,بنود المطالبات,540,CMH_01_SMART.xlsx,sheet بنود المطالبات,high,prev_progress in workbook is informational; platform will recompute server-side from approved claims (Migration 048).
CMH_01-C01,11,254,توريد وتركيب وإختبار وفحص علبة خدمة من نوعية ممتازة تحتوى على  ) أ ( مقابس تغذية أرضية مزدوجة ذات أسلاك 4 مم2 كحد أدنى مركبة على الأرض وتشمل أسلاك التأريض من اللوحة حتى المقابس + )ب( مآخذ للهاتف والبيانات ذات كابلات CAT 6A UTP وحتى كابينة الداتا  وحسب مواصفات إدارة الـ IT  بالوزارة. على المقاول المعاينة و فحص الشبكة الحالية و الاستفادة من التمديدات الحالية و دمجها مع التركيبات الجديدة بعد عمل الاختبارات اللازمة و بعد الموافقة من مهندس المشرف . النوع  )A(  )تحتوى على  4 قوى & 4 داتا (,عدد,2160.0,286.0,161.0,65.0,226.0,140400.0,79.02097902097903,بنود المطالبات,541,CMH_01_SMART.xlsx,sheet بنود المطالبات,high,prev_progress in workbook is informational; platform will recompute server-side from approved claims (Migration 048).
CMH_01-C01,11,255,توريد وتركيب وإختبار وفحص علبة خدمة من نوعية ممتازة تحتوى على  ) أ ( مقابس تغذية أرضية مزدوجة ذات أسلاك 4 مم2 كحد أدنى مركبة على الأرض وتشمل أسلاك التأريض من اللوحة حتى المقابس + )ب( مآخذ للهاتف والبيانات ذات كابلات CAT 6A UTP وحتى كابينة الداتا  وحسب مواصفات إدارة الـ IT  بالوزارة. على المقاول المعاينة و فحص الشبكة الحالية و الاستفادة من التمديدات الحالية و دمجها مع التركيبات الجديدة بعد عمل الاختبارات اللازمة و بعد الموافقة من مهندس المشرف . النوع )B(   )تحتوى على 2 قوى & 2 داتا (,عدد,1800.0,20.0,145.0,30.0,175.0,54000.0,875,بنود المطالبات,542,CMH_01_SMART.xlsx,sheet بنود المطالبات,high,prev_progress in workbook is informational; platform will recompute server-side from approved claims (Migration 048).
CMH_01-C01,11,256,توريد وتركيب وإختبار وفحص علبة خدمة من نوعية ممتازة تحتوى على  ) أ ( مقابس تغذية أرضية مزدوجة ذات أسلاك 4 مم2 كحد أدنى مركبة على الأرض وتشمل أسلاك التأريض من اللوحة حتى المقابس + )ب( مآخذ للهاتف والبيانات ذات كابلات CAT 6A UTP وحتى كابينة الداتا  وحسب مواصفات إدارة الـ IT  بالوزارة. على المقاول المعاينة و فحص الشبكة الحالية و الاستفادة من التمديدات الحالية و دمجها مع التركيبات الجديدة بعد عمل الاختبارات اللازمة و بعد الموافقة من مهندس المشرف . النوع )1FB(   )تحتوى على 1 قوى (,عدد,720.0,141.0,21.0,11.0,32.0,7920.0,22.69503546099291,بنود المطالبات,543,CMH_01_SMART.xlsx,sheet بنود المطالبات,high,prev_progress in workbook is informational; platform will recompute server-side from approved claims (Migration 048).
CMH_01-C01,11,262,توريد وتركيب وتوصيل وإختبار وفحص اجهزة الإنارة ويشمل اللمبات وأقواس التركيب وحبال التعليق وقطع الأكسسوار و ايضا نقاط الانارة متضمنة مواسير/أقنية قاسية عالية التحمل PVC  أوEMT وعلب ذات أسلاك لاتقل عن 0.4 مم2 لنقطة الإنارة وتوصيل أطراف أسلاك التأريض،وكل الأعمال المساعدة كما هو محدد وموضح في المخططات. على المقاول المعاينة و فحص الشبكة الحالية و الاستفادة من التمديدات الحالية و دمجها  علما بان البند يشمل جميع الوصلات و الاسلاك و الكابلات اللازمة لنهو العمل  بعد عمل الاختبارات اللازمة و بعد الموافقة من مهندس المشرف . Type A1,عدد,348.0,530.0,111.0,21.0,132.0,7308.0,24.90566037735849,بنود المطالبات,544,CMH_01_SMART.xlsx,sheet بنود المطالبات,high,prev_progress in workbook is informational; platform will recompute server-side from approved claims (Migration 048).
CMH_01-C01,11,263,توريد وتركيب وتوصيل وإختبار وفحص اجهزة الإنارة ويشمل اللمبات وأقواس التركيب وحبال التعليق وقطع الأكسسوار و ايضا نقاط الانارة متضمنة مواسير/أقنية قاسية عالية التحمل PVC  أوEMT وعلب ذات أسلاك لاتقل عن 0.4 مم2 لنقطة الإنارة وتوصيل أطراف أسلاك التأريض،وكل الأعمال المساعدة كما هو محدد وموضح في المخططات. على المقاول المعاينة و فحص الشبكة الحالية و الاستفادة من التمديدات الحالية و دمجها  علما بان البند يشمل جميع الوصلات و الاسلاك و الكابلات اللازمة لنهو العمل  بعد عمل الاختبارات اللازمة و بعد الموافقة من مهندس المشرف . Type A1E,عدد,660.0,241.0,50.0,34.0,84.0,22440.0,34.85477178423236,بنود المطالبات,545,CMH_01_SMART.xlsx,sheet بنود المطالبات,high,prev_progress in workbook is informational; platform will recompute server-side from approved claims (Migration 048).
CMH_01-C01,11,264,توريد وتركيب وتوصيل وإختبار وفحص اجهزة الإنارة ويشمل اللمبات وأقواس التركيب وحبال التعليق وقطع الأكسسوار و ايضا نقاط الانارة متضمنة مواسير/أقنية قاسية عالية التحمل PVC  أوEMT وعلب ذات أسلاك لاتقل عن 0.4 مم2 لنقطة الإنارة وتوصيل أطراف أسلاك التأريض،وكل الأعمال المساعدة كما هو محدد وموضح في المخططات. على المقاول المعاينة و فحص الشبكة الحالية و الاستفادة من التمديدات الحالية و دمجها  علما بان البند يشمل جميع الوصلات و الاسلاك و الكابلات اللازمة لنهو العمل  بعد عمل الاختبارات اللازمة و بعد الموافقة من مهندس المشرف . Type A2,عدد,1044.0,1113.0,416.0,85.0,501.0,88740.0,45.01347708894879,بنود المطالبات,546,CMH_01_SMART.xlsx,sheet بنود المطالبات,high,prev_progress in workbook is informational; platform will recompute server-side from approved claims (Migration 048).
CMH_01-C01,11,272,توريد وتركيب وتوصيل وإختبار وفحص اجهزة الإنارة ويشمل اللمبات وأقواس التركيب وحبال التعليق وقطع الأكسسوار و ايضا نقاط الانارة متضمنة مواسير/أقنية قاسية عالية التحمل PVC  أوEMT وعلب ذات أسلاك لاتقل عن 0.4 مم2 لنقطة الإنارة وتوصيل أطراف أسلاك التأريض،وكل الأعمال المساعدة كما هو محدد وموضح في المخططات. على المقاول المعاينة و فحص الشبكة الحالية و الاستفادة من التمديدات الحالية و دمجها  علما بان البند يشمل جميع الوصلات و الاسلاك و الكابلات اللازمة لنهو العمل  بعد عمل الاختبارات اللازمة و بعد الموافقة من مهندس المشرف .Type B1,عدد,720.0,343.0,32.0,8.0,40.0,5760.0,11.661807580174926,بنود المطالبات,547,CMH_01_SMART.xlsx,sheet بنود المطالبات,high,prev_progress in workbook is informational; platform will recompute server-side from approved claims (Migration 048).
CMH_01-C01,11,276,توريد وتركيب وتوصيل وإختبار وفحص اجهزة الإنارة ويشمل اللمبات وأقواس التركيب وحبال التعليق وقطع الأكسسوار و ايضا نقاط الانارة متضمنة مواسير/أقنية قاسية عالية التحمل PVC  أوEMT وعلب ذات أسلاك لاتقل عن 0.4 مم2 لنقطة الإنارة وتوصيل أطراف أسلاك التأريض،وكل الأعمال المساعدة كما هو محدد وموضح في المخططات. على المقاول المعاينة و فحص الشبكة الحالية و الاستفادة من التمديدات الحالية و دمجها  علما بان البند يشمل جميع الوصلات و الاسلاك و الكابلات اللازمة لنهو العمل  بعد عمل الاختبارات اللازمة و بعد الموافقة من مهندس المشرف .Type C3,عدد,444.0,1062.0,219.0,145.0,364.0,64380.0,34.27495291902072,بنود المطالبات,548,CMH_01_SMART.xlsx,sheet بنود المطالبات,high,prev_progress in workbook is informational; platform will recompute server-side from approved claims (Migration 048).
CMH_01-C01,11,277,توريد وتركيب وتوصيل وإختبار وفحص اجهزة الإنارة ويشمل اللمبات وأقواس التركيب وحبال التعليق وقطع الأكسسوار و ايضا نقاط الانارة متضمنة مواسير/أقنية قاسية عالية التحمل PVC  أوEMT وعلب ذات أسلاك لاتقل عن 0.4 مم2 لنقطة الإنارة وتوصيل أطراف أسلاك التأريض،وكل الأعمال المساعدة كما هو محدد وموضح في المخططات. على المقاول المعاينة و فحص الشبكة الحالية و الاستفادة من التمديدات الحالية و دمجها  علما بان البند يشمل جميع الوصلات و الاسلاك و الكابلات اللازمة لنهو العمل  بعد عمل الاختبارات اللازمة و بعد الموافقة من مهندس المشرف .Type C4,عدد,300.0,284.0,92.0,21.0,113.0,6300.0,39.7887323943662,بنود المطالبات,549,CMH_01_SMART.xlsx,sheet بنود المطالبات,high,prev_progress in workbook is informational; platform will recompute server-side from approved claims (Migration 048).
CMH_01-C01,11,279,توريد وتركيب وتوصيل وإختبار وفحص اجهزة الإنارة ويشمل اللمبات وأقواس التركيب وحبال التعليق وقطع الأكسسوار و ايضا نقاط الانارة متضمنة مواسير/أقنية قاسية عالية التحمل PVC  أوEMT وعلب ذات أسلاك لاتقل عن 0.4 مم2 لنقطة الإنارة وتوصيل أطراف أسلاك التأريض،وكل الأعمال المساعدة كما هو محدد وموضح في المخططات.على المقاول المعاينة و فحص الشبكة الحالية و الاستفادة من التمديدات الحالية و دمجها  علما بان البند يشمل جميع الوصلات و الاسلاك و الكابلات اللازمة لنهو العمل  بعد عمل الاختبارات اللازمة و بعد الموافقة من مهندس المشرف .Type C6,عدد,288.0,158.0,50.0,34.0,84.0,9792.0,53.16455696202531,بنود المطالبات,550,CMH_01_SMART.xlsx,sheet بنود المطالبات,high,prev_progress in workbook is informational; platform will recompute server-side from approved claims (Migration 048).
CMH_01-C01,11,283,توريد وتركيب وتوصيل وإختبار وفحص اجهزة الإنارة ويشمل اللمبات وأقواس التركيب وحبال التعليق وقطع الأكسسوار و ايضا نقاط الانارة متضمنة مواسير/أقنية قاسية عالية التحمل PVC  أوEMT وعلب ذات أسلاك لاتقل عن 0.4 مم2 لنقطة الإنارة وتوصيل أطراف أسلاك التأريض،وكل الأعمال المساعدة كما هو محدد وموضح في المخططات. على المقاول المعاينة و فحص الشبكة الحالية و الاستفادة من التمديدات الحالية و دمجها  علما بان البند يشمل جميع الوصلات و الاسلاك و الكابلات اللازمة لنهو العمل  بعد عمل الاختبارات اللازمة و بعد الموافقة من مهندس المشرف .Type D3,عدد,288.0,179.0,78.0,6.0,84.0,1728.0,46.927374301675975,بنود المطالبات,551,CMH_01_SMART.xlsx,sheet بنود المطالبات,high,prev_progress in workbook is informational; platform will recompute server-side from approved claims (Migration 048).
CMH_01-C01,11,286,توريد وتركيب وتوصيل وإختبار وفحص اجهزة الإنارة ويشمل اللمبات وأقواس التركيب وحبال التعليق وقطع الأكسسوار و ايضا نقاط الانارة متضمنة مواسير/أقنية قاسية عالية التحمل PVC  أوEMT وعلب ذات أسلاك لاتقل عن 0.4 مم2 لنقطة الإنارة وتوصيل أطراف أسلاك التأريض،وكل الأعمال المساعدة كما هو محدد وموضح في المخططات. على المقاول المعاينة و فحص الشبكة الحالية و الاستفادة من التمديدات الحالية و دمجها  علما بان البند يشمل جميع الوصلات و الاسلاك و الكابلات اللازمة لنهو العمل  بعد عمل الاختبارات اللازمة و بعد الموافقة من مهندس المشرف . Type E2,عدد,504.0,186.0,48.0,69.0,117.0,34776.0,62.903225806451616,بنود المطالبات,552,CMH_01_SMART.xlsx,sheet بنود المطالبات,high,prev_progress in workbook is informational; platform will recompute server-side from approved claims (Migration 048).
CMH_01-C01,11,288,توريد وتركيب وتوصيل وإختبار وفحص اجهزة الإنارة ويشمل اللمبات وأقواس التركيب وحبال التعليق وقطع الأكسسوار و ايضا نقاط الانارة متضمنة مواسير/أقنية قاسية عالية التحمل PVC  أوEMT وعلب ذات أسلاك لاتقل عن 0.4 مم2 لنقطة الإنارة وتوصيل أطراف أسلاك التأريض،وكل الأعمال المساعدة كما هو محدد وموضح في المخططات. على المقاول المعاينة و فحص الشبكة الحالية و الاستفادة من التمديدات الحالية و دمجها  علما بان البند يشمل جميع الوصلات و الاسلاك و الكابلات اللازمة لنهو العمل  بعد عمل الاختبارات اللازمة و بعد الموافقة من مهندس المشرف .Type LB1,م.ط,170.4,5772.0,1736.0,764.0,2500.0,130185.6,43.31254331254331,بنود المطالبات,553,CMH_01_SMART.xlsx,sheet بنود المطالبات,high,prev_progress in workbook is informational; platform will recompute server-side from approved claims (Migration 048).
CMH_01-C01,11,291,توريد وتركيب وتوصيل وإختبار وفحص اجهزة الإنارة ويشمل اللمبات وأقواس التركيب وحبال التعليق وقطع الأكسسوار و ايضا نقاط الانارة متضمنة مواسير/أقنية قاسية عالية التحمل PVC  أوEMT وعلب ذات أسلاك لاتقل عن 0.4 مم2 لنقطة الإنارة وتوصيل أطراف أسلاك التأريض،وكل الأعمال المساعدة كما هو محدد وموضح في المخططات. على المقاول المعاينة و فحص الشبكة الحالية و الاستفادة من التمديدات الحالية و دمجها  علما بان البند يشمل جميع الوصلات و الاسلاك و الكابلات اللازمة لنهو العمل  بعد عمل الاختبارات اللازمة و بعد الموافقة من مهندس المشرف .Type LB4,عدد,1104.0,132.0,29.0,19.0,48.0,20976.0,36.36363636363637,بنود المطالبات,554,CMH_01_SMART.xlsx,sheet بنود المطالبات,high,prev_progress in workbook is informational; platform will recompute server-side from approved claims (Migration 048).
CMH_01-C01,11,298,توريد وتركيب وتوصيل وإختبار وفحص اجهزة الإنارة ويشمل اللمبات وأقواس التركيب وحبال التعليق وقطع الأكسسوار و ايضا نقاط الانارة متضمنة مواسير/أقنية قاسية عالية التحمل PVC  أوEMT وعلب ذات أسلاك لاتقل عن 0.4 مم2 لنقطة الإنارة وتوصيل أطراف أسلاك التأريض،وكل الأعمال المساعدة كما هو محدد وموضح في المخططات. على المقاول المعاينة و فحص الشبكة الحالية و الاستفادة من التمديدات الحالية و دمجها  علما بان البند يشمل جميع الوصلات و الاسلاك و الكابلات اللازمة لنهو العمل  بعد عمل الاختبارات اللازمة و بعد الموافقة من مهندس المشرف . Type P1,عدد,420.0,75.0,10.0,21.0,31.0,8820.0,41.333333333333336,بنود المطالبات,555,CMH_01_SMART.xlsx,sheet بنود المطالبات,high,prev_progress in workbook is informational; platform will recompute server-side from approved claims (Migration 048).
CMH_01-C01,11,299,توريد وتركيب وتوصيل وإختبار وفحص اجهزة الإنارة ويشمل اللمبات وأقواس التركيب وحبال التعليق وقطع الأكسسوار و ايضا نقاط الانارة متضمنة مواسير/أقنية قاسية عالية التحمل PVC  أوEMT وعلب ذات أسلاك لاتقل عن 0.4 مم2 لنقطة الإنارة وتوصيل أطراف أسلاك التأريض،وكل الأعمال المساعدة كما هو محدد وموضح في المخططات. على المقاول المعاينة و فحص الشبكة الحالية و الاستفادة من التمديدات الحالية و دمجها  علما بان البند يشمل جميع الوصلات و الاسلاك و الكابلات اللازمة لنهو العمل  بعد عمل الاختبارات اللازمة و بعد الموافقة من مهندس المشرف . Type T1,عدد,744.0,1146.0,225.0,195.0,420.0,145080.0,36.64921465968586,بنود المطالبات,556,CMH_01_SMART.xlsx,sheet بنود المطالبات,high,prev_progress in workbook is informational; platform will recompute server-side from approved claims (Migration 048).
CMH_01-C01,11,316,وحدات لاسلكية لتوفير خدمة شبكة المعلومات )Wireless Access Points(,عدد,1080.0,181.0,38.0,22.0,60.0,23760.0,33.14917127071823,بنود المطالبات,557,CMH_01_SMART.xlsx,sheet بنود المطالبات,high,prev_progress in workbook is informational; platform will recompute server-side from approved claims (Migration 048).
CMH_01-C01,11,317,عن طريق مقاول متخصص ذو خبرة كبيرة في هذا المجال ويقدم للاعتماد من إدارة الـ IT بالوزارة و يربط النظام مع الانظمة المعنية بالتحكم و الموازنة و يشمل البند جميع الوصلات و الكابلات و غيرها من المتطلبات الخاصة بنهو النظام كاملا توريد وتركيب واختبارنقاط كاميرا مراقبة داخلية سقفية و جميع ما يلزم من توصيلات و تركيبات و خلافة  لنهو النظام .,عدد,2640.0,258.0,68.0,40.0,108.0,105600.0,41.86046511627907,بنود المطالبات,558,CMH_01_SMART.xlsx,sheet بنود المطالبات,high,prev_progress in workbook is informational; platform will recompute server-side from approved claims (Migration 048).
CMH_01-C01,11,324,"توريد وتركيب وإختبار نظام النداء الصوتي العام يتضمن كافة الكابالت و المواسير و العلب و النهايات مع كامل اكسسوارات التركيب الالزمة وتشغيل تجهيزات الصوت و تركيب المعدات الرئيسية بغرفة التحكم حسب المخططات و المواصفات وتعليمات الشركة المصنعة مشتمال على كل ما يلزم التمام العمل
و ربطه مع نظام الحريق و ادارة المبنى و يتكون من االتي -:
سماعة سقفية 6 وات
",عدد,420.0,252.0,34.0,14.0,48.0,5880.0,19.047619047619047,بنود المطالبات,559,CMH_01_SMART.xlsx,sheet بنود المطالبات,high,prev_progress in workbook is informational; platform will recompute server-side from approved claims (Migration 048).
CMH_01-C01,11,327,"توريد وتركيب وإختبار المخارج اآلتية شاملة الكابالت 6A( )CAT والمواسير وعلب التوصيل وعلب السحب واألغطية و الوصالت cords Patch وخالفه حسب المواصفات ووفقا لما هو موضح بالمخططات مع جميع االكسسوارات لعمل النظام على أكمل وجه ومن أجود األنواع األصلية وحسب تعليمات ومواصفات إدارة الــ IT بالوزارة وكل ما يلزم من المخرج وحتى rack IT
على المقاول المعاينة و فحص الشبكة الحالية و االستفادة من التمديدات الحالية و دمجها مع التركيبات
الجديدة بعد عمل االختبارات الالزمة و بعد الموافقة من مهندس المشرف -:.
مخرج فردي حائطي مزود بعدد واحد مأخذ RJ-45
",عدد,432.0,206.0,65.0,53.0,118.0,22896.0,57.28155339805825,بنود المطالبات,560,CMH_01_SMART.xlsx,sheet بنود المطالبات,high,prev_progress in workbook is informational; platform will recompute server-side from approved claims (Migration 048).
CMH_01-C01,11,334,فك و تقطيع وتنزيل و ترحيل مواسير شبكة الصرف و التغذية القائمة و البند يشمل فك القطع والترحيل خارج الموقع وتسليم جميع مكونات شبكة الصرف و التغذية للجهة مالكة المشروع ,م.ط,16.523,0.0,2198.7,684.3,2883.0,11306.6889,,بنود المطالبات,561,CMH_01_SMART.xlsx,sheet بنود المطالبات,high,prev_progress in workbook is informational; platform will recompute server-side from approved claims (Migration 048).
CMH_01-C01,11,341,فك و تقطيع وتنزيل و ترحيل مواسير شبكة مكافحة الحريق القائمة و البند يشمل فك الرشاشات والترحيل خارج الموقع وتسليم جميع مكونات شبكة الحريق للجهة مالكة المشروع ,م.ط,20.88,0.0,9700.0,1250.0,10950.0,26100.0,,بنود المطالبات,562,CMH_01_SMART.xlsx,sheet بنود المطالبات,high,prev_progress in workbook is informational; platform will recompute server-side from approved claims (Migration 048).
CMH_01-C01,11,342,فك وفحص و إختبار وحدات VAV القائمة بالمبنى و البند يشمل  الترحيل لمستودعات الجهة مالكة المشروع بمدينة الرياض ,عدد,450.0,0.0,181.0,13.0,194.0,5850.0,,بنود المطالبات,563,CMH_01_SMART.xlsx,sheet بنود المطالبات,high,prev_progress in workbook is informational; platform will recompute server-side from approved claims (Migration 048).
CMH_01-C01,11,343,فك و إزالة  مجاري الهواء من الصفائح المعدنية المجلفنة شامل الاكواع و التفريعات و التحويله و العامة وحاملة التعليق و الترحيل إلى مستودعات الجهة مالكة المشروع بمدينة الرياض  ,م.ط,106.0,0.0,7556.94,1321.06,8878.0,140032.36,,بنود المطالبات,564,CMH_01_SMART.xlsx,sheet بنود المطالبات,high,prev_progress in workbook is informational; platform will recompute server-side from approved claims (Migration 048).
CMH_01-C01,11,349, توريد و تركيب مراوح سحب الهواء (AXIAL INLINE FAN)  تشمل عمليات التوريد و التركيب و الاختبار و التثبيت  سعة 100 قدم مكعب بالدقيقة بالدور الثالث والرابع والخامس,عدد,1160.4,0.0,2.0,2.0,4.0,2320.8,,بنود المطالبات,565,CMH_01_SMART.xlsx,sheet بنود المطالبات,high,prev_progress in workbook is informational; platform will recompute server-side from approved claims (Migration 048).
CMH_01-C01,11,350,"توريد وتركيب  
سماعة معلقة 6 وات لون اسود مع الكابلات والتمديدات  حسب المخططات   والبند يشمل جميع التمديدات المواسير للسماعات قطر 3/4  بوصة من الEMT  وسحب الاسلاك  الخاصة بنظام الصوت. ",عدد,1380.0,0.0,0.0,16.0,16.0,22080.0,,بنود المطالبات,566,CMH_01_SMART.xlsx,sheet بنود المطالبات,high,prev_progress in workbook is informational; platform will recompute server-side from approved claims (Migration 048).
CMH_01-C01,11,361,"01-MT 02& MT رخام مون ستون غراي رمادي فاتح و رمادي غامق 
مقاس  1200× 300 مم لمنطقة القهوة و المدخل سماكة 16مم .",م²,454.0,0.0,459.35,454.0,913.35,206116.0,,بنود المطالبات,567,CMH_01_SMART.xlsx,sheet بنود المطالبات,high,prev_progress in workbook is informational; platform will recompute server-side from approved claims (Migration 048).
CMH_01-C01,11,367, توريد و تركيب حوض خدمة  (JANITOR SINK) والبند يشمل كوع الصرف والخلاط وجميع ما يلزم للتركيب والتثبيت,عدد,2445.0,0.0,4.0,4.0,8.0,9780.0,,بنود المطالبات,568,CMH_01_SMART.xlsx,sheet بنود المطالبات,high,prev_progress in workbook is informational; platform will recompute server-side from approved claims (Migration 048).
CMH_01-C01,12,1,تشتمل على أعمال الهدم وإلإزالة والترحيل داخل أدوار المبنى والسعر يشمل نقل المخلفات الغير صالحه للمقالب العموميه ونقل المخلفات الصالحه لمخازن الجهه المالكه.Ref drawing: 07-MRA-DD-(as per floor number)-AR-001هدم وإزالة الجدران وتشمل  جميع أنواع جدران الطوب  والقواطع الجبسية و الخشبية و الزجاجية  بحسب المخططات المعتمدة وتعليمات المهندس المشرف.,م2,18.0,17900.0,11194.17,3886.4,15080.57,69955.2,84.24899441340781,بنود المطالبات,569,CMH_01_SMART.xlsx,sheet بنود المطالبات,high,prev_progress in workbook is informational; platform will recompute server-side from approved claims (Migration 048).
CMH_01-C01,12,2,تشتمل على أعمال الهدم وإلإزالة والترحيل داخل أدوار المبنى والسعر يشمل نقل المخلفات الغير صالحه للمقالب العموميه ونقل المخلفات الصالحه لمخازن الجهه المالكه.Ref drawing: 07-MRA-DD-(as per floor number)-AR-هدم وإزالة تشطيبات رخام أو بلاط بورسلان أو سيراميك  للأرضيات والجدران الحالية  بحسب المخططات المعتمدة وتعليمات المهندس المشرف.,م2,14.5,10362.0,4901.06,623.66,5524.72,9043.07,53.31712024705656,بنود المطالبات,570,CMH_01_SMART.xlsx,sheet بنود المطالبات,high,prev_progress in workbook is informational; platform will recompute server-side from approved claims (Migration 048).
CMH_01-C01,12,3,تشتمل على أعمال الهدم وإلإزالة والترحيل داخل أدوار المبنى والسعر يشمل نقل المخلفات الغير صالحه للمقالب العموميه ونقل المخلفات الصالحه لمخازن الجهه المالكهRef drawing: 07-MRA-DD-(as per floor number)-AR-001هدم وإزالة تشطيبات الأسقف المستعارة الحالية بما تشمل أسقف جبسية وبلاطات صناعية وأسقف معدنية  بحسب المخططات المعتمدة وتعليمات المهندس المشرف.,م2,8.5,18420.0,8275.58,7195.0,15470.58,61157.5,83.98794788273617,بنود المطالبات,571,CMH_01_SMART.xlsx,sheet بنود المطالبات,high,prev_progress in workbook is informational; platform will recompute server-side from approved claims (Migration 048).
CMH_01-C01,12,5,صبة أسمنتية كطبقة حماية للعزل في الأماكن الرطبة. ويشمل السعر وأي مواد أو أعمال يتطلبها تنفيذ العمل حسب المواصفات والمخططات وتعليمات المهندس المشرف.,م3,366.0,1345.0,163.48,31.84,195.32,11653.44,14.521933085501859,بنود المطالبات,572,CMH_01_SMART.xlsx,sheet بنود المطالبات,high,prev_progress in workbook is informational; platform will recompute server-side from approved claims (Migration 048).
CMH_01-C01,12,6,توريد وبناء مباني من البلوك  مقاوم للحريق شاملا المونة والفواصل وأربطة التثبيت والتسليح الرأسي وعتبات جميع الفتحات وعزل الجدران المزدوجة المفرّغة والمكملات ويتم توريد البلوك بالموقع على قواعد خشبية مغطاه بالبلاستيك ويستمر على هذه الحالة حتى يبدأ استخدامه للبناء على أن يكون ذو ابعاد بطول 40سم وسماكة حسب المطلوب وارتفاع 20سم وان تكون صلد سليم نظيف وذو زوايا خارجية قائمة يستعمل لبناء الحوائط حسب ما هو موضح بالمخططات مع التكحيل ويكون  مطابق للمواصفات حسب النوعيه المطلوبة والسعر يشمل كل مايلزم للبناء من البلوك الكامل والقطع الخاصة سواء 5.0 أو 25.0 ، كذلك القطع الخاصة بتمديد المواسير بحيث لا يتم تكسير البلوك أثناء الاستخدام للبناء على الأطلاق ، بالإضافة إلى كافة المواد والاكسسوارات والسقايل واستعمال الشبك الممدد والتسليح بواسطة خوابير معدنية والمرابط المعدنية ويشمل السعر أي مواد أو أعمال يتطلبها استكمال العمل حسب المواصفات  القسم Ref drawing: 07-MRA-DD-(as per floor number) وتعليمات المهندس المشرف 04200Ar-100,م2,150.0,450.0,2694.0,728.59,3422.59,109288.5,760.5755555555555,بنود المطالبات,573,CMH_01_SMART.xlsx,sheet بنود المطالبات,high,prev_progress in workbook is informational; platform will recompute server-side from approved claims (Migration 048).
CMH_01-C01,12,25,تصنيع وتركيب لوح خشبي بشكل طولي من  الـ )Mdf(  مع قشرة الجوز او ما يتناسب مع العينة المتفق عليها طول 25سم وعرض 10سم وارتفاع 270 سم الى جانب الابواب الزجاجية حسب المناظير والرسومات وتعليمات المهندس المشرف.Code: WDP2-08,عدد,240.0,248.0,78.0,16.0,94.0,3840.0,37.903225806451616,بنود المطالبات,574,CMH_01_SMART.xlsx,sheet بنود المطالبات,high,prev_progress in workbook is informational; platform will recompute server-side from approved claims (Migration 048).
CMH_01-C01,12,26,تصنيع وتركيب كسوة من الخشب للجدران ويكون النمط والحجم كما هو موضح بالرسومات ويشمل السعر أي مواد أو أعمال يتطلبها إنهاء العمل حسب المواصفات والمخططات وتعليمات المهندس المشرف. Ref drawing: 07-MRA-DD-(as per floor number)-AR-600 to 07-MRA-DD-(as  per floor number)-AR-604كسوة من خشب الـ)Mdf(  ، مثبتة على العامود الخرساني بدهان رمادي على شكل وهيئة الأسطح الاسمنتية )matt( بتصميم مع غروف حسب الرسومات والمناظير وتعليمات المهندس المشرف.Code: WDP3-04,م2,528.0,345.0,168.66,25.34,194.0,13379.52,56.231884057971016,بنود المطالبات,575,CMH_01_SMART.xlsx,sheet بنود المطالبات,high,prev_progress in workbook is informational; platform will recompute server-side from approved claims (Migration 048).
CMH_01-C01,12,27,"تصنيع وتركيب كسوة من الخشب للجدران ويكون النمط والحجم كما هو موضح بالرسومات ويشمل السعر أي مواد أو أعمال يتطلبها إنهاء العمل حسب المواصفات والمخططات وتعليمات المهندس المشرف. Ref drawing: 07-MRA-DD-(as per floor number)-AR-600 to 07-MRA-DD-(as per floor number)-AR-604كسوة من خشب الـ)Mdf( ، مثبتة على القواطع الجبسية بدهان رمادي بيج  )matt( ، وبتصميم مع غروف حسب الرسومات والمناظير وتعليمات المهندس المشرف.Code: WPD4-01,WDP4-01.A",م2,528.0,331.0,71.41,25.59,97.0,13511.52,29.305135951661633,بنود المطالبات,576,CMH_01_SMART.xlsx,sheet بنود المطالبات,high,prev_progress in workbook is informational; platform will recompute server-side from approved claims (Migration 048).
CMH_01-C01,12,28,تصنيع وتركيب كسوة من الخشب للجدران ويكون النمط والحجم كما هو موضح بالرسومات ويشمل السعر أي مواد أو أعمال يتطلبها إنهاء العمل حسب المواصفات والمخططات وتعليمات المهندس المشرف. Ref drawing: 07-MRA-DD-(as per floor number)-AR-600 to 07-MRA-DD-(as  per floor number)-AR-604كسوة من خشب الـ)Mdf(، مثبتة على القواطع الجبسية مع قشرة صناعية بحسب العينة الموافق عليها وغروف حسب الرسومات والمناظير وتعليمات المهندس المشرفCode: WDP2,م2,528.0,2517.0,916.0,125.0,1041.0,66000.0,41.35876042908224,بنود المطالبات,577,CMH_01_SMART.xlsx,sheet بنود المطالبات,high,prev_progress in workbook is informational; platform will recompute server-side from approved claims (Migration 048).
CMH_01-C01,12,29,"تصنيع وتركيب كسوة من الخشب للجدران ويكون النمط والحجم كما هو موضح بالرسومات ويشمل السعر أي مواد أو أعمال يتطلبها إنهاء العمل حسب المواصفات والمخططات وتعليمات المهندس المشرف. Ref drawing: 07-MRA-DD-(as per floor number)-AR-600 to 07-MRA-DD-(as  per floor number)-AR-604كسوة من خشب الـ)Mdf(  ، مثبتة على االقواطع الجبسية بدهان رمادي على شكل وهيئة الأسطح الاسمنتية ) matt( مع تصميم بفتحات حسب الرسومات والمناظير وتعليمات المهندس المشرف.Code: WDP3-01, WDP3-02, WDP3-03",م2,528.0,846.0,322.0,66.0,388.0,34848.0,45.8628841607565,بنود المطالبات,578,CMH_01_SMART.xlsx,sheet بنود المطالبات,high,prev_progress in workbook is informational; platform will recompute server-side from approved claims (Migration 048).
CMH_01-C01,12,30,"تصنيع وتركيب كسوة من الخشب للجدران ويكون النمط والحجم كما هو موضح بالرسومات ويشمل السعر أي مواد أو أعمال يتطلبها إنهاء العمل حسب المواصفات والمخططات وتعليمات المهندس المشرف. Ref drawing: 07-MRA-DD-(as per floor number)-AR-600 to 07-MRA-DD-(as  per floor number)-AR-604كسوة من خشب الـ) Mdf(  ، مع قشرة السنديان المطلي بدهان ابيض  مع غروف وفتحات إضاءة مخفية مغلفة من الداخل بطبقة Acrylic مغشى  حسب الرسومات والمناظير وتعليمات المهندس المشرف.Code: WDP1-03, WDP1-04, WDP1-05, WDP1-06",م2,570.0,456.0,221.0,35.0,256.0,19950.0,56.14035087719298,بنود المطالبات,579,CMH_01_SMART.xlsx,sheet بنود المطالبات,high,prev_progress in workbook is informational; platform will recompute server-side from approved claims (Migration 048).
CMH_01-C01,12,39,تصنيع وتركيب كسوة من الخشب للاسقف ويكون النمط والحجم كما هو موضح بالرسومات ويشمل السعر أي مواد أو أعمال يتطلبها إنهاء العمل حسب المواصفات والمخططات وتعليمات المهندس المشرف.Ref drawing: 07-MRA-DD-(as per floor number)-AR-200سطح خشبي03-WDC من من خشب الـ)Mdf( على شكل مربعات بسماكة تصميم  5سم، وفتحات على شكل مثلث مع اضاءة مخفية مغلفة من الاعلى بطبقة Acrylic شفاف مغشى سماكة 4مم مثبتة بنظام تعليق متصلة بالسقف الخرساني حسب الرسومات والمناظير وتعليمات المهندس المشرف.Code: WDC-03,م2,780.0,64.0,26.0,6.0,32.0,4680.0,50,بنود المطالبات,580,CMH_01_SMART.xlsx,sheet بنود المطالبات,high,prev_progress in workbook is informational; platform will recompute server-side from approved claims (Migration 048).
CMH_01-C01,12,66,توريد وتركيب قواطع زجاجيه داخليه من زجاج  سيكوريت عازل للصوت ثخانة 12مم مركّبة على مقاطع من  الألمنيوم )لون اسود 9005RAL (  مثبتة  بالسقف والأرض بإرتفاع 2700مم .ويشمل العمل الاطار والقوائم  والتثبيت بتيوب حديد ابعاد 4*8 سم وسماكة 2ملم  والملصقات بأماكن محددة حسب التصميم ، وفواصل البوليكاربونيت الجاف بين الألواح الزجاجية وقطع الإكسسوار ومانع التسرب والمواد الأخُرى المطلوبة لاستكمال التركيب حسب المخططات وتعليمات االمهندس المشرف.,م²,900.0,4000.0,1822.0,66.0,1888.0,59400.0,47.199999999999996,بنود المطالبات,581,CMH_01_SMART.xlsx,sheet بنود المطالبات,high,prev_progress in workbook is informational; platform will recompute server-side from approved claims (Migration 048).
CMH_01-C01,12,72,طبقة من اللياسة الأسمنتية فوق الأسطح الخرسانية والجدران الداخلية  بسمك متوسط 20 مم على طبقات  طرطشة بسمك 5 مم وضهارة 15 مم حسب المواصفات مع المعالجة اليومية  بالمياه لمنع التنميلات ويتم عمل افريز بين البلوك والخرسانة يملئ بمواد قابلة للدهان والسعر يشمل كامل الأكسسوارات اللازمة من شبك معدني ممدد وزوايا ونهايات معدنية  ومواد الترابط  وعمل تجاويف في طبقة اللياسة بعمق 10مم عرض 10مم  في الاعمدة  وفي الجدران ان وجدت حسب الرسومات والمناظير وتعليمات المهندس المشرف ذلك حسب الاصول الفنية وتعليمات المهندس المشرف. لياسة الجدران والأعمدة الداخلية  وتشمل جميع الإكسسوارات بإرتفاع 20 سم أعلي الأسقف الجبسيه لزوم الجدران الداخلية,م²,42.0,758.0,4644.004,72.0,4716.004,3024.0,622.1641160949868,بنود المطالبات,582,CMH_01_SMART.xlsx,sheet بنود المطالبات,high,prev_progress in workbook is informational; platform will recompute server-side from approved claims (Migration 048).
CMH_01-C01,12,74,توريد وتركيب قاطع جداري ثخانة 100مم ذو الواح جبسية مقاومه للحريق  ثخانة 5.12مم تركب من الجهتين )طبقات مزدوجة( يشمل المسامير المعدنية و المزالج / الأعضاء المعدنية الساندة والسكك والغطاء العازل للصوت )صوف صخري( وكل الإكسسوارات حسب المخطط والمواصفات وتعليمات المهندس المشرف.,م²,180.0,12526.0,3998.0,1132.0,5130.0,203760.0,40.95481398690723,بنود المطالبات,583,CMH_01_SMART.xlsx,sheet بنود المطالبات,high,prev_progress in workbook is informational; platform will recompute server-side from approved claims (Migration 048).
CMH_01-C01,12,75,توريد وتركيب أسقف معلقة من الالواح الجبسيه )01-GBC( ثخانة 12 مم المقاومة للحريق شاملة نظام التعليق وضبط الحواف والزوايا وأبواب لفتحات الكشف بالأسقف لأعمال الصيانة )أبواب جاهزة من النوع السهل الاستعمال والمزود بمفصلات مخفية( والإكسسوارات. ويشمل السعر أي مواد أو أعمال يتطلبها استكمال العمل حسب المواصفات والمخططات.,م²,150.0,24468.0,8196.00007,310.0,8506.00007,46500.0,34.76377337747262,بنود المطالبات,584,CMH_01_SMART.xlsx,sheet بنود المطالبات,high,prev_progress in workbook is informational; platform will recompute server-side from approved claims (Migration 048).
CMH_01-C01,12,85, جدران بورسلان (PW-03(type A&B  مقاس 600×300×12مم فرز ثاني بالمقاسات والالوان المطلوبة لدورات المياة العامة  طبقاً للمخططات والمواصفات.,م²,96.0,2648.0,473.0,88.0,561.0,8448.0,21.185800604229605,بنود المطالبات,585,CMH_01_SMART.xlsx,sheet بنود المطالبات,high,prev_progress in workbook is informational; platform will recompute server-side from approved claims (Migration 048).
CMH_01-C01,12,95,معالجة وتنظيف وصقل وجلاء بلاط رخام الأرضيات والدرج مع بودرة الرخام المستخدم والتلميع 4 أوجه وملو الفواصل بمادة مقاومة للرطوبة والبكتيريا  والسعر يشمل جميع المواد والأعمال اللازمة لإتمام العمل المطلوب طبقا للمخططات والمواصفات الفنية وبحسب توجيهات واعتماد المهندس المشرف. رخام الأرضيات في المداخل و الممرات الرئيسية وبسطات الدرج.,م²,42.0,4800.0,371.8,368.2,740.0,15464.4,15.416666666666668,بنود المطالبات,586,CMH_01_SMART.xlsx,sheet بنود المطالبات,high,prev_progress in workbook is informational; platform will recompute server-side from approved claims (Migration 048).
CMH_01-C01,12,133,تحضير وتنفيذ وعمل دهان عالي الجودة للأسقف الجبسية يشمل الوجه التحضيرى أساس ومعالجة الفواصل  بالمعجـون والشاش والمواد المخصص لتسكير فواصل الالواح الجبسية والاسمنتية وان يكون نوع  دهان  بلون ابيض,م²,24.0,25559.0,3618.004,171.0,3789.004,4104.0,14.824539301224618,بنود المطالبات,587,CMH_01_SMART.xlsx,sheet بنود المطالبات,high,prev_progress in workbook is informational; platform will recompute server-side from approved claims (Migration 048).
CMH_01-C01,12,137,بالمتر المسطح عمل دهان اكريليك مائي مرن عالي المتانة علي الاسطح الخرسانية وعلى الجدران  الظاهرة على السقف المفتوح  وكل التجهيزات الخاصة بالأعمال الميكانيكية والكهربائية باستثناء نظام الحريق. يشمل الوجه التحضيرى أساس  ثم  الدهان وجهين باللون المطلوب  مع نظافة الاسطح وازالة اى بروز بالخرسانات بالسقف ويتم التنفيذ طبقا للمخططات والمواصفاتة الفنية وعلي حسب تعليمات المهندس المشرف. دهان  بلون اسود,م²,30.0,9442.0,2662.0,800.0,3462.0,24000.0,36.66596060156746,بنود المطالبات,588,CMH_01_SMART.xlsx,sheet بنود المطالبات,high,prev_progress in workbook is informational; platform will recompute server-side from approved claims (Migration 048).
CMH_01-C01,12,176,للمواسير داخل المبنى من مواسير متعددة الطبقات بولي بروبلين كما هو موصف تشمل كافة القطع التركيبية )مثل القارنات من الحديد الصلب الغير قابل للصدأ والأكواع /المنحنيات والتفريعات والدعامات( والصمامات ومخمدات الصدمة ومنافس الهواء الآلية و المحابس  وكافة الاكسسوارات اللازمة، كما هو مبين في المخططات لتركيب مايلي من الأقطار الخارجية مع ربطه بالشبكة الحالية لاقرب نقطة و على المقاول تقديم المخططات التنفيذية و الحسابات الهيدروليكية و اعتمادها قبل البدا بالتنفيذ الاعمال من المهندس المشرف للاقطار  الداخلية قطر 20 مم,م.ط,66.0,532.0,860.34,21.66,882.0,1429.56,165.78947368421052,بنود المطالبات,589,CMH_01_SMART.xlsx,sheet بنود المطالبات,high,prev_progress in workbook is informational; platform will recompute server-side from approved claims (Migration 048).
CMH_01-C01,12,177,للمواسير داخل المبنى من مواسير متعددة الطبقات بولي بروبلين كما هو موصف تشمل كافة القطع التركيبية )مثل القارنات من الحديد الصلب الغير قابل للصدأ والأكواع /المنحنيات والتفريعات والدعامات( والصمامات ومخمدات الصدمة ومنافس الهواء الآلية و المحابس  وكافة الاكسسوارات اللازمة، كما هو مبين في المخططات لتركيب مايلي من الأقطار الخارجية مع ربطه بالشبكة الحالية لاقرب نقطة و على المقاول تقديم المخططات التنفيذية و الحسابات الهيدروليكية و اعتمادها قبل البدا بالتنفيذ الاعمال من المهندس المشرف للاقطار  الداخلية قطر 25 مم,م.ط,70.8,221.0,218.0,5.0,223.0,354.0,100.90497737556561,بنود المطالبات,590,CMH_01_SMART.xlsx,sheet بنود المطالبات,high,prev_progress in workbook is informational; platform will recompute server-side from approved claims (Migration 048).
CMH_01-C01,12,178,للمواسير داخل المبنى من مواسير متعددة الطبقات بولي بروبلين كما هو موصف تشمل كافة القطع التركيبية )مثل القارنات من الحديد الصلب الغير قابل للصدأ والأكواع /المنحنيات والتفريعات والدعامات( والصمامات ومخمدات الصدمة ومنافس الهواء الآلية و المحابس  وكافة الاكسسوارات اللازمة، كما هو مبين في المخططات لتركيب مايلي من الأقطار الخارجية مع ربطه بالشبكة الحالية لاقرب نقطة و على المقاول تقديم المخططات التنفيذية و الحسابات الهيدروليكية و اعتمادها قبل البدا بالتنفيذ الاعمال من المهندس المشرف للاقطار  الداخلية :قطر 32مم,م.ط,102.0,207.0,133.00000000000003,6.0,139.00000000000003,612.0,67.14975845410629,بنود المطالبات,591,CMH_01_SMART.xlsx,sheet بنود المطالبات,high,prev_progress in workbook is informational; platform will recompute server-side from approved claims (Migration 048).
CMH_01-C01,12,179,للمواسير داخل المبنى من مواسير متعددة الطبقات بولي بروبلين كما هو موصف تشمل كافة القطع التركيبية )مثل القارنات من الحديد الصلب الغير قابل للصدأ والأكواع /المنحنيات والتفريعات والدعامات( والصمامات ومخمدات الصدمة ومنافس الهواء الآلية و المحابس  وكافة الاكسسوارات اللازمة، كما هو مبين في المخططات لتركيب مايلي من الأقطار الخارجية مع ربطه بالشبكة الحالية لاقرب نقطة و على المقاول تقديم المخططات التنفيذية و الحسابات الهيدروليكية و اعتمادها قبل البدا بالتنفيذ الاعمال من المهندس المشرف للاقطار  الداخلية :قطر 40 مم,م.ط,85.2,103.0,235.0,7.0,242.0,596.4,234.9514563106796,بنود المطالبات,592,CMH_01_SMART.xlsx,sheet بنود المطالبات,high,prev_progress in workbook is informational; platform will recompute server-side from approved claims (Migration 048).
CMH_01-C01,12,181,مواسير المياه الساخنة مؤلفة من عدة طبقات )بولي بروبلين معزولة( كما هو موصف مع العزل وتشمل كافة القطع التركيبية )مثل القارنات من الحديد الصلب الغير قابل للصدأ والأكواع / المنحنيات والتفريعات والدعامات( والصمامات ومخمدات الصدمة وكافة الاكسسوارات و المحابس  اللازمة لإنجاز تركيب مايلي من الأقطار الخارجية مع ربطه بالشبكة الحالية لاقرب نقطة و على المقاول تقديم المخططات التنفيذية و الحسابات الهيدروليكية و اعتمادها قبل البدا بالتنفيذ الاعمال من المهندس المشرف للاقطار  الداخلية :قطر 20 مم,م.ط,70.8,150.0,483.7,16.3,500.0,1154.04,333.33333333333337,بنود المطالبات,593,CMH_01_SMART.xlsx,sheet بنود المطالبات,high,prev_progress in workbook is informational; platform will recompute server-side from approved claims (Migration 048).
CMH_01-C01,12,182,مواسير المياه الساخنة مؤلفة من عدة طبقات )بولي بروبلين معزولة( كما هو موصف مع العزل وتشمل كافة القطع التركيبية )مثل القارنات من الحديد الصلب الغير قابل للصدأ والأكواع / المنحنيات والتفريعات والدعامات( والصمامات ومخمدات الصدمة وكافة الاكسسوارات و المحابس  اللازمة لإنجاز تركيب مايلي من الأقطار الخارجية مع ربطه بالشبكة الحالية لاقرب نقطة و على المقاول تقديم المخططات التنفيذية و الحسابات الهيدروليكية و اعتمادها قبل البدا بالتنفيذ الاعمال من المهندس المشرف للاقطار  الداخلية :قطر 25 مم,م.ط,75.6,100.0,55.1,4.9,60.0,370.44,60,بنود المطالبات,594,CMH_01_SMART.xlsx,sheet بنود المطالبات,high,prev_progress in workbook is informational; platform will recompute server-side from approved claims (Migration 048).
CMH_01-C01,12,185,مواسير صرف وتهوية مصنوعة من 4UPVC class  ذات وصلات انضغاطية ومطاط كما هو موصف وتشمل التهوية من خلال السطح مع الغطاء و طبات التسليك، وكافة قطع التركيبات والعلاقات اللازمة لإستكمال تركيب مايلي من الأقطار الداخلية:قطر 50 مم,م.ط,75.6,426.0,1057.0,107.0,1164.0,8089.2,273.2394366197183,بنود المطالبات,595,CMH_01_SMART.xlsx,sheet بنود المطالبات,high,prev_progress in workbook is informational; platform will recompute server-side from approved claims (Migration 048).
CMH_01-C01,12,186,مواسير صرف وتهوية مصنوعة من 4UPVC class  ذات وصلات انضغاطية ومطاط كما هو موصف وتشمل التهوية من خلال السطح مع الغطاء و طبات التسليك، وكافة قطع التركيبات والعلاقات اللازمة لإستكمال تركيب مايلي من الأقطار الداخلية:قطر 75 مم,م.ط,91.2,934.0,603.0,45.0,648.0,4104.0,69.37901498929337,بنود المطالبات,596,CMH_01_SMART.xlsx,sheet بنود المطالبات,high,prev_progress in workbook is informational; platform will recompute server-side from approved claims (Migration 048).
CMH_01-C01,12,187,مواسير صرف وتهوية مصنوعة من 4UPVC class  ذات وصلات انضغاطية ومطاط كما هو موصف وتشمل التهوية من خلال السطح مع الغطاء و طبات التسليك، وكافة قطع التركيبات والعلاقات اللازمة لإستكمال تركيب مايلي من الأقطار الداخلية:قطر 110 مم,م.ط,102.0,961.0,1656.0,148.0,1804.0,15096.0,187.72112382934444,بنود المطالبات,597,CMH_01_SMART.xlsx,sheet بنود المطالبات,high,prev_progress in workbook is informational; platform will recompute server-side from approved claims (Migration 048).
CMH_01-C01,12,199, يشمل العمل كافة قطع التركيبات مثل الأكواع  والتيهات ، 40. schتوريد و تركيب انابيب فولاذية سوداء والوصلات والقارنات والنقاصات/المخفضات ومنافس الهواء الآلية وتكون الوصلات من نوع  فيكتوليك او ما يماثلها للأقطار 50 مم أو أكبر، و تكون الوصلات قلووظ للأقطار أقل من 50 مم، والبند يشمل  العلاقات والدعامات للمواسير و المحابس  و الصرف ان لزم والدهان  لكامل الشبكة كما يلزم لاتمام العمل. و بناء على توجيهات مهندس المشرف  ومتطلبات الدفاعNFPA  ويشمل البند جميع ما يلزم لاتمام الأعمال طبقا للمواصفات و طبقا لمتطلبات ال المدني من الكشف على الشبكة الحالية وفحصها كما هو موضح على المخططات و على المقاول تقديم:المخططات التنفيذية و اعتمادها قبل بدء بالتنفيذ من المهندس المشرف كما هو موصف للأقطار التالية 25 mm dia.,م.ط,108.0,3900.0,3181.0,10.0,3191.0,1080.0,81.82051282051283,بنود المطالبات,598,CMH_01_SMART.xlsx,sheet بنود المطالبات,high,prev_progress in workbook is informational; platform will recompute server-side from approved claims (Migration 048).
CMH_01-C01,12,230,توريد و تصنيع و تركيب أعمال مجاري  من الصفائح المعدنية المجلفنه )90G( للهواء الداخل والراجع والهواء النقي وقناة السحب حسب المواصفات القياسية SMACNA وتشمل التيهات/القطعة التائية والكوع/المرفق والتفريعات والتحويلة والدعامة وحمالة التعليق. ويجب أخذ الطول على امتداد خط المركز فوق كل قطع التركيبات، ومن المفهوم بأن السعر الإفرادي لأعمال مجاري الهواء/الأقنية محمل عليه كل دعامات حامل التعليق ومخمّد الصوت والحريق وكل قطع الإكسسوار عزل الحراري )فايبرغلاس( ثخانة 25 مم وبكثافة 24 كغ/م3 مع مانع تبخر من الألمنيوم المقوّى حسب المخططات والمواصفات و حسب تعليمات مهندس المشرف.,م.ط,300.0,7000.0,5248.0,782.0,6030.0,234600.0,86.14285714285714,بنود المطالبات,599,CMH_01_SMART.xlsx,sheet بنود المطالبات,high,prev_progress in workbook is informational; platform will recompute server-side from approved claims (Migration 048).
CMH_01-C01,12,248,توريد وتركيب مقابس طاقة مربوطة بأسلاك 4 مم2 كحد أدنى وتشمل الأجهزة و والأسلاك والمواسير والعلب ودعامات التثبيت ، من اللوحات الى نقاط المقابس وحسب المواصفات. على المقاول المعاينة و فحص الشبكة الحالية و الاستفادة من التمديدات الحالية و دمجها مع التركيبات الجديدة بعد عمل الاختبارات اللازمة و بعد الموافقة من مهندس المشرف .مقبس أحادي، مركب على الجدار، من النوع المؤرض، 15 أمبير، 230 فولت، طور واحد، قطبين، 3 أسلاك.,عدد,216.0,282.0,92.0,40.0,132.0,8640.0,46.808510638297875,بنود المطالبات,600,CMH_01_SMART.xlsx,sheet بنود المطالبات,high,prev_progress in workbook is informational; platform will recompute server-side from approved claims (Migration 048).
CMH_01-C01,12,249,توريد وتركيب مقابس طاقة مربوطة بأسلاك 4 مم2 كحد أدنى وتشمل الأجهزة و والأسلاك والمواسير والعلب ودعامات التثبيت ، من اللوحات الى نقاط المقابس وحسب المواصفات. على المقاول المعاينة و فحص الشبكة الحالية و الاستفادة من التمديدات الحالية و دمجها مع التركيبات الجديدة بعد عمل الاختبارات اللازمة و بعد الموافقة من مهندس المشرف . مقبس ثنائي سقفى، من النوع المؤرض، 15 أمبير، 230 فولت، طور واحد، قطبين، 3 أسلاك.,عدد,216.0,126.0,50.0,13.0,63.0,2808.0,50,بنود المطالبات,601,CMH_01_SMART.xlsx,sheet بنود المطالبات,high,prev_progress in workbook is informational; platform will recompute server-side from approved claims (Migration 048).
CMH_01-C01,12,253, توريد وتركيب واختبار وفحص نقاط قوى للمقابس الكهربائية المتعددة الاستخدام بأسلاك نحاسية معزولة وذات مقطع لا يقل عن 6 مم2  في مواسير ويشتمل على المقبس و الاسلاك و PVC بمادة البلاستيك العلب وأعمال التثبيت والدعائم وكل الملحقات من لوحة التوزيع حتى المخارج وفقا للمخططات.والمواصفات الفنية  على المقاول المعاينة و فحص الشبكة الحالية و الاستفادة من التمديدات الحالية و دمجها مع التركيبات. الجديدة بعد عمل الاختبارات اللازمة و بعد الموافقة من مهندس المشرفمخرج  ومؤرض 30 أمبير ، 230 فولت 3 أسلاك ، 1 فاز لمجفف الأيدي,عدد,264.0,72.0,14.0,13.0,27.0,3432.0,37.5,بنود المطالبات,602,CMH_01_SMART.xlsx,sheet بنود المطالبات,high,prev_progress in workbook is informational; platform will recompute server-side from approved claims (Migration 048).
CMH_01-C01,12,254,توريد وتركيب وإختبار وفحص علبة خدمة من نوعية ممتازة تحتوى على  ) أ ( مقابس تغذية أرضية مزدوجة ذات أسلاك 4 مم2 كحد أدنى مركبة على الأرض وتشمل أسلاك التأريض من اللوحة حتى المقابس + )ب( مآخذ للهاتف والبيانات ذات كابلات CAT 6A UTP وحتى كابينة الداتا  وحسب مواصفات إدارة الـ IT  بالوزارة. على المقاول المعاينة و فحص الشبكة الحالية و الاستفادة من التمديدات الحالية و دمجها مع التركيبات الجديدة بعد عمل الاختبارات اللازمة و بعد الموافقة من مهندس المشرف . النوع  )A(  )تحتوى على  4 قوى & 4 داتا (,عدد,2160.0,286.0,226.0,12.0,238.0,25920.0,83.21678321678321,بنود المطالبات,603,CMH_01_SMART.xlsx,sheet بنود المطالبات,high,prev_progress in workbook is informational; platform will recompute server-side from approved claims (Migration 048).
CMH_01-C01,12,255,توريد وتركيب وإختبار وفحص علبة خدمة من نوعية ممتازة تحتوى على  ) أ ( مقابس تغذية أرضية مزدوجة ذات أسلاك 4 مم2 كحد أدنى مركبة على الأرض وتشمل أسلاك التأريض من اللوحة حتى المقابس + )ب( مآخذ للهاتف والبيانات ذات كابلات CAT 6A UTP وحتى كابينة الداتا  وحسب مواصفات إدارة الـ IT  بالوزارة. على المقاول المعاينة و فحص الشبكة الحالية و الاستفادة من التمديدات الحالية و دمجها مع التركيبات الجديدة بعد عمل الاختبارات اللازمة و بعد الموافقة من مهندس المشرف . النوع )B(   )تحتوى على 2 قوى & 2 داتا (,عدد,1800.0,20.0,175.0,23.0,198.0,41400.0,990,بنود المطالبات,604,CMH_01_SMART.xlsx,sheet بنود المطالبات,high,prev_progress in workbook is informational; platform will recompute server-side from approved claims (Migration 048).
CMH_01-C01,12,256,توريد وتركيب وإختبار وفحص علبة خدمة من نوعية ممتازة تحتوى على  ) أ ( مقابس تغذية أرضية مزدوجة ذات أسلاك 4 مم2 كحد أدنى مركبة على الأرض وتشمل أسلاك التأريض من اللوحة حتى المقابس + )ب( مآخذ للهاتف والبيانات ذات كابلات CAT 6A UTP وحتى كابينة الداتا  وحسب مواصفات إدارة الـ IT  بالوزارة. على المقاول المعاينة و فحص الشبكة الحالية و الاستفادة من التمديدات الحالية و دمجها مع التركيبات الجديدة بعد عمل الاختبارات اللازمة و بعد الموافقة من مهندس المشرف . النوع )1FB(   )تحتوى على 1 قوى (,عدد,720.0,141.0,32.0,4.0,36.0,2880.0,25.53191489361702,بنود المطالبات,605,CMH_01_SMART.xlsx,sheet بنود المطالبات,high,prev_progress in workbook is informational; platform will recompute server-side from approved claims (Migration 048).
CMH_01-C01,12,261," توريد وتركيب واختبار والتشغيل التجريبي لمفاتيح فصل على الحمل من النوع عالية التحمل مع ماسورة  التثبيت المعدنية المرنة والمانعة لنفاذ السوائل، وقطع الإكسسوارعلى المقاول المعاينة و فحص الشبكة الحالية و الاستفادة من التمديدات الحالية و دمجها مع التركيبات الجديدة بعد عمل الاختبارات اللازمة و بعدالموافقة من مهندس المشرف  وبالإستطاعات التالية 30 A, 250 V, 2P",عدد,384.0,445.0,126.0,18.0,144.0,6912.0,32.359550561797754,بنود المطالبات,606,CMH_01_SMART.xlsx,sheet بنود المطالبات,high,prev_progress in workbook is informational; platform will recompute server-side from approved claims (Migration 048).
CMH_01-C01,12,263,توريد وتركيب وتوصيل وإختبار وفحص اجهزة الإنارة ويشمل اللمبات وأقواس التركيب وحبال التعليق وقطع الأكسسوار و ايضا نقاط الانارة متضمنة مواسير/أقنية قاسية عالية التحمل PVC  أوEMT وعلب ذات أسلاك لاتقل عن 0.4 مم2 لنقطة الإنارة وتوصيل أطراف أسلاك التأريض،وكل الأعمال المساعدة كما هو محدد وموضح في المخططات. على المقاول المعاينة و فحص الشبكة الحالية و الاستفادة من التمديدات الحالية و دمجها  علما بان البند يشمل جميع الوصلات و الاسلاك و الكابلات اللازمة لنهو العمل  بعد عمل الاختبارات اللازمة و بعد الموافقة من مهندس المشرف . Type A1E,عدد,660.0,241.0,84.0,20.0,104.0,13200.0,43.15352697095436,بنود المطالبات,607,CMH_01_SMART.xlsx,sheet بنود المطالبات,high,prev_progress in workbook is informational; platform will recompute server-side from approved claims (Migration 048).
CMH_01-C01,12,275,توريد وتركيب وتوصيل وإختبار وفحص اجهزة الإنارة ويشمل اللمبات وأقواس التركيب وحبال التعليق وقطع الأكسسوار و ايضا نقاط الانارة متضمنة مواسير/أقنية قاسية عالية التحمل PVC  أوEMT وعلب ذات أسلاك لاتقل عن 0.4 مم2 لنقطة الإنارة وتوصيل أطراف أسلاك التأريض،وكل الأعمال المساعدة كما هو محدد وموضح في المخططات. على المقاول المعاينة و فحص الشبكة الحالية و الاستفادة من التمديدات الحالية و دمجها  علما بان البند يشمل جميع الوصلات و الاسلاك و الكابلات اللازمة لنهو العمل  بعد عمل الاختبارات اللازمة و بعد الموافقة من مهندس المشرف .Type C2,عدد,420.0,1422.0,555.0,21.0,576.0,8820.0,40.50632911392405,بنود المطالبات,608,CMH_01_SMART.xlsx,sheet بنود المطالبات,high,prev_progress in workbook is informational; platform will recompute server-side from approved claims (Migration 048).
CMH_01-C01,12,276,توريد وتركيب وتوصيل وإختبار وفحص اجهزة الإنارة ويشمل اللمبات وأقواس التركيب وحبال التعليق وقطع الأكسسوار و ايضا نقاط الانارة متضمنة مواسير/أقنية قاسية عالية التحمل PVC  أوEMT وعلب ذات أسلاك لاتقل عن 0.4 مم2 لنقطة الإنارة وتوصيل أطراف أسلاك التأريض،وكل الأعمال المساعدة كما هو محدد وموضح في المخططات. على المقاول المعاينة و فحص الشبكة الحالية و الاستفادة من التمديدات الحالية و دمجها  علما بان البند يشمل جميع الوصلات و الاسلاك و الكابلات اللازمة لنهو العمل  بعد عمل الاختبارات اللازمة و بعد الموافقة من مهندس المشرف .Type C3,عدد,444.0,1062.0,364.0,28.0,392.0,12432.0,36.91148775894539,بنود المطالبات,609,CMH_01_SMART.xlsx,sheet بنود المطالبات,high,prev_progress in workbook is informational; platform will recompute server-side from approved claims (Migration 048).
CMH_01-C01,12,303,توريد وتركيب وتوصيل واختبار مفاتيح التحكم بالإنارة / أزرار كبس 10 أمبير، 230 فولت، وتشمل كل المواسير معزولة ب  PVC وأسلاك نحاس  0.4 مم2 حتى وحدات الانارة حسب الموضح على المخططات وحسب المواصفات على المقاول المعاينة و فحص الشبكة الحالية و الاستفادة من التمديدات الحالية و دمجها مع التركيبات الجديدة بعد عمل الاختبارات اللازمة و بعد الموافقة من مهندس المشرف . مفتاح أحادي ، أحادي الكباّس، 10 أمبير,عدد,216.0,226.0,67.0,30.0,97.0,6480.0,42.92035398230089,بنود المطالبات,610,CMH_01_SMART.xlsx,sheet بنود المطالبات,high,prev_progress in workbook is informational; platform will recompute server-side from approved claims (Migration 048).
CMH_01-C01,12,304,توريد وتركيب وتوصيل واختبار مفاتيح التحكم بالإنارة / أزرار كبس 10 أمبير، 230 فولت، وتشمل كل المواسير معزولة ب  PVC وأسلاك نحاس  0.4 مم2 حتى وحدات الانارة حسب الموضح على المخططات وحسب المواصفات. على المقاول المعاينة و فحص الشبكة الحالية و الاستفادة من التمديدات الحالية و دمجها مع التركيبات الجديدة بعد عمل الاختبارات اللازمة و بعد الموافقة من مهندس المشرف .مفتاح أحادي ، ثنائي الكباّس، 10 أمبير,عدد,216.0,490.0,168.0,53.0,221.0,11448.0,45.102040816326536,بنود المطالبات,611,CMH_01_SMART.xlsx,sheet بنود المطالبات,high,prev_progress in workbook is informational; platform will recompute server-side from approved claims (Migration 048).
CMH_01-C01,12,306,توريد وتركيب وتوصيل واختبار مفاتيح التحكم بالإنارة / أزرار كبس 10 أمبير، 230 فولت، وتشمل كل المواسير معزولة ب  PVC وأسلاك نحاس  0.4 مم2 حتى وحدات الانارة حسب الموضح على المخططات وحسب المواصفات. على المقاول المعاينة و فحص الشبكة الحالية و الاستفادة من التمديدات الحالية و دمجها مع التركيبات الجديدة بعد عمل الاختبارات اللازمة و بعد الموافقة من مهندس المشرف .مفتاح ثنائي ، ثنائي الكباّس، 10 أمبير,عدد,216.0,66.0,18.0,6.0,24.0,1296.0,36.36363636363637,بنود المطالبات,612,CMH_01_SMART.xlsx,sheet بنود المطالبات,high,prev_progress in workbook is informational; platform will recompute server-side from approved claims (Migration 048).
CMH_01-C01,12,307," توريد وتركيب وتوصيل وتجريب مفاتيح ذات أضواء دليلية وتشمل الماسورة والأسلاك حسب المبيّن على.المخططات و ذلك لسخانات المياه  وحسب المواصفات 20 Amp., 230 V, 1PH",عدد,300.0,77.0,20.0,20.0,40.0,6000.0,51.94805194805194,بنود المطالبات,613,CMH_01_SMART.xlsx,sheet بنود المطالبات,high,prev_progress in workbook is informational; platform will recompute server-side from approved claims (Migration 048).
CMH_01-C01,12,316,وحدات لاسلكية لتوفير خدمة شبكة المعلومات )Wireless Access Points(,عدد,1080.0,181.0,60.0,6.0,66.0,6480.0,36.46408839779006,بنود المطالبات,614,CMH_01_SMART.xlsx,sheet بنود المطالبات,high,prev_progress in workbook is informational; platform will recompute server-side from approved claims (Migration 048).
CMH_01-C01,12,317,عن طريق مقاول متخصص ذو خبرة كبيرة في هذا المجال ويقدم للاعتماد من إدارة الـ IT بالوزارة و يربط النظام مع الانظمة المعنية بالتحكم و الموازنة و يشمل البند جميع الوصلات و الكابلات و غيرها من المتطلبات الخاصة بنهو النظام كاملا توريد وتركيب واختبارنقاط كاميرا مراقبة داخلية سقفية و جميع ما يلزم من توصيلات و تركيبات و خلافة  لنهو النظام .,عدد,2640.0,258.0,108.0,5.0,113.0,13200.0,43.798449612403104,بنود المطالبات,615,CMH_01_SMART.xlsx,sheet بنود المطالبات,high,prev_progress in workbook is informational; platform will recompute server-side from approved claims (Migration 048).
CMH_01-C01,12,324,"توريد وتركيب وإختبار نظام النداء الصوتي العام يتضمن كافة الكابالت و المواسير و العلب و النهايات مع كامل اكسسوارات التركيب الالزمة وتشغيل تجهيزات الصوت و تركيب المعدات الرئيسية بغرفة التحكم حسب المخططات و المواصفات وتعليمات الشركة المصنعة مشتمال على كل ما يلزم التمام العمل
و ربطه مع نظام الحريق و ادارة المبنى و يتكون من االتي -:
سماعة سقفية 6 وات
",عدد,420.0,252.0,48.0,8.0,56.0,3360.0,22.22222222222222,بنود المطالبات,616,CMH_01_SMART.xlsx,sheet بنود المطالبات,high,prev_progress in workbook is informational; platform will recompute server-side from approved claims (Migration 048).
CMH_01-C01,12,334,فك و تقطيع وتنزيل و ترحيل مواسير شبكة الصرف و التغذية القائمة و البند يشمل فك القطع والترحيل خارج الموقع وتسليم جميع مكونات شبكة الصرف و التغذية للجهة مالكة المشروع ,م.ط,16.523,0.0,2883.0,80.0,2963.0,1321.84,,بنود المطالبات,617,CMH_01_SMART.xlsx,sheet بنود المطالبات,high,prev_progress in workbook is informational; platform will recompute server-side from approved claims (Migration 048).
CMH_01-C01,12,340,ازالة وتكسير وترحيل ارضيات الخرسانة,م²,69.42,0.0,1108.23,339.77,1448.0,23586.8334,,بنود المطالبات,618,CMH_01_SMART.xlsx,sheet بنود المطالبات,high,prev_progress in workbook is informational; platform will recompute server-side from approved claims (Migration 048).
CMH_01-C01,12,341,فك و تقطيع وتنزيل و ترحيل مواسير شبكة مكافحة الحريق القائمة و البند يشمل فك الرشاشات والترحيل خارج الموقع وتسليم جميع مكونات شبكة الحريق للجهة مالكة المشروع ,م.ط,20.88,0.0,10950.0,3540.0,14490.0,73915.2,,بنود المطالبات,619,CMH_01_SMART.xlsx,sheet بنود المطالبات,high,prev_progress in workbook is informational; platform will recompute server-side from approved claims (Migration 048).
CMH_01-C01,12,343,فك و إزالة  مجاري الهواء من الصفائح المعدنية المجلفنة شامل الاكواع و التفريعات و التحويله و العامة وحاملة التعليق و الترحيل إلى مستودعات الجهة مالكة المشروع بمدينة الرياض  ,م.ط,106.0,0.0,8878.0,2236.42,11114.42,237060.52000000002,,بنود المطالبات,620,CMH_01_SMART.xlsx,sheet بنود المطالبات,high,prev_progress in workbook is informational; platform will recompute server-side from approved claims (Migration 048).
CMH_01-C01,12,351,توريد وتركيب وفرد دهان ايبوكسي لزوم الدربزينات بالفناء الوسطي و البهو الداخلي بين الادوار و المدخل ويتم التركيب طبقاً للمخططات والمواصفات الفنية و المواد المعتمدة  .,م.ط,45.0,0.0,80.0,154.0,234.0,6930.0,,بنود المطالبات,621,CMH_01_SMART.xlsx,sheet بنود المطالبات,high,prev_progress in workbook is informational; platform will recompute server-side from approved claims (Migration 048).
CMH_01-C01,12,353,"للمواسير داخل المبنى من مواسير متعددة الطبقات بولي بروبلين كما هو موصف تشمل كافة القطع التركيبية مثل القارنات من الحديد الصلب الغير قابل للصدأ والأكواع والمنحنيات والتفريعات والدعامات ، كما هو مبين في المخططات لتركيب مايلي من الأقطار الداخلية مع ربطه بالشبكة الحالية لاقرب نقطة و على المقاول تقديم المخططات التنفيذية و الحسابات الهيدروليكية و اعتمادها قبل البدأ بتنفيذ الاعمال من المهندس المشرف للاقطار  الداخلية :
قطر 75 مم",م.ط,298.0,0.0,34.7,36.3,71.0,10817.4,,بنود المطالبات,622,CMH_01_SMART.xlsx,sheet بنود المطالبات,high,prev_progress in workbook is informational; platform will recompute server-side from approved claims (Migration 048).
CMH_01-C01,13,6,توريد وبناء مباني من البلوك  مقاوم للحريق شاملا المونة والفواصل وأربطة التثبيت والتسليح الرأسي وعتبات جميع الفتحات وعزل الجدران المزدوجة المفرّغة والمكملات ويتم توريد البلوك بالموقع على قواعد خشبية مغطاه بالبلاستيك ويستمر على هذه الحالة حتى يبدأ استخدامه للبناء على أن يكون ذو ابعاد بطول 40سم وسماكة حسب المطلوب وارتفاع 20سم وان تكون صلد سليم نظيف وذو زوايا خارجية قائمة يستعمل لبناء الحوائط حسب ما هو موضح بالمخططات مع التكحيل ويكون  مطابق للمواصفات حسب النوعيه المطلوبة والسعر يشمل كل مايلزم للبناء من البلوك الكامل والقطع الخاصة سواء 5.0 أو 25.0 ، كذلك القطع الخاصة بتمديد المواسير بحيث لا يتم تكسير البلوك أثناء الاستخدام للبناء على الأطلاق ، بالإضافة إلى كافة المواد والاكسسوارات والسقايل واستعمال الشبك الممدد والتسليح بواسطة خوابير معدنية والمرابط المعدنية ويشمل السعر أي مواد أو أعمال يتطلبها استكمال العمل حسب المواصفات  القسم Ref drawing: 07-MRA-DD-(as per floor number) وتعليمات المهندس المشرف 04200Ar-100,م2,150.0,450.0,3422.59,257.92,3680.51,38688.0,817.8911111111111,بنود المطالبات,623,CMH_01_SMART.xlsx,sheet بنود المطالبات,high,prev_progress in workbook is informational; platform will recompute server-side from approved claims (Migration 048).
CMH_01-C01,13,7,توريد وبناء مباني من البلوك  مقاوم للحريق شاملا المونة والفواصل وأربطة التثبيت والتسليح الرأسي وعتبات جميع الفتحات وعزل الجدران المزدوجة المفرّغة والمكملات ويتم توريد البلوك بالموقع علىقواعد خشبية مغطاه بالبلاستيك ويستمر على هذه الحالة حتى يبدأ استخدامه للبناء على أن يكون ذو ابعاد بطول 40سم وسماكة حسب المطلوب وارتفاع 20سم وان تكون صلد سليم نظيف وذو زوايا خارجية قائمة يستعمل لبناء الحوائط حسب ما هو موضح بالمخططات مع التكحيل ويكون  مطابق للمواصفات حسب النوعيه المطلوبة والسعر يشمل كل مايلزم للبناء من البلوك الكامل والقطع الخاصة سواء 5.0 أو 25.0 ، كذلك القطع الخاصة بتمديد المواسير بحيث لا يتم تكسير البلوك أثناء الاستخدام للبناء على الأطلاق ، بالإضافة إلى كافة المواد والاكسسوارات والسقايل واستعمال الشبك الممدد والتسليح بواسطة خوابير معدنية والمرابط المعدنية ويشمل السعر أي مواد أو أعمال يتطلبها استكمال العمل حسب المواصفات  القسمRef drawing: 07-MRA-DD-(as per floor number) وتعليمات المهندس المشرف 04200-Ar-100,م2,150.0,76.0,228.0,161.43,389.43,24214.5,512.4078947368421,بنود المطالبات,624,CMH_01_SMART.xlsx,sheet بنود المطالبات,high,prev_progress in workbook is informational; platform will recompute server-side from approved claims (Migration 048).
CMH_01-C01,13,28,تصنيع وتركيب كسوة من الخشب للجدران ويكون النمط والحجم كما هو موضح بالرسومات ويشمل السعر أي مواد أو أعمال يتطلبها إنهاء العمل حسب المواصفات والمخططات وتعليمات المهندس المشرف. Ref drawing: 07-MRA-DD-(as per floor number)-AR-600 to 07-MRA-DD-(as  per floor number)-AR-604كسوة من خشب الـ)Mdf(، مثبتة على القواطع الجبسية مع قشرة صناعية بحسب العينة الموافق عليها وغروف حسب الرسومات والمناظير وتعليمات المهندس المشرفCode: WDP2,م2,528.0,2517.0,1041.0,16.0,1057.0,8448.0,41.994437822804926,بنود المطالبات,625,CMH_01_SMART.xlsx,sheet بنود المطالبات,high,prev_progress in workbook is informational; platform will recompute server-side from approved claims (Migration 048).
CMH_01-C01,13,32,تصنيع وتركيب كسوة من الخشب للجدران ويكون النمط والحجم كما هو موضح بالرسومات ويشمل السعر أي مواد أو أعمال يتطلبها إنهاء العمل حسب المواصفات والمخططات وتعليمات المهندس المشرف. Ref drawing: 07-MRA-DD-(as per floor number)-AR-600 to 07-MRA-DD-(as  per floor number)-AR-604كسوة من خشب الـ) Mdf(  ، المطلي بدهان رمادي  Code: WDP6,م2,468.0,29.0,0.0,17.0,17.0,7956.0,58.620689655172406,بنود المطالبات,626,CMH_01_SMART.xlsx,sheet بنود المطالبات,high,prev_progress in workbook is informational; platform will recompute server-side from approved claims (Migration 048).
CMH_01-C01,13,38,صنيع وتركيب كسوة من الخشب للاسقف ويكون النمط والحجم كما هو موضح بالرسومات ويشمل السعر أي مواد أو أعمال يتطلبها إنهاء العمل حسب المواصفات والمخططات وتعليمات المهندس المشرف.Ref drawing: 07-MRA-DD-(as per floor number)-AR-200سطح خشبي من من خشب الـ)Mdf(  مع قشرة صناعية بحسب العينة الموافق عليها وغروف مثبتة بنظام تعليق متصلة بالسقف الخرساني حسب الرسومات والمناظير وتعليمات المهندس المشرف.Code: WDC-01 & WDC-02,م2,840.0,684.0,250.0,17.0,267.0,14280.0,39.03508771929825,بنود المطالبات,627,CMH_01_SMART.xlsx,sheet بنود المطالبات,high,prev_progress in workbook is informational; platform will recompute server-side from approved claims (Migration 048).
CMH_01-C01,13,45, توريد وتنفيذ طبقتين من غشاء عازل للمياه من الـبيتومين ثخانة 4 مم للأماكن الرطبة وحتى ارتفاع 10   سم على الجدران المحيطة ويشمل تحضير السطوح ومواد حشو الزوايا وطبقات الحماية جيوتكستايل الأفُقية والعمودية. ويشمل السعر أي مواد وأعمال مطلوبة لاستكمال العمل حسب المواصفات والمخططات.وتعليمات المهندس المشرف,م2,78.0,1345.0,740.0,32.0,772.0,2496.0,57.39776951672862,بنود المطالبات,628,CMH_01_SMART.xlsx,sheet بنود المطالبات,high,prev_progress in workbook is informational; platform will recompute server-side from approved claims (Migration 048).
CMH_01-C01,13,66,توريد وتركيب قواطع زجاجيه داخليه من زجاج  سيكوريت عازل للصوت ثخانة 12مم مركّبة على مقاطع من  الألمنيوم )لون اسود 9005RAL (  مثبتة  بالسقف والأرض بإرتفاع 2700مم .ويشمل العمل الاطار والقوائم  والتثبيت بتيوب حديد ابعاد 4*8 سم وسماكة 2ملم  والملصقات بأماكن محددة حسب التصميم ، وفواصل البوليكاربونيت الجاف بين الألواح الزجاجية وقطع الإكسسوار ومانع التسرب والمواد الأخُرى المطلوبة لاستكمال التركيب حسب المخططات وتعليمات االمهندس المشرف.,م²,900.0,4000.0,1888.0,165.0,2053.0,148500.0,51.324999999999996,بنود المطالبات,629,CMH_01_SMART.xlsx,sheet بنود المطالبات,high,prev_progress in workbook is informational; platform will recompute server-side from approved claims (Migration 048).
CMH_01-C01,13,72,طبقة من اللياسة الأسمنتية فوق الأسطح الخرسانية والجدران الداخلية  بسمك متوسط 20 مم على طبقات  طرطشة بسمك 5 مم وضهارة 15 مم حسب المواصفات مع المعالجة اليومية  بالمياه لمنع التنميلات ويتم عمل افريز بين البلوك والخرسانة يملئ بمواد قابلة للدهان والسعر يشمل كامل الأكسسوارات اللازمة من شبك معدني ممدد وزوايا ونهايات معدنية  ومواد الترابط  وعمل تجاويف في طبقة اللياسة بعمق 10مم عرض 10مم  في الاعمدة  وفي الجدران ان وجدت حسب الرسومات والمناظير وتعليمات المهندس المشرف ذلك حسب الاصول الفنية وتعليمات المهندس المشرف. لياسة الجدران والأعمدة الداخلية  وتشمل جميع الإكسسوارات بإرتفاع 20 سم أعلي الأسقف الجبسيه لزوم الجدران الداخلية,م²,42.0,758.0,4716.004,85.0,4801.004,3570.0,633.3778364116096,بنود المطالبات,630,CMH_01_SMART.xlsx,sheet بنود المطالبات,high,prev_progress in workbook is informational; platform will recompute server-side from approved claims (Migration 048).
CMH_01-C01,13,74,توريد وتركيب قاطع جداري ثخانة 100مم ذو الواح جبسية مقاومه للحريق  ثخانة 5.12مم تركب من الجهتين )طبقات مزدوجة( يشمل المسامير المعدنية و المزالج / الأعضاء المعدنية الساندة والسكك والغطاء العازل للصوت )صوف صخري( وكل الإكسسوارات حسب المخطط والمواصفات وتعليمات المهندس المشرف.,م²,180.0,12526.0,5130.0,1182.0,6312.0,212760.0,50.39118633242855,بنود المطالبات,631,CMH_01_SMART.xlsx,sheet بنود المطالبات,high,prev_progress in workbook is informational; platform will recompute server-side from approved claims (Migration 048).
CMH_01-C01,13,75,توريد وتركيب أسقف معلقة من الالواح الجبسيه )01-GBC( ثخانة 12 مم المقاومة للحريق شاملة نظام التعليق وضبط الحواف والزوايا وأبواب لفتحات الكشف بالأسقف لأعمال الصيانة )أبواب جاهزة من النوع السهل الاستعمال والمزود بمفصلات مخفية( والإكسسوارات. ويشمل السعر أي مواد أو أعمال يتطلبها استكمال العمل حسب المواصفات والمخططات.,م²,150.0,24468.0,8506.00007,1591.0,10097.00007,238650.0,41.26614382050025,بنود المطالبات,632,CMH_01_SMART.xlsx,sheet بنود المطالبات,high,prev_progress in workbook is informational; platform will recompute server-side from approved claims (Migration 048).
CMH_01-C01,13,76,توريد وتركيب أسقف معلقة من الالواح الجبسيه  )02-GBC( ثخانة 12 مم المقاومة للرطوبة شاملة نظام التعليق وضبط الحواف والزوايا وأبواب لفتحات الكشف بالأسقف لأعمال الصيانة )أبواب جاهزة من النوع السهل الاستعمال والمزود بمفصلات مخفية( واالإكسسوارات. ويشمل السعر أي مواد أو أعمال يتطلبها استكمال العمل حسب المواصفات والمخططات وتعليمات المهندس المشرف.,م²,150.0,1091.0,449.0,25.0,474.0,3750.0,43.446379468377636,بنود المطالبات,633,CMH_01_SMART.xlsx,sheet بنود المطالبات,high,prev_progress in workbook is informational; platform will recompute server-side from approved claims (Migration 048).
CMH_01-C01,13,77,600×600مم توريد وتركيب اسقف اصطناعية  والسعر يشمل نظام التعليق من الحديد المجفلن مع جميع الاكسسوارات وكل مايلزم حسب المواصفات والمخططات وتعليمات الشركة المصنعة .,م²,150.0,3323.0,1240.35,200.65,1441.0,30097.5,43.364429732169725,بنود المطالبات,634,CMH_01_SMART.xlsx,sheet بنود المطالبات,high,prev_progress in workbook is informational; platform will recompute server-side from approved claims (Migration 048).
CMH_01-C01,13,133,تحضير وتنفيذ وعمل دهان عالي الجودة للأسقف الجبسية يشمل الوجه التحضيرى أساس ومعالجة الفواصل  بالمعجـون والشاش والمواد المخصص لتسكير فواصل الالواح الجبسية والاسمنتية وان يكون نوع  دهان  بلون ابيض,م²,24.0,25559.0,3789.004,403.0,4192.004,9672.0,16.401283305293635,بنود المطالبات,635,CMH_01_SMART.xlsx,sheet بنود المطالبات,high,prev_progress in workbook is informational; platform will recompute server-side from approved claims (Migration 048).
CMH_01-C01,13,143,موزع صابون سائل,عدد,192.0,115.0,0.0,21.0,21.0,4032.0,18.26086956521739,بنود المطالبات,636,CMH_01_SMART.xlsx,sheet بنود المطالبات,high,prev_progress in workbook is informational; platform will recompute server-side from approved claims (Migration 048).
CMH_01-C01,13,144,حاملة لفة ورق توليت,عدد,192.0,138.0,0.0,6.0,6.0,1152.0,4.3478260869565215,بنود المطالبات,637,CMH_01_SMART.xlsx,sheet بنود المطالبات,high,prev_progress in workbook is informational; platform will recompute server-side from approved claims (Migration 048).
CMH_01-C01,13,161,خزانة مغسلة خشبية مقاومة للرطوبة من خشب الـ ) Mdf ( بسماكة 18 مم وارتفاع 400 مم من قشرة الجوز أو ما يتناسب مع العينة الموافق عليها  مثبتة على القواطع الجبسية مع اضاءة مخفية ومفصلات ومقابض مخفية وتصميم حسب الرسومات والمناظير وبحسب تعليمات المهندس المشرف. Ref drawing: 07-MRA-DD-(as per floor number)-AR-700 to 703 مقاس: 1200طول × عرض600 مم,عدد,1800.0,20.0,0.0,2.0,2.0,3600.0,10,بنود المطالبات,638,CMH_01_SMART.xlsx,sheet بنود المطالبات,high,prev_progress in workbook is informational; platform will recompute server-side from approved claims (Migration 048).
CMH_01-C01,13,162,خزانة مغسلة خشبية مقاومة للرطوبة من خشب الـ ) Mdf ( بسماكة 18 مم وارتفاع 400 مم من قشرة الجوز أو ما يتناسب مع العينة الموافق عليها  مثبتة على القواطع الجبسية مع اضاءة مخفية ومفصلات ومقابض مخفية وتصميم حسب الرسومات والمناظير وبحسب تعليمات المهندس المشرف.Ref drawing: 07-MRA-DD-(as per floor number)-AR-700 to 703 مقاس: 1000طول × عرض600 مم,عدد,1800.0,22.0,0.0,5.0,5.0,9000.0,22.727272727272727,بنود المطالبات,639,CMH_01_SMART.xlsx,sheet بنود المطالبات,high,prev_progress in workbook is informational; platform will recompute server-side from approved claims (Migration 048).
CMH_01-C01,13,176,للمواسير داخل المبنى من مواسير متعددة الطبقات بولي بروبلين كما هو موصف تشمل كافة القطع التركيبية )مثل القارنات من الحديد الصلب الغير قابل للصدأ والأكواع /المنحنيات والتفريعات والدعامات( والصمامات ومخمدات الصدمة ومنافس الهواء الآلية و المحابس  وكافة الاكسسوارات اللازمة، كما هو مبين في المخططات لتركيب مايلي من الأقطار الخارجية مع ربطه بالشبكة الحالية لاقرب نقطة و على المقاول تقديم المخططات التنفيذية و الحسابات الهيدروليكية و اعتمادها قبل البدا بالتنفيذ الاعمال من المهندس المشرف للاقطار  الداخلية قطر 20 مم,م.ط,66.0,532.0,882.0,79.0,961.0,5214.0,180.63909774436092,بنود المطالبات,640,CMH_01_SMART.xlsx,sheet بنود المطالبات,high,prev_progress in workbook is informational; platform will recompute server-side from approved claims (Migration 048).
CMH_01-C01,13,177,للمواسير داخل المبنى من مواسير متعددة الطبقات بولي بروبلين كما هو موصف تشمل كافة القطع التركيبية )مثل القارنات من الحديد الصلب الغير قابل للصدأ والأكواع /المنحنيات والتفريعات والدعامات( والصمامات ومخمدات الصدمة ومنافس الهواء الآلية و المحابس  وكافة الاكسسوارات اللازمة، كما هو مبين في المخططات لتركيب مايلي من الأقطار الخارجية مع ربطه بالشبكة الحالية لاقرب نقطة و على المقاول تقديم المخططات التنفيذية و الحسابات الهيدروليكية و اعتمادها قبل البدا بالتنفيذ الاعمال من المهندس المشرف للاقطار  الداخلية قطر 25 مم,م.ط,70.8,221.0,223.0,20.0,243.0,1416.0,109.95475113122173,بنود المطالبات,641,CMH_01_SMART.xlsx,sheet بنود المطالبات,high,prev_progress in workbook is informational; platform will recompute server-side from approved claims (Migration 048).
CMH_01-C01,13,178,للمواسير داخل المبنى من مواسير متعددة الطبقات بولي بروبلين كما هو موصف تشمل كافة القطع التركيبية )مثل القارنات من الحديد الصلب الغير قابل للصدأ والأكواع /المنحنيات والتفريعات والدعامات( والصمامات ومخمدات الصدمة ومنافس الهواء الآلية و المحابس  وكافة الاكسسوارات اللازمة، كما هو مبين في المخططات لتركيب مايلي من الأقطار الخارجية مع ربطه بالشبكة الحالية لاقرب نقطة و على المقاول تقديم المخططات التنفيذية و الحسابات الهيدروليكية و اعتمادها قبل البدا بالتنفيذ الاعمال من المهندس المشرف للاقطار  الداخلية :قطر 32مم,م.ط,102.0,207.0,139.00000000000003,27.0,166.00000000000003,2754.0,80.19323671497585,بنود المطالبات,642,CMH_01_SMART.xlsx,sheet بنود المطالبات,high,prev_progress in workbook is informational; platform will recompute server-side from approved claims (Migration 048).
CMH_01-C01,13,179,للمواسير داخل المبنى من مواسير متعددة الطبقات بولي بروبلين كما هو موصف تشمل كافة القطع التركيبية )مثل القارنات من الحديد الصلب الغير قابل للصدأ والأكواع /المنحنيات والتفريعات والدعامات( والصمامات ومخمدات الصدمة ومنافس الهواء الآلية و المحابس  وكافة الاكسسوارات اللازمة، كما هو مبين في المخططات لتركيب مايلي من الأقطار الخارجية مع ربطه بالشبكة الحالية لاقرب نقطة و على المقاول تقديم المخططات التنفيذية و الحسابات الهيدروليكية و اعتمادها قبل البدا بالتنفيذ الاعمال من المهندس المشرف للاقطار  الداخلية :قطر 40 مم,م.ط,85.2,103.0,242.0,15.0,257.0,1278.0,249.5145631067961,بنود المطالبات,643,CMH_01_SMART.xlsx,sheet بنود المطالبات,high,prev_progress in workbook is informational; platform will recompute server-side from approved claims (Migration 048).
CMH_01-C01,13,180,للمواسير داخل المبنى من مواسير متعددة الطبقات بولي بروبلين كما هو موصف تشمل كافة القطع التركيبية )مثل القارنات من الحديد الصلب الغير قابل للصدأ والأكواع /المنحنيات والتفريعات والدعامات( والصمامات ومخمدات الصدمة ومنافس الهواء الآلية و المحابس  وكافة الاكسسوارات اللازمة، كما هو مبين في المخططات لتركيب مايلي من الأقطار الخارجية مع ربطه بالشبكة الحالية لاقرب نقطة و على المقاول تقديم المخططات التنفيذية و الحسابات الهيدروليكية و اعتمادها قبل البدا بالتنفيذ الاعمال من المهندس المشرف للاقطار  الداخلية:قطر 50 مم,م.ط,94.8,218.0,148.0,6.0,154.0,568.8,70.64220183486239,بنود المطالبات,644,CMH_01_SMART.xlsx,sheet بنود المطالبات,high,prev_progress in workbook is informational; platform will recompute server-side from approved claims (Migration 048).
CMH_01-C01,13,181,مواسير المياه الساخنة مؤلفة من عدة طبقات )بولي بروبلين معزولة( كما هو موصف مع العزل وتشمل كافة القطع التركيبية )مثل القارنات من الحديد الصلب الغير قابل للصدأ والأكواع / المنحنيات والتفريعات والدعامات( والصمامات ومخمدات الصدمة وكافة الاكسسوارات و المحابس  اللازمة لإنجاز تركيب مايلي من الأقطار الخارجية مع ربطه بالشبكة الحالية لاقرب نقطة و على المقاول تقديم المخططات التنفيذية و الحسابات الهيدروليكية و اعتمادها قبل البدا بالتنفيذ الاعمال من المهندس المشرف للاقطار  الداخلية :قطر 20 مم,م.ط,70.8,150.0,500.0,43.0,543.0,3044.4,362,بنود المطالبات,645,CMH_01_SMART.xlsx,sheet بنود المطالبات,high,prev_progress in workbook is informational; platform will recompute server-side from approved claims (Migration 048).
CMH_01-C01,13,182,مواسير المياه الساخنة مؤلفة من عدة طبقات )بولي بروبلين معزولة( كما هو موصف مع العزل وتشمل كافة القطع التركيبية )مثل القارنات من الحديد الصلب الغير قابل للصدأ والأكواع / المنحنيات والتفريعات والدعامات( والصمامات ومخمدات الصدمة وكافة الاكسسوارات و المحابس  اللازمة لإنجاز تركيب مايلي من الأقطار الخارجية مع ربطه بالشبكة الحالية لاقرب نقطة و على المقاول تقديم المخططات التنفيذية و الحسابات الهيدروليكية و اعتمادها قبل البدا بالتنفيذ الاعمال من المهندس المشرف للاقطار  الداخلية :قطر 25 مم,م.ط,75.6,100.0,60.0,15.0,75.0,1134.0,75,بنود المطالبات,646,CMH_01_SMART.xlsx,sheet بنود المطالبات,high,prev_progress in workbook is informational; platform will recompute server-side from approved claims (Migration 048).
CMH_01-C01,13,183,سخان مياه كهربائي فردي من الحديد المعزول بالزجاج من النوع الأفقي الذي يركب أعلى السقف المستعار يشمل كافة الإكسسوارات و التوصيلات و المحابس كما هو موصف وكما هو مبين في تفاصيل المشروع العامة وبالإستطاعات التالية:توريد و تركيب و اختبار سخان بسعة 30 لتر، وقدرة 2.1  كيلو وات، مرجع     1-EWH,عدد,672.0,77.0,29.0,4.0,33.0,2688.0,42.857142857142854,بنود المطالبات,647,CMH_01_SMART.xlsx,sheet بنود المطالبات,high,prev_progress in workbook is informational; platform will recompute server-side from approved claims (Migration 048).
CMH_01-C01,13,184,سخان مياه كهربائي فردي من الحديد المعزول بالزجاج من النوع الأفقي الذي يركب أعلى السقف المستعار يشمل كافة الإكسسوارات و التوصيلات و المحابس كما هو موصف وكما هو مبين في تفاصيل المشروع العامة وبالإستطاعات التالية:اعادة تركيب و اختبار السخان الحالي بسعة 100 ليتر   بعد الكشف و المعاينة و الفحص حسب تعليمات مهندس المشرف,عدد,816.0,24.0,12.0,2.0,14.0,1632.0,58.333333333333336,بنود المطالبات,648,CMH_01_SMART.xlsx,sheet بنود المطالبات,high,prev_progress in workbook is informational; platform will recompute server-side from approved claims (Migration 048).
CMH_01-C01,13,188,صفاية أرضية )FD(، من PVC مع مصفاة معدنية  مطلية بالكروم شاملة سيفون كما هو موصف بالمقاسات التالية:مخرج قطر 75 مم,عدد,300.0,161.0,67.0,14.0,81.0,4200.0,50.31055900621118,بنود المطالبات,649,CMH_01_SMART.xlsx,sheet بنود المطالبات,high,prev_progress in workbook is informational; platform will recompute server-side from approved claims (Migration 048).
CMH_01-C01,13,190,الأدوات والتركيبات الصحية كما هو موصف وتشمل صمامات الزاوية والخلاطات و المصائد والوصلات المرنة و الانابيب القصيرة للتغذية والصرف والتهوية وكافة قطع الإكسسوار لإتمام تركيب ، علي ان تكون الاجهزة والتركيبات من النوع المرشد لاستهلاك المياه :حوض وجه على رخامة )مرجع 1-LAV ( من نفس نوع الرخام الصناعي كوريان للكاونتر والكاونتر محسوب في بند منفصل,عدد,2640.0,68.0,3.0,9.0,12.0,23760.0,17.647058823529413,بنود المطالبات,650,CMH_01_SMART.xlsx,sheet بنود المطالبات,high,prev_progress in workbook is informational; platform will recompute server-side from approved claims (Migration 048).
CMH_01-C01,13,195,الأدوات والتركيبات الصحية كما هو موصف وتشمل صمامات الزاوية والخلاطات و المصائد والوصلات المرنة و الانابيب القصيرة للتغذية والصرف والتهوية وكافة قطع الإكسسوار لإتمام تركيب ، علي ان تكون الاجهزة والتركيبات من النوع المرشد لاستهلاك المياه :مرحاض افرنجي ) مرجع 2-WWC (  مثبت على الحائط بخزان  طرد مخفي مع زر دفق من الصلب الذي لا يصدأ - مع غطاء للمرحاض مقاوم للبكتريا من نوع soft closing,عدد,2760.0,55.0,9.0,8.0,17.0,22080.0,30.909090909090907,بنود المطالبات,651,CMH_01_SMART.xlsx,sheet بنود المطالبات,high,prev_progress in workbook is informational; platform will recompute server-side from approved claims (Migration 048).
CMH_01-C01,13,197,الأدوات والتركيبات الصحية كما هو موصف وتشمل صمامات الزاوية والخلاطات و المصائد والوصلات المرنة و الانابيب القصيرة للتغذية والصرف والتهوية وكافة قطع الإكسسوار لإتمام تركيب ، علي ان تكون الاجهزة والتركيبات من النوع المرشد لاستهلاك المياه :مقبض رشاش مع الخرطوم وأداة التعليق، مرجع PS,عدد,180.0,191.0,53.0,8.0,61.0,1440.0,31.93717277486911,بنود المطالبات,652,CMH_01_SMART.xlsx,sheet بنود المطالبات,high,prev_progress in workbook is informational; platform will recompute server-side from approved claims (Migration 048).
CMH_01-C01,13,198,الأدوات والتركيبات الصحية كما هو موصف وتشمل صمامات الزاوية والخلاطات و المصائد والوصلات المرنة و الانابيب القصيرة للتغذية والصرف والتهوية وكافة قطع الإكسسوار لإتمام تركيب ، علي ان تكون الاجهزة والتركيبات من النوع المرشد لاستهلاك المياه :خلاط مياة  يركب على الحوض,عدد,1080.0,208.0,27.0,8.0,35.0,8640.0,16.826923076923077,بنود المطالبات,653,CMH_01_SMART.xlsx,sheet بنود المطالبات,high,prev_progress in workbook is informational; platform will recompute server-side from approved claims (Migration 048).
CMH_01-C01,13,199, يشمل العمل كافة قطع التركيبات مثل الأكواع  والتيهات ، 40. schتوريد و تركيب انابيب فولاذية سوداء والوصلات والقارنات والنقاصات/المخفضات ومنافس الهواء الآلية وتكون الوصلات من نوع  فيكتوليك او ما يماثلها للأقطار 50 مم أو أكبر، و تكون الوصلات قلووظ للأقطار أقل من 50 مم، والبند يشمل  العلاقات والدعامات للمواسير و المحابس  و الصرف ان لزم والدهان  لكامل الشبكة كما يلزم لاتمام العمل. و بناء على توجيهات مهندس المشرف  ومتطلبات الدفاعNFPA  ويشمل البند جميع ما يلزم لاتمام الأعمال طبقا للمواصفات و طبقا لمتطلبات ال المدني من الكشف على الشبكة الحالية وفحصها كما هو موضح على المخططات و على المقاول تقديم:المخططات التنفيذية و اعتمادها قبل بدء بالتنفيذ من المهندس المشرف كما هو موصف للأقطار التالية 25 mm dia.,م.ط,108.0,3900.0,3191.0,1640.0,4831.0,177120.0,123.87179487179488,بنود المطالبات,654,CMH_01_SMART.xlsx,sheet بنود المطالبات,high,prev_progress in workbook is informational; platform will recompute server-side from approved claims (Migration 048).
CMH_01-C01,13,200,توريد و تركيب انابيب فولاذية سوداء 40.sch ، يشمل العمل كافة قطع التركيبات مثل الأكواع  والتيهات والوصلات والقارنات والنقاصات/المخفضات ومنافس الهواء الآلية وتكون الوصلات من نوع  فيكتوليك او ما يماثلها للأقطار 50 مم أو أكبر، و تكون الوصلات قلووظ للأقطار أقل من 50 مم، والبند يشمل العلاقات والدعامات للمواسير و المحابس  و الصرف ان لزم والدهان  لكامل الشبكة كما يلزم لاتمام العمل و بناء على توجيهات مهندس المشرف .ويشمل البند جميع ما يلزم لاتمام الأعمال طبقا للمواصفات و طبقا لمتطلبات الNFPA  ومتطلبات الدفاع المدني من الكشف على الشبكة الحالية وفحصها كما هو موضح على المخططات و على المقاول تقديم المخططات التنفيذية و اعتمادها قبل بدء بالتنفيذ من المهندس المشرف كما هو موصف للأقطار التالية:.mm dia 28,م.ط,138.0,323.0,206.0,103.0,309.0,14214.0,95.6656346749226,بنود المطالبات,655,CMH_01_SMART.xlsx,sheet بنود المطالبات,high,prev_progress in workbook is informational; platform will recompute server-side from approved claims (Migration 048).
CMH_01-C01,13,201,توريد و تركيب انابيب فولاذية سوداء 40.sch ، يشمل العمل كافة قطع التركيبات مثل الأكواع  والتيهات والوصلات والقارنات والنقاصات/المخفضات ومنافس الهواء الآلية وتكون الوصلات من نوع  فيكتوليك او ما يماثلها للأقطار 50 مم أو أكبر، و تكون الوصلات قلووظ للأقطار أقل من 50 مم، والبند يشمل العلاقات والدعامات للمواسير و المحابس  و الصرف ان لزم والدهان  لكامل الشبكة كما يلزم لاتمام العمل و بناء على توجيهات مهندس المشرف .ويشمل البند جميع ما يلزم لاتمام الأعمال طبقا للمواصفات و طبقا لمتطلبات الNFPA  ومتطلبات الدفاع المدني من الكشف على الشبكة الحالية وفحصها كما هو موضح على المخططات و على المقاول تقديم المخططات التنفيذية و اعتمادها قبل بدء بالتنفيذ من المهندس المشرف كما هو موصف للأقطار التالية:.mm dia 33,م.ط,192.0,660.0,415.0,225.0,640.0,43200.0,96.96969696969697,بنود المطالبات,656,CMH_01_SMART.xlsx,sheet بنود المطالبات,high,prev_progress in workbook is informational; platform will recompute server-side from approved claims (Migration 048).
CMH_01-C01,13,202,توريد و تركيب انابيب فولاذية سوداء 40.sch ، يشمل العمل كافة قطع التركيبات مثل الأكواع  والتيهات والوصلات والقارنات والنقاصات/المخفضات ومنافس الهواء الآلية وتكون الوصلات من نوع  فيكتوليك او ما يماثلها للأقطار 50 مم أو أكبر، و تكون الوصلات قلووظ للأقطار أقل من 50 مم، والبند يشمل العلاقات والدعامات للمواسير و المحابس  و الصرف ان لزم والدهان  لكامل الشبكة كما يلزم لاتمام العمل و بناء على توجيهات مهندس المشرف .ويشمل البند جميع ما يلزم لاتمام الأعمال طبقا للمواصفات و طبقا لمتطلبات الNFPA  ومتطلبات الدفاع المدني من الكشف على الشبكة الحالية وفحصها كما هو موضح على المخططات و على المقاول تقديم المخططات التنفيذية و اعتمادها قبل بدء بالتنفيذ من المهندس المشرف كما هو موصف للأقطار التالية:.mm dia 40,م.ط,222.0,600.0,277.0,173.0,450.0,38406.0,75,بنود المطالبات,657,CMH_01_SMART.xlsx,sheet بنود المطالبات,high,prev_progress in workbook is informational; platform will recompute server-side from approved claims (Migration 048).
CMH_01-C01,13,203,توريد و تركيب انابيب فولاذية سوداء 40.sch ، يشمل العمل كافة قطع التركيبات مثل الأكواع  والتيهات والوصلات والقارنات والنقاصات/المخفضات ومنافس الهواء الآلية وتكون الوصلات من نوع  فيكتوليك او ما يماثلها للأقطار 50 مم أو أكبر، و تكون الوصلات قلووظ للأقطار أقل من 50 مم، والبند يشمل العلاقات والدعامات للمواسير و المحابس  و الصرف ان لزم والدهان  لكامل الشبكة كما يلزم لاتمام العمل و بناء على توجيهات مهندس المشرف .ويشمل البند جميع ما يلزم لاتمام الأعمال طبقا للمواصفات و طبقا لمتطلبات الNFPA  ومتطلبات الدفاع المدني من الكشف على الشبكة الحالية وفحصها كما هو موضح على المخططات و على المقاول تقديم المخططات التنفيذية و اعتمادها قبل بدء بالتنفيذ من المهندس المشرف كما هو موصف للأقطار التالية:.mm dia 63,م.ط,240.0,646.0,283.0,197.0,480.0,47280.0,74.30340557275542,بنود المطالبات,658,CMH_01_SMART.xlsx,sheet بنود المطالبات,high,prev_progress in workbook is informational; platform will recompute server-side from approved claims (Migration 048).
CMH_01-C01,13,204,توريد و تركيب انابيب فولاذية سوداء 40.sch ، يشمل العمل كافة قطع التركيبات مثل الأكواع  والتيهات والوصلات والقارنات والنقاصات/المخفضات ومنافس الهواء الآلية وتكون الوصلات من نوع  فيكتوليك او ما يماثلها للأقطار 50 مم أو أكبر، و تكون الوصلات قلووظ للأقطار أقل من 50 مم، والبند يشمل العلاقات والدعامات للمواسير و المحابس  و الصرف ان لزم والدهان  لكامل الشبكة كما يلزم لاتمام العمل و بناء على توجيهات مهندس المشرف .ويشمل البند جميع ما يلزم لاتمام الأعمال طبقا للمواصفات و طبقا لمتطلبات الNFPA  ومتطلبات الدفاع المدني من الكشف على الشبكة الحالية وفحصها كما هو موضح على المخططات و على المقاول تقديم المخططات التنفيذية و اعتمادها قبل بدء بالتنفيذ من المهندس المشرف كما هو موصف للأقطار التالية:.mm dia 77,م.ط,288.0,110.0,131.0,69.0,200.0,19872.0,181.8181818181818,بنود المطالبات,659,CMH_01_SMART.xlsx,sheet بنود المطالبات,high,prev_progress in workbook is informational; platform will recompute server-side from approved claims (Migration 048).
CMH_01-C01,13,205,توريد و تركيب انابيب فولاذية سوداء 40.sch ، يشمل العمل كافة قطع التركيبات مثل الأكواع  والتيهات والوصلات والقارنات والنقاصات/المخفضات ومنافس الهواء الآلية وتكون الوصلات من نوع  فيكتوليك او ما يماثلها للأقطار 50 مم أو أكبر، و تكون الوصلات قلووظ للأقطار أقل من 50 مم، والبند يشمل العلاقات والدعامات للمواسير و المحابس  و الصرف ان لزم والدهان  لكامل الشبكة كما يلزم لاتمام العمل و بناء على توجيهات مهندس المشرف .ويشمل البند جميع ما يلزم لاتمام الأعمال طبقا للمواصفات و طبقا لمتطلبات الNFPA  ومتطلبات الدفاع المدني من الكشف على الشبكة الحالية وفحصها كما هو موضح على المخططات و على المقاول تقديم المخططات التنفيذية و اعتمادها قبل بدء بالتنفيذ من المهندس المشرف كما هو موصف للأقطار التالية:.mm dia 94,م.ط,324.0,314.0,81.0,62.0,143.0,20088.0,45.54140127388535,بنود المطالبات,660,CMH_01_SMART.xlsx,sheet بنود المطالبات,high,prev_progress in workbook is informational; platform will recompute server-side from approved claims (Migration 048).
CMH_01-C01,13,206,توريد و تركيب انابيب فولاذية سوداء 40.sch ، يشمل العمل كافة قطع التركيبات مثل الأكواع  والتيهات والوصلات والقارنات والنقاصات/المخفضات ومنافس الهواء الآلية وتكون الوصلات من نوع  فيكتوليك او ما يماثلها للأقطار 50 مم أو أكبر، و تكون الوصلات قلووظ للأقطار أقل من 50 مم، والبند يشمل العلاقات والدعامات للمواسير و المحابس  و الصرف ان لزم والدهان  لكامل الشبكة كما يلزم لاتمام العمل و بناء على توجيهات مهندس المشرف .ويشمل البند جميع ما يلزم لاتمام الأعمال طبقا للمواصفات و طبقا لمتطلبات الNFPA  ومتطلبات الدفاع المدني من الكشف على الشبكة الحالية وفحصها كما هو موضح على المخططات و على المقاول تقديم المخططات التنفيذية و اعتمادها قبل بدء بالتنفيذ من المهندس المشرف كما هو موصف للأقطار التالية:.mm dia 141,م.ط,360.0,200.0,262.0,109.0,371.0,39240.0,185.5,بنود المطالبات,661,CMH_01_SMART.xlsx,sheet بنود المطالبات,high,prev_progress in workbook is informational; platform will recompute server-side from approved claims (Migration 048).
CMH_01-C01,13,230,توريد و تصنيع و تركيب أعمال مجاري  من الصفائح المعدنية المجلفنه )90G( للهواء الداخل والراجع والهواء النقي وقناة السحب حسب المواصفات القياسية SMACNA وتشمل التيهات/القطعة التائية والكوع/المرفق والتفريعات والتحويلة والدعامة وحمالة التعليق. ويجب أخذ الطول على امتداد خط المركز فوق كل قطع التركيبات، ومن المفهوم بأن السعر الإفرادي لأعمال مجاري الهواء/الأقنية محمل عليه كل دعامات حامل التعليق ومخمّد الصوت والحريق وكل قطع الإكسسوار عزل الحراري )فايبرغلاس( ثخانة 25 مم وبكثافة 24 كغ/م3 مع مانع تبخر من الألمنيوم المقوّى حسب المخططات والمواصفات و حسب تعليمات مهندس المشرف.,م.ط,300.0,7000.0,6030.0,278.0,6308.0,83400.0,90.11428571428571,بنود المطالبات,662,CMH_01_SMART.xlsx,sheet بنود المطالبات,high,prev_progress in workbook is informational; platform will recompute server-side from approved claims (Migration 048).
CMH_01-C01,13,248,توريد وتركيب مقابس طاقة مربوطة بأسلاك 4 مم2 كحد أدنى وتشمل الأجهزة و والأسلاك والمواسير والعلب ودعامات التثبيت ، من اللوحات الى نقاط المقابس وحسب المواصفات. على المقاول المعاينة و فحص الشبكة الحالية و الاستفادة من التمديدات الحالية و دمجها مع التركيبات الجديدة بعد عمل الاختبارات اللازمة و بعد الموافقة من مهندس المشرف .مقبس أحادي، مركب على الجدار، من النوع المؤرض، 15 أمبير، 230 فولت، طور واحد، قطبين، 3 أسلاك.,عدد,216.0,282.0,132.0,5.0,137.0,1080.0,48.58156028368794,بنود المطالبات,663,CMH_01_SMART.xlsx,sheet بنود المطالبات,high,prev_progress in workbook is informational; platform will recompute server-side from approved claims (Migration 048).
CMH_01-C01,13,249,توريد وتركيب مقابس طاقة مربوطة بأسلاك 4 مم2 كحد أدنى وتشمل الأجهزة و والأسلاك والمواسير والعلب ودعامات التثبيت ، من اللوحات الى نقاط المقابس وحسب المواصفات. على المقاول المعاينة و فحص الشبكة الحالية و الاستفادة من التمديدات الحالية و دمجها مع التركيبات الجديدة بعد عمل الاختبارات اللازمة و بعد الموافقة من مهندس المشرف . مقبس ثنائي سقفى، من النوع المؤرض، 15 أمبير، 230 فولت، طور واحد، قطبين، 3 أسلاك.,عدد,216.0,126.0,63.0,2.0,65.0,432.0,51.587301587301596,بنود المطالبات,664,CMH_01_SMART.xlsx,sheet بنود المطالبات,high,prev_progress in workbook is informational; platform will recompute server-side from approved claims (Migration 048).
CMH_01-C01,13,253, توريد وتركيب واختبار وفحص نقاط قوى للمقابس الكهربائية المتعددة الاستخدام بأسلاك نحاسية معزولة وذات مقطع لا يقل عن 6 مم2  في مواسير ويشتمل على المقبس و الاسلاك و PVC بمادة البلاستيك العلب وأعمال التثبيت والدعائم وكل الملحقات من لوحة التوزيع حتى المخارج وفقا للمخططات.والمواصفات الفنية  على المقاول المعاينة و فحص الشبكة الحالية و الاستفادة من التمديدات الحالية و دمجها مع التركيبات. الجديدة بعد عمل الاختبارات اللازمة و بعد الموافقة من مهندس المشرفمخرج  ومؤرض 30 أمبير ، 230 فولت 3 أسلاك ، 1 فاز لمجفف الأيدي,عدد,264.0,72.0,27.0,2.0,29.0,528.0,40.27777777777778,بنود المطالبات,665,CMH_01_SMART.xlsx,sheet بنود المطالبات,high,prev_progress in workbook is informational; platform will recompute server-side from approved claims (Migration 048).
CMH_01-C01,13,254,توريد وتركيب وإختبار وفحص علبة خدمة من نوعية ممتازة تحتوى على  ) أ ( مقابس تغذية أرضية مزدوجة ذات أسلاك 4 مم2 كحد أدنى مركبة على الأرض وتشمل أسلاك التأريض من اللوحة حتى المقابس + )ب( مآخذ للهاتف والبيانات ذات كابلات CAT 6A UTP وحتى كابينة الداتا  وحسب مواصفات إدارة الـ IT  بالوزارة. على المقاول المعاينة و فحص الشبكة الحالية و الاستفادة من التمديدات الحالية و دمجها مع التركيبات الجديدة بعد عمل الاختبارات اللازمة و بعد الموافقة من مهندس المشرف . النوع  )A(  )تحتوى على  4 قوى & 4 داتا (,عدد,2160.0,286.0,238.0,38.0,276.0,82080.0,96.5034965034965,بنود المطالبات,666,CMH_01_SMART.xlsx,sheet بنود المطالبات,high,prev_progress in workbook is informational; platform will recompute server-side from approved claims (Migration 048).
CMH_01-C01,13,255,توريد وتركيب وإختبار وفحص علبة خدمة من نوعية ممتازة تحتوى على  ) أ ( مقابس تغذية أرضية مزدوجة ذات أسلاك 4 مم2 كحد أدنى مركبة على الأرض وتشمل أسلاك التأريض من اللوحة حتى المقابس + )ب( مآخذ للهاتف والبيانات ذات كابلات CAT 6A UTP وحتى كابينة الداتا  وحسب مواصفات إدارة الـ IT  بالوزارة. على المقاول المعاينة و فحص الشبكة الحالية و الاستفادة من التمديدات الحالية و دمجها مع التركيبات الجديدة بعد عمل الاختبارات اللازمة و بعد الموافقة من مهندس المشرف . النوع )B(   )تحتوى على 2 قوى & 2 داتا (,عدد,1800.0,20.0,198.0,38.0,236.0,68400.0,1180,بنود المطالبات,667,CMH_01_SMART.xlsx,sheet بنود المطالبات,high,prev_progress in workbook is informational; platform will recompute server-side from approved claims (Migration 048).
CMH_01-C01,13,256,توريد وتركيب وإختبار وفحص علبة خدمة من نوعية ممتازة تحتوى على  ) أ ( مقابس تغذية أرضية مزدوجة ذات أسلاك 4 مم2 كحد أدنى مركبة على الأرض وتشمل أسلاك التأريض من اللوحة حتى المقابس + )ب( مآخذ للهاتف والبيانات ذات كابلات CAT 6A UTP وحتى كابينة الداتا  وحسب مواصفات إدارة الـ IT  بالوزارة. على المقاول المعاينة و فحص الشبكة الحالية و الاستفادة من التمديدات الحالية و دمجها مع التركيبات الجديدة بعد عمل الاختبارات اللازمة و بعد الموافقة من مهندس المشرف . النوع )1FB(   )تحتوى على 1 قوى (,عدد,720.0,141.0,36.0,6.0,42.0,4320.0,29.78723404255319,بنود المطالبات,668,CMH_01_SMART.xlsx,sheet بنود المطالبات,high,prev_progress in workbook is informational; platform will recompute server-side from approved claims (Migration 048).
CMH_01-C01,13,262,توريد وتركيب وتوصيل وإختبار وفحص اجهزة الإنارة ويشمل اللمبات وأقواس التركيب وحبال التعليق وقطع الأكسسوار و ايضا نقاط الانارة متضمنة مواسير/أقنية قاسية عالية التحمل PVC  أوEMT وعلب ذات أسلاك لاتقل عن 0.4 مم2 لنقطة الإنارة وتوصيل أطراف أسلاك التأريض،وكل الأعمال المساعدة كما هو محدد وموضح في المخططات. على المقاول المعاينة و فحص الشبكة الحالية و الاستفادة من التمديدات الحالية و دمجها  علما بان البند يشمل جميع الوصلات و الاسلاك و الكابلات اللازمة لنهو العمل  بعد عمل الاختبارات اللازمة و بعد الموافقة من مهندس المشرف . Type A1,عدد,348.0,530.0,132.0,24.0,156.0,8352.0,29.433962264150942,بنود المطالبات,669,CMH_01_SMART.xlsx,sheet بنود المطالبات,high,prev_progress in workbook is informational; platform will recompute server-side from approved claims (Migration 048).
CMH_01-C01,13,264,توريد وتركيب وتوصيل وإختبار وفحص اجهزة الإنارة ويشمل اللمبات وأقواس التركيب وحبال التعليق وقطع الأكسسوار و ايضا نقاط الانارة متضمنة مواسير/أقنية قاسية عالية التحمل PVC  أوEMT وعلب ذات أسلاك لاتقل عن 0.4 مم2 لنقطة الإنارة وتوصيل أطراف أسلاك التأريض،وكل الأعمال المساعدة كما هو محدد وموضح في المخططات. على المقاول المعاينة و فحص الشبكة الحالية و الاستفادة من التمديدات الحالية و دمجها  علما بان البند يشمل جميع الوصلات و الاسلاك و الكابلات اللازمة لنهو العمل  بعد عمل الاختبارات اللازمة و بعد الموافقة من مهندس المشرف . Type A2,عدد,1044.0,1113.0,501.0,74.0,575.0,77256.0,51.66217430368374,بنود المطالبات,670,CMH_01_SMART.xlsx,sheet بنود المطالبات,high,prev_progress in workbook is informational; platform will recompute server-side from approved claims (Migration 048).
CMH_01-C01,13,272,توريد وتركيب وتوصيل وإختبار وفحص اجهزة الإنارة ويشمل اللمبات وأقواس التركيب وحبال التعليق وقطع الأكسسوار و ايضا نقاط الانارة متضمنة مواسير/أقنية قاسية عالية التحمل PVC  أوEMT وعلب ذات أسلاك لاتقل عن 0.4 مم2 لنقطة الإنارة وتوصيل أطراف أسلاك التأريض،وكل الأعمال المساعدة كما هو محدد وموضح في المخططات. على المقاول المعاينة و فحص الشبكة الحالية و الاستفادة من التمديدات الحالية و دمجها  علما بان البند يشمل جميع الوصلات و الاسلاك و الكابلات اللازمة لنهو العمل  بعد عمل الاختبارات اللازمة و بعد الموافقة من مهندس المشرف .Type B1,عدد,720.0,343.0,40.0,2.0,42.0,1440.0,12.244897959183673,بنود المطالبات,671,CMH_01_SMART.xlsx,sheet بنود المطالبات,high,prev_progress in workbook is informational; platform will recompute server-side from approved claims (Migration 048).
CMH_01-C01,13,274,توريد وتركيب وتوصيل وإختبار وفحص اجهزة الإنارة ويشمل اللمبات وأقواس التركيب وحبال التعليق وقطع الأكسسوار و ايضا نقاط الانارة متضمنة مواسير/أقنية قاسية عالية التحمل PVC  أوEMT وعلب ذات أسلاك لاتقل عن 0.4 مم2 لنقطة الإنارة وتوصيل أطراف أسلاك التأريض،وكل الأعمال المساعدة كما هو محدد وموضح في المخططات.على المقاول المعاينة و فحص الشبكة الحالية و الاستفادة من التمديدات الحالية و دمجها  علما بان البند يشمل جميع الوصلات و الاسلاك و الكابلات اللازمة لنهو العمل  بعد عمل الاختبارات اللازمة و بعد الموافقة من مهندس المشرف .Type C1,عدد,1128.0,172.0,50.0,2.0,52.0,2256.0,30.23255813953488,بنود المطالبات,672,CMH_01_SMART.xlsx,sheet بنود المطالبات,high,prev_progress in workbook is informational; platform will recompute server-side from approved claims (Migration 048).
CMH_01-C01,13,275,توريد وتركيب وتوصيل وإختبار وفحص اجهزة الإنارة ويشمل اللمبات وأقواس التركيب وحبال التعليق وقطع الأكسسوار و ايضا نقاط الانارة متضمنة مواسير/أقنية قاسية عالية التحمل PVC  أوEMT وعلب ذات أسلاك لاتقل عن 0.4 مم2 لنقطة الإنارة وتوصيل أطراف أسلاك التأريض،وكل الأعمال المساعدة كما هو محدد وموضح في المخططات. على المقاول المعاينة و فحص الشبكة الحالية و الاستفادة من التمديدات الحالية و دمجها  علما بان البند يشمل جميع الوصلات و الاسلاك و الكابلات اللازمة لنهو العمل  بعد عمل الاختبارات اللازمة و بعد الموافقة من مهندس المشرف .Type C2,عدد,420.0,1422.0,576.0,48.0,624.0,20160.0,43.88185654008439,بنود المطالبات,673,CMH_01_SMART.xlsx,sheet بنود المطالبات,high,prev_progress in workbook is informational; platform will recompute server-side from approved claims (Migration 048).
CMH_01-C01,13,276,توريد وتركيب وتوصيل وإختبار وفحص اجهزة الإنارة ويشمل اللمبات وأقواس التركيب وحبال التعليق وقطع الأكسسوار و ايضا نقاط الانارة متضمنة مواسير/أقنية قاسية عالية التحمل PVC  أوEMT وعلب ذات أسلاك لاتقل عن 0.4 مم2 لنقطة الإنارة وتوصيل أطراف أسلاك التأريض،وكل الأعمال المساعدة كما هو محدد وموضح في المخططات. على المقاول المعاينة و فحص الشبكة الحالية و الاستفادة من التمديدات الحالية و دمجها  علما بان البند يشمل جميع الوصلات و الاسلاك و الكابلات اللازمة لنهو العمل  بعد عمل الاختبارات اللازمة و بعد الموافقة من مهندس المشرف .Type C3,عدد,444.0,1062.0,392.0,16.0,408.0,7104.0,38.4180790960452,بنود المطالبات,674,CMH_01_SMART.xlsx,sheet بنود المطالبات,high,prev_progress in workbook is informational; platform will recompute server-side from approved claims (Migration 048).
CMH_01-C01,13,277,توريد وتركيب وتوصيل وإختبار وفحص اجهزة الإنارة ويشمل اللمبات وأقواس التركيب وحبال التعليق وقطع الأكسسوار و ايضا نقاط الانارة متضمنة مواسير/أقنية قاسية عالية التحمل PVC  أوEMT وعلب ذات أسلاك لاتقل عن 0.4 مم2 لنقطة الإنارة وتوصيل أطراف أسلاك التأريض،وكل الأعمال المساعدة كما هو محدد وموضح في المخططات. على المقاول المعاينة و فحص الشبكة الحالية و الاستفادة من التمديدات الحالية و دمجها  علما بان البند يشمل جميع الوصلات و الاسلاك و الكابلات اللازمة لنهو العمل  بعد عمل الاختبارات اللازمة و بعد الموافقة من مهندس المشرف .Type C4,عدد,300.0,284.0,113.0,11.0,124.0,3300.0,43.66197183098591,بنود المطالبات,675,CMH_01_SMART.xlsx,sheet بنود المطالبات,high,prev_progress in workbook is informational; platform will recompute server-side from approved claims (Migration 048).
CMH_01-C01,13,278,توريد وتركيب وتوصيل وإختبار وفحص اجهزة الإنارة ويشمل اللمبات وأقواس التركيب وحبال التعليق وقطع الأكسسوار و ايضا نقاط الانارة متضمنة مواسير/أقنية قاسية عالية التحمل PVC  أوEMT وعلب ذات أسلاك لاتقل عن 0.4 مم2 لنقطة الإنارة وتوصيل أطراف أسلاك التأريض،وكل الأعمال المساعدة كما هو محدد وموضح في المخططات. على المقاول المعاينة و فحص الشبكة الحالية و الاستفادة من التمديدات الحالية و دمجها  علما بان البند يشمل جميع الوصلات و الاسلاك و الكابلات اللازمة لنهو العمل  بعد عمل الاختبارات اللازمة و بعد الموافقة من مهندس المشرف .Type C5,عدد,438.0,149.0,75.0,3.0,78.0,1314.0,52.348993288590606,بنود المطالبات,676,CMH_01_SMART.xlsx,sheet بنود المطالبات,high,prev_progress in workbook is informational; platform will recompute server-side from approved claims (Migration 048).
CMH_01-C01,13,279,توريد وتركيب وتوصيل وإختبار وفحص اجهزة الإنارة ويشمل اللمبات وأقواس التركيب وحبال التعليق وقطع الأكسسوار و ايضا نقاط الانارة متضمنة مواسير/أقنية قاسية عالية التحمل PVC  أوEMT وعلب ذات أسلاك لاتقل عن 0.4 مم2 لنقطة الإنارة وتوصيل أطراف أسلاك التأريض،وكل الأعمال المساعدة كما هو محدد وموضح في المخططات.على المقاول المعاينة و فحص الشبكة الحالية و الاستفادة من التمديدات الحالية و دمجها  علما بان البند يشمل جميع الوصلات و الاسلاك و الكابلات اللازمة لنهو العمل  بعد عمل الاختبارات اللازمة و بعد الموافقة من مهندس المشرف .Type C6,عدد,288.0,158.0,84.0,12.0,96.0,3456.0,60.75949367088608,بنود المطالبات,677,CMH_01_SMART.xlsx,sheet بنود المطالبات,high,prev_progress in workbook is informational; platform will recompute server-side from approved claims (Migration 048).
CMH_01-C01,13,286,توريد وتركيب وتوصيل وإختبار وفحص اجهزة الإنارة ويشمل اللمبات وأقواس التركيب وحبال التعليق وقطع الأكسسوار و ايضا نقاط الانارة متضمنة مواسير/أقنية قاسية عالية التحمل PVC  أوEMT وعلب ذات أسلاك لاتقل عن 0.4 مم2 لنقطة الإنارة وتوصيل أطراف أسلاك التأريض،وكل الأعمال المساعدة كما هو محدد وموضح في المخططات. على المقاول المعاينة و فحص الشبكة الحالية و الاستفادة من التمديدات الحالية و دمجها  علما بان البند يشمل جميع الوصلات و الاسلاك و الكابلات اللازمة لنهو العمل  بعد عمل الاختبارات اللازمة و بعد الموافقة من مهندس المشرف . Type E2,عدد,504.0,186.0,117.0,20.0,137.0,10080.0,73.65591397849462,بنود المطالبات,678,CMH_01_SMART.xlsx,sheet بنود المطالبات,high,prev_progress in workbook is informational; platform will recompute server-side from approved claims (Migration 048).
CMH_01-C01,13,291,توريد وتركيب وتوصيل وإختبار وفحص اجهزة الإنارة ويشمل اللمبات وأقواس التركيب وحبال التعليق وقطع الأكسسوار و ايضا نقاط الانارة متضمنة مواسير/أقنية قاسية عالية التحمل PVC  أوEMT وعلب ذات أسلاك لاتقل عن 0.4 مم2 لنقطة الإنارة وتوصيل أطراف أسلاك التأريض،وكل الأعمال المساعدة كما هو محدد وموضح في المخططات. على المقاول المعاينة و فحص الشبكة الحالية و الاستفادة من التمديدات الحالية و دمجها  علما بان البند يشمل جميع الوصلات و الاسلاك و الكابلات اللازمة لنهو العمل  بعد عمل الاختبارات اللازمة و بعد الموافقة من مهندس المشرف .Type LB4,عدد,1104.0,132.0,48.0,4.0,52.0,4416.0,39.39393939393939,بنود المطالبات,679,CMH_01_SMART.xlsx,sheet بنود المطالبات,high,prev_progress in workbook is informational; platform will recompute server-side from approved claims (Migration 048).
CMH_01-C01,13,294,توريد وتركيب وتوصيل وإختبار وفحص اجهزة الإنارة ويشمل اللمبات وأقواس التركيب وحبال التعليق وقطع الأكسسوار و ايضا نقاط الانارة متضمنة مواسير/أقنية قاسية عالية التحمل PVC  أوEMT وعلب ذات أسلاك لاتقل عن 0.4 مم2 لنقطة الإنارة وتوصيل أطراف أسلاك التأريض،وكل الأعمال المساعدة كما هو محدد وموضح في المخططات. على المقاول المعاينة و فحص الشبكة الحالية و الاستفادة من التمديدات الحالية و دمجها  علما بان البند يشمل جميع الوصلات و الاسلاك و الكابلات اللازمة لنهو العمل  بعد عمل الاختبارات اللازمة و بعد الموافقة من مهندس المشرف .Type LB7,عدد,174.0,2.0,0.0,2.0,2.0,348.0,100,بنود المطالبات,680,CMH_01_SMART.xlsx,sheet بنود المطالبات,high,prev_progress in workbook is informational; platform will recompute server-side from approved claims (Migration 048).
CMH_01-C01,13,295,توريد وتركيب وتوصيل وإختبار وفحص اجهزة الإنارة ويشمل اللمبات وأقواس التركيب وحبال التعليق وقطع الأكسسوار و ايضا نقاط الانارة متضمنة مواسير/أقنية قاسية عالية التحمل PVC  أوEMT وعلب ذات أسلاك لاتقل عن 0.4 مم2 لنقطة الإنارة وتوصيل أطراف أسلاك التأريض،وكل الأعمال المساعدة كما هو محدد وموضح في المخططات. على المقاول المعاينة و فحص الشبكة الحالية و الاستفادة من التمديدات الحالية و دمجها  علما بان البند يشمل جميع الوصلات و الاسلاك و الكابلات اللازمة لنهو العمل  بعد عمل الاختبارات اللازمة و بعد الموافقة من مهندس المشرف .Type ES-1,عدد,360.0,430.0,91.0,14.0,105.0,5040.0,24.418604651162788,بنود المطالبات,681,CMH_01_SMART.xlsx,sheet بنود المطالبات,high,prev_progress in workbook is informational; platform will recompute server-side from approved claims (Migration 048).
CMH_01-C01,13,298,توريد وتركيب وتوصيل وإختبار وفحص اجهزة الإنارة ويشمل اللمبات وأقواس التركيب وحبال التعليق وقطع الأكسسوار و ايضا نقاط الانارة متضمنة مواسير/أقنية قاسية عالية التحمل PVC  أوEMT وعلب ذات أسلاك لاتقل عن 0.4 مم2 لنقطة الإنارة وتوصيل أطراف أسلاك التأريض،وكل الأعمال المساعدة كما هو محدد وموضح في المخططات. على المقاول المعاينة و فحص الشبكة الحالية و الاستفادة من التمديدات الحالية و دمجها  علما بان البند يشمل جميع الوصلات و الاسلاك و الكابلات اللازمة لنهو العمل  بعد عمل الاختبارات اللازمة و بعد الموافقة من مهندس المشرف . Type P1,عدد,420.0,75.0,31.0,1.0,32.0,420.0,42.66666666666667,بنود المطالبات,682,CMH_01_SMART.xlsx,sheet بنود المطالبات,high,prev_progress in workbook is informational; platform will recompute server-side from approved claims (Migration 048).
CMH_01-C01,13,303,توريد وتركيب وتوصيل واختبار مفاتيح التحكم بالإنارة / أزرار كبس 10 أمبير، 230 فولت، وتشمل كل المواسير معزولة ب  PVC وأسلاك نحاس  0.4 مم2 حتى وحدات الانارة حسب الموضح على المخططات وحسب المواصفات على المقاول المعاينة و فحص الشبكة الحالية و الاستفادة من التمديدات الحالية و دمجها مع التركيبات الجديدة بعد عمل الاختبارات اللازمة و بعد الموافقة من مهندس المشرف . مفتاح أحادي ، أحادي الكباّس، 10 أمبير,عدد,216.0,226.0,97.0,3.0,100.0,648.0,44.24778761061947,بنود المطالبات,683,CMH_01_SMART.xlsx,sheet بنود المطالبات,high,prev_progress in workbook is informational; platform will recompute server-side from approved claims (Migration 048).
CMH_01-C01,13,304,توريد وتركيب وتوصيل واختبار مفاتيح التحكم بالإنارة / أزرار كبس 10 أمبير، 230 فولت، وتشمل كل المواسير معزولة ب  PVC وأسلاك نحاس  0.4 مم2 حتى وحدات الانارة حسب الموضح على المخططات وحسب المواصفات. على المقاول المعاينة و فحص الشبكة الحالية و الاستفادة من التمديدات الحالية و دمجها مع التركيبات الجديدة بعد عمل الاختبارات اللازمة و بعد الموافقة من مهندس المشرف .مفتاح أحادي ، ثنائي الكباّس، 10 أمبير,عدد,216.0,490.0,221.0,7.0,228.0,1512.0,46.53061224489796,بنود المطالبات,684,CMH_01_SMART.xlsx,sheet بنود المطالبات,high,prev_progress in workbook is informational; platform will recompute server-side from approved claims (Migration 048).
CMH_01-C01,13,334,فك و تقطيع وتنزيل و ترحيل مواسير شبكة الصرف و التغذية القائمة و البند يشمل فك القطع والترحيل خارج الموقع وتسليم جميع مكونات شبكة الصرف و التغذية للجهة مالكة المشروع ,م.ط,16.523,0.0,2963.0,408.0,3371.0,6741.384,,بنود المطالبات,685,CMH_01_SMART.xlsx,sheet بنود المطالبات,high,prev_progress in workbook is informational; platform will recompute server-side from approved claims (Migration 048).
CMH_01-C01,14,25,تصنيع وتركيب لوح خشبي بشكل طولي من  الـ )Mdf(  مع قشرة الجوز او ما يتناسب مع العينة المتفق عليها طول 25سم وعرض 10سم وارتفاع 270 سم الى جانب الابواب الزجاجية حسب المناظير والرسومات وتعليمات المهندس المشرف.Code: WDP2-08,عدد,240.0,248.0,94.0,29.0,123.0,6960.0,49.596774193548384,بنود المطالبات,686,CMH_01_SMART.xlsx,sheet بنود المطالبات,high,prev_progress in workbook is informational; platform will recompute server-side from approved claims (Migration 048).
CMH_01-C01,14,26,تصنيع وتركيب كسوة من الخشب للجدران ويكون النمط والحجم كما هو موضح بالرسومات ويشمل السعر أي مواد أو أعمال يتطلبها إنهاء العمل حسب المواصفات والمخططات وتعليمات المهندس المشرف. Ref drawing: 07-MRA-DD-(as per floor number)-AR-600 to 07-MRA-DD-(as  per floor number)-AR-604كسوة من خشب الـ)Mdf(  ، مثبتة على العامود الخرساني بدهان رمادي على شكل وهيئة الأسطح الاسمنتية )matt( بتصميم مع غروف حسب الرسومات والمناظير وتعليمات المهندس المشرف.Code: WDP3-04,م2,528.0,345.0,194.0,6.0,200.0,3168.0,57.971014492753625,بنود المطالبات,687,CMH_01_SMART.xlsx,sheet بنود المطالبات,high,prev_progress in workbook is informational; platform will recompute server-side from approved claims (Migration 048).
CMH_01-C01,14,28,تصنيع وتركيب كسوة من الخشب للجدران ويكون النمط والحجم كما هو موضح بالرسومات ويشمل السعر أي مواد أو أعمال يتطلبها إنهاء العمل حسب المواصفات والمخططات وتعليمات المهندس المشرف. Ref drawing: 07-MRA-DD-(as per floor number)-AR-600 to 07-MRA-DD-(as  per floor number)-AR-604كسوة من خشب الـ)Mdf(، مثبتة على القواطع الجبسية مع قشرة صناعية بحسب العينة الموافق عليها وغروف حسب الرسومات والمناظير وتعليمات المهندس المشرفCode: WDP2,م2,528.0,2517.0,1057.0,321.0,1378.0,169488.0,54.74771553436631,بنود المطالبات,688,CMH_01_SMART.xlsx,sheet بنود المطالبات,high,prev_progress in workbook is informational; platform will recompute server-side from approved claims (Migration 048).
CMH_01-C01,14,29,"تصنيع وتركيب كسوة من الخشب للجدران ويكون النمط والحجم كما هو موضح بالرسومات ويشمل السعر أي مواد أو أعمال يتطلبها إنهاء العمل حسب المواصفات والمخططات وتعليمات المهندس المشرف. Ref drawing: 07-MRA-DD-(as per floor number)-AR-600 to 07-MRA-DD-(as  per floor number)-AR-604كسوة من خشب الـ)Mdf(  ، مثبتة على االقواطع الجبسية بدهان رمادي على شكل وهيئة الأسطح الاسمنتية ) matt( مع تصميم بفتحات حسب الرسومات والمناظير وتعليمات المهندس المشرف.Code: WDP3-01, WDP3-02, WDP3-03",م2,528.0,846.0,388.0,133.0,521.0,70224.0,61.58392434988179,بنود المطالبات,689,CMH_01_SMART.xlsx,sheet بنود المطالبات,high,prev_progress in workbook is informational; platform will recompute server-side from approved claims (Migration 048).
CMH_01-C01,14,30,"تصنيع وتركيب كسوة من الخشب للجدران ويكون النمط والحجم كما هو موضح بالرسومات ويشمل السعر أي مواد أو أعمال يتطلبها إنهاء العمل حسب المواصفات والمخططات وتعليمات المهندس المشرف. Ref drawing: 07-MRA-DD-(as per floor number)-AR-600 to 07-MRA-DD-(as  per floor number)-AR-604كسوة من خشب الـ) Mdf(  ، مع قشرة السنديان المطلي بدهان ابيض  مع غروف وفتحات إضاءة مخفية مغلفة من الداخل بطبقة Acrylic مغشى  حسب الرسومات والمناظير وتعليمات المهندس المشرف.Code: WDP1-03, WDP1-04, WDP1-05, WDP1-06",م2,570.0,456.0,256.0,31.0,287.0,17670.0,62.93859649122807,بنود المطالبات,690,CMH_01_SMART.xlsx,sheet بنود المطالبات,high,prev_progress in workbook is informational; platform will recompute server-side from approved claims (Migration 048).
CMH_01-C01,14,31,تصنيع وتركيب كسوة من الخشب للجدران ويكون النمط والحجم كما هو موضح بالرسومات ويشمل السعر أي مواد أو أعمال يتطلبها إنهاء العمل حسب المواصفات والمخططات وتعليمات المهندس المشرف. Ref drawing: 07-MRA-DD-(as per floor number)-AR-600 to 07-MRA-DD-(as  per floor number)-AR-604كسوة من خشب الـ) Mdf(  ،  بدهان رمادي   مع غروف وفتحات إضاءة مخفية مغلفة من الداخل بطبقة Acrylic مغشى  حسب الرسومات والمناظير وتعليمات المهندس المشرف.Code: WDP5,م2,720.0,53.0,0.0,26.0,26.0,18720.0,49.056603773584904,بنود المطالبات,691,CMH_01_SMART.xlsx,sheet بنود المطالبات,high,prev_progress in workbook is informational; platform will recompute server-side from approved claims (Migration 048).
CMH_01-C01,14,33,تصنيع وتركيب كسوة من الخشب للجدران ويكون النمط والحجم كما هو موضح بالرسومات ويشمل السعر أي مواد أو أعمال يتطلبها إنهاء العمل حسب المواصفات والمخططات وتعليمات المهندس المشرف.Ref drawing: 07-MRA-DD-(as per floor number)-AR-600 to 07-MRA-DD (as per floor number)-AR-604كسوة من خشب الـ) Mdf(  ، مع قشرة  )walnut( لمدخل كبار الشخصيات ومكتب مدير مكتب معالي الوزير     حسب الرسومات والمناظير وتعليمات المهندس المشرف.Code: WDP7,م2,570.0,118.0,0.0,22.0,22.0,12540.0,18.64406779661017,بنود المطالبات,692,CMH_01_SMART.xlsx,sheet بنود المطالبات,high,prev_progress in workbook is informational; platform will recompute server-side from approved claims (Migration 048).
CMH_01-C01,14,34,تصنيع وتركيب كسوة من الخشب للجدران ويكون النمط والحجم كما هو موضح بالرسومات ويشمل السعر أي مواد أو أعمال يتطلبها إنهاء العمل حسب المواصفات والمخططات وتعليمات المهندس المشرف. Ref drawing: 07-MRA-DD-(as per floor number)-AR-600 to 07-MRA-DD-(as  per floor number)-AR-604كسوة من خشب الـ)Mdf( ، مع قشرة صناعية بلون رمادي بيج لمنطقة معالي الوزير   حسب الرسومات والمناظير وتعليمات المهندس المشرف.Code: WDP8,م2,870.0,758.0,0.0,512.0,512.0,445440.0,67.54617414248021,بنود المطالبات,693,CMH_01_SMART.xlsx,sheet بنود المطالبات,high,prev_progress in workbook is informational; platform will recompute server-side from approved claims (Migration 048).
CMH_01-C01,14,35,تصنيع وتركيب كسوة من الخشب للجدران ويكون النمط والحجم كما هو موضح بالرسومات ويشمل السعر أي مواد أو أعمال يتطلبها إنهاء العمل حسب المواصفات والمخططات وتعليمات المهندس المشرف. Ref drawing: 07-MRA-DD-(as per floor number)-AR-600 to 07-MRA-DD-(as  per floor number)-AR-604كسوة من خشب الـ)Mdf( ،  مع قشرة ال )wenge( بشكل pattern مفرغة من الداخل مع ايطار خشبي ملبس بجلد لون بيج ومثبتة على الجدار الخشبي  لمنطقة معالي الوزير  حسب الرسومات والمناظير  وتعليمات المهندس المشرف.Code: P1,م2,1080.0,60.0,28.73,24.27,53.0,26211.6,88.33333333333333,بنود المطالبات,694,CMH_01_SMART.xlsx,sheet بنود المطالبات,high,prev_progress in workbook is informational; platform will recompute server-side from approved claims (Migration 048).
CMH_01-C01,14,36,تصنيع وتركيب كسوة من الخشب للجدران ويكون النمط والحجم كما هو موضح بالرسومات ويشمل السعر أي مواد أو أعمال يتطلبها إنهاء العمل حسب المواصفات والمخططات وتعليمات المهندس المشرف. Ref drawing: 07-MRA-DD-(as per floor number)-AR-600 to 07-MRA-DD-(as  per floor number)-AR-604كسوة من خشب الـ)Mdf(  ،  مع قشرة ال )wenge( بشكل pattern مفرغة من الداخل مع ايطار خشبي ومثبتة على الجدار الخشبي  لمنطقة التنفيذيين حسب الرسومات والمناظير وتعليمات المهندس المشرف.Code: P2,م2,960.0,75.0,18.9,28.1,47.0,26976.0,62.66666666666667,بنود المطالبات,695,CMH_01_SMART.xlsx,sheet بنود المطالبات,high,prev_progress in workbook is informational; platform will recompute server-side from approved claims (Migration 048).
CMH_01-C01,14,37,تصنيع وتركيب كسوة من الخشب للاسقف ويكون النمط والحجم كما هو موضح بالرسومات ويشمل السعر أي مواد أو أعمال يتطلبها إنهاء العمل حسب المواصفات والمخططات وتعليمات المهندس المشرف.]Ref drawing: 07-MRA-DD-(as per floor number)-AR-200 سقف من خشب الـ)Mdf( ،  مطلي بدهان أبيض بشكل pattern مفرغة من الداخل  ومثبتة على ألواح خشبية مع قشرة الجوز مثبتة بنظام تعليق متصلة بالسقف الخرساني  لمنطقة معالي الوزير حسب الرسومات والمناظير وتعليمات المهندس المشرف.Code: WDC-04,م2,1080.0,162.0,0.0,67.0,67.0,72360.0,41.358024691358025,بنود المطالبات,696,CMH_01_SMART.xlsx,sheet بنود المطالبات,high,prev_progress in workbook is informational; platform will recompute server-side from approved claims (Migration 048).
CMH_01-C01,14,38,صنيع وتركيب كسوة من الخشب للاسقف ويكون النمط والحجم كما هو موضح بالرسومات ويشمل السعر أي مواد أو أعمال يتطلبها إنهاء العمل حسب المواصفات والمخططات وتعليمات المهندس المشرف.Ref drawing: 07-MRA-DD-(as per floor number)-AR-200سطح خشبي من من خشب الـ)Mdf(  مع قشرة صناعية بحسب العينة الموافق عليها وغروف مثبتة بنظام تعليق متصلة بالسقف الخرساني حسب الرسومات والمناظير وتعليمات المهندس المشرف.Code: WDC-01 & WDC-02,م2,840.0,684.0,267.0,114.0,381.0,95760.0,55.70175438596491,بنود المطالبات,697,CMH_01_SMART.xlsx,sheet بنود المطالبات,high,prev_progress in workbook is informational; platform will recompute server-side from approved claims (Migration 048).
CMH_01-C01,14,39,تصنيع وتركيب كسوة من الخشب للاسقف ويكون النمط والحجم كما هو موضح بالرسومات ويشمل السعر أي مواد أو أعمال يتطلبها إنهاء العمل حسب المواصفات والمخططات وتعليمات المهندس المشرف.Ref drawing: 07-MRA-DD-(as per floor number)-AR-200سطح خشبي03-WDC من من خشب الـ)Mdf( على شكل مربعات بسماكة تصميم  5سم، وفتحات على شكل مثلث مع اضاءة مخفية مغلفة من الاعلى بطبقة Acrylic شفاف مغشى سماكة 4مم مثبتة بنظام تعليق متصلة بالسقف الخرساني حسب الرسومات والمناظير وتعليمات المهندس المشرف.Code: WDC-03,م2,780.0,64.0,32.0,6.0,38.0,4680.0,59.375,بنود المطالبات,698,CMH_01_SMART.xlsx,sheet بنود المطالبات,high,prev_progress in workbook is informational; platform will recompute server-side from approved claims (Migration 048).
CMH_01-C01,14,42,تصنيع وتركيب خزائن خشبية ويكون النمط والحجم كما هو موضح بالرسومات ويشمل السعر أي مواد أو أعمال يتطلبها إنهاء العمل حسب المواصفات والمخططات وتعليمات المهندس المشرف.Ref drawing: 07-MRA-DD-(as per floor number)-AR-605خزانة خشبية04-WDC   من خشب الـ ) Mdf (  مطلية بدهان رمادي على شكل وهيئة الاسطح الاسمنتية مع غروف ومفصلات ومقابض مخفية ، وارفف مفتوحة من قشرة الجوز ،واضاءة مخفية ، مثبتة على الجدار الخارجي حسب الرسومات والمناظير  وتعليمات المهندس المشرف.,م2,1200.0,297.0,83.0,27.0,110.0,32400.0,37.03703703703704,بنود المطالبات,699,CMH_01_SMART.xlsx,sheet بنود المطالبات,high,prev_progress in workbook is informational; platform will recompute server-side from approved claims (Migration 048).
CMH_01-C01,14,43,تصنيع وتركيب خزائن خشبية ويكون النمط والحجم كما هو موضح بالرسومات ويشمل السعر أي مواد أو أعمال يتطلبها إنهاء العمل حسب المواصفات والمخططات وتعليمات المهندس المشرف.Ref drawing: 07-MRA-DD-(as per floor number)-AR-605 خزانة خشبية05-WDC  من خشب الـ ) Mdf (  مع قشرة الوينغي الداكنة مع أرفف وإضاءة مخفية، أبواب الخزائن زجاجية   ribbed glass(مع إيطار خشبي وغروف ومفصلات ومقابض مخفية لمنطقة معالي الوزير حسب الرسومات والمناظير وتعليمات المهندس المشرف.,م2,1440.0,69.0,34.0,10.0,44.0,14400.0,63.76811594202898,بنود المطالبات,700,CMH_01_SMART.xlsx,sheet بنود المطالبات,high,prev_progress in workbook is informational; platform will recompute server-side from approved claims (Migration 048).
CMH_01-C01,14,44,تصنيع وتركيب خزائن خشبية ويكون النمط والحجم كما هو موضح بالرسومات ويشمل السعر أي مواد أو أعمال يتطلبها إنهاء العمل حسب المواصفات والمخططات وتعليمات المهندس المشرف.Ref drawing: 07-MRA-DD-(as per floor number)-AR-605خزانة خشبية06-WDC   من خشب الـ ) Mdf (  مع قشرة الوينغي الداكنة مع أرفف وإضاءة مخفية، أبواب الخزائن زجاجية )black tinted clear glass(مع إيطار خشبي وغروف ومفصلات ومقابض مخفية لمنطقة معالي الوزير حسب الرسومات والمناظير وتعليمات المهندس المشرف. ,م2,1440.0,62.0,0.0,47.0,47.0,67680.0,75.80645161290323,بنود المطالبات,701,CMH_01_SMART.xlsx,sheet بنود المطالبات,high,prev_progress in workbook is informational; platform will recompute server-side from approved claims (Migration 048).
CMH_01-C01,14,45, توريد وتنفيذ طبقتين من غشاء عازل للمياه من الـبيتومين ثخانة 4 مم للأماكن الرطبة وحتى ارتفاع 10   سم على الجدران المحيطة ويشمل تحضير السطوح ومواد حشو الزوايا وطبقات الحماية جيوتكستايل الأفُقية والعمودية. ويشمل السعر أي مواد وأعمال مطلوبة لاستكمال العمل حسب المواصفات والمخططات.وتعليمات المهندس المشرف,م2,78.0,1345.0,772.0,48.0,820.0,3744.0,60.966542750929364,بنود المطالبات,702,CMH_01_SMART.xlsx,sheet بنود المطالبات,high,prev_progress in workbook is informational; platform will recompute server-side from approved claims (Migration 048).
CMH_01-C01,14,46,توريد وتركيب باب زجاجي من نوع سيكوريت بسمك 12مم ويشمل السعر التثبيت والاطار من الالمنيوم الأسود المطلي بدهان بودرة بالفرن والخردوات وماكينة دفاش للإغلاق الذاتي مع ملصقات بحسب التصميم. ويشمل السعر أي مواد أو أعمال يتطلبها استكمال العمل حسب المواصفات والمخططات وتعليمات االمهندس المشرف.Ref drawing: 07-MRA-DD-(as per floor number)-AR-801 بعرض 1000 مم وارتفاع 2700 مم  GD01باب ضلفة واحدة  نموذج,عدد,2580.0,238.0,91.0,32.0,123.0,82560.0,51.68067226890757,بنود المطالبات,703,CMH_01_SMART.xlsx,sheet بنود المطالبات,high,prev_progress in workbook is informational; platform will recompute server-side from approved claims (Migration 048).
CMH_01-C01,14,47,توريد وتركيب باب زجاجي من نوع سيكوريت بسمك 12مم ويشمل السعر التثبيت والاطار من الالمنيوم الأسود المطلي بدهان بودرة بالفرن والخردوات وماكينة دفاش للإغلاق الذاتي مع ملصقات بحسب التصميم. ويشمل السعر أي مواد أو أعمال يتطلبها استكمال العمل حسب المواصفات والمخططات وتعليمات االمهندس المشرف. Ref drawing: 07-MRA-DD-(as per floor number)-AR-801   بعرض 1800 مم وارتفاع 2600 مم  GD02باب ضلفتين  نموذج ,عدد,4020.0,37.0,16.0,4.0,20.0,16080.0,54.054054054054056,بنود المطالبات,704,CMH_01_SMART.xlsx,sheet بنود المطالبات,high,prev_progress in workbook is informational; platform will recompute server-side from approved claims (Migration 048).
CMH_01-C01,14,66,توريد وتركيب قواطع زجاجيه داخليه من زجاج  سيكوريت عازل للصوت ثخانة 12مم مركّبة على مقاطع من  الألمنيوم )لون اسود 9005RAL (  مثبتة  بالسقف والأرض بإرتفاع 2700مم .ويشمل العمل الاطار والقوائم  والتثبيت بتيوب حديد ابعاد 4*8 سم وسماكة 2ملم  والملصقات بأماكن محددة حسب التصميم ، وفواصل البوليكاربونيت الجاف بين الألواح الزجاجية وقطع الإكسسوار ومانع التسرب والمواد الأخُرى المطلوبة لاستكمال التركيب حسب المخططات وتعليمات االمهندس المشرف.,م²,900.0,4000.0,2053.0,570.0,2623.0,513000.0,65.575,بنود المطالبات,705,CMH_01_SMART.xlsx,sheet بنود المطالبات,high,prev_progress in workbook is informational; platform will recompute server-side from approved claims (Migration 048).
CMH_01-C01,14,72,طبقة من اللياسة الأسمنتية فوق الأسطح الخرسانية والجدران الداخلية  بسمك متوسط 20 مم على طبقات  طرطشة بسمك 5 مم وضهارة 15 مم حسب المواصفات مع المعالجة اليومية  بالمياه لمنع التنميلات ويتم عمل افريز بين البلوك والخرسانة يملئ بمواد قابلة للدهان والسعر يشمل كامل الأكسسوارات اللازمة من شبك معدني ممدد وزوايا ونهايات معدنية  ومواد الترابط  وعمل تجاويف في طبقة اللياسة بعمق 10مم عرض 10مم  في الاعمدة  وفي الجدران ان وجدت حسب الرسومات والمناظير وتعليمات المهندس المشرف ذلك حسب الاصول الفنية وتعليمات المهندس المشرف. لياسة الجدران والأعمدة الداخلية  وتشمل جميع الإكسسوارات بإرتفاع 20 سم أعلي الأسقف الجبسيه لزوم الجدران الداخلية,م²,42.0,758.0,4801.004,1450.0,6251.004,60900.0,824.6707124010553,بنود المطالبات,706,CMH_01_SMART.xlsx,sheet بنود المطالبات,high,prev_progress in workbook is informational; platform will recompute server-side from approved claims (Migration 048).
CMH_01-C01,14,74,توريد وتركيب قاطع جداري ثخانة 100مم ذو الواح جبسية مقاومه للحريق  ثخانة 5.12مم تركب من الجهتين )طبقات مزدوجة( يشمل المسامير المعدنية و المزالج / الأعضاء المعدنية الساندة والسكك والغطاء العازل للصوت )صوف صخري( وكل الإكسسوارات حسب المخطط والمواصفات وتعليمات المهندس المشرف.,م²,180.0,12526.0,6312.0,1968.0,8280.0,354240.0,66.10250678588537,بنود المطالبات,707,CMH_01_SMART.xlsx,sheet بنود المطالبات,high,prev_progress in workbook is informational; platform will recompute server-side from approved claims (Migration 048).
CMH_01-C01,14,75,توريد وتركيب أسقف معلقة من الالواح الجبسيه )01-GBC( ثخانة 12 مم المقاومة للحريق شاملة نظام التعليق وضبط الحواف والزوايا وأبواب لفتحات الكشف بالأسقف لأعمال الصيانة )أبواب جاهزة من النوع السهل الاستعمال والمزود بمفصلات مخفية( والإكسسوارات. ويشمل السعر أي مواد أو أعمال يتطلبها استكمال العمل حسب المواصفات والمخططات.,م²,150.0,24468.0,10097.00007,2265.0,12362.00007,339750.0,50.52313254046101,بنود المطالبات,708,CMH_01_SMART.xlsx,sheet بنود المطالبات,high,prev_progress in workbook is informational; platform will recompute server-side from approved claims (Migration 048).
CMH_01-C01,14,76,توريد وتركيب أسقف معلقة من الالواح الجبسيه  )02-GBC( ثخانة 12 مم المقاومة للرطوبة شاملة نظام التعليق وضبط الحواف والزوايا وأبواب لفتحات الكشف بالأسقف لأعمال الصيانة )أبواب جاهزة من النوع السهل الاستعمال والمزود بمفصلات مخفية( واالإكسسوارات. ويشمل السعر أي مواد أو أعمال يتطلبها استكمال العمل حسب المواصفات والمخططات وتعليمات المهندس المشرف.,م²,150.0,1091.0,474.0,120.0,594.0,18000.0,54.44546287809349,بنود المطالبات,709,CMH_01_SMART.xlsx,sheet بنود المطالبات,high,prev_progress in workbook is informational; platform will recompute server-side from approved claims (Migration 048).
CMH_01-C01,14,77,600×600مم توريد وتركيب اسقف اصطناعية  والسعر يشمل نظام التعليق من الحديد المجفلن مع جميع الاكسسوارات وكل مايلزم حسب المواصفات والمخططات وتعليمات الشركة المصنعة .,م²,150.0,3323.0,1441.0,211.0,1652.0,31650.0,49.71411375263317,بنود المطالبات,710,CMH_01_SMART.xlsx,sheet بنود المطالبات,high,prev_progress in workbook is informational; platform will recompute server-side from approved claims (Migration 048).
CMH_01-C01,14,80, أرضيات بورسلان 02-PTمقاس 600×600×12مم فرز اول بالمقاسات والالوان المطلوبة لدورات المياه الخاصة بمكاتب المدراء العامين  طبقاً للمخططات والمواصفات.,م²,120.0,246.0,0.0,20.0,20.0,2400.0,8.130081300813007,بنود المطالبات,711,CMH_01_SMART.xlsx,sheet بنود المطالبات,high,prev_progress in workbook is informational; platform will recompute server-side from approved claims (Migration 048).
CMH_01-C01,14,100,رخام  الحوائط والأعمدة والكمر والوزرات لمدخل كبار الشخصيات ومدخل الموظفين وعلى المصاعد وفي الممرات الرئيسية والوجهات الداخلية للفناء الوسطي.,م²,60.0,6000.0,0.0,289.0,289.0,17340.0,4.816666666666667,بنود المطالبات,712,CMH_01_SMART.xlsx,sheet بنود المطالبات,high,prev_progress in workbook is informational; platform will recompute server-side from approved claims (Migration 048).
CMH_01-C01,14,105,بلاط - سجاد 02-CT مقاس 500× 500 مم لون أزرق فاتح لمحطة العمل وغرفة الاجتماعات,م²,156.0,6705.0,4126.0,128.0,4254.0,19968.0,63.44519015659955,بنود المطالبات,713,CMH_01_SMART.xlsx,sheet بنود المطالبات,high,prev_progress in workbook is informational; platform will recompute server-side from approved claims (Migration 048).
CMH_01-C01,14,106,Ref drawing: 07-MRA-DD-(as per floor number)-AR-300 مقاس 500×500 مم لون بيج لمكتب المدير CT-03بلاط - سجاد,م²,156.0,1213.0,812.0,57.0,869.0,8892.0,71.64056059356966,بنود المطالبات,714,CMH_01_SMART.xlsx,sheet بنود المطالبات,high,prev_progress in workbook is informational; platform will recompute server-side from approved claims (Migration 048).
CMH_01-C01,14,125,دهان بلون رمادي بيج على الألواح الجبسية والألواح الاسمنتية 100-WPF,م²,25.2,12700.0,2069.754,1069.33,3139.084,26947.115999999998,24.717196850393698,بنود المطالبات,715,CMH_01_SMART.xlsx,sheet بنود المطالبات,high,prev_progress in workbook is informational; platform will recompute server-side from approved claims (Migration 048).
CMH_01-C01,14,128,.دهان بلون رمادي اسمنتي على الألواح الجبسية والألواح الاسمنتية 200-WPF,م²,30.0,2088.0,257.9947,1034.0,1291.9947,31020.0,61.877140804597694,بنود المطالبات,716,CMH_01_SMART.xlsx,sheet بنود المطالبات,high,prev_progress in workbook is informational; platform will recompute server-side from approved claims (Migration 048).
CMH_01-C01,14,133,تحضير وتنفيذ وعمل دهان عالي الجودة للأسقف الجبسية يشمل الوجه التحضيرى أساس ومعالجة الفواصل  بالمعجـون والشاش والمواد المخصص لتسكير فواصل الالواح الجبسية والاسمنتية وان يكون نوع  دهان  بلون ابيض,م²,24.0,25559.0,4192.004,3167.0,7359.004,76008.0,28.792221917915413,بنود المطالبات,717,CMH_01_SMART.xlsx,sheet بنود المطالبات,high,prev_progress in workbook is informational; platform will recompute server-side from approved claims (Migration 048).
CMH_01-C01,14,137,بالمتر المسطح عمل دهان اكريليك مائي مرن عالي المتانة علي الاسطح الخرسانية وعلى الجدران  الظاهرة على السقف المفتوح  وكل التجهيزات الخاصة بالأعمال الميكانيكية والكهربائية باستثناء نظام الحريق. يشمل الوجه التحضيرى أساس  ثم  الدهان وجهين باللون المطلوب  مع نظافة الاسطح وازالة اى بروز بالخرسانات بالسقف ويتم التنفيذ طبقا للمخططات والمواصفاتة الفنية وعلي حسب تعليمات المهندس المشرف. دهان  بلون اسود,م²,30.0,9442.0,3462.0,508.0,3970.0,15240.0,42.04617665748782,بنود المطالبات,718,CMH_01_SMART.xlsx,sheet بنود المطالبات,high,prev_progress in workbook is informational; platform will recompute server-side from approved claims (Migration 048).
CMH_01-C01,14,151,توريد وتركيب مرآة وجه 6 مم ترُكّب بارزة عن الجدار مع شطف على كل الجهات طبقا للمواصفات وبحسب تعليمات المهندس المشرف. مقاس 1200 × 800 مم,عدد,1200.0,75.0,0.0,12.0,12.0,14400.0,16,بنود المطالبات,719,CMH_01_SMART.xlsx,sheet بنود المطالبات,high,prev_progress in workbook is informational; platform will recompute server-side from approved claims (Migration 048).
CMH_01-C01,14,175,قواطع الحمامات مكونة من ألواح الفينوليك المضغوط ارتفاع 2 متر ذو المقاومة الشديدة للماء مع طبقة ميلامين بلون رمادي غامق مقاومة للخدش وسهلة التنظيف ، سمك الألواح هو  19 ملم ،. قواطع الحمامات تشمل إكسسوارات عالية الجودة ) مفصلات ذاتية الإغلاق وقفل ( والأبواب والاكسسوارات والعلاقات من الستانلس ستيل brushed finish وكل ما يلزم لانهاء العمل حسب الأصول الفنية والمواصفلت وتعليمات المهندس المشرف .,م²,780.0,611.0,138.87,87.0,225.87,67860.0,36.96726677577741,بنود المطالبات,720,CMH_01_SMART.xlsx,sheet بنود المطالبات,high,prev_progress in workbook is informational; platform will recompute server-side from approved claims (Migration 048).
CMH_01-C01,14,199, يشمل العمل كافة قطع التركيبات مثل الأكواع  والتيهات ، 40. schتوريد و تركيب انابيب فولاذية سوداء والوصلات والقارنات والنقاصات/المخفضات ومنافس الهواء الآلية وتكون الوصلات من نوع  فيكتوليك او ما يماثلها للأقطار 50 مم أو أكبر، و تكون الوصلات قلووظ للأقطار أقل من 50 مم، والبند يشمل  العلاقات والدعامات للمواسير و المحابس  و الصرف ان لزم والدهان  لكامل الشبكة كما يلزم لاتمام العمل. و بناء على توجيهات مهندس المشرف  ومتطلبات الدفاعNFPA  ويشمل البند جميع ما يلزم لاتمام الأعمال طبقا للمواصفات و طبقا لمتطلبات ال المدني من الكشف على الشبكة الحالية وفحصها كما هو موضح على المخططات و على المقاول تقديم:المخططات التنفيذية و اعتمادها قبل بدء بالتنفيذ من المهندس المشرف كما هو موصف للأقطار التالية 25 mm dia.,م.ط,108.0,3900.0,4831.0,856.0,5687.0,92448.0,145.82051282051282,بنود المطالبات,721,CMH_01_SMART.xlsx,sheet بنود المطالبات,high,prev_progress in workbook is informational; platform will recompute server-side from approved claims (Migration 048).
CMH_01-C01,14,200,توريد و تركيب انابيب فولاذية سوداء 40.sch ، يشمل العمل كافة قطع التركيبات مثل الأكواع  والتيهات والوصلات والقارنات والنقاصات/المخفضات ومنافس الهواء الآلية وتكون الوصلات من نوع  فيكتوليك او ما يماثلها للأقطار 50 مم أو أكبر، و تكون الوصلات قلووظ للأقطار أقل من 50 مم، والبند يشمل العلاقات والدعامات للمواسير و المحابس  و الصرف ان لزم والدهان  لكامل الشبكة كما يلزم لاتمام العمل و بناء على توجيهات مهندس المشرف .ويشمل البند جميع ما يلزم لاتمام الأعمال طبقا للمواصفات و طبقا لمتطلبات الNFPA  ومتطلبات الدفاع المدني من الكشف على الشبكة الحالية وفحصها كما هو موضح على المخططات و على المقاول تقديم المخططات التنفيذية و اعتمادها قبل بدء بالتنفيذ من المهندس المشرف كما هو موصف للأقطار التالية:.mm dia 28,م.ط,138.0,323.0,309.0,40.0,349.0,5520.0,108.04953560371517,بنود المطالبات,722,CMH_01_SMART.xlsx,sheet بنود المطالبات,high,prev_progress in workbook is informational; platform will recompute server-side from approved claims (Migration 048).
CMH_01-C01,14,201,توريد و تركيب انابيب فولاذية سوداء 40.sch ، يشمل العمل كافة قطع التركيبات مثل الأكواع  والتيهات والوصلات والقارنات والنقاصات/المخفضات ومنافس الهواء الآلية وتكون الوصلات من نوع  فيكتوليك او ما يماثلها للأقطار 50 مم أو أكبر، و تكون الوصلات قلووظ للأقطار أقل من 50 مم، والبند يشمل العلاقات والدعامات للمواسير و المحابس  و الصرف ان لزم والدهان  لكامل الشبكة كما يلزم لاتمام العمل و بناء على توجيهات مهندس المشرف .ويشمل البند جميع ما يلزم لاتمام الأعمال طبقا للمواصفات و طبقا لمتطلبات الNFPA  ومتطلبات الدفاع المدني من الكشف على الشبكة الحالية وفحصها كما هو موضح على المخططات و على المقاول تقديم المخططات التنفيذية و اعتمادها قبل بدء بالتنفيذ من المهندس المشرف كما هو موصف للأقطار التالية:.mm dia 33,م.ط,192.0,660.0,640.0,118.0,758.0,22656.0,114.84848484848484,بنود المطالبات,723,CMH_01_SMART.xlsx,sheet بنود المطالبات,high,prev_progress in workbook is informational; platform will recompute server-side from approved claims (Migration 048).
CMH_01-C01,14,202,توريد و تركيب انابيب فولاذية سوداء 40.sch ، يشمل العمل كافة قطع التركيبات مثل الأكواع  والتيهات والوصلات والقارنات والنقاصات/المخفضات ومنافس الهواء الآلية وتكون الوصلات من نوع  فيكتوليك او ما يماثلها للأقطار 50 مم أو أكبر، و تكون الوصلات قلووظ للأقطار أقل من 50 مم، والبند يشمل العلاقات والدعامات للمواسير و المحابس  و الصرف ان لزم والدهان  لكامل الشبكة كما يلزم لاتمام العمل و بناء على توجيهات مهندس المشرف .ويشمل البند جميع ما يلزم لاتمام الأعمال طبقا للمواصفات و طبقا لمتطلبات الNFPA  ومتطلبات الدفاع المدني من الكشف على الشبكة الحالية وفحصها كما هو موضح على المخططات و على المقاول تقديم المخططات التنفيذية و اعتمادها قبل بدء بالتنفيذ من المهندس المشرف كما هو موصف للأقطار التالية:.mm dia 40,م.ط,222.0,600.0,450.0,43.0,493.0,9546.0,82.16666666666667,بنود المطالبات,724,CMH_01_SMART.xlsx,sheet بنود المطالبات,high,prev_progress in workbook is informational; platform will recompute server-side from approved claims (Migration 048).
CMH_01-C01,14,203,توريد و تركيب انابيب فولاذية سوداء 40.sch ، يشمل العمل كافة قطع التركيبات مثل الأكواع  والتيهات والوصلات والقارنات والنقاصات/المخفضات ومنافس الهواء الآلية وتكون الوصلات من نوع  فيكتوليك او ما يماثلها للأقطار 50 مم أو أكبر، و تكون الوصلات قلووظ للأقطار أقل من 50 مم، والبند يشمل العلاقات والدعامات للمواسير و المحابس  و الصرف ان لزم والدهان  لكامل الشبكة كما يلزم لاتمام العمل و بناء على توجيهات مهندس المشرف .ويشمل البند جميع ما يلزم لاتمام الأعمال طبقا للمواصفات و طبقا لمتطلبات الNFPA  ومتطلبات الدفاع المدني من الكشف على الشبكة الحالية وفحصها كما هو موضح على المخططات و على المقاول تقديم المخططات التنفيذية و اعتمادها قبل بدء بالتنفيذ من المهندس المشرف كما هو موصف للأقطار التالية:.mm dia 63,م.ط,240.0,646.0,480.0,78.0,558.0,18720.0,86.37770897832817,بنود المطالبات,725,CMH_01_SMART.xlsx,sheet بنود المطالبات,high,prev_progress in workbook is informational; platform will recompute server-side from approved claims (Migration 048).
CMH_01-C01,14,204,توريد و تركيب انابيب فولاذية سوداء 40.sch ، يشمل العمل كافة قطع التركيبات مثل الأكواع  والتيهات والوصلات والقارنات والنقاصات/المخفضات ومنافس الهواء الآلية وتكون الوصلات من نوع  فيكتوليك او ما يماثلها للأقطار 50 مم أو أكبر، و تكون الوصلات قلووظ للأقطار أقل من 50 مم، والبند يشمل العلاقات والدعامات للمواسير و المحابس  و الصرف ان لزم والدهان  لكامل الشبكة كما يلزم لاتمام العمل و بناء على توجيهات مهندس المشرف .ويشمل البند جميع ما يلزم لاتمام الأعمال طبقا للمواصفات و طبقا لمتطلبات الNFPA  ومتطلبات الدفاع المدني من الكشف على الشبكة الحالية وفحصها كما هو موضح على المخططات و على المقاول تقديم المخططات التنفيذية و اعتمادها قبل بدء بالتنفيذ من المهندس المشرف كما هو موصف للأقطار التالية:.mm dia 77,م.ط,288.0,110.0,200.0,29.0,229.0,8352.0,208.1818181818182,بنود المطالبات,726,CMH_01_SMART.xlsx,sheet بنود المطالبات,high,prev_progress in workbook is informational; platform will recompute server-side from approved claims (Migration 048).
CMH_01-C01,14,205,توريد و تركيب انابيب فولاذية سوداء 40.sch ، يشمل العمل كافة قطع التركيبات مثل الأكواع  والتيهات والوصلات والقارنات والنقاصات/المخفضات ومنافس الهواء الآلية وتكون الوصلات من نوع  فيكتوليك او ما يماثلها للأقطار 50 مم أو أكبر، و تكون الوصلات قلووظ للأقطار أقل من 50 مم، والبند يشمل العلاقات والدعامات للمواسير و المحابس  و الصرف ان لزم والدهان  لكامل الشبكة كما يلزم لاتمام العمل و بناء على توجيهات مهندس المشرف .ويشمل البند جميع ما يلزم لاتمام الأعمال طبقا للمواصفات و طبقا لمتطلبات الNFPA  ومتطلبات الدفاع المدني من الكشف على الشبكة الحالية وفحصها كما هو موضح على المخططات و على المقاول تقديم المخططات التنفيذية و اعتمادها قبل بدء بالتنفيذ من المهندس المشرف كما هو موصف للأقطار التالية:.mm dia 94,م.ط,324.0,314.0,143.0,16.0,159.0,5184.0,50.63694267515923,بنود المطالبات,727,CMH_01_SMART.xlsx,sheet بنود المطالبات,high,prev_progress in workbook is informational; platform will recompute server-side from approved claims (Migration 048).
CMH_01-C01,14,221,وحدات VAV من أعلى العلامات التجارية جودة )BYPASS TYPE( مع سخان كهربائي ، ترموستات إلكتروني رقمي للغرفة ، فليكس. توصيلات ، تثبيت ، دعم ، عازل اهتزاز مع كافة الملحقات المطلوبة حسب المواصفات والرسومات. 01-VAV ، اجمالي الهواء 0-250 ) ق/د( استطاعة التخزين 5.1 )ك/و(,عدد,6600.0,9.0,7.0,3.0,10.0,19800.0,111.11111111111111,بنود المطالبات,728,CMH_01_SMART.xlsx,sheet بنود المطالبات,high,prev_progress in workbook is informational; platform will recompute server-side from approved claims (Migration 048).
CMH_01-C01,14,222,وحدات VAV من أعلى العلامات التجارية جودة )BYPASS TYPE( مع سخان كهربائي ، ترموستات إلكتروني رقمي للغرفة ، فليكس. توصيلات ، تثبيت ، دعم ، عازل اهتزاز مع كافة الملحقات المطلوبة حسب المواصفات والرسومات. 02-VAV ، اجمالي الهواء 0-500 ) ق/د( استطاعة التخزين 2 )ك/و(,عدد,6960.0,127.0,60.0,2.0,62.0,13920.0,48.818897637795274,بنود المطالبات,729,CMH_01_SMART.xlsx,sheet بنود المطالبات,high,prev_progress in workbook is informational; platform will recompute server-side from approved claims (Migration 048).
CMH_01-C01,14,223,وحدات VAV من أعلى العلامات التجارية جودة )BYPASS TYPE( مع سخان كهربائي ، ترموستات إلكتروني رقمي للغرفة ، فليكس. توصيلات ، تثبيت ، دعم ، عازل اهتزاز مع كافة الملحقات المطلوبة حسب المواصفات والرسومات. 03-VAV ، اجمالي الهواء 0-750 ) ق/د( استطاعة التخزين 3 )ك/و( ,عدد,7200.0,51.0,41.0,1.0,42.0,7200.0,82.35294117647058,بنود المطالبات,730,CMH_01_SMART.xlsx,sheet بنود المطالبات,high,prev_progress in workbook is informational; platform will recompute server-side from approved claims (Migration 048).
CMH_01-C01,14,224,وحدات VAV من أعلى العلامات التجارية جودة )BYPASS TYPE( مع سخان كهربائي ، ترموستات إلكتروني رقمي للغرفة ، فليكس. توصيلات ، تثبيت ، دعم ، عازل اهتزاز مع كافة الملحقات المطلوبة حسب المواصفات والرسومات. 04-VAV ، اجمالي الهواء 0-1000 ) ق/د( استطاعة التخزين 5.3 )ك/و(,عدد,7200.0,24.0,17.0,2.0,19.0,14400.0,79.16666666666666,بنود المطالبات,731,CMH_01_SMART.xlsx,sheet بنود المطالبات,high,prev_progress in workbook is informational; platform will recompute server-side from approved claims (Migration 048).
CMH_01-C01,14,225,وحدات VAV من أعلى العلامات التجارية جودة )BYPASS TYPE( مع سخان كهربائي ، ترموستات إلكتروني رقمي للغرفة ، فليكس. توصيلات ، تثبيت ، دعم ، عازل اهتزاز مع كافة الملحقات المطلوبة حسب المواصفات والرسومات. 05-VAV ، اجمالي الهواء 0-1500 ) ق/د( استطاعة التخزين 5.3 )ك/و(,عدد,9000.0,44.0,23.0,2.0,25.0,18000.0,56.81818181818182,بنود المطالبات,732,CMH_01_SMART.xlsx,sheet بنود المطالبات,high,prev_progress in workbook is informational; platform will recompute server-side from approved claims (Migration 048).
CMH_01-C01,14,227,وحدات VAV من أعلى العلامات التجارية جودة )BYPASS TYPE( مع سخان كهربائي ، ترموستات إلكتروني رقمي للغرفة ، فليكس. توصيلات ، تثبيت ، دعم ، عازل اهتزاز مع كافة الملحقات المطلوبة حسب المواصفات والرسومات. 07-VAV ، اجمالي الهواء 0-2500 ) ق/د( استطاعة التخزين 7.3 )ك/و(,عدد,10800.0,24.0,7.0,3.0,10.0,32400.0,41.66666666666667,بنود المطالبات,733,CMH_01_SMART.xlsx,sheet بنود المطالبات,high,prev_progress in workbook is informational; platform will recompute server-side from approved claims (Migration 048).
CMH_01-C01,14,230,توريد و تصنيع و تركيب أعمال مجاري  من الصفائح المعدنية المجلفنه )90G( للهواء الداخل والراجع والهواء النقي وقناة السحب حسب المواصفات القياسية SMACNA وتشمل التيهات/القطعة التائية والكوع/المرفق والتفريعات والتحويلة والدعامة وحمالة التعليق. ويجب أخذ الطول على امتداد خط المركز فوق كل قطع التركيبات، ومن المفهوم بأن السعر الإفرادي لأعمال مجاري الهواء/الأقنية محمل عليه كل دعامات حامل التعليق ومخمّد الصوت والحريق وكل قطع الإكسسوار عزل الحراري )فايبرغلاس( ثخانة 25 مم وبكثافة 24 كغ/م3 مع مانع تبخر من الألمنيوم المقوّى حسب المخططات والمواصفات و حسب تعليمات مهندس المشرف.,م.ط,300.0,7000.0,6308.0,2658.0,8966.0,797400.0,128.0857142857143,بنود المطالبات,734,CMH_01_SMART.xlsx,sheet بنود المطالبات,high,prev_progress in workbook is informational; platform will recompute server-side from approved claims (Migration 048).
CMH_01-C01,14,246,"توريد وتركيب واختبار لوحات إنارة وتغذية، 380 فولت، 3 أطوار، 60 هيرتز، مركبة على الحائط  وموصّلة بالكامل، مختبرة وموضوعة في التشغيل حسب المواصفات والمخططات وتشمل خطوط النقل الأرضية وأجهزة الحماية وتوصيل نهايات الكابلات والأعمال المدنية اللازمة. PP-3, 200 A , MCCB",عدد,9600.0,6.0,0.0,2.0,2.0,19200.0,33.33333333333333,بنود المطالبات,735,CMH_01_SMART.xlsx,sheet بنود المطالبات,high,prev_progress in workbook is informational; platform will recompute server-side from approved claims (Migration 048).
CMH_01-C01,14,247,"توريد وتركيب واختبار لوحات إنارة وتغذية، 380 فولت، 3 أطوار، 60 هيرتز، مركبة على الحائط وموصّلة بالكامل، مختبرة وموضوعة في التشغيل حسب المواصفات والمخططات وتشمل خطوط النقل الأرضية وأجهزة الحماية وتوصيل نهايات الكابلات والأعمال المدنية اللازمة.PP-4, 200 A , MCCB",عدد,9600.0,6.0,0.0,2.0,2.0,19200.0,33.33333333333333,بنود المطالبات,736,CMH_01_SMART.xlsx,sheet بنود المطالبات,high,prev_progress in workbook is informational; platform will recompute server-side from approved claims (Migration 048).
CMH_01-C01,14,248,توريد وتركيب مقابس طاقة مربوطة بأسلاك 4 مم2 كحد أدنى وتشمل الأجهزة و والأسلاك والمواسير والعلب ودعامات التثبيت ، من اللوحات الى نقاط المقابس وحسب المواصفات. على المقاول المعاينة و فحص الشبكة الحالية و الاستفادة من التمديدات الحالية و دمجها مع التركيبات الجديدة بعد عمل الاختبارات اللازمة و بعد الموافقة من مهندس المشرف .مقبس أحادي، مركب على الجدار، من النوع المؤرض، 15 أمبير، 230 فولت، طور واحد، قطبين، 3 أسلاك.,عدد,216.0,282.0,137.0,14.0,151.0,3024.0,53.54609929078015,بنود المطالبات,737,CMH_01_SMART.xlsx,sheet بنود المطالبات,high,prev_progress in workbook is informational; platform will recompute server-side from approved claims (Migration 048).
CMH_01-C01,14,249,توريد وتركيب مقابس طاقة مربوطة بأسلاك 4 مم2 كحد أدنى وتشمل الأجهزة و والأسلاك والمواسير والعلب ودعامات التثبيت ، من اللوحات الى نقاط المقابس وحسب المواصفات. على المقاول المعاينة و فحص الشبكة الحالية و الاستفادة من التمديدات الحالية و دمجها مع التركيبات الجديدة بعد عمل الاختبارات اللازمة و بعد الموافقة من مهندس المشرف . مقبس ثنائي سقفى، من النوع المؤرض، 15 أمبير، 230 فولت، طور واحد، قطبين، 3 أسلاك.,عدد,216.0,126.0,65.0,11.0,76.0,2376.0,60.317460317460316,بنود المطالبات,738,CMH_01_SMART.xlsx,sheet بنود المطالبات,high,prev_progress in workbook is informational; platform will recompute server-side from approved claims (Migration 048).
CMH_01-C01,14,253, توريد وتركيب واختبار وفحص نقاط قوى للمقابس الكهربائية المتعددة الاستخدام بأسلاك نحاسية معزولة وذات مقطع لا يقل عن 6 مم2  في مواسير ويشتمل على المقبس و الاسلاك و PVC بمادة البلاستيك العلب وأعمال التثبيت والدعائم وكل الملحقات من لوحة التوزيع حتى المخارج وفقا للمخططات.والمواصفات الفنية  على المقاول المعاينة و فحص الشبكة الحالية و الاستفادة من التمديدات الحالية و دمجها مع التركيبات. الجديدة بعد عمل الاختبارات اللازمة و بعد الموافقة من مهندس المشرفمخرج  ومؤرض 30 أمبير ، 230 فولت 3 أسلاك ، 1 فاز لمجفف الأيدي,عدد,264.0,72.0,29.0,7.0,36.0,1848.0,50,بنود المطالبات,739,CMH_01_SMART.xlsx,sheet بنود المطالبات,high,prev_progress in workbook is informational; platform will recompute server-side from approved claims (Migration 048).
CMH_01-C01,14,254,توريد وتركيب وإختبار وفحص علبة خدمة من نوعية ممتازة تحتوى على  ) أ ( مقابس تغذية أرضية مزدوجة ذات أسلاك 4 مم2 كحد أدنى مركبة على الأرض وتشمل أسلاك التأريض من اللوحة حتى المقابس + )ب( مآخذ للهاتف والبيانات ذات كابلات CAT 6A UTP وحتى كابينة الداتا  وحسب مواصفات إدارة الـ IT  بالوزارة. على المقاول المعاينة و فحص الشبكة الحالية و الاستفادة من التمديدات الحالية و دمجها مع التركيبات الجديدة بعد عمل الاختبارات اللازمة و بعد الموافقة من مهندس المشرف . النوع  )A(  )تحتوى على  4 قوى & 4 داتا (,عدد,2160.0,286.0,276.0,43.0,319.0,92880.0,111.53846153846155,بنود المطالبات,740,CMH_01_SMART.xlsx,sheet بنود المطالبات,high,prev_progress in workbook is informational; platform will recompute server-side from approved claims (Migration 048).
CMH_01-C01,14,255,توريد وتركيب وإختبار وفحص علبة خدمة من نوعية ممتازة تحتوى على  ) أ ( مقابس تغذية أرضية مزدوجة ذات أسلاك 4 مم2 كحد أدنى مركبة على الأرض وتشمل أسلاك التأريض من اللوحة حتى المقابس + )ب( مآخذ للهاتف والبيانات ذات كابلات CAT 6A UTP وحتى كابينة الداتا  وحسب مواصفات إدارة الـ IT  بالوزارة. على المقاول المعاينة و فحص الشبكة الحالية و الاستفادة من التمديدات الحالية و دمجها مع التركيبات الجديدة بعد عمل الاختبارات اللازمة و بعد الموافقة من مهندس المشرف . النوع )B(   )تحتوى على 2 قوى & 2 داتا (,عدد,1800.0,20.0,236.0,43.0,279.0,77400.0,1395,بنود المطالبات,741,CMH_01_SMART.xlsx,sheet بنود المطالبات,high,prev_progress in workbook is informational; platform will recompute server-side from approved claims (Migration 048).
CMH_01-C01,14,262,توريد وتركيب وتوصيل وإختبار وفحص اجهزة الإنارة ويشمل اللمبات وأقواس التركيب وحبال التعليق وقطع الأكسسوار و ايضا نقاط الانارة متضمنة مواسير/أقنية قاسية عالية التحمل PVC  أوEMT وعلب ذات أسلاك لاتقل عن 0.4 مم2 لنقطة الإنارة وتوصيل أطراف أسلاك التأريض،وكل الأعمال المساعدة كما هو محدد وموضح في المخططات. على المقاول المعاينة و فحص الشبكة الحالية و الاستفادة من التمديدات الحالية و دمجها  علما بان البند يشمل جميع الوصلات و الاسلاك و الكابلات اللازمة لنهو العمل  بعد عمل الاختبارات اللازمة و بعد الموافقة من مهندس المشرف . Type A1,عدد,348.0,530.0,156.0,59.0,215.0,20532.0,40.56603773584906,بنود المطالبات,742,CMH_01_SMART.xlsx,sheet بنود المطالبات,high,prev_progress in workbook is informational; platform will recompute server-side from approved claims (Migration 048).
CMH_01-C01,14,263,توريد وتركيب وتوصيل وإختبار وفحص اجهزة الإنارة ويشمل اللمبات وأقواس التركيب وحبال التعليق وقطع الأكسسوار و ايضا نقاط الانارة متضمنة مواسير/أقنية قاسية عالية التحمل PVC  أوEMT وعلب ذات أسلاك لاتقل عن 0.4 مم2 لنقطة الإنارة وتوصيل أطراف أسلاك التأريض،وكل الأعمال المساعدة كما هو محدد وموضح في المخططات. على المقاول المعاينة و فحص الشبكة الحالية و الاستفادة من التمديدات الحالية و دمجها  علما بان البند يشمل جميع الوصلات و الاسلاك و الكابلات اللازمة لنهو العمل  بعد عمل الاختبارات اللازمة و بعد الموافقة من مهندس المشرف . Type A1E,عدد,660.0,241.0,104.0,28.0,132.0,18480.0,54.77178423236515,بنود المطالبات,743,CMH_01_SMART.xlsx,sheet بنود المطالبات,high,prev_progress in workbook is informational; platform will recompute server-side from approved claims (Migration 048).
CMH_01-C01,14,264,توريد وتركيب وتوصيل وإختبار وفحص اجهزة الإنارة ويشمل اللمبات وأقواس التركيب وحبال التعليق وقطع الأكسسوار و ايضا نقاط الانارة متضمنة مواسير/أقنية قاسية عالية التحمل PVC  أوEMT وعلب ذات أسلاك لاتقل عن 0.4 مم2 لنقطة الإنارة وتوصيل أطراف أسلاك التأريض،وكل الأعمال المساعدة كما هو محدد وموضح في المخططات. على المقاول المعاينة و فحص الشبكة الحالية و الاستفادة من التمديدات الحالية و دمجها  علما بان البند يشمل جميع الوصلات و الاسلاك و الكابلات اللازمة لنهو العمل  بعد عمل الاختبارات اللازمة و بعد الموافقة من مهندس المشرف . Type A2,عدد,1044.0,1113.0,575.0,128.0,703.0,133632.0,63.162623539982036,بنود المطالبات,744,CMH_01_SMART.xlsx,sheet بنود المطالبات,high,prev_progress in workbook is informational; platform will recompute server-side from approved claims (Migration 048).
CMH_01-C01,14,265,توريد وتركيب وتوصيل وإختبار وفحص اجهزة الإنارة ويشمل اللمبات وأقواس التركيب وحبال التعليق وقطع الأكسسوار و ايضا نقاط الانارة متضمنة مواسير/أقنية قاسية عالية التحمل PVC  أوEMT وعلب ذات أسلاك لاتقل عن 0.4 مم2 لنقطة الإنارة وتوصيل أطراف أسلاك التأريض،وكل الأعمال المساعدة كما هو محدد وموضح في المخططات. على المقاول المعاينة و فحص الشبكة الحالية و الاستفادة من التمديدات الحالية و دمجها  علما بان البند يشمل جميع الوصلات و الاسلاك و الكابلات اللازمة لنهو العمل  بعد عمل الاختبارات اللازمة و بعد الموافقة من مهندس المشرف . Type A3,عدد,1044.0,8.0,0.0,2.0,2.0,2088.0,25,بنود المطالبات,745,CMH_01_SMART.xlsx,sheet بنود المطالبات,high,prev_progress in workbook is informational; platform will recompute server-side from approved claims (Migration 048).
CMH_01-C01,14,267,توريد وتركيب وتوصيل وإختبار وفحص اجهزة الإنارة ويشمل اللمبات وأقواس التركيب وحبال التعليق وقطع الأكسسوار و ايضا نقاط الانارة متضمنة مواسير/أقنية قاسية عالية التحمل PVC  أوEMT وعلب ذات أسلاك لاتقل عن 0.4 مم2 لنقطة الإنارة وتوصيل أطراف أسلاك التأريض،وكل الأعمال المساعدة كما هو محدد وموضح في المخططات. على المقاول المعاينة و فحص الشبكة الحالية و الاستفادة من التمديدات الحالية و دمجها  علما بان البند يشمل جميع الوصلات و الاسلاك و الكابلات اللازمة لنهو العمل  بعد عمل الاختبارات اللازمة و بعد الموافقة من مهندس المشرف . Type A5,عدد,1044.0,4.0,0.0,1.0,1.0,1044.0,25,بنود المطالبات,746,CMH_01_SMART.xlsx,sheet بنود المطالبات,high,prev_progress in workbook is informational; platform will recompute server-side from approved claims (Migration 048).
CMH_01-C01,14,268,توريد وتركيب وتوصيل وإختبار وفحص اجهزة الإنارة ويشمل اللمبات وأقواس التركيب وحبال التعليق وقطع الأكسسوار و ايضا نقاط الانارة متضمنة مواسير/أقنية قاسية عالية التحمل PVC  أوEMT وعلب ذات أسلاك لاتقل عن 0.4 مم2 لنقطة الإنارة وتوصيل أطراف أسلاك التأريض،وكل الأعمال المساعدة كما هو محدد وموضح في المخططات. على المقاول المعاينة و فحص الشبكة الحالية و الاستفادة من التمديدات الحالية و دمجها  علما بان البند يشمل جميع الوصلات و الاسلاك و الكابلات اللازمة لنهو العمل  بعد عمل الاختبارات اللازمة و بعد الموافقة من مهندس المشرف .Type A6,عدد,1044.0,1.0,0.0,1.0,1.0,1044.0,100,بنود المطالبات,747,CMH_01_SMART.xlsx,sheet بنود المطالبات,high,prev_progress in workbook is informational; platform will recompute server-side from approved claims (Migration 048).
CMH_01-C01,14,269,توريد وتركيب وتوصيل وإختبار وفحص اجهزة الإنارة ويشمل اللمبات وأقواس التركيب وحبال التعليق وقطع الأكسسوار و ايضا نقاط الانارة متضمنة مواسير/أقنية قاسية عالية التحمل PVC  أوEMT وعلب ذات أسلاك لاتقل عن 0.4 مم2 لنقطة الإنارة وتوصيل أطراف أسلاك التأريض،وكل الأعمال المساعدة كما هو محدد وموضح في المخططات. على المقاول المعاينة و فحص الشبكة الحالية و الاستفادة من التمديدات الحالية و دمجها  علما بان البند يشمل جميع الوصلات و الاسلاك و الكابلات اللازمة لنهو العمل  بعد عمل الاختبارات اللازمة و بعد الموافقة من مهندس المشرف . Type A7,عدد,1044.0,2.0,0.0,2.0,2.0,2088.0,100,بنود المطالبات,748,CMH_01_SMART.xlsx,sheet بنود المطالبات,high,prev_progress in workbook is informational; platform will recompute server-side from approved claims (Migration 048).
CMH_01-C01,14,270,توريد وتركيب وتوصيل وإختبار وفحص اجهزة الإنارة ويشمل اللمبات وأقواس التركيب وحبال التعليق وقطع الأكسسوار و ايضا نقاط الانارة متضمنة مواسير/أقنية قاسية عالية التحمل PVC  أوEMT وعلب ذات أسلاك لاتقل عن 0.4 مم2 لنقطة الإنارة وتوصيل أطراف أسلاك التأريض،وكل الأعمال المساعدة كما هو محدد وموضح في المخططات. على المقاول المعاينة و فحص الشبكة الحالية و الاستفادة من التمديدات الحالية و دمجها  علما بان البند يشمل جميع الوصلات و الاسلاك و الكابلات اللازمة لنهو العمل  بعد عمل الاختبارات اللازمة و بعد الموافقة من مهندس المشرف .Type A8,عدد,1044.0,12.0,0.0,3.0,3.0,3132.0,25,بنود المطالبات,749,CMH_01_SMART.xlsx,sheet بنود المطالبات,high,prev_progress in workbook is informational; platform will recompute server-side from approved claims (Migration 048).
CMH_01-C01,14,271,توريد وتركيب وتوصيل وإختبار وفحص اجهزة الإنارة ويشمل اللمبات وأقواس التركيب وحبال التعليق وقطع الأكسسوار و ايضا نقاط الانارة متضمنة مواسير/أقنية قاسية عالية التحمل PVC  أوEMT وعلب ذات أسلاك لاتقل عن 0.4 مم2 لنقطة الإنارة وتوصيل أطراف أسلاك التأريض،وكل الأعمال المساعدة كما هو محدد وموضح في المخططات. على المقاول المعاينة و فحص الشبكة الحالية و الاستفادة من التمديدات الحالية و دمجها  علما بان البند يشمل جميع الوصلات و الاسلاك و الكابلات اللازمة لنهو العمل  بعد عمل الاختبارات اللازمة و بعد الموافقة من مهندس المشرف .,عدد,1044.0,4.0,0.0,1.0,1.0,1044.0,25,بنود المطالبات,750,CMH_01_SMART.xlsx,sheet بنود المطالبات,high,prev_progress in workbook is informational; platform will recompute server-side from approved claims (Migration 048).
CMH_01-C01,14,272,توريد وتركيب وتوصيل وإختبار وفحص اجهزة الإنارة ويشمل اللمبات وأقواس التركيب وحبال التعليق وقطع الأكسسوار و ايضا نقاط الانارة متضمنة مواسير/أقنية قاسية عالية التحمل PVC  أوEMT وعلب ذات أسلاك لاتقل عن 0.4 مم2 لنقطة الإنارة وتوصيل أطراف أسلاك التأريض،وكل الأعمال المساعدة كما هو محدد وموضح في المخططات. على المقاول المعاينة و فحص الشبكة الحالية و الاستفادة من التمديدات الحالية و دمجها  علما بان البند يشمل جميع الوصلات و الاسلاك و الكابلات اللازمة لنهو العمل  بعد عمل الاختبارات اللازمة و بعد الموافقة من مهندس المشرف .Type B1,عدد,720.0,343.0,42.0,13.0,55.0,9360.0,16.034985422740526,بنود المطالبات,751,CMH_01_SMART.xlsx,sheet بنود المطالبات,high,prev_progress in workbook is informational; platform will recompute server-side from approved claims (Migration 048).
CMH_01-C01,14,273,توريد وتركيب وتوصيل وإختبار وفحص اجهزة الإنارة ويشمل اللمبات وأقواس التركيب وحبال التعليق وقطع الأكسسوار و ايضا نقاط الانارة متضمنة مواسير/أقنية قاسية عالية التحمل PVC  أوEMT وعلب ذات أسلاك لاتقل عن 0.4 مم2 لنقطة الإنارة وتوصيل أطراف أسلاك التأريض،وكل الأعمال المساعدة كما هو محدد وموضح في المخططات. على المقاول المعاينة و فحص الشبكة الحالية و الاستفادة من التمديدات الحالية و دمجها  علما بان البند يشمل جميع الوصلات و الاسلاك و الكابلات اللازمة لنهو العمل  بعد عمل الاختبارات اللازمة و بعد الموافقة من مهندس المشرف .Type B2,عدد,780.0,54.0,0.0,2.0,2.0,1560.0,3.7037037037037033,بنود المطالبات,752,CMH_01_SMART.xlsx,sheet بنود المطالبات,high,prev_progress in workbook is informational; platform will recompute server-side from approved claims (Migration 048).
CMH_01-C01,14,274,توريد وتركيب وتوصيل وإختبار وفحص اجهزة الإنارة ويشمل اللمبات وأقواس التركيب وحبال التعليق وقطع الأكسسوار و ايضا نقاط الانارة متضمنة مواسير/أقنية قاسية عالية التحمل PVC  أوEMT وعلب ذات أسلاك لاتقل عن 0.4 مم2 لنقطة الإنارة وتوصيل أطراف أسلاك التأريض،وكل الأعمال المساعدة كما هو محدد وموضح في المخططات.على المقاول المعاينة و فحص الشبكة الحالية و الاستفادة من التمديدات الحالية و دمجها  علما بان البند يشمل جميع الوصلات و الاسلاك و الكابلات اللازمة لنهو العمل  بعد عمل الاختبارات اللازمة و بعد الموافقة من مهندس المشرف .Type C1,عدد,1128.0,172.0,52.0,17.0,69.0,19176.0,40.116279069767444,بنود المطالبات,753,CMH_01_SMART.xlsx,sheet بنود المطالبات,high,prev_progress in workbook is informational; platform will recompute server-side from approved claims (Migration 048).
CMH_01-C01,14,275,توريد وتركيب وتوصيل وإختبار وفحص اجهزة الإنارة ويشمل اللمبات وأقواس التركيب وحبال التعليق وقطع الأكسسوار و ايضا نقاط الانارة متضمنة مواسير/أقنية قاسية عالية التحمل PVC  أوEMT وعلب ذات أسلاك لاتقل عن 0.4 مم2 لنقطة الإنارة وتوصيل أطراف أسلاك التأريض،وكل الأعمال المساعدة كما هو محدد وموضح في المخططات. على المقاول المعاينة و فحص الشبكة الحالية و الاستفادة من التمديدات الحالية و دمجها  علما بان البند يشمل جميع الوصلات و الاسلاك و الكابلات اللازمة لنهو العمل  بعد عمل الاختبارات اللازمة و بعد الموافقة من مهندس المشرف .Type C2,عدد,420.0,1422.0,624.0,151.0,775.0,63420.0,54.500703234880454,بنود المطالبات,754,CMH_01_SMART.xlsx,sheet بنود المطالبات,high,prev_progress in workbook is informational; platform will recompute server-side from approved claims (Migration 048).
CMH_01-C01,14,276,توريد وتركيب وتوصيل وإختبار وفحص اجهزة الإنارة ويشمل اللمبات وأقواس التركيب وحبال التعليق وقطع الأكسسوار و ايضا نقاط الانارة متضمنة مواسير/أقنية قاسية عالية التحمل PVC  أوEMT وعلب ذات أسلاك لاتقل عن 0.4 مم2 لنقطة الإنارة وتوصيل أطراف أسلاك التأريض،وكل الأعمال المساعدة كما هو محدد وموضح في المخططات. على المقاول المعاينة و فحص الشبكة الحالية و الاستفادة من التمديدات الحالية و دمجها  علما بان البند يشمل جميع الوصلات و الاسلاك و الكابلات اللازمة لنهو العمل  بعد عمل الاختبارات اللازمة و بعد الموافقة من مهندس المشرف .Type C3,عدد,444.0,1062.0,408.0,305.0,713.0,135420.0,67.13747645951035,بنود المطالبات,755,CMH_01_SMART.xlsx,sheet بنود المطالبات,high,prev_progress in workbook is informational; platform will recompute server-side from approved claims (Migration 048).
CMH_01-C01,14,277,توريد وتركيب وتوصيل وإختبار وفحص اجهزة الإنارة ويشمل اللمبات وأقواس التركيب وحبال التعليق وقطع الأكسسوار و ايضا نقاط الانارة متضمنة مواسير/أقنية قاسية عالية التحمل PVC  أوEMT وعلب ذات أسلاك لاتقل عن 0.4 مم2 لنقطة الإنارة وتوصيل أطراف أسلاك التأريض،وكل الأعمال المساعدة كما هو محدد وموضح في المخططات. على المقاول المعاينة و فحص الشبكة الحالية و الاستفادة من التمديدات الحالية و دمجها  علما بان البند يشمل جميع الوصلات و الاسلاك و الكابلات اللازمة لنهو العمل  بعد عمل الاختبارات اللازمة و بعد الموافقة من مهندس المشرف .Type C4,عدد,300.0,284.0,124.0,40.0,164.0,12000.0,57.74647887323944,بنود المطالبات,756,CMH_01_SMART.xlsx,sheet بنود المطالبات,high,prev_progress in workbook is informational; platform will recompute server-side from approved claims (Migration 048).
CMH_01-C01,14,278,توريد وتركيب وتوصيل وإختبار وفحص اجهزة الإنارة ويشمل اللمبات وأقواس التركيب وحبال التعليق وقطع الأكسسوار و ايضا نقاط الانارة متضمنة مواسير/أقنية قاسية عالية التحمل PVC  أوEMT وعلب ذات أسلاك لاتقل عن 0.4 مم2 لنقطة الإنارة وتوصيل أطراف أسلاك التأريض،وكل الأعمال المساعدة كما هو محدد وموضح في المخططات. على المقاول المعاينة و فحص الشبكة الحالية و الاستفادة من التمديدات الحالية و دمجها  علما بان البند يشمل جميع الوصلات و الاسلاك و الكابلات اللازمة لنهو العمل  بعد عمل الاختبارات اللازمة و بعد الموافقة من مهندس المشرف .Type C5,عدد,438.0,149.0,78.0,14.0,92.0,6132.0,61.74496644295302,بنود المطالبات,757,CMH_01_SMART.xlsx,sheet بنود المطالبات,high,prev_progress in workbook is informational; platform will recompute server-side from approved claims (Migration 048).
CMH_01-C01,14,279,توريد وتركيب وتوصيل وإختبار وفحص اجهزة الإنارة ويشمل اللمبات وأقواس التركيب وحبال التعليق وقطع الأكسسوار و ايضا نقاط الانارة متضمنة مواسير/أقنية قاسية عالية التحمل PVC  أوEMT وعلب ذات أسلاك لاتقل عن 0.4 مم2 لنقطة الإنارة وتوصيل أطراف أسلاك التأريض،وكل الأعمال المساعدة كما هو محدد وموضح في المخططات.على المقاول المعاينة و فحص الشبكة الحالية و الاستفادة من التمديدات الحالية و دمجها  علما بان البند يشمل جميع الوصلات و الاسلاك و الكابلات اللازمة لنهو العمل  بعد عمل الاختبارات اللازمة و بعد الموافقة من مهندس المشرف .Type C6,عدد,288.0,158.0,96.0,19.0,115.0,5472.0,72.78481012658227,بنود المطالبات,758,CMH_01_SMART.xlsx,sheet بنود المطالبات,high,prev_progress in workbook is informational; platform will recompute server-side from approved claims (Migration 048).
CMH_01-C01,14,280,توريد وتركيب وتوصيل وإختبار وفحص اجهزة الإنارة ويشمل اللمبات وأقواس التركيب وحبال التعليق وقطع الأكسسوار و ايضا نقاط الانارة متضمنة مواسير/أقنية قاسية عالية التحمل PVC  أوEMT وعلب ذات أسلاك لاتقل عن 0.4 مم2 لنقطة الإنارة وتوصيل أطراف أسلاك التأريض،وكل الأعمال المساعدة كما هو محدد وموضح في المخططات. على المقاول المعاينة و فحص الشبكة الحالية و الاستفادة من التمديدات الحالية و دمجها  علما بان البند يشمل جميع الوصلات و الاسلاك و الكابلات اللازمة لنهو العمل  بعد عمل الاختبارات اللازمة و بعد الموافقة من مهندس المشرف .Type C7,عدد,336.0,27.0,0.0,7.0,7.0,2352.0,25.925925925925924,بنود المطالبات,759,CMH_01_SMART.xlsx,sheet بنود المطالبات,high,prev_progress in workbook is informational; platform will recompute server-side from approved claims (Migration 048).
CMH_01-C01,14,281,توريد وتركيب وتوصيل وإختبار وفحص اجهزة الإنارة ويشمل اللمبات وأقواس التركيب وحبال التعليق وقطع الأكسسوار و ايضا نقاط الانارة متضمنة مواسير/أقنية قاسية عالية التحمل PVC  أوEMT وعلب ذات أسلاك لاتقل عن 0.4 مم2 لنقطة الإنارة وتوصيل أطراف أسلاك التأريض،وكل الأعمال المساعدة كما هو محدد وموضح في المخططات. على المقاول المعاينة و فحص الشبكة الحالية و الاستفادة من التمديدات الحالية و دمجها  علما بان البند يشمل جميع الوصلات و الاسلاك و الكابلات اللازمة لنهو العمل  بعد عمل الاختبارات اللازمة و بعد الموافقة من مهندس المشرف . Type D1,عدد,936.0,56.0,27.0,7.0,34.0,6552.0,60.71428571428571,بنود المطالبات,760,CMH_01_SMART.xlsx,sheet بنود المطالبات,high,prev_progress in workbook is informational; platform will recompute server-side from approved claims (Migration 048).
CMH_01-C01,14,282,توريد وتركيب وتوصيل وإختبار وفحص اجهزة الإنارة ويشمل اللمبات وأقواس التركيب وحبال التعليق وقطع الأكسسوار و ايضا نقاط الانارة متضمنة مواسير/أقنية قاسية عالية التحمل PVC  أوEMT وعلب ذات أسلاك لاتقل عن 0.4 مم2 لنقطة الإنارة وتوصيل أطراف أسلاك التأريض،وكل الأعمال المساعدة كما هو محدد وموضح في المخططات. على المقاول المعاينة و فحص الشبكة الحالية و الاستفادة من التمديدات الحالية و دمجها  علما بان البند يشمل جميع الوصلات و الاسلاك و الكابلات اللازمة لنهو العمل  بعد عمل الاختبارات اللازمة و بعد الموافقة من مهندس المشرف . Type D2,عدد,936.0,20.0,0.0,5.0,5.0,4680.0,25,بنود المطالبات,761,CMH_01_SMART.xlsx,sheet بنود المطالبات,high,prev_progress in workbook is informational; platform will recompute server-side from approved claims (Migration 048).
CMH_01-C01,14,283,توريد وتركيب وتوصيل وإختبار وفحص اجهزة الإنارة ويشمل اللمبات وأقواس التركيب وحبال التعليق وقطع الأكسسوار و ايضا نقاط الانارة متضمنة مواسير/أقنية قاسية عالية التحمل PVC  أوEMT وعلب ذات أسلاك لاتقل عن 0.4 مم2 لنقطة الإنارة وتوصيل أطراف أسلاك التأريض،وكل الأعمال المساعدة كما هو محدد وموضح في المخططات. على المقاول المعاينة و فحص الشبكة الحالية و الاستفادة من التمديدات الحالية و دمجها  علما بان البند يشمل جميع الوصلات و الاسلاك و الكابلات اللازمة لنهو العمل  بعد عمل الاختبارات اللازمة و بعد الموافقة من مهندس المشرف .Type D3,عدد,288.0,179.0,84.0,52.0,136.0,14976.0,75.97765363128491,بنود المطالبات,762,CMH_01_SMART.xlsx,sheet بنود المطالبات,high,prev_progress in workbook is informational; platform will recompute server-side from approved claims (Migration 048).
CMH_01-C01,14,284,توريد وتركيب وتوصيل وإختبار وفحص اجهزة الإنارة ويشمل اللمبات وأقواس التركيب وحبال التعليق وقطع الأكسسوار و ايضا نقاط الانارة متضمنة مواسير/أقنية قاسية عالية التحمل PVC  أوEMT وعلب ذات أسلاك لاتقل عن 0.4 مم2 لنقطة الإنارة وتوصيل أطراف أسلاك التأريض،وكل الأعمال المساعدة كما هو محدد وموضح في المخططات. على المقاول المعاينة و فحص الشبكة الحالية و الاستفادة من التمديدات الحالية و دمجها  علما بان البند يشمل جميع الوصلات و الاسلاك و الكابلات اللازمة لنهو العمل  بعد عمل الاختبارات اللازمة و بعد الموافقة من مهندس المشرف .Type D4,عدد,5400.0,6.0,0.0,2.0,2.0,10800.0,33.33333333333333,بنود المطالبات,763,CMH_01_SMART.xlsx,sheet بنود المطالبات,high,prev_progress in workbook is informational; platform will recompute server-side from approved claims (Migration 048).
CMH_01-C01,14,285,توريد وتركيب وتوصيل وإختبار وفحص اجهزة الإنارة ويشمل اللمبات وأقواس التركيب وحبال التعليق وقطع الأكسسوار و ايضا نقاط الانارة متضمنة مواسير/أقنية قاسية عالية التحمل PVC  أوEMT وعلب ذات أسلاك لاتقل عن 0.4 مم2 لنقطة الإنارة وتوصيل أطراف أسلاك التأريض،وكل الأعمال المساعدة كما هو محدد وموضح في المخططات على المقاول المعاينة و فحص الشبكة الحالية و الاستفادة من التمديدات الحالية و دمجها  علما بان البند يشمل جميع الوصلات و الاسلاك و الكابلات اللازمة لنهو العمل  بعد عمل الاختبارات اللازمة و بعد الموافقة من مهندس المشرف . Type E1,عدد,540.0,12.0,0.0,3.0,3.0,1620.0,25,بنود المطالبات,764,CMH_01_SMART.xlsx,sheet بنود المطالبات,high,prev_progress in workbook is informational; platform will recompute server-side from approved claims (Migration 048).
CMH_01-C01,14,286,توريد وتركيب وتوصيل وإختبار وفحص اجهزة الإنارة ويشمل اللمبات وأقواس التركيب وحبال التعليق وقطع الأكسسوار و ايضا نقاط الانارة متضمنة مواسير/أقنية قاسية عالية التحمل PVC  أوEMT وعلب ذات أسلاك لاتقل عن 0.4 مم2 لنقطة الإنارة وتوصيل أطراف أسلاك التأريض،وكل الأعمال المساعدة كما هو محدد وموضح في المخططات. على المقاول المعاينة و فحص الشبكة الحالية و الاستفادة من التمديدات الحالية و دمجها  علما بان البند يشمل جميع الوصلات و الاسلاك و الكابلات اللازمة لنهو العمل  بعد عمل الاختبارات اللازمة و بعد الموافقة من مهندس المشرف . Type E2,عدد,504.0,186.0,137.0,26.0,163.0,13104.0,87.63440860215054,بنود المطالبات,765,CMH_01_SMART.xlsx,sheet بنود المطالبات,high,prev_progress in workbook is informational; platform will recompute server-side from approved claims (Migration 048).
CMH_01-C01,14,287,توريد وتركيب وتوصيل وإختبار وفحص اجهزة الإنارة ويشمل اللمبات وأقواس التركيب وحبال التعليق وقطع الأكسسوار و ايضا نقاط الانارة متضمنة مواسير/أقنية قاسية عالية التحمل PVC  أوEMT وعلب ذات أسلاك لاتقل عن 0.4 مم2 لنقطة الإنارة وتوصيل أطراف أسلاك التأريض،وكل الأعمال المساعدة كما هو محدد وموضح في المخططات. على المقاول المعاينة و فحص الشبكة الحالية و الاستفادة من التمديدات الحالية و دمجها  علما بان البند يشمل جميع الوصلات و الاسلاك و الكابلات اللازمة لنهو العمل  بعد عمل الاختبارات اللازمة و بعد الموافقة من مهندس المشرف .Type E3,عدد,744.0,260.0,0.0,65.0,65.0,48360.0,25,بنود المطالبات,766,CMH_01_SMART.xlsx,sheet بنود المطالبات,high,prev_progress in workbook is informational; platform will recompute server-side from approved claims (Migration 048).
CMH_01-C01,14,288,توريد وتركيب وتوصيل وإختبار وفحص اجهزة الإنارة ويشمل اللمبات وأقواس التركيب وحبال التعليق وقطع الأكسسوار و ايضا نقاط الانارة متضمنة مواسير/أقنية قاسية عالية التحمل PVC  أوEMT وعلب ذات أسلاك لاتقل عن 0.4 مم2 لنقطة الإنارة وتوصيل أطراف أسلاك التأريض،وكل الأعمال المساعدة كما هو محدد وموضح في المخططات. على المقاول المعاينة و فحص الشبكة الحالية و الاستفادة من التمديدات الحالية و دمجها  علما بان البند يشمل جميع الوصلات و الاسلاك و الكابلات اللازمة لنهو العمل  بعد عمل الاختبارات اللازمة و بعد الموافقة من مهندس المشرف .Type LB1,م.ط,170.4,5772.0,2500.0,1162.0,3662.0,198004.80000000002,63.444213444213446,بنود المطالبات,767,CMH_01_SMART.xlsx,sheet بنود المطالبات,high,prev_progress in workbook is informational; platform will recompute server-side from approved claims (Migration 048).
CMH_01-C01,14,289,توريد وتركيب وتوصيل وإختبار وفحص اجهزة الإنارة ويشمل اللمبات وأقواس التركيب وحبال التعليق وقطع الأكسسوار و ايضا نقاط الانارة متضمنة مواسير/أقنية قاسية عالية التحمل PVC  أوEMT وعلب ذات أسلاك لاتقل عن 0.4 مم2 لنقطة الإنارة وتوصيل أطراف أسلاك التأريض،وكل الأعمال المساعدة كما هو محدد وموضح في المخططات. على المقاول المعاينة و فحص الشبكة الحالية و الاستفادة من التمديدات الحالية و دمجها  علما بان البند يشمل جميع الوصلات و الاسلاك و الكابلات اللازمة لنهو العمل  بعد عمل الاختبارات اللازمة و بعد الموافقة من مهندس المشرف . Type LB2,عدد,13800.0,14.0,4.0,2.0,6.0,27600.0,42.857142857142854,بنود المطالبات,768,CMH_01_SMART.xlsx,sheet بنود المطالبات,high,prev_progress in workbook is informational; platform will recompute server-side from approved claims (Migration 048).
CMH_01-C01,14,290,توريد وتركيب وتوصيل وإختبار وفحص اجهزة الإنارة ويشمل اللمبات وأقواس التركيب وحبال التعليق وقطع الأكسسوار و ايضا نقاط الانارة متضمنة مواسير/أقنية قاسية عالية التحمل PVC  أوEMT وعلب ذات أسلاك لاتقل عن 0.4 مم2 لنقطة الإنارة وتوصيل أطراف أسلاك التأريض،وكل الأعمال المساعدة كما هو محدد وموضح في المخططات. على المقاول المعاينة و فحص الشبكة الحالية و الاستفادة من التمديدات الحالية و دمجها  علما بان البند يشمل جميع الوصلات و الاسلاك و الكابلات اللازمة لنهو العمل  بعد عمل الاختبارات اللازمة و بعد الموافقة من مهندس المشرف . Type LB3,عدد,900.0,237.0,65.0,43.0,108.0,38700.0,45.56962025316456,بنود المطالبات,769,CMH_01_SMART.xlsx,sheet بنود المطالبات,high,prev_progress in workbook is informational; platform will recompute server-side from approved claims (Migration 048).
CMH_01-C01,14,291,توريد وتركيب وتوصيل وإختبار وفحص اجهزة الإنارة ويشمل اللمبات وأقواس التركيب وحبال التعليق وقطع الأكسسوار و ايضا نقاط الانارة متضمنة مواسير/أقنية قاسية عالية التحمل PVC  أوEMT وعلب ذات أسلاك لاتقل عن 0.4 مم2 لنقطة الإنارة وتوصيل أطراف أسلاك التأريض،وكل الأعمال المساعدة كما هو محدد وموضح في المخططات. على المقاول المعاينة و فحص الشبكة الحالية و الاستفادة من التمديدات الحالية و دمجها  علما بان البند يشمل جميع الوصلات و الاسلاك و الكابلات اللازمة لنهو العمل  بعد عمل الاختبارات اللازمة و بعد الموافقة من مهندس المشرف .Type LB4,عدد,1104.0,132.0,52.0,21.0,73.0,23184.0,55.3030303030303,بنود المطالبات,770,CMH_01_SMART.xlsx,sheet بنود المطالبات,high,prev_progress in workbook is informational; platform will recompute server-side from approved claims (Migration 048).
CMH_01-C01,14,292, توريد وتركيب وتوصيل وإختبار وفحص اجهزة الإنارة ويشمل اللمبات وأقواس التركيب وحبال التعليق وعلبEMT أو PVC  وقطع الأكسسوار و ايضا نقاط الانارة متضمنة مواسير/أقنية قاسية عالية التحمل ذات أسلاك لاتقل عن 0.4 مم2 لنقطة الإنارة وتوصيل أطراف أسلاك التأريض،وكل الأعمال المساعدة كما.هو محدد وموضح في المخططات  على المقاول المعاينة و فحص الشبكة الحالية و الاستفادة من التمديدات الحالية و دمجها  علما بان البند يشمل جميع الوصلات و الاسلاك و الكابلات اللازمة لنهو العمل  بعد عمل الاختبارات اللازمة و بعد. الموافقة من مهندس المشرف Type LB5,م.ط,174.0,263.0,223.14,94.86,318.0,16505.64,120.9125475285171,بنود المطالبات,771,CMH_01_SMART.xlsx,sheet بنود المطالبات,high,prev_progress in workbook is informational; platform will recompute server-side from approved claims (Migration 048).
CMH_01-C01,14,293,توريد وتركيب وتوصيل وإختبار وفحص اجهزة الإنارة ويشمل اللمبات وأقواس التركيب وحبال التعليق وقطع الأكسسوار و ايضا نقاط الانارة متضمنة مواسير/أقنية قاسية عالية التحمل PVC  أوEMT وعلب ذات أسلاك لاتقل عن 0.4 مم2 لنقطة الإنارة وتوصيل أطراف أسلاك التأريض،وكل الأعمال المساعدة كما هو محدد وموضح في المخططات. على المقاول المعاينة و فحص الشبكة الحالية و الاستفادة من التمديدات الحالية و دمجها  علما بان البند يشمل جميع الوصلات و الاسلاك و الكابلات اللازمة لنهو العمل  بعد عمل الاختبارات اللازمة و بعد الموافقة من مهندس المشرف .Type LB6,م.ط,174.0,25.0,0.0,27.0,27.0,4698.0,108,بنود المطالبات,772,CMH_01_SMART.xlsx,sheet بنود المطالبات,high,prev_progress in workbook is informational; platform will recompute server-side from approved claims (Migration 048).
CMH_01-C01,14,295,توريد وتركيب وتوصيل وإختبار وفحص اجهزة الإنارة ويشمل اللمبات وأقواس التركيب وحبال التعليق وقطع الأكسسوار و ايضا نقاط الانارة متضمنة مواسير/أقنية قاسية عالية التحمل PVC  أوEMT وعلب ذات أسلاك لاتقل عن 0.4 مم2 لنقطة الإنارة وتوصيل أطراف أسلاك التأريض،وكل الأعمال المساعدة كما هو محدد وموضح في المخططات. على المقاول المعاينة و فحص الشبكة الحالية و الاستفادة من التمديدات الحالية و دمجها  علما بان البند يشمل جميع الوصلات و الاسلاك و الكابلات اللازمة لنهو العمل  بعد عمل الاختبارات اللازمة و بعد الموافقة من مهندس المشرف .Type ES-1,عدد,360.0,430.0,105.0,52.0,157.0,18720.0,36.51162790697675,بنود المطالبات,773,CMH_01_SMART.xlsx,sheet بنود المطالبات,high,prev_progress in workbook is informational; platform will recompute server-side from approved claims (Migration 048).
CMH_01-C01,14,298,توريد وتركيب وتوصيل وإختبار وفحص اجهزة الإنارة ويشمل اللمبات وأقواس التركيب وحبال التعليق وقطع الأكسسوار و ايضا نقاط الانارة متضمنة مواسير/أقنية قاسية عالية التحمل PVC  أوEMT وعلب ذات أسلاك لاتقل عن 0.4 مم2 لنقطة الإنارة وتوصيل أطراف أسلاك التأريض،وكل الأعمال المساعدة كما هو محدد وموضح في المخططات. على المقاول المعاينة و فحص الشبكة الحالية و الاستفادة من التمديدات الحالية و دمجها  علما بان البند يشمل جميع الوصلات و الاسلاك و الكابلات اللازمة لنهو العمل  بعد عمل الاختبارات اللازمة و بعد الموافقة من مهندس المشرف . Type P1,عدد,420.0,75.0,32.0,20.0,52.0,8400.0,69.33333333333334,بنود المطالبات,774,CMH_01_SMART.xlsx,sheet بنود المطالبات,high,prev_progress in workbook is informational; platform will recompute server-side from approved claims (Migration 048).
CMH_01-C01,14,299,توريد وتركيب وتوصيل وإختبار وفحص اجهزة الإنارة ويشمل اللمبات وأقواس التركيب وحبال التعليق وقطع الأكسسوار و ايضا نقاط الانارة متضمنة مواسير/أقنية قاسية عالية التحمل PVC  أوEMT وعلب ذات أسلاك لاتقل عن 0.4 مم2 لنقطة الإنارة وتوصيل أطراف أسلاك التأريض،وكل الأعمال المساعدة كما هو محدد وموضح في المخططات. على المقاول المعاينة و فحص الشبكة الحالية و الاستفادة من التمديدات الحالية و دمجها  علما بان البند يشمل جميع الوصلات و الاسلاك و الكابلات اللازمة لنهو العمل  بعد عمل الاختبارات اللازمة و بعد الموافقة من مهندس المشرف . Type T1,عدد,744.0,1146.0,420.0,149.0,569.0,110856.0,49.65095986038394,بنود المطالبات,775,CMH_01_SMART.xlsx,sheet بنود المطالبات,high,prev_progress in workbook is informational; platform will recompute server-side from approved claims (Migration 048).
CMH_01-C01,14,300,توريد وتركيب وتوصيل وإختبار وفحص اجهزة الإنارة ويشمل اللمبات وأقواس التركيب وحبال التعليق وقطع الأكسسوار و ايضا نقاط الانارة متضمنة مواسير/أقنية قاسية عالية التحمل PVC  أوEMT وعلب ذات أسلاك لاتقل عن 0.4 مم2 لنقطة الإنارة وتوصيل أطراف أسلاك التأريض،وكل الأعمال المساعدة كما هو محدد وموضح في المخططات. على المقاول المعاينة و فحص الشبكة الحالية و الاستفادة من التمديدات الحالية و دمجها  علما بان البند يشمل جميع الوصلات و الاسلاك و الكابلات اللازمة لنهو العمل  بعد عمل الاختبارات اللازمة و بعد الموافقة من مهندس المشرف . Type CH-1,عدد,14400.0,4.0,0.0,1.0,1.0,14400.0,25,بنود المطالبات,776,CMH_01_SMART.xlsx,sheet بنود المطالبات,high,prev_progress in workbook is informational; platform will recompute server-side from approved claims (Migration 048).
CMH_01-C01,14,301,توريد وتركيب وتوصيل وإختبار وفحص اجهزة الإنارة ويشمل اللمبات وأقواس التركيب وحبال التعليق وقطع الأكسسوار و ايضا نقاط الانارة متضمنة مواسير/أقنية قاسية عالية التحمل PVC  أوEMT وعلب ذات أسلاك لاتقل عن 0.4 مم2 لنقطة الإنارة وتوصيل أطراف أسلاك التأريض،وكل الأعمال المساعدة كما هو محدد وموضح في المخططات. على المقاول المعاينة و فحص الشبكة الحالية و الاستفادة من التمديدات الحالية و دمجها  علما بان البند يشمل جميع الوصلات و الاسلاك و الكابلات اللازمة لنهو العمل  بعد عمل الاختبارات اللازمة و بعد الموافقة من مهندس المشرف . Type CH-2,عدد,4200.0,6.0,0.0,2.0,2.0,8400.0,33.33333333333333,بنود المطالبات,777,CMH_01_SMART.xlsx,sheet بنود المطالبات,high,prev_progress in workbook is informational; platform will recompute server-side from approved claims (Migration 048).
CMH_01-C01,14,364,رخام رمادي بيترا غراي للدور السادس ألواح مقاس 1000× 1000 مم بحسب اعتماد المهندس سماكة 30مم,م²,717.0,0.0,0.0,492.0,492.0,352764.0,,بنود المطالبات,778,CMH_01_SMART.xlsx,sheet بنود المطالبات,high,prev_progress in workbook is informational; platform will recompute server-side from approved claims (Migration 048).
CMH_01-C01,16,25,تصنيع وتركيب لوح خشبي بشكل طولي من  الـ )Mdf(  مع قشرة الجوز او ما يتناسب مع العينة المتفق عليها طول 25سم وعرض 10سم وارتفاع 270 سم الى جانب الابواب الزجاجية حسب المناظير والرسومات وتعليمات المهندس المشرف.Code: WDP2-08,عدد,240.0,248.0,123.0,53.0,176.0,12720.0,70.96774193548387,بنود المطالبات,779,CMH_01_SMART.xlsx,sheet بنود المطالبات,high,prev_progress in workbook is informational; platform will recompute server-side from approved claims (Migration 048).
CMH_01-C01,16,26,تصنيع وتركيب كسوة من الخشب للجدران ويكون النمط والحجم كما هو موضح بالرسومات ويشمل السعر أي مواد أو أعمال يتطلبها إنهاء العمل حسب المواصفات والمخططات وتعليمات المهندس المشرف. Ref drawing: 07-MRA-DD-(as per floor number)-AR-600 to 07-MRA-DD-(as  per floor number)-AR-604كسوة من خشب الـ)Mdf(  ، مثبتة على العامود الخرساني بدهان رمادي على شكل وهيئة الأسطح الاسمنتية )matt( بتصميم مع غروف حسب الرسومات والمناظير وتعليمات المهندس المشرف.Code: WDP3-04,م2,528.0,345.0,200.0,86.0,286.0,45408.0,82.89855072463767,بنود المطالبات,780,CMH_01_SMART.xlsx,sheet بنود المطالبات,high,prev_progress in workbook is informational; platform will recompute server-side from approved claims (Migration 048).
CMH_01-C01,16,27,"تصنيع وتركيب كسوة من الخشب للجدران ويكون النمط والحجم كما هو موضح بالرسومات ويشمل السعر أي مواد أو أعمال يتطلبها إنهاء العمل حسب المواصفات والمخططات وتعليمات المهندس المشرف. Ref drawing: 07-MRA-DD-(as per floor number)-AR-600 to 07-MRA-DD-(as per floor number)-AR-604كسوة من خشب الـ)Mdf( ، مثبتة على القواطع الجبسية بدهان رمادي بيج  )matt( ، وبتصميم مع غروف حسب الرسومات والمناظير وتعليمات المهندس المشرف.Code: WPD4-01,WDP4-01.A",م2,528.0,331.0,97.0,214.0,311.0,112992.0,93.95770392749245,بنود المطالبات,781,CMH_01_SMART.xlsx,sheet بنود المطالبات,high,prev_progress in workbook is informational; platform will recompute server-side from approved claims (Migration 048).
CMH_01-C01,16,28,تصنيع وتركيب كسوة من الخشب للجدران ويكون النمط والحجم كما هو موضح بالرسومات ويشمل السعر أي مواد أو أعمال يتطلبها إنهاء العمل حسب المواصفات والمخططات وتعليمات المهندس المشرف. Ref drawing: 07-MRA-DD-(as per floor number)-AR-600 to 07-MRA-DD-(as  per floor number)-AR-604كسوة من خشب الـ)Mdf(، مثبتة على القواطع الجبسية مع قشرة صناعية بحسب العينة الموافق عليها وغروف حسب الرسومات والمناظير وتعليمات المهندس المشرفCode: WDP2,م2,528.0,2517.0,1378.0,966.0,2344.0,510048.0,93.12673818037347,بنود المطالبات,782,CMH_01_SMART.xlsx,sheet بنود المطالبات,high,prev_progress in workbook is informational; platform will recompute server-side from approved claims (Migration 048).
CMH_01-C01,16,29,"تصنيع وتركيب كسوة من الخشب للجدران ويكون النمط والحجم كما هو موضح بالرسومات ويشمل السعر أي مواد أو أعمال يتطلبها إنهاء العمل حسب المواصفات والمخططات وتعليمات المهندس المشرف. Ref drawing: 07-MRA-DD-(as per floor number)-AR-600 to 07-MRA-DD-(as  per floor number)-AR-604كسوة من خشب الـ)Mdf(  ، مثبتة على االقواطع الجبسية بدهان رمادي على شكل وهيئة الأسطح الاسمنتية ) matt( مع تصميم بفتحات حسب الرسومات والمناظير وتعليمات المهندس المشرف.Code: WDP3-01, WDP3-02, WDP3-03",م2,528.0,846.0,521.0,247.0,768.0,130416.0,90.78014184397163,بنود المطالبات,783,CMH_01_SMART.xlsx,sheet بنود المطالبات,high,prev_progress in workbook is informational; platform will recompute server-side from approved claims (Migration 048).
CMH_01-C01,16,30,"تصنيع وتركيب كسوة من الخشب للجدران ويكون النمط والحجم كما هو موضح بالرسومات ويشمل السعر أي مواد أو أعمال يتطلبها إنهاء العمل حسب المواصفات والمخططات وتعليمات المهندس المشرف. Ref drawing: 07-MRA-DD-(as per floor number)-AR-600 to 07-MRA-DD-(as  per floor number)-AR-604كسوة من خشب الـ) Mdf(  ، مع قشرة السنديان المطلي بدهان ابيض  مع غروف وفتحات إضاءة مخفية مغلفة من الداخل بطبقة Acrylic مغشى  حسب الرسومات والمناظير وتعليمات المهندس المشرف.Code: WDP1-03, WDP1-04, WDP1-05, WDP1-06",م2,570.0,456.0,287.0,97.0,384.0,55290.0,84.21052631578947,بنود المطالبات,784,CMH_01_SMART.xlsx,sheet بنود المطالبات,high,prev_progress in workbook is informational; platform will recompute server-side from approved claims (Migration 048).
CMH_01-C01,16,33,تصنيع وتركيب كسوة من الخشب للجدران ويكون النمط والحجم كما هو موضح بالرسومات ويشمل السعر أي مواد أو أعمال يتطلبها إنهاء العمل حسب المواصفات والمخططات وتعليمات المهندس المشرف.Ref drawing: 07-MRA-DD-(as per floor number)-AR-600 to 07-MRA-DD (as per floor number)-AR-604كسوة من خشب الـ) Mdf(  ، مع قشرة  )walnut( لمدخل كبار الشخصيات ومكتب مدير مكتب معالي الوزير     حسب الرسومات والمناظير وتعليمات المهندس المشرف.Code: WDP7,م2,570.0,118.0,22.0,15.0,37.0,8550.0,31.35593220338983,بنود المطالبات,785,CMH_01_SMART.xlsx,sheet بنود المطالبات,high,prev_progress in workbook is informational; platform will recompute server-side from approved claims (Migration 048).
CMH_01-C01,16,38,صنيع وتركيب كسوة من الخشب للاسقف ويكون النمط والحجم كما هو موضح بالرسومات ويشمل السعر أي مواد أو أعمال يتطلبها إنهاء العمل حسب المواصفات والمخططات وتعليمات المهندس المشرف.Ref drawing: 07-MRA-DD-(as per floor number)-AR-200سطح خشبي من من خشب الـ)Mdf(  مع قشرة صناعية بحسب العينة الموافق عليها وغروف مثبتة بنظام تعليق متصلة بالسقف الخرساني حسب الرسومات والمناظير وتعليمات المهندس المشرف.Code: WDC-01 & WDC-02,م2,840.0,684.0,381.0,137.0,518.0,115080.0,75.73099415204678,بنود المطالبات,786,CMH_01_SMART.xlsx,sheet بنود المطالبات,high,prev_progress in workbook is informational; platform will recompute server-side from approved claims (Migration 048).
CMH_01-C01,16,39,تصنيع وتركيب كسوة من الخشب للاسقف ويكون النمط والحجم كما هو موضح بالرسومات ويشمل السعر أي مواد أو أعمال يتطلبها إنهاء العمل حسب المواصفات والمخططات وتعليمات المهندس المشرف.Ref drawing: 07-MRA-DD-(as per floor number)-AR-200سطح خشبي03-WDC من من خشب الـ)Mdf( على شكل مربعات بسماكة تصميم  5سم، وفتحات على شكل مثلث مع اضاءة مخفية مغلفة من الاعلى بطبقة Acrylic شفاف مغشى سماكة 4مم مثبتة بنظام تعليق متصلة بالسقف الخرساني حسب الرسومات والمناظير وتعليمات المهندس المشرف.Code: WDC-03,م2,780.0,64.0,38.0,11.0,49.0,8580.0,76.5625,بنود المطالبات,787,CMH_01_SMART.xlsx,sheet بنود المطالبات,high,prev_progress in workbook is informational; platform will recompute server-side from approved claims (Migration 048).
CMH_01-C01,16,40,تصنيع وتركيب خزائن خشبية ويكون النمط والحجم كما هو موضح بالرسومات ويشمل السعر أي مواد أو أعمال يتطلبها إنهاء العمل حسب المواصفات والمخططات وتعليمات المهندس المشرف.Ref drawing: 07-MRA-DD-(as per floor number)-AR-605خزانة خشبية01-WDC و 02-WDC من خشب الـ ) Mdf ( متداخلة الالوان من قشرة صناعية بحسب  العينة الموافق عليها والدهان الرمادي  على شكل وهيئة الاسطح الاسمنتية مثبتة على القواطع الجبسية مع اضاءة مخفية ومفصلات ومقابض مخفية وتصميم حسب الرسومات والمناظير وتعليمات المهندس المشرف.,م2,1440.0,72.0,21.0,9.0,30.0,12960.0,41.66666666666667,بنود المطالبات,788,CMH_01_SMART.xlsx,sheet بنود المطالبات,high,prev_progress in workbook is informational; platform will recompute server-side from approved claims (Migration 048).
CMH_01-C01,16,41,تصنيع وتركيب خزائن خشبية ويكون النمط والحجم كما هو موضح بالرسومات ويشمل السعر أي مواد أو أعمال يتطلبها إنهاء العمل حسب المواصفات والمخططات وتعليمات المهندس المشرفRef drawing: 07-MRA-DD-(as per floor number)-AR-605خزانة خشبية03-WDC  من خشب الـ ) Mdf (  مع قشرة صناعية بحسب العينة الموافق عليها مثبتة على القواطع الجبسية  مع غروف ومفصلات ومقابض مخفية ،  حسب الرسومات والمناظير,م2,1440.0,78.0,27.0,26.0,53.0,37440.0,67.94871794871796,بنود المطالبات,789,CMH_01_SMART.xlsx,sheet بنود المطالبات,high,prev_progress in workbook is informational; platform will recompute server-side from approved claims (Migration 048).
CMH_01-C01,16,42,تصنيع وتركيب خزائن خشبية ويكون النمط والحجم كما هو موضح بالرسومات ويشمل السعر أي مواد أو أعمال يتطلبها إنهاء العمل حسب المواصفات والمخططات وتعليمات المهندس المشرف.Ref drawing: 07-MRA-DD-(as per floor number)-AR-605خزانة خشبية04-WDC   من خشب الـ ) Mdf (  مطلية بدهان رمادي على شكل وهيئة الاسطح الاسمنتية مع غروف ومفصلات ومقابض مخفية ، وارفف مفتوحة من قشرة الجوز ،واضاءة مخفية ، مثبتة على الجدار الخارجي حسب الرسومات والمناظير  وتعليمات المهندس المشرف.,م2,1200.0,297.0,110.0,63.0,173.0,75600.0,58.24915824915825,بنود المطالبات,790,CMH_01_SMART.xlsx,sheet بنود المطالبات,high,prev_progress in workbook is informational; platform will recompute server-side from approved claims (Migration 048).
CMH_01-C01,16,43,تصنيع وتركيب خزائن خشبية ويكون النمط والحجم كما هو موضح بالرسومات ويشمل السعر أي مواد أو أعمال يتطلبها إنهاء العمل حسب المواصفات والمخططات وتعليمات المهندس المشرف.Ref drawing: 07-MRA-DD-(as per floor number)-AR-605 خزانة خشبية05-WDC  من خشب الـ ) Mdf (  مع قشرة الوينغي الداكنة مع أرفف وإضاءة مخفية، أبواب الخزائن زجاجية   ribbed glass(مع إيطار خشبي وغروف ومفصلات ومقابض مخفية لمنطقة معالي الوزير حسب الرسومات والمناظير وتعليمات المهندس المشرف.,م2,1440.0,69.0,44.0,37.0,81.0,53280.0,117.3913043478261,بنود المطالبات,791,CMH_01_SMART.xlsx,sheet بنود المطالبات,high,prev_progress in workbook is informational; platform will recompute server-side from approved claims (Migration 048).
CMH_01-C01,16,66,توريد وتركيب قواطع زجاجيه داخليه من زجاج  سيكوريت عازل للصوت ثخانة 12مم مركّبة على مقاطع من  الألمنيوم )لون اسود 9005RAL (  مثبتة  بالسقف والأرض بإرتفاع 2700مم .ويشمل العمل الاطار والقوائم  والتثبيت بتيوب حديد ابعاد 4*8 سم وسماكة 2ملم  والملصقات بأماكن محددة حسب التصميم ، وفواصل البوليكاربونيت الجاف بين الألواح الزجاجية وقطع الإكسسوار ومانع التسرب والمواد الأخُرى المطلوبة لاستكمال التركيب حسب المخططات وتعليمات االمهندس المشرف.,م²,900.0,4000.0,2623.0,360.0,2983.0,324000.0,74.575,بنود المطالبات,792,CMH_01_SMART.xlsx,sheet بنود المطالبات,high,prev_progress in workbook is informational; platform will recompute server-side from approved claims (Migration 048).
CMH_01-C01,16,74,توريد وتركيب قاطع جداري ثخانة 100مم ذو الواح جبسية مقاومه للحريق  ثخانة 5.12مم تركب من الجهتين )طبقات مزدوجة( يشمل المسامير المعدنية و المزالج / الأعضاء المعدنية الساندة والسكك والغطاء العازل للصوت )صوف صخري( وكل الإكسسوارات حسب المخطط والمواصفات وتعليمات المهندس المشرف.,م²,180.0,12526.0,8280.0,1861.0,10141.0,334980.0,80.95960402363085,بنود المطالبات,793,CMH_01_SMART.xlsx,sheet بنود المطالبات,high,prev_progress in workbook is informational; platform will recompute server-side from approved claims (Migration 048).
CMH_01-C01,16,75,توريد وتركيب أسقف معلقة من الالواح الجبسيه )01-GBC( ثخانة 12 مم المقاومة للحريق شاملة نظام التعليق وضبط الحواف والزوايا وأبواب لفتحات الكشف بالأسقف لأعمال الصيانة )أبواب جاهزة من النوع السهل الاستعمال والمزود بمفصلات مخفية( والإكسسوارات. ويشمل السعر أي مواد أو أعمال يتطلبها استكمال العمل حسب المواصفات والمخططات.,م²,150.0,24468.0,12362.00007,5951.0,18313.000070000002,892650.0,74.84469539807095,بنود المطالبات,794,CMH_01_SMART.xlsx,sheet بنود المطالبات,high,prev_progress in workbook is informational; platform will recompute server-side from approved claims (Migration 048).
CMH_01-C01,16,76,توريد وتركيب أسقف معلقة من الالواح الجبسيه  )02-GBC( ثخانة 12 مم المقاومة للرطوبة شاملة نظام التعليق وضبط الحواف والزوايا وأبواب لفتحات الكشف بالأسقف لأعمال الصيانة )أبواب جاهزة من النوع السهل الاستعمال والمزود بمفصلات مخفية( واالإكسسوارات. ويشمل السعر أي مواد أو أعمال يتطلبها استكمال العمل حسب المواصفات والمخططات وتعليمات المهندس المشرف.,م²,150.0,1091.0,594.0,236.0,830.0,35400.0,76.07699358386802,بنود المطالبات,795,CMH_01_SMART.xlsx,sheet بنود المطالبات,high,prev_progress in workbook is informational; platform will recompute server-side from approved claims (Migration 048).
CMH_01-C01,16,77,600×600مم توريد وتركيب اسقف اصطناعية  والسعر يشمل نظام التعليق من الحديد المجفلن مع جميع الاكسسوارات وكل مايلزم حسب المواصفات والمخططات وتعليمات الشركة المصنعة .,م²,150.0,3323.0,1652.0,811.0,2463.0,121650.0,74.1197712910021,بنود المطالبات,796,CMH_01_SMART.xlsx,sheet بنود المطالبات,high,prev_progress in workbook is informational; platform will recompute server-side from approved claims (Migration 048).
CMH_01-C01,16,199, يشمل العمل كافة قطع التركيبات مثل الأكواع  والتيهات ، 40. schتوريد و تركيب انابيب فولاذية سوداء والوصلات والقارنات والنقاصات/المخفضات ومنافس الهواء الآلية وتكون الوصلات من نوع  فيكتوليك او ما يماثلها للأقطار 50 مم أو أكبر، و تكون الوصلات قلووظ للأقطار أقل من 50 مم، والبند يشمل  العلاقات والدعامات للمواسير و المحابس  و الصرف ان لزم والدهان  لكامل الشبكة كما يلزم لاتمام العمل. و بناء على توجيهات مهندس المشرف  ومتطلبات الدفاعNFPA  ويشمل البند جميع ما يلزم لاتمام الأعمال طبقا للمواصفات و طبقا لمتطلبات ال المدني من الكشف على الشبكة الحالية وفحصها كما هو موضح على المخططات و على المقاول تقديم:المخططات التنفيذية و اعتمادها قبل بدء بالتنفيذ من المهندس المشرف كما هو موصف للأقطار التالية 25 mm dia.,م.ط,108.0,3900.0,5687.0,780.0,6467.0,84240.0,165.82051282051282,بنود المطالبات,797,CMH_01_SMART.xlsx,sheet بنود المطالبات,high,prev_progress in workbook is informational; platform will recompute server-side from approved claims (Migration 048).
CMH_01-C01,16,200,توريد و تركيب انابيب فولاذية سوداء 40.sch ، يشمل العمل كافة قطع التركيبات مثل الأكواع  والتيهات والوصلات والقارنات والنقاصات/المخفضات ومنافس الهواء الآلية وتكون الوصلات من نوع  فيكتوليك او ما يماثلها للأقطار 50 مم أو أكبر، و تكون الوصلات قلووظ للأقطار أقل من 50 مم، والبند يشمل العلاقات والدعامات للمواسير و المحابس  و الصرف ان لزم والدهان  لكامل الشبكة كما يلزم لاتمام العمل و بناء على توجيهات مهندس المشرف .ويشمل البند جميع ما يلزم لاتمام الأعمال طبقا للمواصفات و طبقا لمتطلبات الNFPA  ومتطلبات الدفاع المدني من الكشف على الشبكة الحالية وفحصها كما هو موضح على المخططات و على المقاول تقديم المخططات التنفيذية و اعتمادها قبل بدء بالتنفيذ من المهندس المشرف كما هو موصف للأقطار التالية:.mm dia 28,م.ط,138.0,323.0,349.0,33.0,382.0,4554.0,118.26625386996905,بنود المطالبات,798,CMH_01_SMART.xlsx,sheet بنود المطالبات,high,prev_progress in workbook is informational; platform will recompute server-side from approved claims (Migration 048).
CMH_01-C01,16,201,توريد و تركيب انابيب فولاذية سوداء 40.sch ، يشمل العمل كافة قطع التركيبات مثل الأكواع  والتيهات والوصلات والقارنات والنقاصات/المخفضات ومنافس الهواء الآلية وتكون الوصلات من نوع  فيكتوليك او ما يماثلها للأقطار 50 مم أو أكبر، و تكون الوصلات قلووظ للأقطار أقل من 50 مم، والبند يشمل العلاقات والدعامات للمواسير و المحابس  و الصرف ان لزم والدهان  لكامل الشبكة كما يلزم لاتمام العمل و بناء على توجيهات مهندس المشرف .ويشمل البند جميع ما يلزم لاتمام الأعمال طبقا للمواصفات و طبقا لمتطلبات الNFPA  ومتطلبات الدفاع المدني من الكشف على الشبكة الحالية وفحصها كما هو موضح على المخططات و على المقاول تقديم المخططات التنفيذية و اعتمادها قبل بدء بالتنفيذ من المهندس المشرف كما هو موصف للأقطار التالية:.mm dia 33,م.ط,192.0,660.0,758.0,37.0,795.0,7104.0,120.45454545454545,بنود المطالبات,799,CMH_01_SMART.xlsx,sheet بنود المطالبات,high,prev_progress in workbook is informational; platform will recompute server-side from approved claims (Migration 048).
CMH_01-C01,16,202,توريد و تركيب انابيب فولاذية سوداء 40.sch ، يشمل العمل كافة قطع التركيبات مثل الأكواع  والتيهات والوصلات والقارنات والنقاصات/المخفضات ومنافس الهواء الآلية وتكون الوصلات من نوع  فيكتوليك او ما يماثلها للأقطار 50 مم أو أكبر، و تكون الوصلات قلووظ للأقطار أقل من 50 مم، والبند يشمل العلاقات والدعامات للمواسير و المحابس  و الصرف ان لزم والدهان  لكامل الشبكة كما يلزم لاتمام العمل و بناء على توجيهات مهندس المشرف .ويشمل البند جميع ما يلزم لاتمام الأعمال طبقا للمواصفات و طبقا لمتطلبات الNFPA  ومتطلبات الدفاع المدني من الكشف على الشبكة الحالية وفحصها كما هو موضح على المخططات و على المقاول تقديم المخططات التنفيذية و اعتمادها قبل بدء بالتنفيذ من المهندس المشرف كما هو موصف للأقطار التالية:.mm dia 40,م.ط,222.0,600.0,493.0,72.0,565.0,15984.0,94.16666666666667,بنود المطالبات,800,CMH_01_SMART.xlsx,sheet بنود المطالبات,high,prev_progress in workbook is informational; platform will recompute server-side from approved claims (Migration 048).
CMH_01-C01,16,203,توريد و تركيب انابيب فولاذية سوداء 40.sch ، يشمل العمل كافة قطع التركيبات مثل الأكواع  والتيهات والوصلات والقارنات والنقاصات/المخفضات ومنافس الهواء الآلية وتكون الوصلات من نوع  فيكتوليك او ما يماثلها للأقطار 50 مم أو أكبر، و تكون الوصلات قلووظ للأقطار أقل من 50 مم، والبند يشمل العلاقات والدعامات للمواسير و المحابس  و الصرف ان لزم والدهان  لكامل الشبكة كما يلزم لاتمام العمل و بناء على توجيهات مهندس المشرف .ويشمل البند جميع ما يلزم لاتمام الأعمال طبقا للمواصفات و طبقا لمتطلبات الNFPA  ومتطلبات الدفاع المدني من الكشف على الشبكة الحالية وفحصها كما هو موضح على المخططات و على المقاول تقديم المخططات التنفيذية و اعتمادها قبل بدء بالتنفيذ من المهندس المشرف كما هو موصف للأقطار التالية:.mm dia 63,م.ط,240.0,646.0,558.0,30.0,588.0,7200.0,91.02167182662538,بنود المطالبات,801,CMH_01_SMART.xlsx,sheet بنود المطالبات,high,prev_progress in workbook is informational; platform will recompute server-side from approved claims (Migration 048).
CMH_01-C01,16,204,توريد و تركيب انابيب فولاذية سوداء 40.sch ، يشمل العمل كافة قطع التركيبات مثل الأكواع  والتيهات والوصلات والقارنات والنقاصات/المخفضات ومنافس الهواء الآلية وتكون الوصلات من نوع  فيكتوليك او ما يماثلها للأقطار 50 مم أو أكبر، و تكون الوصلات قلووظ للأقطار أقل من 50 مم، والبند يشمل العلاقات والدعامات للمواسير و المحابس  و الصرف ان لزم والدهان  لكامل الشبكة كما يلزم لاتمام العمل و بناء على توجيهات مهندس المشرف .ويشمل البند جميع ما يلزم لاتمام الأعمال طبقا للمواصفات و طبقا لمتطلبات الNFPA  ومتطلبات الدفاع المدني من الكشف على الشبكة الحالية وفحصها كما هو موضح على المخططات و على المقاول تقديم المخططات التنفيذية و اعتمادها قبل بدء بالتنفيذ من المهندس المشرف كما هو موصف للأقطار التالية:.mm dia 77,م.ط,288.0,110.0,229.0,50.0,279.0,14400.0,253.63636363636363,بنود المطالبات,802,CMH_01_SMART.xlsx,sheet بنود المطالبات,high,prev_progress in workbook is informational; platform will recompute server-side from approved claims (Migration 048).
CMH_01-C01,16,205,توريد و تركيب انابيب فولاذية سوداء 40.sch ، يشمل العمل كافة قطع التركيبات مثل الأكواع  والتيهات والوصلات والقارنات والنقاصات/المخفضات ومنافس الهواء الآلية وتكون الوصلات من نوع  فيكتوليك او ما يماثلها للأقطار 50 مم أو أكبر، و تكون الوصلات قلووظ للأقطار أقل من 50 مم، والبند يشمل العلاقات والدعامات للمواسير و المحابس  و الصرف ان لزم والدهان  لكامل الشبكة كما يلزم لاتمام العمل و بناء على توجيهات مهندس المشرف .ويشمل البند جميع ما يلزم لاتمام الأعمال طبقا للمواصفات و طبقا لمتطلبات الNFPA  ومتطلبات الدفاع المدني من الكشف على الشبكة الحالية وفحصها كما هو موضح على المخططات و على المقاول تقديم المخططات التنفيذية و اعتمادها قبل بدء بالتنفيذ من المهندس المشرف كما هو موصف للأقطار التالية:.mm dia 94,م.ط,324.0,314.0,159.0,45.0,204.0,14580.0,64.96815286624204,بنود المطالبات,803,CMH_01_SMART.xlsx,sheet بنود المطالبات,high,prev_progress in workbook is informational; platform will recompute server-side from approved claims (Migration 048).
CMH_01-C01,16,206,توريد و تركيب انابيب فولاذية سوداء 40.sch ، يشمل العمل كافة قطع التركيبات مثل الأكواع  والتيهات والوصلات والقارنات والنقاصات/المخفضات ومنافس الهواء الآلية وتكون الوصلات من نوع  فيكتوليك او ما يماثلها للأقطار 50 مم أو أكبر، و تكون الوصلات قلووظ للأقطار أقل من 50 مم، والبند يشمل العلاقات والدعامات للمواسير و المحابس  و الصرف ان لزم والدهان  لكامل الشبكة كما يلزم لاتمام العمل و بناء على توجيهات مهندس المشرف .ويشمل البند جميع ما يلزم لاتمام الأعمال طبقا للمواصفات و طبقا لمتطلبات الNFPA  ومتطلبات الدفاع المدني من الكشف على الشبكة الحالية وفحصها كما هو موضح على المخططات و على المقاول تقديم المخططات التنفيذية و اعتمادها قبل بدء بالتنفيذ من المهندس المشرف كما هو موصف للأقطار التالية:.mm dia 141,م.ط,360.0,200.0,371.0,81.0,452.0,29160.0,225.99999999999997,بنود المطالبات,804,CMH_01_SMART.xlsx,sheet بنود المطالبات,high,prev_progress in workbook is informational; platform will recompute server-side from approved claims (Migration 048).
CMH_01-C01,16,221,وحدات VAV من أعلى العلامات التجارية جودة )BYPASS TYPE( مع سخان كهربائي ، ترموستات إلكتروني رقمي للغرفة ، فليكس. توصيلات ، تثبيت ، دعم ، عازل اهتزاز مع كافة الملحقات المطلوبة حسب المواصفات والرسومات. 01-VAV ، اجمالي الهواء 0-250 ) ق/د( استطاعة التخزين 5.1 )ك/و(,عدد,6600.0,9.0,10.0,23.0,33.0,151800.0,366.66666666666663,بنود المطالبات,805,CMH_01_SMART.xlsx,sheet بنود المطالبات,high,prev_progress in workbook is informational; platform will recompute server-side from approved claims (Migration 048).
CMH_01-C01,16,222,وحدات VAV من أعلى العلامات التجارية جودة )BYPASS TYPE( مع سخان كهربائي ، ترموستات إلكتروني رقمي للغرفة ، فليكس. توصيلات ، تثبيت ، دعم ، عازل اهتزاز مع كافة الملحقات المطلوبة حسب المواصفات والرسومات. 02-VAV ، اجمالي الهواء 0-500 ) ق/د( استطاعة التخزين 2 )ك/و(,عدد,6960.0,127.0,62.0,14.0,76.0,97440.0,59.84251968503938,بنود المطالبات,806,CMH_01_SMART.xlsx,sheet بنود المطالبات,high,prev_progress in workbook is informational; platform will recompute server-side from approved claims (Migration 048).
CMH_01-C01,16,223,وحدات VAV من أعلى العلامات التجارية جودة )BYPASS TYPE( مع سخان كهربائي ، ترموستات إلكتروني رقمي للغرفة ، فليكس. توصيلات ، تثبيت ، دعم ، عازل اهتزاز مع كافة الملحقات المطلوبة حسب المواصفات والرسومات. 03-VAV ، اجمالي الهواء 0-750 ) ق/د( استطاعة التخزين 3 )ك/و( ,عدد,7200.0,51.0,42.0,8.0,50.0,57600.0,98.0392156862745,بنود المطالبات,807,CMH_01_SMART.xlsx,sheet بنود المطالبات,high,prev_progress in workbook is informational; platform will recompute server-side from approved claims (Migration 048).
CMH_01-C01,16,224,وحدات VAV من أعلى العلامات التجارية جودة )BYPASS TYPE( مع سخان كهربائي ، ترموستات إلكتروني رقمي للغرفة ، فليكس. توصيلات ، تثبيت ، دعم ، عازل اهتزاز مع كافة الملحقات المطلوبة حسب المواصفات والرسومات. 04-VAV ، اجمالي الهواء 0-1000 ) ق/د( استطاعة التخزين 5.3 )ك/و(,عدد,7200.0,24.0,19.0,6.0,25.0,43200.0,104.16666666666667,بنود المطالبات,808,CMH_01_SMART.xlsx,sheet بنود المطالبات,high,prev_progress in workbook is informational; platform will recompute server-side from approved claims (Migration 048).
CMH_01-C01,16,225,وحدات VAV من أعلى العلامات التجارية جودة )BYPASS TYPE( مع سخان كهربائي ، ترموستات إلكتروني رقمي للغرفة ، فليكس. توصيلات ، تثبيت ، دعم ، عازل اهتزاز مع كافة الملحقات المطلوبة حسب المواصفات والرسومات. 05-VAV ، اجمالي الهواء 0-1500 ) ق/د( استطاعة التخزين 5.3 )ك/و(,عدد,9000.0,44.0,25.0,9.0,34.0,81000.0,77.27272727272727,بنود المطالبات,809,CMH_01_SMART.xlsx,sheet بنود المطالبات,high,prev_progress in workbook is informational; platform will recompute server-side from approved claims (Migration 048).
CMH_01-C01,16,226,وحدات VAV من أعلى العلامات التجارية جودة )BYPASS TYPE( مع سخان كهربائي ، ترموستات إلكتروني رقمي للغرفة ، فليكس. توصيلات ، تثبيت ، دعم ، عازل اهتزاز مع كافة الملحقات المطلوبة حسب المواصفات والرسومات. 06-VAV ، اجمالي الهواء 0-2000 ) ق/د( استطاعة التخزين 6.3 )ك/و(,عدد,10200.0,49.0,16.0,4.0,20.0,40800.0,40.816326530612244,بنود المطالبات,810,CMH_01_SMART.xlsx,sheet بنود المطالبات,high,prev_progress in workbook is informational; platform will recompute server-side from approved claims (Migration 048).
CMH_01-C01,16,227,وحدات VAV من أعلى العلامات التجارية جودة )BYPASS TYPE( مع سخان كهربائي ، ترموستات إلكتروني رقمي للغرفة ، فليكس. توصيلات ، تثبيت ، دعم ، عازل اهتزاز مع كافة الملحقات المطلوبة حسب المواصفات والرسومات. 07-VAV ، اجمالي الهواء 0-2500 ) ق/د( استطاعة التخزين 7.3 )ك/و(,عدد,10800.0,24.0,10.0,5.0,15.0,54000.0,62.5,بنود المطالبات,811,CMH_01_SMART.xlsx,sheet بنود المطالبات,high,prev_progress in workbook is informational; platform will recompute server-side from approved claims (Migration 048).
CMH_01-C01,16,230,توريد و تصنيع و تركيب أعمال مجاري  من الصفائح المعدنية المجلفنه )90G( للهواء الداخل والراجع والهواء النقي وقناة السحب حسب المواصفات القياسية SMACNA وتشمل التيهات/القطعة التائية والكوع/المرفق والتفريعات والتحويلة والدعامة وحمالة التعليق. ويجب أخذ الطول على امتداد خط المركز فوق كل قطع التركيبات، ومن المفهوم بأن السعر الإفرادي لأعمال مجاري الهواء/الأقنية محمل عليه كل دعامات حامل التعليق ومخمّد الصوت والحريق وكل قطع الإكسسوار عزل الحراري )فايبرغلاس( ثخانة 25 مم وبكثافة 24 كغ/م3 مع مانع تبخر من الألمنيوم المقوّى حسب المخططات والمواصفات و حسب تعليمات مهندس المشرف.,م.ط,300.0,7000.0,8966.0,1452.0,10418.0,435600.0,148.82857142857142,بنود المطالبات,812,CMH_01_SMART.xlsx,sheet بنود المطالبات,high,prev_progress in workbook is informational; platform will recompute server-side from approved claims (Migration 048).
CMH_01-C01,16,262,توريد وتركيب وتوصيل وإختبار وفحص اجهزة الإنارة ويشمل اللمبات وأقواس التركيب وحبال التعليق وقطع الأكسسوار و ايضا نقاط الانارة متضمنة مواسير/أقنية قاسية عالية التحمل PVC  أوEMT وعلب ذات أسلاك لاتقل عن 0.4 مم2 لنقطة الإنارة وتوصيل أطراف أسلاك التأريض،وكل الأعمال المساعدة كما هو محدد وموضح في المخططات. على المقاول المعاينة و فحص الشبكة الحالية و الاستفادة من التمديدات الحالية و دمجها  علما بان البند يشمل جميع الوصلات و الاسلاك و الكابلات اللازمة لنهو العمل  بعد عمل الاختبارات اللازمة و بعد الموافقة من مهندس المشرف . Type A1,عدد,348.0,530.0,215.0,91.0,306.0,31668.0,57.73584905660377,بنود المطالبات,813,CMH_01_SMART.xlsx,sheet بنود المطالبات,high,prev_progress in workbook is informational; platform will recompute server-side from approved claims (Migration 048).
CMH_01-C01,16,263,توريد وتركيب وتوصيل وإختبار وفحص اجهزة الإنارة ويشمل اللمبات وأقواس التركيب وحبال التعليق وقطع الأكسسوار و ايضا نقاط الانارة متضمنة مواسير/أقنية قاسية عالية التحمل PVC  أوEMT وعلب ذات أسلاك لاتقل عن 0.4 مم2 لنقطة الإنارة وتوصيل أطراف أسلاك التأريض،وكل الأعمال المساعدة كما هو محدد وموضح في المخططات. على المقاول المعاينة و فحص الشبكة الحالية و الاستفادة من التمديدات الحالية و دمجها  علما بان البند يشمل جميع الوصلات و الاسلاك و الكابلات اللازمة لنهو العمل  بعد عمل الاختبارات اللازمة و بعد الموافقة من مهندس المشرف . Type A1E,عدد,660.0,241.0,132.0,40.0,172.0,26400.0,71.36929460580913,بنود المطالبات,814,CMH_01_SMART.xlsx,sheet بنود المطالبات,high,prev_progress in workbook is informational; platform will recompute server-side from approved claims (Migration 048).
CMH_01-C01,16,264,توريد وتركيب وتوصيل وإختبار وفحص اجهزة الإنارة ويشمل اللمبات وأقواس التركيب وحبال التعليق وقطع الأكسسوار و ايضا نقاط الانارة متضمنة مواسير/أقنية قاسية عالية التحمل PVC  أوEMT وعلب ذات أسلاك لاتقل عن 0.4 مم2 لنقطة الإنارة وتوصيل أطراف أسلاك التأريض،وكل الأعمال المساعدة كما هو محدد وموضح في المخططات. على المقاول المعاينة و فحص الشبكة الحالية و الاستفادة من التمديدات الحالية و دمجها  علما بان البند يشمل جميع الوصلات و الاسلاك و الكابلات اللازمة لنهو العمل  بعد عمل الاختبارات اللازمة و بعد الموافقة من مهندس المشرف . Type A2,عدد,1044.0,1113.0,703.0,163.0,866.0,170172.0,77.80772686433065,بنود المطالبات,815,CMH_01_SMART.xlsx,sheet بنود المطالبات,high,prev_progress in workbook is informational; platform will recompute server-side from approved claims (Migration 048).
CMH_01-C01,16,265,توريد وتركيب وتوصيل وإختبار وفحص اجهزة الإنارة ويشمل اللمبات وأقواس التركيب وحبال التعليق وقطع الأكسسوار و ايضا نقاط الانارة متضمنة مواسير/أقنية قاسية عالية التحمل PVC  أوEMT وعلب ذات أسلاك لاتقل عن 0.4 مم2 لنقطة الإنارة وتوصيل أطراف أسلاك التأريض،وكل الأعمال المساعدة كما هو محدد وموضح في المخططات. على المقاول المعاينة و فحص الشبكة الحالية و الاستفادة من التمديدات الحالية و دمجها  علما بان البند يشمل جميع الوصلات و الاسلاك و الكابلات اللازمة لنهو العمل  بعد عمل الاختبارات اللازمة و بعد الموافقة من مهندس المشرف . Type A3,عدد,1044.0,8.0,2.0,2.0,4.0,2088.0,50,بنود المطالبات,816,CMH_01_SMART.xlsx,sheet بنود المطالبات,high,prev_progress in workbook is informational; platform will recompute server-side from approved claims (Migration 048).
CMH_01-C01,16,267,توريد وتركيب وتوصيل وإختبار وفحص اجهزة الإنارة ويشمل اللمبات وأقواس التركيب وحبال التعليق وقطع الأكسسوار و ايضا نقاط الانارة متضمنة مواسير/أقنية قاسية عالية التحمل PVC  أوEMT وعلب ذات أسلاك لاتقل عن 0.4 مم2 لنقطة الإنارة وتوصيل أطراف أسلاك التأريض،وكل الأعمال المساعدة كما هو محدد وموضح في المخططات. على المقاول المعاينة و فحص الشبكة الحالية و الاستفادة من التمديدات الحالية و دمجها  علما بان البند يشمل جميع الوصلات و الاسلاك و الكابلات اللازمة لنهو العمل  بعد عمل الاختبارات اللازمة و بعد الموافقة من مهندس المشرف . Type A5,عدد,1044.0,4.0,1.0,1.0,2.0,1044.0,50,بنود المطالبات,817,CMH_01_SMART.xlsx,sheet بنود المطالبات,high,prev_progress in workbook is informational; platform will recompute server-side from approved claims (Migration 048).
CMH_01-C01,16,268,توريد وتركيب وتوصيل وإختبار وفحص اجهزة الإنارة ويشمل اللمبات وأقواس التركيب وحبال التعليق وقطع الأكسسوار و ايضا نقاط الانارة متضمنة مواسير/أقنية قاسية عالية التحمل PVC  أوEMT وعلب ذات أسلاك لاتقل عن 0.4 مم2 لنقطة الإنارة وتوصيل أطراف أسلاك التأريض،وكل الأعمال المساعدة كما هو محدد وموضح في المخططات. على المقاول المعاينة و فحص الشبكة الحالية و الاستفادة من التمديدات الحالية و دمجها  علما بان البند يشمل جميع الوصلات و الاسلاك و الكابلات اللازمة لنهو العمل  بعد عمل الاختبارات اللازمة و بعد الموافقة من مهندس المشرف .Type A6,عدد,1044.0,1.0,1.0,1.0,2.0,1044.0,200,بنود المطالبات,818,CMH_01_SMART.xlsx,sheet بنود المطالبات,high,prev_progress in workbook is informational; platform will recompute server-side from approved claims (Migration 048).
CMH_01-C01,16,269,توريد وتركيب وتوصيل وإختبار وفحص اجهزة الإنارة ويشمل اللمبات وأقواس التركيب وحبال التعليق وقطع الأكسسوار و ايضا نقاط الانارة متضمنة مواسير/أقنية قاسية عالية التحمل PVC  أوEMT وعلب ذات أسلاك لاتقل عن 0.4 مم2 لنقطة الإنارة وتوصيل أطراف أسلاك التأريض،وكل الأعمال المساعدة كما هو محدد وموضح في المخططات. على المقاول المعاينة و فحص الشبكة الحالية و الاستفادة من التمديدات الحالية و دمجها  علما بان البند يشمل جميع الوصلات و الاسلاك و الكابلات اللازمة لنهو العمل  بعد عمل الاختبارات اللازمة و بعد الموافقة من مهندس المشرف . Type A7,عدد,1044.0,2.0,2.0,1.0,3.0,1044.0,150,بنود المطالبات,819,CMH_01_SMART.xlsx,sheet بنود المطالبات,high,prev_progress in workbook is informational; platform will recompute server-side from approved claims (Migration 048).
CMH_01-C01,16,270,توريد وتركيب وتوصيل وإختبار وفحص اجهزة الإنارة ويشمل اللمبات وأقواس التركيب وحبال التعليق وقطع الأكسسوار و ايضا نقاط الانارة متضمنة مواسير/أقنية قاسية عالية التحمل PVC  أوEMT وعلب ذات أسلاك لاتقل عن 0.4 مم2 لنقطة الإنارة وتوصيل أطراف أسلاك التأريض،وكل الأعمال المساعدة كما هو محدد وموضح في المخططات. على المقاول المعاينة و فحص الشبكة الحالية و الاستفادة من التمديدات الحالية و دمجها  علما بان البند يشمل جميع الوصلات و الاسلاك و الكابلات اللازمة لنهو العمل  بعد عمل الاختبارات اللازمة و بعد الموافقة من مهندس المشرف .Type A8,عدد,1044.0,12.0,3.0,3.0,6.0,3132.0,50,بنود المطالبات,820,CMH_01_SMART.xlsx,sheet بنود المطالبات,high,prev_progress in workbook is informational; platform will recompute server-side from approved claims (Migration 048).
CMH_01-C01,16,271,توريد وتركيب وتوصيل وإختبار وفحص اجهزة الإنارة ويشمل اللمبات وأقواس التركيب وحبال التعليق وقطع الأكسسوار و ايضا نقاط الانارة متضمنة مواسير/أقنية قاسية عالية التحمل PVC  أوEMT وعلب ذات أسلاك لاتقل عن 0.4 مم2 لنقطة الإنارة وتوصيل أطراف أسلاك التأريض،وكل الأعمال المساعدة كما هو محدد وموضح في المخططات. على المقاول المعاينة و فحص الشبكة الحالية و الاستفادة من التمديدات الحالية و دمجها  علما بان البند يشمل جميع الوصلات و الاسلاك و الكابلات اللازمة لنهو العمل  بعد عمل الاختبارات اللازمة و بعد الموافقة من مهندس المشرف .,عدد,1044.0,4.0,1.0,1.0,2.0,1044.0,50,بنود المطالبات,821,CMH_01_SMART.xlsx,sheet بنود المطالبات,high,prev_progress in workbook is informational; platform will recompute server-side from approved claims (Migration 048).
CMH_01-C01,16,272,توريد وتركيب وتوصيل وإختبار وفحص اجهزة الإنارة ويشمل اللمبات وأقواس التركيب وحبال التعليق وقطع الأكسسوار و ايضا نقاط الانارة متضمنة مواسير/أقنية قاسية عالية التحمل PVC  أوEMT وعلب ذات أسلاك لاتقل عن 0.4 مم2 لنقطة الإنارة وتوصيل أطراف أسلاك التأريض،وكل الأعمال المساعدة كما هو محدد وموضح في المخططات. على المقاول المعاينة و فحص الشبكة الحالية و الاستفادة من التمديدات الحالية و دمجها  علما بان البند يشمل جميع الوصلات و الاسلاك و الكابلات اللازمة لنهو العمل  بعد عمل الاختبارات اللازمة و بعد الموافقة من مهندس المشرف .Type B1,عدد,720.0,343.0,55.0,10.0,65.0,7200.0,18.950437317784257,بنود المطالبات,822,CMH_01_SMART.xlsx,sheet بنود المطالبات,high,prev_progress in workbook is informational; platform will recompute server-side from approved claims (Migration 048).
CMH_01-C01,16,273,توريد وتركيب وتوصيل وإختبار وفحص اجهزة الإنارة ويشمل اللمبات وأقواس التركيب وحبال التعليق وقطع الأكسسوار و ايضا نقاط الانارة متضمنة مواسير/أقنية قاسية عالية التحمل PVC  أوEMT وعلب ذات أسلاك لاتقل عن 0.4 مم2 لنقطة الإنارة وتوصيل أطراف أسلاك التأريض،وكل الأعمال المساعدة كما هو محدد وموضح في المخططات. على المقاول المعاينة و فحص الشبكة الحالية و الاستفادة من التمديدات الحالية و دمجها  علما بان البند يشمل جميع الوصلات و الاسلاك و الكابلات اللازمة لنهو العمل  بعد عمل الاختبارات اللازمة و بعد الموافقة من مهندس المشرف .Type B2,عدد,780.0,54.0,2.0,2.0,4.0,1560.0,7.4074074074074066,بنود المطالبات,823,CMH_01_SMART.xlsx,sheet بنود المطالبات,high,prev_progress in workbook is informational; platform will recompute server-side from approved claims (Migration 048).
CMH_01-C01,16,274,توريد وتركيب وتوصيل وإختبار وفحص اجهزة الإنارة ويشمل اللمبات وأقواس التركيب وحبال التعليق وقطع الأكسسوار و ايضا نقاط الانارة متضمنة مواسير/أقنية قاسية عالية التحمل PVC  أوEMT وعلب ذات أسلاك لاتقل عن 0.4 مم2 لنقطة الإنارة وتوصيل أطراف أسلاك التأريض،وكل الأعمال المساعدة كما هو محدد وموضح في المخططات.على المقاول المعاينة و فحص الشبكة الحالية و الاستفادة من التمديدات الحالية و دمجها  علما بان البند يشمل جميع الوصلات و الاسلاك و الكابلات اللازمة لنهو العمل  بعد عمل الاختبارات اللازمة و بعد الموافقة من مهندس المشرف .Type C1,عدد,1128.0,172.0,69.0,20.0,89.0,22560.0,51.74418604651163,بنود المطالبات,824,CMH_01_SMART.xlsx,sheet بنود المطالبات,high,prev_progress in workbook is informational; platform will recompute server-side from approved claims (Migration 048).
CMH_01-C01,16,275,توريد وتركيب وتوصيل وإختبار وفحص اجهزة الإنارة ويشمل اللمبات وأقواس التركيب وحبال التعليق وقطع الأكسسوار و ايضا نقاط الانارة متضمنة مواسير/أقنية قاسية عالية التحمل PVC  أوEMT وعلب ذات أسلاك لاتقل عن 0.4 مم2 لنقطة الإنارة وتوصيل أطراف أسلاك التأريض،وكل الأعمال المساعدة كما هو محدد وموضح في المخططات. على المقاول المعاينة و فحص الشبكة الحالية و الاستفادة من التمديدات الحالية و دمجها  علما بان البند يشمل جميع الوصلات و الاسلاك و الكابلات اللازمة لنهو العمل  بعد عمل الاختبارات اللازمة و بعد الموافقة من مهندس المشرف .Type C2,عدد,420.0,1422.0,775.0,216.0,991.0,90720.0,69.69057665260196,بنود المطالبات,825,CMH_01_SMART.xlsx,sheet بنود المطالبات,high,prev_progress in workbook is informational; platform will recompute server-side from approved claims (Migration 048).
CMH_01-C01,16,276,توريد وتركيب وتوصيل وإختبار وفحص اجهزة الإنارة ويشمل اللمبات وأقواس التركيب وحبال التعليق وقطع الأكسسوار و ايضا نقاط الانارة متضمنة مواسير/أقنية قاسية عالية التحمل PVC  أوEMT وعلب ذات أسلاك لاتقل عن 0.4 مم2 لنقطة الإنارة وتوصيل أطراف أسلاك التأريض،وكل الأعمال المساعدة كما هو محدد وموضح في المخططات. على المقاول المعاينة و فحص الشبكة الحالية و الاستفادة من التمديدات الحالية و دمجها  علما بان البند يشمل جميع الوصلات و الاسلاك و الكابلات اللازمة لنهو العمل  بعد عمل الاختبارات اللازمة و بعد الموافقة من مهندس المشرف .Type C3,عدد,444.0,1062.0,713.0,135.0,848.0,59940.0,79.84934086629002,بنود المطالبات,826,CMH_01_SMART.xlsx,sheet بنود المطالبات,high,prev_progress in workbook is informational; platform will recompute server-side from approved claims (Migration 048).
CMH_01-C01,16,277,توريد وتركيب وتوصيل وإختبار وفحص اجهزة الإنارة ويشمل اللمبات وأقواس التركيب وحبال التعليق وقطع الأكسسوار و ايضا نقاط الانارة متضمنة مواسير/أقنية قاسية عالية التحمل PVC  أوEMT وعلب ذات أسلاك لاتقل عن 0.4 مم2 لنقطة الإنارة وتوصيل أطراف أسلاك التأريض،وكل الأعمال المساعدة كما هو محدد وموضح في المخططات. على المقاول المعاينة و فحص الشبكة الحالية و الاستفادة من التمديدات الحالية و دمجها  علما بان البند يشمل جميع الوصلات و الاسلاك و الكابلات اللازمة لنهو العمل  بعد عمل الاختبارات اللازمة و بعد الموافقة من مهندس المشرف .Type C4,عدد,300.0,284.0,164.0,36.0,200.0,10800.0,70.4225352112676,بنود المطالبات,827,CMH_01_SMART.xlsx,sheet بنود المطالبات,high,prev_progress in workbook is informational; platform will recompute server-side from approved claims (Migration 048).
CMH_01-C01,16,278,توريد وتركيب وتوصيل وإختبار وفحص اجهزة الإنارة ويشمل اللمبات وأقواس التركيب وحبال التعليق وقطع الأكسسوار و ايضا نقاط الانارة متضمنة مواسير/أقنية قاسية عالية التحمل PVC  أوEMT وعلب ذات أسلاك لاتقل عن 0.4 مم2 لنقطة الإنارة وتوصيل أطراف أسلاك التأريض،وكل الأعمال المساعدة كما هو محدد وموضح في المخططات. على المقاول المعاينة و فحص الشبكة الحالية و الاستفادة من التمديدات الحالية و دمجها  علما بان البند يشمل جميع الوصلات و الاسلاك و الكابلات اللازمة لنهو العمل  بعد عمل الاختبارات اللازمة و بعد الموافقة من مهندس المشرف .Type C5,عدد,438.0,149.0,92.0,12.0,104.0,5256.0,69.79865771812081,بنود المطالبات,828,CMH_01_SMART.xlsx,sheet بنود المطالبات,high,prev_progress in workbook is informational; platform will recompute server-side from approved claims (Migration 048).
CMH_01-C01,16,279,توريد وتركيب وتوصيل وإختبار وفحص اجهزة الإنارة ويشمل اللمبات وأقواس التركيب وحبال التعليق وقطع الأكسسوار و ايضا نقاط الانارة متضمنة مواسير/أقنية قاسية عالية التحمل PVC  أوEMT وعلب ذات أسلاك لاتقل عن 0.4 مم2 لنقطة الإنارة وتوصيل أطراف أسلاك التأريض،وكل الأعمال المساعدة كما هو محدد وموضح في المخططات.على المقاول المعاينة و فحص الشبكة الحالية و الاستفادة من التمديدات الحالية و دمجها  علما بان البند يشمل جميع الوصلات و الاسلاك و الكابلات اللازمة لنهو العمل  بعد عمل الاختبارات اللازمة و بعد الموافقة من مهندس المشرف .Type C6,عدد,288.0,158.0,115.0,22.0,137.0,6336.0,86.70886075949366,بنود المطالبات,829,CMH_01_SMART.xlsx,sheet بنود المطالبات,high,prev_progress in workbook is informational; platform will recompute server-side from approved claims (Migration 048).
CMH_01-C01,16,280,توريد وتركيب وتوصيل وإختبار وفحص اجهزة الإنارة ويشمل اللمبات وأقواس التركيب وحبال التعليق وقطع الأكسسوار و ايضا نقاط الانارة متضمنة مواسير/أقنية قاسية عالية التحمل PVC  أوEMT وعلب ذات أسلاك لاتقل عن 0.4 مم2 لنقطة الإنارة وتوصيل أطراف أسلاك التأريض،وكل الأعمال المساعدة كما هو محدد وموضح في المخططات. على المقاول المعاينة و فحص الشبكة الحالية و الاستفادة من التمديدات الحالية و دمجها  علما بان البند يشمل جميع الوصلات و الاسلاك و الكابلات اللازمة لنهو العمل  بعد عمل الاختبارات اللازمة و بعد الموافقة من مهندس المشرف .Type C7,عدد,336.0,27.0,7.0,6.0,13.0,2016.0,48.148148148148145,بنود المطالبات,830,CMH_01_SMART.xlsx,sheet بنود المطالبات,high,prev_progress in workbook is informational; platform will recompute server-side from approved claims (Migration 048).
CMH_01-C01,16,281,توريد وتركيب وتوصيل وإختبار وفحص اجهزة الإنارة ويشمل اللمبات وأقواس التركيب وحبال التعليق وقطع الأكسسوار و ايضا نقاط الانارة متضمنة مواسير/أقنية قاسية عالية التحمل PVC  أوEMT وعلب ذات أسلاك لاتقل عن 0.4 مم2 لنقطة الإنارة وتوصيل أطراف أسلاك التأريض،وكل الأعمال المساعدة كما هو محدد وموضح في المخططات. على المقاول المعاينة و فحص الشبكة الحالية و الاستفادة من التمديدات الحالية و دمجها  علما بان البند يشمل جميع الوصلات و الاسلاك و الكابلات اللازمة لنهو العمل  بعد عمل الاختبارات اللازمة و بعد الموافقة من مهندس المشرف . Type D1,عدد,936.0,56.0,34.0,5.0,39.0,4680.0,69.64285714285714,بنود المطالبات,831,CMH_01_SMART.xlsx,sheet بنود المطالبات,high,prev_progress in workbook is informational; platform will recompute server-side from approved claims (Migration 048).
CMH_01-C01,16,282,توريد وتركيب وتوصيل وإختبار وفحص اجهزة الإنارة ويشمل اللمبات وأقواس التركيب وحبال التعليق وقطع الأكسسوار و ايضا نقاط الانارة متضمنة مواسير/أقنية قاسية عالية التحمل PVC  أوEMT وعلب ذات أسلاك لاتقل عن 0.4 مم2 لنقطة الإنارة وتوصيل أطراف أسلاك التأريض،وكل الأعمال المساعدة كما هو محدد وموضح في المخططات. على المقاول المعاينة و فحص الشبكة الحالية و الاستفادة من التمديدات الحالية و دمجها  علما بان البند يشمل جميع الوصلات و الاسلاك و الكابلات اللازمة لنهو العمل  بعد عمل الاختبارات اللازمة و بعد الموافقة من مهندس المشرف . Type D2,عدد,936.0,20.0,5.0,5.0,10.0,4680.0,50,بنود المطالبات,832,CMH_01_SMART.xlsx,sheet بنود المطالبات,high,prev_progress in workbook is informational; platform will recompute server-side from approved claims (Migration 048).
CMH_01-C01,16,283,توريد وتركيب وتوصيل وإختبار وفحص اجهزة الإنارة ويشمل اللمبات وأقواس التركيب وحبال التعليق وقطع الأكسسوار و ايضا نقاط الانارة متضمنة مواسير/أقنية قاسية عالية التحمل PVC  أوEMT وعلب ذات أسلاك لاتقل عن 0.4 مم2 لنقطة الإنارة وتوصيل أطراف أسلاك التأريض،وكل الأعمال المساعدة كما هو محدد وموضح في المخططات. على المقاول المعاينة و فحص الشبكة الحالية و الاستفادة من التمديدات الحالية و دمجها  علما بان البند يشمل جميع الوصلات و الاسلاك و الكابلات اللازمة لنهو العمل  بعد عمل الاختبارات اللازمة و بعد الموافقة من مهندس المشرف .Type D3,عدد,288.0,179.0,136.0,25.0,161.0,7200.0,89.94413407821229,بنود المطالبات,833,CMH_01_SMART.xlsx,sheet بنود المطالبات,high,prev_progress in workbook is informational; platform will recompute server-side from approved claims (Migration 048).
CMH_01-C01,16,284,توريد وتركيب وتوصيل وإختبار وفحص اجهزة الإنارة ويشمل اللمبات وأقواس التركيب وحبال التعليق وقطع الأكسسوار و ايضا نقاط الانارة متضمنة مواسير/أقنية قاسية عالية التحمل PVC  أوEMT وعلب ذات أسلاك لاتقل عن 0.4 مم2 لنقطة الإنارة وتوصيل أطراف أسلاك التأريض،وكل الأعمال المساعدة كما هو محدد وموضح في المخططات. على المقاول المعاينة و فحص الشبكة الحالية و الاستفادة من التمديدات الحالية و دمجها  علما بان البند يشمل جميع الوصلات و الاسلاك و الكابلات اللازمة لنهو العمل  بعد عمل الاختبارات اللازمة و بعد الموافقة من مهندس المشرف .Type D4,عدد,5400.0,6.0,2.0,2.0,4.0,10800.0,66.66666666666666,بنود المطالبات,834,CMH_01_SMART.xlsx,sheet بنود المطالبات,high,prev_progress in workbook is informational; platform will recompute server-side from approved claims (Migration 048).
CMH_01-C01,16,285,توريد وتركيب وتوصيل وإختبار وفحص اجهزة الإنارة ويشمل اللمبات وأقواس التركيب وحبال التعليق وقطع الأكسسوار و ايضا نقاط الانارة متضمنة مواسير/أقنية قاسية عالية التحمل PVC  أوEMT وعلب ذات أسلاك لاتقل عن 0.4 مم2 لنقطة الإنارة وتوصيل أطراف أسلاك التأريض،وكل الأعمال المساعدة كما هو محدد وموضح في المخططات على المقاول المعاينة و فحص الشبكة الحالية و الاستفادة من التمديدات الحالية و دمجها  علما بان البند يشمل جميع الوصلات و الاسلاك و الكابلات اللازمة لنهو العمل  بعد عمل الاختبارات اللازمة و بعد الموافقة من مهندس المشرف . Type E1,عدد,540.0,12.0,3.0,3.0,6.0,1620.0,50,بنود المطالبات,835,CMH_01_SMART.xlsx,sheet بنود المطالبات,high,prev_progress in workbook is informational; platform will recompute server-side from approved claims (Migration 048).
CMH_01-C01,16,286,توريد وتركيب وتوصيل وإختبار وفحص اجهزة الإنارة ويشمل اللمبات وأقواس التركيب وحبال التعليق وقطع الأكسسوار و ايضا نقاط الانارة متضمنة مواسير/أقنية قاسية عالية التحمل PVC  أوEMT وعلب ذات أسلاك لاتقل عن 0.4 مم2 لنقطة الإنارة وتوصيل أطراف أسلاك التأريض،وكل الأعمال المساعدة كما هو محدد وموضح في المخططات. على المقاول المعاينة و فحص الشبكة الحالية و الاستفادة من التمديدات الحالية و دمجها  علما بان البند يشمل جميع الوصلات و الاسلاك و الكابلات اللازمة لنهو العمل  بعد عمل الاختبارات اللازمة و بعد الموافقة من مهندس المشرف . Type E2,عدد,504.0,186.0,163.0,20.0,183.0,10080.0,98.38709677419355,بنود المطالبات,836,CMH_01_SMART.xlsx,sheet بنود المطالبات,high,prev_progress in workbook is informational; platform will recompute server-side from approved claims (Migration 048).
CMH_01-C01,16,287,توريد وتركيب وتوصيل وإختبار وفحص اجهزة الإنارة ويشمل اللمبات وأقواس التركيب وحبال التعليق وقطع الأكسسوار و ايضا نقاط الانارة متضمنة مواسير/أقنية قاسية عالية التحمل PVC  أوEMT وعلب ذات أسلاك لاتقل عن 0.4 مم2 لنقطة الإنارة وتوصيل أطراف أسلاك التأريض،وكل الأعمال المساعدة كما هو محدد وموضح في المخططات. على المقاول المعاينة و فحص الشبكة الحالية و الاستفادة من التمديدات الحالية و دمجها  علما بان البند يشمل جميع الوصلات و الاسلاك و الكابلات اللازمة لنهو العمل  بعد عمل الاختبارات اللازمة و بعد الموافقة من مهندس المشرف .Type E3,عدد,744.0,260.0,65.0,50.0,115.0,37200.0,44.230769230769226,بنود المطالبات,837,CMH_01_SMART.xlsx,sheet بنود المطالبات,high,prev_progress in workbook is informational; platform will recompute server-side from approved claims (Migration 048).
CMH_01-C01,16,288,توريد وتركيب وتوصيل وإختبار وفحص اجهزة الإنارة ويشمل اللمبات وأقواس التركيب وحبال التعليق وقطع الأكسسوار و ايضا نقاط الانارة متضمنة مواسير/أقنية قاسية عالية التحمل PVC  أوEMT وعلب ذات أسلاك لاتقل عن 0.4 مم2 لنقطة الإنارة وتوصيل أطراف أسلاك التأريض،وكل الأعمال المساعدة كما هو محدد وموضح في المخططات. على المقاول المعاينة و فحص الشبكة الحالية و الاستفادة من التمديدات الحالية و دمجها  علما بان البند يشمل جميع الوصلات و الاسلاك و الكابلات اللازمة لنهو العمل  بعد عمل الاختبارات اللازمة و بعد الموافقة من مهندس المشرف .Type LB1,م.ط,170.4,5772.0,3662.0,340.0,4002.0,57936.0,69.33471933471932,بنود المطالبات,838,CMH_01_SMART.xlsx,sheet بنود المطالبات,high,prev_progress in workbook is informational; platform will recompute server-side from approved claims (Migration 048).
CMH_01-C01,16,289,توريد وتركيب وتوصيل وإختبار وفحص اجهزة الإنارة ويشمل اللمبات وأقواس التركيب وحبال التعليق وقطع الأكسسوار و ايضا نقاط الانارة متضمنة مواسير/أقنية قاسية عالية التحمل PVC  أوEMT وعلب ذات أسلاك لاتقل عن 0.4 مم2 لنقطة الإنارة وتوصيل أطراف أسلاك التأريض،وكل الأعمال المساعدة كما هو محدد وموضح في المخططات. على المقاول المعاينة و فحص الشبكة الحالية و الاستفادة من التمديدات الحالية و دمجها  علما بان البند يشمل جميع الوصلات و الاسلاك و الكابلات اللازمة لنهو العمل  بعد عمل الاختبارات اللازمة و بعد الموافقة من مهندس المشرف . Type LB2,عدد,13800.0,14.0,6.0,1.0,7.0,13800.0,50,بنود المطالبات,839,CMH_01_SMART.xlsx,sheet بنود المطالبات,high,prev_progress in workbook is informational; platform will recompute server-side from approved claims (Migration 048).
CMH_01-C01,16,290,توريد وتركيب وتوصيل وإختبار وفحص اجهزة الإنارة ويشمل اللمبات وأقواس التركيب وحبال التعليق وقطع الأكسسوار و ايضا نقاط الانارة متضمنة مواسير/أقنية قاسية عالية التحمل PVC  أوEMT وعلب ذات أسلاك لاتقل عن 0.4 مم2 لنقطة الإنارة وتوصيل أطراف أسلاك التأريض،وكل الأعمال المساعدة كما هو محدد وموضح في المخططات. على المقاول المعاينة و فحص الشبكة الحالية و الاستفادة من التمديدات الحالية و دمجها  علما بان البند يشمل جميع الوصلات و الاسلاك و الكابلات اللازمة لنهو العمل  بعد عمل الاختبارات اللازمة و بعد الموافقة من مهندس المشرف . Type LB3,عدد,900.0,237.0,108.0,20.0,128.0,18000.0,54.008438818565395,بنود المطالبات,840,CMH_01_SMART.xlsx,sheet بنود المطالبات,high,prev_progress in workbook is informational; platform will recompute server-side from approved claims (Migration 048).
CMH_01-C01,16,291,توريد وتركيب وتوصيل وإختبار وفحص اجهزة الإنارة ويشمل اللمبات وأقواس التركيب وحبال التعليق وقطع الأكسسوار و ايضا نقاط الانارة متضمنة مواسير/أقنية قاسية عالية التحمل PVC  أوEMT وعلب ذات أسلاك لاتقل عن 0.4 مم2 لنقطة الإنارة وتوصيل أطراف أسلاك التأريض،وكل الأعمال المساعدة كما هو محدد وموضح في المخططات. على المقاول المعاينة و فحص الشبكة الحالية و الاستفادة من التمديدات الحالية و دمجها  علما بان البند يشمل جميع الوصلات و الاسلاك و الكابلات اللازمة لنهو العمل  بعد عمل الاختبارات اللازمة و بعد الموافقة من مهندس المشرف .Type LB4,عدد,1104.0,132.0,73.0,20.0,93.0,22080.0,70.45454545454545,بنود المطالبات,841,CMH_01_SMART.xlsx,sheet بنود المطالبات,high,prev_progress in workbook is informational; platform will recompute server-side from approved claims (Migration 048).
CMH_01-C01,16,292, توريد وتركيب وتوصيل وإختبار وفحص اجهزة الإنارة ويشمل اللمبات وأقواس التركيب وحبال التعليق وعلبEMT أو PVC  وقطع الأكسسوار و ايضا نقاط الانارة متضمنة مواسير/أقنية قاسية عالية التحمل ذات أسلاك لاتقل عن 0.4 مم2 لنقطة الإنارة وتوصيل أطراف أسلاك التأريض،وكل الأعمال المساعدة كما.هو محدد وموضح في المخططات  على المقاول المعاينة و فحص الشبكة الحالية و الاستفادة من التمديدات الحالية و دمجها  علما بان البند يشمل جميع الوصلات و الاسلاك و الكابلات اللازمة لنهو العمل  بعد عمل الاختبارات اللازمة و بعد. الموافقة من مهندس المشرف Type LB5,م.ط,174.0,263.0,318.0,30.0,348.0,5220.0,132.31939163498097,بنود المطالبات,842,CMH_01_SMART.xlsx,sheet بنود المطالبات,high,prev_progress in workbook is informational; platform will recompute server-side from approved claims (Migration 048).
CMH_01-C01,16,293,توريد وتركيب وتوصيل وإختبار وفحص اجهزة الإنارة ويشمل اللمبات وأقواس التركيب وحبال التعليق وقطع الأكسسوار و ايضا نقاط الانارة متضمنة مواسير/أقنية قاسية عالية التحمل PVC  أوEMT وعلب ذات أسلاك لاتقل عن 0.4 مم2 لنقطة الإنارة وتوصيل أطراف أسلاك التأريض،وكل الأعمال المساعدة كما هو محدد وموضح في المخططات. على المقاول المعاينة و فحص الشبكة الحالية و الاستفادة من التمديدات الحالية و دمجها  علما بان البند يشمل جميع الوصلات و الاسلاك و الكابلات اللازمة لنهو العمل  بعد عمل الاختبارات اللازمة و بعد الموافقة من مهندس المشرف .Type LB6,م.ط,174.0,25.0,27.0,25.0,52.0,4350.0,208,بنود المطالبات,843,CMH_01_SMART.xlsx,sheet بنود المطالبات,high,prev_progress in workbook is informational; platform will recompute server-side from approved claims (Migration 048).
CMH_01-C01,16,295,توريد وتركيب وتوصيل وإختبار وفحص اجهزة الإنارة ويشمل اللمبات وأقواس التركيب وحبال التعليق وقطع الأكسسوار و ايضا نقاط الانارة متضمنة مواسير/أقنية قاسية عالية التحمل PVC  أوEMT وعلب ذات أسلاك لاتقل عن 0.4 مم2 لنقطة الإنارة وتوصيل أطراف أسلاك التأريض،وكل الأعمال المساعدة كما هو محدد وموضح في المخططات. على المقاول المعاينة و فحص الشبكة الحالية و الاستفادة من التمديدات الحالية و دمجها  علما بان البند يشمل جميع الوصلات و الاسلاك و الكابلات اللازمة لنهو العمل  بعد عمل الاختبارات اللازمة و بعد الموافقة من مهندس المشرف .Type ES-1,عدد,360.0,430.0,157.0,20.0,177.0,7200.0,41.16279069767442,بنود المطالبات,844,CMH_01_SMART.xlsx,sheet بنود المطالبات,high,prev_progress in workbook is informational; platform will recompute server-side from approved claims (Migration 048).
CMH_01-C01,16,298,توريد وتركيب وتوصيل وإختبار وفحص اجهزة الإنارة ويشمل اللمبات وأقواس التركيب وحبال التعليق وقطع الأكسسوار و ايضا نقاط الانارة متضمنة مواسير/أقنية قاسية عالية التحمل PVC  أوEMT وعلب ذات أسلاك لاتقل عن 0.4 مم2 لنقطة الإنارة وتوصيل أطراف أسلاك التأريض،وكل الأعمال المساعدة كما هو محدد وموضح في المخططات. على المقاول المعاينة و فحص الشبكة الحالية و الاستفادة من التمديدات الحالية و دمجها  علما بان البند يشمل جميع الوصلات و الاسلاك و الكابلات اللازمة لنهو العمل  بعد عمل الاختبارات اللازمة و بعد الموافقة من مهندس المشرف . Type P1,عدد,420.0,75.0,52.0,10.0,62.0,4200.0,82.66666666666667,بنود المطالبات,845,CMH_01_SMART.xlsx,sheet بنود المطالبات,high,prev_progress in workbook is informational; platform will recompute server-side from approved claims (Migration 048).
CMH_01-C01,16,299,توريد وتركيب وتوصيل وإختبار وفحص اجهزة الإنارة ويشمل اللمبات وأقواس التركيب وحبال التعليق وقطع الأكسسوار و ايضا نقاط الانارة متضمنة مواسير/أقنية قاسية عالية التحمل PVC  أوEMT وعلب ذات أسلاك لاتقل عن 0.4 مم2 لنقطة الإنارة وتوصيل أطراف أسلاك التأريض،وكل الأعمال المساعدة كما هو محدد وموضح في المخططات. على المقاول المعاينة و فحص الشبكة الحالية و الاستفادة من التمديدات الحالية و دمجها  علما بان البند يشمل جميع الوصلات و الاسلاك و الكابلات اللازمة لنهو العمل  بعد عمل الاختبارات اللازمة و بعد الموافقة من مهندس المشرف . Type T1,عدد,744.0,1146.0,569.0,50.0,619.0,37200.0,54.01396160558464,بنود المطالبات,846,CMH_01_SMART.xlsx,sheet بنود المطالبات,high,prev_progress in workbook is informational; platform will recompute server-side from approved claims (Migration 048).
CMH_01-C01,16,300,توريد وتركيب وتوصيل وإختبار وفحص اجهزة الإنارة ويشمل اللمبات وأقواس التركيب وحبال التعليق وقطع الأكسسوار و ايضا نقاط الانارة متضمنة مواسير/أقنية قاسية عالية التحمل PVC  أوEMT وعلب ذات أسلاك لاتقل عن 0.4 مم2 لنقطة الإنارة وتوصيل أطراف أسلاك التأريض،وكل الأعمال المساعدة كما هو محدد وموضح في المخططات. على المقاول المعاينة و فحص الشبكة الحالية و الاستفادة من التمديدات الحالية و دمجها  علما بان البند يشمل جميع الوصلات و الاسلاك و الكابلات اللازمة لنهو العمل  بعد عمل الاختبارات اللازمة و بعد الموافقة من مهندس المشرف . Type CH-1,عدد,14400.0,4.0,1.0,1.0,2.0,14400.0,50,بنود المطالبات,847,CMH_01_SMART.xlsx,sheet بنود المطالبات,high,prev_progress in workbook is informational; platform will recompute server-side from approved claims (Migration 048).
CMH_01-C01,16,301,توريد وتركيب وتوصيل وإختبار وفحص اجهزة الإنارة ويشمل اللمبات وأقواس التركيب وحبال التعليق وقطع الأكسسوار و ايضا نقاط الانارة متضمنة مواسير/أقنية قاسية عالية التحمل PVC  أوEMT وعلب ذات أسلاك لاتقل عن 0.4 مم2 لنقطة الإنارة وتوصيل أطراف أسلاك التأريض،وكل الأعمال المساعدة كما هو محدد وموضح في المخططات. على المقاول المعاينة و فحص الشبكة الحالية و الاستفادة من التمديدات الحالية و دمجها  علما بان البند يشمل جميع الوصلات و الاسلاك و الكابلات اللازمة لنهو العمل  بعد عمل الاختبارات اللازمة و بعد الموافقة من مهندس المشرف . Type CH-2,عدد,4200.0,6.0,2.0,1.0,3.0,4200.0,50,بنود المطالبات,848,CMH_01_SMART.xlsx,sheet بنود المطالبات,high,prev_progress in workbook is informational; platform will recompute server-side from approved claims (Migration 048).
CMH_01-C01,17,22,توريد وتركيب وزرات خشب )Mdf( مع قشرة جوز بارتفاع 100مم وسمك 12مم شاملا التثبيت والدهانات والتشطيب والتلميع. ويشمل السعر أي مواد أو أعمال يتطلبها انهاء العمل طبقا للموضح بالمواصفات والمخططات وتعليمات المهندس المشرف .Ref drawing: 07-MRA-DD-(as per floor number)-AR-301,م.ط,42.0,4532.0,1200.0,354.0,1554.0,14868.0,34.28949691085613,بنود المطالبات,849,CMH_01_SMART.xlsx,sheet بنود المطالبات,high,prev_progress in workbook is informational; platform will recompute server-side from approved claims (Migration 048).
CMH_01-C01,17,23,توريد وتركيب وزرات خشب )Mdf( مع قشرة ،وينغي بارتفاع 100مم وسمك 12مم شاملا التثبيت والدهانات والتشطيب والتلميع. ويشمل السعر أي مواد أو أعمال يتطلبها انهاء العمل طبقا للموضح بالمواصفات والمخططات وتعليمات المهندس المشرفRef drawing: 07-MRA-DD-(as per floor number)-AR-301,م.ط,42.0,700.0,0.0,425.0,425.0,17850.0,60.71428571428571,بنود المطالبات,850,CMH_01_SMART.xlsx,sheet بنود المطالبات,high,prev_progress in workbook is informational; platform will recompute server-side from approved claims (Migration 048).
CMH_01-C01,17,25,تصنيع وتركيب لوح خشبي بشكل طولي من  الـ )Mdf(  مع قشرة الجوز او ما يتناسب مع العينة المتفق عليها طول 25سم وعرض 10سم وارتفاع 270 سم الى جانب الابواب الزجاجية حسب المناظير والرسومات وتعليمات المهندس المشرف.Code: WDP2-08,عدد,240.0,248.0,176.0,36.0,212.0,8640.0,85.48387096774194,بنود المطالبات,851,CMH_01_SMART.xlsx,sheet بنود المطالبات,high,prev_progress in workbook is informational; platform will recompute server-side from approved claims (Migration 048).
CMH_01-C01,17,26,تصنيع وتركيب كسوة من الخشب للجدران ويكون النمط والحجم كما هو موضح بالرسومات ويشمل السعر أي مواد أو أعمال يتطلبها إنهاء العمل حسب المواصفات والمخططات وتعليمات المهندس المشرف. Ref drawing: 07-MRA-DD-(as per floor number)-AR-600 to 07-MRA-DD-(as  per floor number)-AR-604كسوة من خشب الـ)Mdf(  ، مثبتة على العامود الخرساني بدهان رمادي على شكل وهيئة الأسطح الاسمنتية )matt( بتصميم مع غروف حسب الرسومات والمناظير وتعليمات المهندس المشرف.Code: WDP3-04,م2,528.0,345.0,286.0,28.0,314.0,14784.0,91.01449275362319,بنود المطالبات,852,CMH_01_SMART.xlsx,sheet بنود المطالبات,high,prev_progress in workbook is informational; platform will recompute server-side from approved claims (Migration 048).
CMH_01-C01,17,27,"تصنيع وتركيب كسوة من الخشب للجدران ويكون النمط والحجم كما هو موضح بالرسومات ويشمل السعر أي مواد أو أعمال يتطلبها إنهاء العمل حسب المواصفات والمخططات وتعليمات المهندس المشرف. Ref drawing: 07-MRA-DD-(as per floor number)-AR-600 to 07-MRA-DD-(as per floor number)-AR-604كسوة من خشب الـ)Mdf( ، مثبتة على القواطع الجبسية بدهان رمادي بيج  )matt( ، وبتصميم مع غروف حسب الرسومات والمناظير وتعليمات المهندس المشرف.Code: WPD4-01,WDP4-01.A",م2,528.0,331.0,311.0,64.0,375.0,33792.0,113.29305135951661,بنود المطالبات,853,CMH_01_SMART.xlsx,sheet بنود المطالبات,high,prev_progress in workbook is informational; platform will recompute server-side from approved claims (Migration 048).
CMH_01-C01,17,28,تصنيع وتركيب كسوة من الخشب للجدران ويكون النمط والحجم كما هو موضح بالرسومات ويشمل السعر أي مواد أو أعمال يتطلبها إنهاء العمل حسب المواصفات والمخططات وتعليمات المهندس المشرف. Ref drawing: 07-MRA-DD-(as per floor number)-AR-600 to 07-MRA-DD-(as  per floor number)-AR-604كسوة من خشب الـ)Mdf(، مثبتة على القواطع الجبسية مع قشرة صناعية بحسب العينة الموافق عليها وغروف حسب الرسومات والمناظير وتعليمات المهندس المشرفCode: WDP2,م2,528.0,2517.0,2344.0,304.0,2648.0,160512.0,105.20460866110449,بنود المطالبات,854,CMH_01_SMART.xlsx,sheet بنود المطالبات,high,prev_progress in workbook is informational; platform will recompute server-side from approved claims (Migration 048).
CMH_01-C01,17,29,"تصنيع وتركيب كسوة من الخشب للجدران ويكون النمط والحجم كما هو موضح بالرسومات ويشمل السعر أي مواد أو أعمال يتطلبها إنهاء العمل حسب المواصفات والمخططات وتعليمات المهندس المشرف. Ref drawing: 07-MRA-DD-(as per floor number)-AR-600 to 07-MRA-DD-(as  per floor number)-AR-604كسوة من خشب الـ)Mdf(  ، مثبتة على االقواطع الجبسية بدهان رمادي على شكل وهيئة الأسطح الاسمنتية ) matt( مع تصميم بفتحات حسب الرسومات والمناظير وتعليمات المهندس المشرف.Code: WDP3-01, WDP3-02, WDP3-03",م2,528.0,846.0,768.0,70.0,838.0,36960.0,99.05437352245863,بنود المطالبات,855,CMH_01_SMART.xlsx,sheet بنود المطالبات,high,prev_progress in workbook is informational; platform will recompute server-side from approved claims (Migration 048).
CMH_01-C01,17,30,"تصنيع وتركيب كسوة من الخشب للجدران ويكون النمط والحجم كما هو موضح بالرسومات ويشمل السعر أي مواد أو أعمال يتطلبها إنهاء العمل حسب المواصفات والمخططات وتعليمات المهندس المشرف. Ref drawing: 07-MRA-DD-(as per floor number)-AR-600 to 07-MRA-DD-(as  per floor number)-AR-604كسوة من خشب الـ) Mdf(  ، مع قشرة السنديان المطلي بدهان ابيض  مع غروف وفتحات إضاءة مخفية مغلفة من الداخل بطبقة Acrylic مغشى  حسب الرسومات والمناظير وتعليمات المهندس المشرف.Code: WDP1-03, WDP1-04, WDP1-05, WDP1-06",م2,570.0,456.0,384.0,31.0,415.0,17670.0,91.00877192982456,بنود المطالبات,856,CMH_01_SMART.xlsx,sheet بنود المطالبات,high,prev_progress in workbook is informational; platform will recompute server-side from approved claims (Migration 048).
CMH_01-C01,17,33,تصنيع وتركيب كسوة من الخشب للجدران ويكون النمط والحجم كما هو موضح بالرسومات ويشمل السعر أي مواد أو أعمال يتطلبها إنهاء العمل حسب المواصفات والمخططات وتعليمات المهندس المشرف.Ref drawing: 07-MRA-DD-(as per floor number)-AR-600 to 07-MRA-DD (as per floor number)-AR-604كسوة من خشب الـ) Mdf(  ، مع قشرة  )walnut( لمدخل كبار الشخصيات ومكتب مدير مكتب معالي الوزير     حسب الرسومات والمناظير وتعليمات المهندس المشرف.Code: WDP7,م2,570.0,118.0,37.0,121.0,158.0,68970.0,133.89830508474577,بنود المطالبات,857,CMH_01_SMART.xlsx,sheet بنود المطالبات,high,prev_progress in workbook is informational; platform will recompute server-side from approved claims (Migration 048).
CMH_01-C01,17,34,تصنيع وتركيب كسوة من الخشب للجدران ويكون النمط والحجم كما هو موضح بالرسومات ويشمل السعر أي مواد أو أعمال يتطلبها إنهاء العمل حسب المواصفات والمخططات وتعليمات المهندس المشرف. Ref drawing: 07-MRA-DD-(as per floor number)-AR-600 to 07-MRA-DD-(as  per floor number)-AR-604كسوة من خشب الـ)Mdf( ، مع قشرة صناعية بلون رمادي بيج لمنطقة معالي الوزير   حسب الرسومات والمناظير وتعليمات المهندس المشرف.Code: WDP8,م2,870.0,758.0,512.0,893.0,1405.0,776910.0,185.3562005277045,بنود المطالبات,858,CMH_01_SMART.xlsx,sheet بنود المطالبات,high,prev_progress in workbook is informational; platform will recompute server-side from approved claims (Migration 048).
CMH_01-C01,17,37,تصنيع وتركيب كسوة من الخشب للاسقف ويكون النمط والحجم كما هو موضح بالرسومات ويشمل السعر أي مواد أو أعمال يتطلبها إنهاء العمل حسب المواصفات والمخططات وتعليمات المهندس المشرف.]Ref drawing: 07-MRA-DD-(as per floor number)-AR-200 سقف من خشب الـ)Mdf( ،  مطلي بدهان أبيض بشكل pattern مفرغة من الداخل  ومثبتة على ألواح خشبية مع قشرة الجوز مثبتة بنظام تعليق متصلة بالسقف الخرساني  لمنطقة معالي الوزير حسب الرسومات والمناظير وتعليمات المهندس المشرف.Code: WDC-04,م2,1080.0,162.0,67.0,41.0,108.0,44280.0,66.66666666666666,بنود المطالبات,859,CMH_01_SMART.xlsx,sheet بنود المطالبات,high,prev_progress in workbook is informational; platform will recompute server-side from approved claims (Migration 048).
CMH_01-C01,17,38,صنيع وتركيب كسوة من الخشب للاسقف ويكون النمط والحجم كما هو موضح بالرسومات ويشمل السعر أي مواد أو أعمال يتطلبها إنهاء العمل حسب المواصفات والمخططات وتعليمات المهندس المشرف.Ref drawing: 07-MRA-DD-(as per floor number)-AR-200سطح خشبي من من خشب الـ)Mdf(  مع قشرة صناعية بحسب العينة الموافق عليها وغروف مثبتة بنظام تعليق متصلة بالسقف الخرساني حسب الرسومات والمناظير وتعليمات المهندس المشرف.Code: WDC-01 & WDC-02,م2,840.0,684.0,518.0,30.0,548.0,25200.0,80.11695906432749,بنود المطالبات,860,CMH_01_SMART.xlsx,sheet بنود المطالبات,high,prev_progress in workbook is informational; platform will recompute server-side from approved claims (Migration 048).
CMH_01-C01,17,43,تصنيع وتركيب خزائن خشبية ويكون النمط والحجم كما هو موضح بالرسومات ويشمل السعر أي مواد أو أعمال يتطلبها إنهاء العمل حسب المواصفات والمخططات وتعليمات المهندس المشرف.Ref drawing: 07-MRA-DD-(as per floor number)-AR-605 خزانة خشبية05-WDC  من خشب الـ ) Mdf (  مع قشرة الوينغي الداكنة مع أرفف وإضاءة مخفية، أبواب الخزائن زجاجية   ribbed glass(مع إيطار خشبي وغروف ومفصلات ومقابض مخفية لمنطقة معالي الوزير حسب الرسومات والمناظير وتعليمات المهندس المشرف.,م2,1440.0,69.0,81.0,102.0,183.0,146880.0,265.2173913043478,بنود المطالبات,861,CMH_01_SMART.xlsx,sheet بنود المطالبات,high,prev_progress in workbook is informational; platform will recompute server-side from approved claims (Migration 048).
CMH_01-C01,17,45, توريد وتنفيذ طبقتين من غشاء عازل للمياه من الـبيتومين ثخانة 4 مم للأماكن الرطبة وحتى ارتفاع 10   سم على الجدران المحيطة ويشمل تحضير السطوح ومواد حشو الزوايا وطبقات الحماية جيوتكستايل الأفُقية والعمودية. ويشمل السعر أي مواد وأعمال مطلوبة لاستكمال العمل حسب المواصفات والمخططات.وتعليمات المهندس المشرف,م2,78.0,1345.0,820.0,1200.0,2020.0,93600.0,150.18587360594796,بنود المطالبات,862,CMH_01_SMART.xlsx,sheet بنود المطالبات,high,prev_progress in workbook is informational; platform will recompute server-side from approved claims (Migration 048).
CMH_01-C01,17,46,توريد وتركيب باب زجاجي من نوع سيكوريت بسمك 12مم ويشمل السعر التثبيت والاطار من الالمنيوم الأسود المطلي بدهان بودرة بالفرن والخردوات وماكينة دفاش للإغلاق الذاتي مع ملصقات بحسب التصميم. ويشمل السعر أي مواد أو أعمال يتطلبها استكمال العمل حسب المواصفات والمخططات وتعليمات االمهندس المشرف.Ref drawing: 07-MRA-DD-(as per floor number)-AR-801 بعرض 1000 مم وارتفاع 2700 مم  GD01باب ضلفة واحدة  نموذج,عدد,2580.0,238.0,123.0,23.0,146.0,59340.0,61.34453781512605,بنود المطالبات,863,CMH_01_SMART.xlsx,sheet بنود المطالبات,high,prev_progress in workbook is informational; platform will recompute server-side from approved claims (Migration 048).
CMH_01-C01,17,49,توريد وتركيب باب من قطاعات الخشب شبه المصمت بسمك 44مم مكون من قواطيع خشب داخليه بحشو  mdf مع قشرة الجوز  والحلق من الخشب السويدي المسطم المقاوم للرطوبة مع تشطيب نهائي من قشرة الجوز والبند يشمل جميع الإكسسوارات اللازمه من مفصلات ودفاش من النوع المخفي ومقابض وربل كاتم لصوت الإغلاق ودهانات  و إنهاء جميع الأعمال على الوجه الأكمل طبقا للمخططات واصول الصناعة  والمواصفات الفنية وتعليمات االمهندس المشرف. Ref drawing: 07-MRA-DD-(as per floor number)-AR-800 بعرض 2000 مم وارتفاع 2200 مم  WD07باب مروحة ضلفتين  نموذج ,عدد,5280.0,13.0,4.0,4.0,8.0,21120.0,61.53846153846154,بنود المطالبات,864,CMH_01_SMART.xlsx,sheet بنود المطالبات,high,prev_progress in workbook is informational; platform will recompute server-side from approved claims (Migration 048).
CMH_01-C01,17,50,توريد وتركيب باب من قطاعات الخشب شبه المصمت بسمك 44مم مكون من قواطيع خشب داخليه بحشو  mdf مع قشرة الجوز  والحلق من الخشب السويدي المسطم المقاوم للرطوبة مع تشطيب نهائي من قشرة الجوز والبند يشمل جميع الإكسسوارات اللازمه من مفصلات ودفاش من النوع المخفي ومقابض وربل كاتم لصوت الإغلاق ودهانات  و إنهاء جميع الأعمال على الوجه الأكمل طبقا للمخططات واصول الصناعة  والمواصفات الفنية وتعليمات االمهندس المشرف. Ref drawing: 07-MRA-DD-(as per floor number)-AR-800 بعرض1000 مم وارتفاع 2200 مم  WD06باب مروحة ضلفة واحدة  نموذج ,عدد,2400.0,13.0,4.0,4.0,8.0,9600.0,61.53846153846154,بنود المطالبات,865,CMH_01_SMART.xlsx,sheet بنود المطالبات,high,prev_progress in workbook is informational; platform will recompute server-side from approved claims (Migration 048).
CMH_01-C01,17,51,توريد وتركيب باب من قطاعات الخشب شبه المصمت بسمك 44مم مكون من قواطيع خشب داخليه بحشو  mdf مع قشرة الجوز  والحلق من الخشب السويدي المسطم المقاوم للرطوبة مع تشطيب نهائي من قشرة الجوز والبند يشمل جميع الإكسسوارات اللازمه من مفصلات ودفاش من النوع المخفي ومقابض وربل كاتم لصوت الإغلاق ودهانات  و إنهاء جميع الأعمال على الوجه الأكمل طبقا للمخططات واصول الصناعة  والمواصفات الفنية وتعليمات االمهندس المشرف. Ref drawing: 07-MRA-DD-(as per floor number)-AR-800 بعرض 900 مم وارتفاع 2200 مم  WD05باب مروحة ضلفة واحدة  نموذج ,عدد,2400.0,47.0,16.0,2.0,18.0,4800.0,38.297872340425535,بنود المطالبات,866,CMH_01_SMART.xlsx,sheet بنود المطالبات,high,prev_progress in workbook is informational; platform will recompute server-side from approved claims (Migration 048).
CMH_01-C01,17,59,توريد وتركيب باب من قطاعات الخشب شبه المصمت بسمك 44مم مكون من قواطيع خشب داخليه بحشو  mdf مع قشرة السنديان المطلية بدهان بيج  والحلق من الخشب السويدي المسطم المقاوم للرطوبة مخفي داخل الواجهة الخشبية والبند يشمل جميع الإكسسوارات اللازمه من مفصلات ودفاش من النوع المخفي ومقابض، ربل كاتم لصوت الإغلاق ودهانات و إنهاء جميع الأعمال على الوجه الأكمل طبقا للمخططات واصول الصناعة  والمواصفات الفنية وتعليمات االمهندس المشرف Ref drawing: 07-MRA-DD-(as per floor number)-AR-800 بعرض 1000 مم وارتفاع 2600 مم  WD010باب مروحة ضلفة واحدة  نموذج ,عدد,3600.0,6.0,0.0,5.0,5.0,18000.0,83.33333333333334,بنود المطالبات,867,CMH_01_SMART.xlsx,sheet بنود المطالبات,high,prev_progress in workbook is informational; platform will recompute server-side from approved claims (Migration 048).
CMH_01-C01,17,60,توريد وتركيب باب من الزجاج المضلّع )ribbed glass( بأيطارات من الخشب المصمت سماكة 44 ملم مع قشرة الجوز الداكنة. والبند يشمل جميع الإكسسوارات اللازمه من مفصلات ودفاش من النوع المخفي ومقابض وربل كاتم لصوت الإغلاق ودهانات و إنهاء جميع الأعمال على الوجه الأكمل طبقا للمخططات واصول الصناعة  والمواصفات الفنية وتعليمات االمهندس المشرف.  باب مروحة ضلفتين  نموذج 12WD  بعرض 2000 مم وارتفاع 3000 مم )VIP Zone (Ref drawing: 07-MRA-DD-sixth floor-AR-800,عدد,5700.0,7.0,0.0,7.0,7.0,39900.0,100,بنود المطالبات,868,CMH_01_SMART.xlsx,sheet بنود المطالبات,high,prev_progress in workbook is informational; platform will recompute server-side from approved claims (Migration 048).
CMH_01-C01,17,61,توريد وتركيب باب من الزجاج المضلعّ )ribbed glass( بأيطارات من الخشب المصمت سماكة 44 ملم مع قشرة الجوز الداكنة. والبند يشمل جميع الإكسسوارات اللازمه من مفصلات ودفاش من النوع المخفي ومقابض وربل كاتم لصوت الإغلاق ودهانات و إنهاء جميع الأعمال على الوجه الأكمل طبقا للمخططات واصول الصناعة  والمواصفات الفنية وتعليمات االمهندس المشرف. Ref drawing: 07-MRA-DD-sixth floor-AR-800  باب مروحة ضلفة واحدة  نموذج 11WD  بعرض 1000 مم وارتفاع 3000 مم )VIP Zone(,عدد,6000.0,8.0,0.0,8.0,8.0,48000.0,100,بنود المطالبات,869,CMH_01_SMART.xlsx,sheet بنود المطالبات,high,prev_progress in workbook is informational; platform will recompute server-side from approved claims (Migration 048).
CMH_01-C01,17,63,توريد وتركيب باب من الزجاج المضلعّ )ribbed glass( بأيطارات من الخشب المصمت سماكة 44 ملم مع قشرة الجوز الداكنة. والبند يشمل جميع الإكسسوارات اللازمه من مفصلات ودفاش من النوع المخفي ومقابض وربل كاتم لصوت الإغلاق ودهانات و إنهاء جميع الأعمال على الوجه الأكمل طبقا للمخططات واصول الصناعة  والمواصفات الفنية وتعليمات االمهندس المشرف. Ref drawing: 07-MRA-DD-sixth floor-AR-800  باب مروحة ضلفة واحدة  نموذج 13WD  بعرض 1000 مم وارتفاع 4000 مم )VIP Zone(,عدد,5400.0,1.0,0.0,1.0,1.0,5400.0,100,بنود المطالبات,870,CMH_01_SMART.xlsx,sheet بنود المطالبات,high,prev_progress in workbook is informational; platform will recompute server-side from approved claims (Migration 048).
CMH_01-C01,17,65,توريد وتركيب باب من الزجاج المضلعّ )ribbed glass( بأيطارات من الخشب المصمت سماكة 44 ملم مع قشرة الجوز الداكنة. والبند يشمل جميع الإكسسوارات اللازمه من مفصلات ودفاش من النوع المخفي ومقابض وربل كاتم لصوت الإغلاق ودهانات و إنهاء جميع الأعمال على الوجه الأكمل طبقا للمخططات واصول الصناعة  والمواصفات الفنية وتعليمات االمهندس المشرف. Ref drawing: 07-MRA-DD-sixth floor-AR-800  باب مروحة ضلفة واحدة  نموذج 14WD  بعرض 900 مم وارتفاع 2400 مم )VIP Zone(,عدد,6420.0,4.0,0.0,3.0,3.0,19260.0,75,بنود المطالبات,871,CMH_01_SMART.xlsx,sheet بنود المطالبات,high,prev_progress in workbook is informational; platform will recompute server-side from approved claims (Migration 048).
CMH_01-C01,17,66,توريد وتركيب قواطع زجاجيه داخليه من زجاج  سيكوريت عازل للصوت ثخانة 12مم مركّبة على مقاطع من  الألمنيوم )لون اسود 9005RAL (  مثبتة  بالسقف والأرض بإرتفاع 2700مم .ويشمل العمل الاطار والقوائم  والتثبيت بتيوب حديد ابعاد 4*8 سم وسماكة 2ملم  والملصقات بأماكن محددة حسب التصميم ، وفواصل البوليكاربونيت الجاف بين الألواح الزجاجية وقطع الإكسسوار ومانع التسرب والمواد الأخُرى المطلوبة لاستكمال التركيب حسب المخططات وتعليمات االمهندس المشرف.,م²,900.0,4000.0,2983.0,450.0,3433.0,405000.0,85.82499999999999,بنود المطالبات,872,CMH_01_SMART.xlsx,sheet بنود المطالبات,high,prev_progress in workbook is informational; platform will recompute server-side from approved claims (Migration 048).
CMH_01-C01,17,67,توريد وتركيب باب من قطاعات الحديد  بسمك 45 مم مقاوم للحريق 90 دقيقة،  مع طبقة من الصاج سماكة 2مم من الجهتين على اطار معدنى مجوف والسعر يشمل التكسية الخشبية بقشرة الجوز لضلفة الباب والإطار من جهة واحدة..ويشمل التوريد والتركيب والتثبيت  والمفصلات والمقابض   والدفاش والاكسسوارت من اجود الانواع  وكل مايلزم لانهاء العمل على اكمل وجه ة حسب المخططات وتعليمات االمهندس المشرف. Ref. drawing: 07-MRA-DD-(as per floor number)-AR-804 ضلفة واحدة عرض1000مم وإرتفاع 2200مم SD01 باب نموذج ,م²,3000.0,58.0,8.0,5.0,13.0,15000.0,22.413793103448278,بنود المطالبات,873,CMH_01_SMART.xlsx,sheet بنود المطالبات,high,prev_progress in workbook is informational; platform will recompute server-side from approved claims (Migration 048).
CMH_01-C01,17,68,توريد وتركيب باب من قطاعات الحديد  بسمك 45 مم مقاوم للحريق 90 دقيقة،  مع طبقة من الصاج سماكة 2مم من الجهتين على اطار معدنى مجوف والسعر يشمل التكسية الخشبية بقشرة الجوز لضلفة الباب والإطار من جهة واحدة..ويشمل التوريد والتركيب والتثبيت  والمفصلات والمقابض   والدفاش والاكسسوارت من اجود الانواع  وكل مايلزم لانهاء العمل على اكمل وجه ة حسب المخططات وتعليمات االمهندس المشرف. Ref. drawing: 07-MRA-DD-(as per floor number)-AR-804 ضلفة واحدة عرض1100مم وإرتفاع 2200مم SD02 باب نموذج,عدد,3000.0,1.0,0.0,1.0,1.0,3000.0,100,بنود المطالبات,874,CMH_01_SMART.xlsx,sheet بنود المطالبات,high,prev_progress in workbook is informational; platform will recompute server-side from approved claims (Migration 048).
CMH_01-C01,17,72,طبقة من اللياسة الأسمنتية فوق الأسطح الخرسانية والجدران الداخلية  بسمك متوسط 20 مم على طبقات  طرطشة بسمك 5 مم وضهارة 15 مم حسب المواصفات مع المعالجة اليومية  بالمياه لمنع التنميلات ويتم عمل افريز بين البلوك والخرسانة يملئ بمواد قابلة للدهان والسعر يشمل كامل الأكسسوارات اللازمة من شبك معدني ممدد وزوايا ونهايات معدنية  ومواد الترابط  وعمل تجاويف في طبقة اللياسة بعمق 10مم عرض 10مم  في الاعمدة  وفي الجدران ان وجدت حسب الرسومات والمناظير وتعليمات المهندس المشرف ذلك حسب الاصول الفنية وتعليمات المهندس المشرف. لياسة الجدران والأعمدة الداخلية  وتشمل جميع الإكسسوارات بإرتفاع 20 سم أعلي الأسقف الجبسيه لزوم الجدران الداخلية,م²,42.0,758.0,6251.004,2249.0,8500.004,94458.0,1121.3725593667548,بنود المطالبات,875,CMH_01_SMART.xlsx,sheet بنود المطالبات,high,prev_progress in workbook is informational; platform will recompute server-side from approved claims (Migration 048).
CMH_01-C01,17,74,توريد وتركيب قاطع جداري ثخانة 100مم ذو الواح جبسية مقاومه للحريق  ثخانة 5.12مم تركب من الجهتين )طبقات مزدوجة( يشمل المسامير المعدنية و المزالج / الأعضاء المعدنية الساندة والسكك والغطاء العازل للصوت )صوف صخري( وكل الإكسسوارات حسب المخطط والمواصفات وتعليمات المهندس المشرف.,م²,180.0,12526.0,10141.0,2000.0,12141.0,360000.0,96.92639310234712,بنود المطالبات,876,CMH_01_SMART.xlsx,sheet بنود المطالبات,high,prev_progress in workbook is informational; platform will recompute server-side from approved claims (Migration 048).
CMH_01-C01,17,75,توريد وتركيب أسقف معلقة من الالواح الجبسيه )01-GBC( ثخانة 12 مم المقاومة للحريق شاملة نظام التعليق وضبط الحواف والزوايا وأبواب لفتحات الكشف بالأسقف لأعمال الصيانة )أبواب جاهزة من النوع السهل الاستعمال والمزود بمفصلات مخفية( والإكسسوارات. ويشمل السعر أي مواد أو أعمال يتطلبها استكمال العمل حسب المواصفات والمخططات.,م²,150.0,24468.0,18313.000070000002,2000.0,20313.000070000002,300000.0,83.01863687264999,بنود المطالبات,877,CMH_01_SMART.xlsx,sheet بنود المطالبات,high,prev_progress in workbook is informational; platform will recompute server-side from approved claims (Migration 048).
CMH_01-C01,17,76,توريد وتركيب أسقف معلقة من الالواح الجبسيه  )02-GBC( ثخانة 12 مم المقاومة للرطوبة شاملة نظام التعليق وضبط الحواف والزوايا وأبواب لفتحات الكشف بالأسقف لأعمال الصيانة )أبواب جاهزة من النوع السهل الاستعمال والمزود بمفصلات مخفية( واالإكسسوارات. ويشمل السعر أي مواد أو أعمال يتطلبها استكمال العمل حسب المواصفات والمخططات وتعليمات المهندس المشرف.,م²,150.0,1091.0,830.0,100.0,930.0,15000.0,85.24289642529789,بنود المطالبات,878,CMH_01_SMART.xlsx,sheet بنود المطالبات,high,prev_progress in workbook is informational; platform will recompute server-side from approved claims (Migration 048).
CMH_01-C01,17,77,600×600مم توريد وتركيب اسقف اصطناعية  والسعر يشمل نظام التعليق من الحديد المجفلن مع جميع الاكسسوارات وكل مايلزم حسب المواصفات والمخططات وتعليمات الشركة المصنعة .,م²,150.0,3323.0,2463.0,170.0,2633.0,25500.0,79.23563045440866,بنود المطالبات,879,CMH_01_SMART.xlsx,sheet بنود المطالبات,high,prev_progress in workbook is informational; platform will recompute server-side from approved claims (Migration 048).
CMH_01-C01,17,79, أرضيات بورسلان 01-PT مقاس 600×600×12مم فرز اول بالمقاسات والالوان المطلوبة لدورات المياه الخاصة بمكاتب الوكلاء ومساعدين الوكلاء العامة ومنطقة التنفيذيين بالدور السادس  طبقاً للمخططات والمواصفات.,م²,120.0,140.0,0.0,115.0,115.0,13800.0,82.14285714285714,بنود المطالبات,880,CMH_01_SMART.xlsx,sheet بنود المطالبات,high,prev_progress in workbook is informational; platform will recompute server-side from approved claims (Migration 048).
CMH_01-C01,17,80, أرضيات بورسلان 02-PTمقاس 600×600×12مم فرز اول بالمقاسات والالوان المطلوبة لدورات المياه الخاصة بمكاتب المدراء العامين  طبقاً للمخططات والمواصفات.,م²,120.0,246.0,20.0,160.0,180.0,19200.0,73.17073170731707,بنود المطالبات,881,CMH_01_SMART.xlsx,sheet بنود المطالبات,high,prev_progress in workbook is informational; platform will recompute server-side from approved claims (Migration 048).
CMH_01-C01,17,81, أرضيات بورسلان03-PT مقاس 600×600×12مم فرز ثاني بالمقاسات والالوان المطلوبة لدورات المياة العامة  طبقاً للمخططات والمواصفات.,م²,120.0,1407.0,698.00025,602.0,1300.00025,72240.0,92.39518479033406,بنود المطالبات,882,CMH_01_SMART.xlsx,sheet بنود المطالبات,high,prev_progress in workbook is informational; platform will recompute server-side from approved claims (Migration 048).
CMH_01-C01,17,82, أرضيات بورسلان04-PT مقاس 600×600×12مم فرز ثاني بالمقاسات والالوان المطلوبة لغرف الأرشيف والمخازن والمطبخ طبقاً للمخططات والمواصفات.,م²,120.0,735.0,68.0,52.0,120.0,6240.0,16.3265306122449,بنود المطالبات,883,CMH_01_SMART.xlsx,sheet بنود المطالبات,high,prev_progress in workbook is informational; platform will recompute server-side from approved claims (Migration 048).
CMH_01-C01,17,85, جدران بورسلان (PW-03(type A&B  مقاس 600×300×12مم فرز ثاني بالمقاسات والالوان المطلوبة لدورات المياة العامة  طبقاً للمخططات والمواصفات.,م²,96.0,2648.0,561.0,799.0,1360.0,76704.0,51.3595166163142,بنود المطالبات,884,CMH_01_SMART.xlsx,sheet بنود المطالبات,high,prev_progress in workbook is informational; platform will recompute server-side from approved claims (Migration 048).
CMH_01-C01,17,86, وزرة من بورسلان بسماكة 12مم  100*600 مم والسعر يشمل التثبيت  بالغراء والشطف وكل ما يلزم لانهاء العمل حسب الاصول الفنية وتعليمات المهندس المشرف.Ref. Drawings: 07-MRA-DD-(as per floor number)-AR-300,م.ط,120.0,567.0,0.0,94.0,94.0,11280.0,16.57848324514991,بنود المطالبات,885,CMH_01_SMART.xlsx,sheet بنود المطالبات,high,prev_progress in workbook is informational; platform will recompute server-side from approved claims (Migration 048).
CMH_01-C01,17,98,رخام ابيض ثاسوس  سماكة 20مم على جدران دورات مياه منطقة معالي الوزير,م²,300.0,43.0,0.0,32.0,32.0,9600.0,74.4186046511628,بنود المطالبات,886,CMH_01_SMART.xlsx,sheet بنود المطالبات,high,prev_progress in workbook is informational; platform will recompute server-side from approved claims (Migration 048).
CMH_01-C01,17,99,رخام أخضر داكن مثبت على قواطع السيمنت خلف مكاتب السكرتاريا وفي المدخل الرئيسي في منطقة معالي الوزير.,م²,300.0,43.0,0.0,21.0,21.0,6300.0,48.837209302325576,بنود المطالبات,887,CMH_01_SMART.xlsx,sheet بنود المطالبات,high,prev_progress in workbook is informational; platform will recompute server-side from approved claims (Migration 048).
CMH_01-C01,17,101,توريد وتركيب وزرة من الرخام  رمادي فاتح تندر غراي بسماكة 20مم 100*1000 مم والسعر يشمل التثبيت  بالغراء والشطف وكل ما يلزم لانهاء العمل حسب الاصول الفنية وتعليمات المهندس المشرف.,م.ط,90.0,400.0,0.0,414.0,414.0,37260.0,103.49999999999999,بنود المطالبات,888,CMH_01_SMART.xlsx,sheet بنود المطالبات,high,prev_progress in workbook is informational; platform will recompute server-side from approved claims (Migration 048).
CMH_01-C01,17,104,Ref drawing: 07-MRA-DD-(as per floor number)-AR-300 مقاس 500×500 مم  لون رمادي لمنطقة المرور CT-01بلاط - سجاد,م²,156.0,3600.0,2291.0,214.0,2505.0,33384.0,69.58333333333333,بنود المطالبات,889,CMH_01_SMART.xlsx,sheet بنود المطالبات,high,prev_progress in workbook is informational; platform will recompute server-side from approved claims (Migration 048).
CMH_01-C01,17,105,بلاط - سجاد 02-CT مقاس 500× 500 مم لون أزرق فاتح لمحطة العمل وغرفة الاجتماعات,م²,156.0,6705.0,4254.0,400.0,4654.0,62400.0,69.41088739746458,بنود المطالبات,890,CMH_01_SMART.xlsx,sheet بنود المطالبات,high,prev_progress in workbook is informational; platform will recompute server-side from approved claims (Migration 048).
CMH_01-C01,17,106,Ref drawing: 07-MRA-DD-(as per floor number)-AR-300 مقاس 500×500 مم لون بيج لمكتب المدير CT-03بلاط - سجاد,م²,156.0,1213.0,869.0,95.0,964.0,14820.0,79.47238252267105,بنود المطالبات,891,CMH_01_SMART.xlsx,sheet بنود المطالبات,high,prev_progress in workbook is informational; platform will recompute server-side from approved claims (Migration 048).
CMH_01-C01,17,110,بلاط - سجاد 01-CR مقاس 500×500 مم لمكتب الرئيس ونائب الرئيس والصالة والسكرتارية وغرفة الاجتماعات الكبيرة.,م²,156.0,2140.0,1376.0,403.0,1779.0,62868.0,83.13084112149532,بنود المطالبات,892,CMH_01_SMART.xlsx,sheet بنود المطالبات,high,prev_progress in workbook is informational; platform will recompute server-side from approved claims (Migration 048).
CMH_01-C01,17,111,بلاط - سجاد 02-CR مقاس 500×500 مم لمكتب الرئيس ونائب الرئيس على شكل مثلثات لون بيج، رمادي فاتح ورمادي غامق.,م²,156.0,303.0,187.0,24.0,211.0,3744.0,69.63696369636963,بنود المطالبات,893,CMH_01_SMART.xlsx,sheet بنود المطالبات,high,prev_progress in workbook is informational; platform will recompute server-side from approved claims (Migration 048).
CMH_01-C01,17,112,300-Ref drawing: 07-MRA-DD-(as per floor number)-ARبلاط - سجاد 03-CR مقاس 500×500 مم للمدير العام ومنطقة السكرتارية,م²,156.0,1550.0,1140.0,140.0,1280.0,21840.0,82.58064516129032,بنود المطالبات,894,CMH_01_SMART.xlsx,sheet بنود المطالبات,high,prev_progress in workbook is informational; platform will recompute server-side from approved claims (Migration 048).
CMH_01-C01,17,121,عمل صبة خرسانية من السرك سماكة 10 سم مع طبقة واحدة من شبك الحديد قطر 6مم. على أن تكون طبقة التشطيب النهائية بلون رمادي غامق على شكل الأسطح الاسمنتية  بحسب اللون والملمس المعتمد. ,م²,72.0,110.0,0.0,125.0,125.0,9000.0,113.63636363636364,بنود المطالبات,895,CMH_01_SMART.xlsx,sheet بنود المطالبات,high,prev_progress in workbook is informational; platform will recompute server-side from approved claims (Migration 048).
CMH_01-C01,17,125,دهان بلون رمادي بيج على الألواح الجبسية والألواح الاسمنتية 100-WPF,م²,25.2,12700.0,3139.084,6281.0,9420.083999999999,158281.19999999998,74.17388976377953,بنود المطالبات,896,CMH_01_SMART.xlsx,sheet بنود المطالبات,high,prev_progress in workbook is informational; platform will recompute server-side from approved claims (Migration 048).
CMH_01-C01,17,128,.دهان بلون رمادي اسمنتي على الألواح الجبسية والألواح الاسمنتية 200-WPF,م²,30.0,2088.0,1291.9947,1700.0,2991.9947,51000.0,143.2947653256705,بنود المطالبات,897,CMH_01_SMART.xlsx,sheet بنود المطالبات,high,prev_progress in workbook is informational; platform will recompute server-side from approved claims (Migration 048).
CMH_01-C01,17,133,تحضير وتنفيذ وعمل دهان عالي الجودة للأسقف الجبسية يشمل الوجه التحضيرى أساس ومعالجة الفواصل  بالمعجـون والشاش والمواد المخصص لتسكير فواصل الالواح الجبسية والاسمنتية وان يكون نوع  دهان  بلون ابيض,م²,24.0,25559.0,7359.004,8000.0,15359.004,192000.0,60.09235103094801,بنود المطالبات,898,CMH_01_SMART.xlsx,sheet بنود المطالبات,high,prev_progress in workbook is informational; platform will recompute server-side from approved claims (Migration 048).
CMH_01-C01,17,137,بالمتر المسطح عمل دهان اكريليك مائي مرن عالي المتانة علي الاسطح الخرسانية وعلى الجدران  الظاهرة على السقف المفتوح  وكل التجهيزات الخاصة بالأعمال الميكانيكية والكهربائية باستثناء نظام الحريق. يشمل الوجه التحضيرى أساس  ثم  الدهان وجهين باللون المطلوب  مع نظافة الاسطح وازالة اى بروز بالخرسانات بالسقف ويتم التنفيذ طبقا للمخططات والمواصفاتة الفنية وعلي حسب تعليمات المهندس المشرف. دهان  بلون اسود,م²,30.0,9442.0,3970.0,4150.0,8120.0,124500.0,85.99872908282144,بنود المطالبات,899,CMH_01_SMART.xlsx,sheet بنود المطالبات,high,prev_progress in workbook is informational; platform will recompute server-side from approved claims (Migration 048).
CMH_01-C01,17,175,قواطع الحمامات مكونة من ألواح الفينوليك المضغوط ارتفاع 2 متر ذو المقاومة الشديدة للماء مع طبقة ميلامين بلون رمادي غامق مقاومة للخدش وسهلة التنظيف ، سمك الألواح هو  19 ملم ،. قواطع الحمامات تشمل إكسسوارات عالية الجودة ) مفصلات ذاتية الإغلاق وقفل ( والأبواب والاكسسوارات والعلاقات من الستانلس ستيل brushed finish وكل ما يلزم لانهاء العمل حسب الأصول الفنية والمواصفلت وتعليمات المهندس المشرف .,م²,780.0,611.0,225.87,100.13,326.0,78101.4,53.35515548281505,بنود المطالبات,900,CMH_01_SMART.xlsx,sheet بنود المطالبات,high,prev_progress in workbook is informational; platform will recompute server-side from approved claims (Migration 048).
CMH_01-C01,17,176,للمواسير داخل المبنى من مواسير متعددة الطبقات بولي بروبلين كما هو موصف تشمل كافة القطع التركيبية )مثل القارنات من الحديد الصلب الغير قابل للصدأ والأكواع /المنحنيات والتفريعات والدعامات( والصمامات ومخمدات الصدمة ومنافس الهواء الآلية و المحابس  وكافة الاكسسوارات اللازمة، كما هو مبين في المخططات لتركيب مايلي من الأقطار الخارجية مع ربطه بالشبكة الحالية لاقرب نقطة و على المقاول تقديم المخططات التنفيذية و الحسابات الهيدروليكية و اعتمادها قبل البدا بالتنفيذ الاعمال من المهندس المشرف للاقطار  الداخلية قطر 20 مم,م.ط,66.0,532.0,961.0,900.0,1861.0,59400.0,349.812030075188,بنود المطالبات,901,CMH_01_SMART.xlsx,sheet بنود المطالبات,high,prev_progress in workbook is informational; platform will recompute server-side from approved claims (Migration 048).
CMH_01-C01,17,177,للمواسير داخل المبنى من مواسير متعددة الطبقات بولي بروبلين كما هو موصف تشمل كافة القطع التركيبية )مثل القارنات من الحديد الصلب الغير قابل للصدأ والأكواع /المنحنيات والتفريعات والدعامات( والصمامات ومخمدات الصدمة ومنافس الهواء الآلية و المحابس  وكافة الاكسسوارات اللازمة، كما هو مبين في المخططات لتركيب مايلي من الأقطار الخارجية مع ربطه بالشبكة الحالية لاقرب نقطة و على المقاول تقديم المخططات التنفيذية و الحسابات الهيدروليكية و اعتمادها قبل البدا بالتنفيذ الاعمال من المهندس المشرف للاقطار  الداخلية قطر 25 مم,م.ط,70.8,221.0,243.0,180.0,423.0,12744.0,191.4027149321267,بنود المطالبات,902,CMH_01_SMART.xlsx,sheet بنود المطالبات,high,prev_progress in workbook is informational; platform will recompute server-side from approved claims (Migration 048).
CMH_01-C01,17,178,للمواسير داخل المبنى من مواسير متعددة الطبقات بولي بروبلين كما هو موصف تشمل كافة القطع التركيبية )مثل القارنات من الحديد الصلب الغير قابل للصدأ والأكواع /المنحنيات والتفريعات والدعامات( والصمامات ومخمدات الصدمة ومنافس الهواء الآلية و المحابس  وكافة الاكسسوارات اللازمة، كما هو مبين في المخططات لتركيب مايلي من الأقطار الخارجية مع ربطه بالشبكة الحالية لاقرب نقطة و على المقاول تقديم المخططات التنفيذية و الحسابات الهيدروليكية و اعتمادها قبل البدا بالتنفيذ الاعمال من المهندس المشرف للاقطار  الداخلية :قطر 32مم,م.ط,102.0,207.0,166.00000000000003,140.0,306.0,14280.0,147.82608695652172,بنود المطالبات,903,CMH_01_SMART.xlsx,sheet بنود المطالبات,high,prev_progress in workbook is informational; platform will recompute server-side from approved claims (Migration 048).
CMH_01-C01,17,179,للمواسير داخل المبنى من مواسير متعددة الطبقات بولي بروبلين كما هو موصف تشمل كافة القطع التركيبية )مثل القارنات من الحديد الصلب الغير قابل للصدأ والأكواع /المنحنيات والتفريعات والدعامات( والصمامات ومخمدات الصدمة ومنافس الهواء الآلية و المحابس  وكافة الاكسسوارات اللازمة، كما هو مبين في المخططات لتركيب مايلي من الأقطار الخارجية مع ربطه بالشبكة الحالية لاقرب نقطة و على المقاول تقديم المخططات التنفيذية و الحسابات الهيدروليكية و اعتمادها قبل البدا بالتنفيذ الاعمال من المهندس المشرف للاقطار  الداخلية :قطر 40 مم,م.ط,85.2,103.0,257.0,170.0,427.0,14484.0,414.56310679611653,بنود المطالبات,904,CMH_01_SMART.xlsx,sheet بنود المطالبات,high,prev_progress in workbook is informational; platform will recompute server-side from approved claims (Migration 048).
CMH_01-C01,17,180,للمواسير داخل المبنى من مواسير متعددة الطبقات بولي بروبلين كما هو موصف تشمل كافة القطع التركيبية )مثل القارنات من الحديد الصلب الغير قابل للصدأ والأكواع /المنحنيات والتفريعات والدعامات( والصمامات ومخمدات الصدمة ومنافس الهواء الآلية و المحابس  وكافة الاكسسوارات اللازمة، كما هو مبين في المخططات لتركيب مايلي من الأقطار الخارجية مع ربطه بالشبكة الحالية لاقرب نقطة و على المقاول تقديم المخططات التنفيذية و الحسابات الهيدروليكية و اعتمادها قبل البدا بالتنفيذ الاعمال من المهندس المشرف للاقطار  الداخلية:قطر 50 مم,م.ط,94.8,218.0,154.0,200.0,354.0,18960.0,162.38532110091742,بنود المطالبات,905,CMH_01_SMART.xlsx,sheet بنود المطالبات,high,prev_progress in workbook is informational; platform will recompute server-side from approved claims (Migration 048).
CMH_01-C01,17,181,مواسير المياه الساخنة مؤلفة من عدة طبقات )بولي بروبلين معزولة( كما هو موصف مع العزل وتشمل كافة القطع التركيبية )مثل القارنات من الحديد الصلب الغير قابل للصدأ والأكواع / المنحنيات والتفريعات والدعامات( والصمامات ومخمدات الصدمة وكافة الاكسسوارات و المحابس  اللازمة لإنجاز تركيب مايلي من الأقطار الخارجية مع ربطه بالشبكة الحالية لاقرب نقطة و على المقاول تقديم المخططات التنفيذية و الحسابات الهيدروليكية و اعتمادها قبل البدا بالتنفيذ الاعمال من المهندس المشرف للاقطار  الداخلية :قطر 20 مم,م.ط,70.8,150.0,543.0,457.0,1000.0,32355.6,666.6666666666667,بنود المطالبات,906,CMH_01_SMART.xlsx,sheet بنود المطالبات,high,prev_progress in workbook is informational; platform will recompute server-side from approved claims (Migration 048).
CMH_01-C01,17,182,مواسير المياه الساخنة مؤلفة من عدة طبقات )بولي بروبلين معزولة( كما هو موصف مع العزل وتشمل كافة القطع التركيبية )مثل القارنات من الحديد الصلب الغير قابل للصدأ والأكواع / المنحنيات والتفريعات والدعامات( والصمامات ومخمدات الصدمة وكافة الاكسسوارات و المحابس  اللازمة لإنجاز تركيب مايلي من الأقطار الخارجية مع ربطه بالشبكة الحالية لاقرب نقطة و على المقاول تقديم المخططات التنفيذية و الحسابات الهيدروليكية و اعتمادها قبل البدا بالتنفيذ الاعمال من المهندس المشرف للاقطار  الداخلية :قطر 25 مم,م.ط,75.6,100.0,75.0,30.0,105.0,2268.0,105,بنود المطالبات,907,CMH_01_SMART.xlsx,sheet بنود المطالبات,high,prev_progress in workbook is informational; platform will recompute server-side from approved claims (Migration 048).
CMH_01-C01,17,183,سخان مياه كهربائي فردي من الحديد المعزول بالزجاج من النوع الأفقي الذي يركب أعلى السقف المستعار يشمل كافة الإكسسوارات و التوصيلات و المحابس كما هو موصف وكما هو مبين في تفاصيل المشروع العامة وبالإستطاعات التالية:توريد و تركيب و اختبار سخان بسعة 30 لتر، وقدرة 2.1  كيلو وات، مرجع     1-EWH,عدد,672.0,77.0,33.0,37.0,70.0,24864.0,90.9090909090909,بنود المطالبات,908,CMH_01_SMART.xlsx,sheet بنود المطالبات,high,prev_progress in workbook is informational; platform will recompute server-side from approved claims (Migration 048).
CMH_01-C01,17,184,سخان مياه كهربائي فردي من الحديد المعزول بالزجاج من النوع الأفقي الذي يركب أعلى السقف المستعار يشمل كافة الإكسسوارات و التوصيلات و المحابس كما هو موصف وكما هو مبين في تفاصيل المشروع العامة وبالإستطاعات التالية:اعادة تركيب و اختبار السخان الحالي بسعة 100 ليتر   بعد الكشف و المعاينة و الفحص حسب تعليمات مهندس المشرف,عدد,816.0,24.0,14.0,10.0,24.0,8160.0,100,بنود المطالبات,909,CMH_01_SMART.xlsx,sheet بنود المطالبات,high,prev_progress in workbook is informational; platform will recompute server-side from approved claims (Migration 048).
CMH_01-C01,17,185,مواسير صرف وتهوية مصنوعة من 4UPVC class  ذات وصلات انضغاطية ومطاط كما هو موصف وتشمل التهوية من خلال السطح مع الغطاء و طبات التسليك، وكافة قطع التركيبات والعلاقات اللازمة لإستكمال تركيب مايلي من الأقطار الداخلية:قطر 50 مم,م.ط,75.6,426.0,1164.0,900.0,2064.0,68040.0,484.5070422535211,بنود المطالبات,910,CMH_01_SMART.xlsx,sheet بنود المطالبات,high,prev_progress in workbook is informational; platform will recompute server-side from approved claims (Migration 048).
CMH_01-C01,17,186,مواسير صرف وتهوية مصنوعة من 4UPVC class  ذات وصلات انضغاطية ومطاط كما هو موصف وتشمل التهوية من خلال السطح مع الغطاء و طبات التسليك، وكافة قطع التركيبات والعلاقات اللازمة لإستكمال تركيب مايلي من الأقطار الداخلية:قطر 75 مم,م.ط,91.2,934.0,648.0,300.0,948.0,27360.0,101.49892933618843,بنود المطالبات,911,CMH_01_SMART.xlsx,sheet بنود المطالبات,high,prev_progress in workbook is informational; platform will recompute server-side from approved claims (Migration 048).
CMH_01-C01,17,187,مواسير صرف وتهوية مصنوعة من 4UPVC class  ذات وصلات انضغاطية ومطاط كما هو موصف وتشمل التهوية من خلال السطح مع الغطاء و طبات التسليك، وكافة قطع التركيبات والعلاقات اللازمة لإستكمال تركيب مايلي من الأقطار الداخلية:قطر 110 مم,م.ط,102.0,961.0,1804.0,696.0,2500.0,70992.0,260.1456815816857,بنود المطالبات,912,CMH_01_SMART.xlsx,sheet بنود المطالبات,high,prev_progress in workbook is informational; platform will recompute server-side from approved claims (Migration 048).
CMH_01-C01,17,188,صفاية أرضية )FD(، من PVC مع مصفاة معدنية  مطلية بالكروم شاملة سيفون كما هو موصف بالمقاسات التالية:مخرج قطر 75 مم,عدد,300.0,161.0,81.0,55.0,136.0,16500.0,84.472049689441,بنود المطالبات,913,CMH_01_SMART.xlsx,sheet بنود المطالبات,high,prev_progress in workbook is informational; platform will recompute server-side from approved claims (Migration 048).
CMH_01-C01,17,190,الأدوات والتركيبات الصحية كما هو موصف وتشمل صمامات الزاوية والخلاطات و المصائد والوصلات المرنة و الانابيب القصيرة للتغذية والصرف والتهوية وكافة قطع الإكسسوار لإتمام تركيب ، علي ان تكون الاجهزة والتركيبات من النوع المرشد لاستهلاك المياه :حوض وجه على رخامة )مرجع 1-LAV ( من نفس نوع الرخام الصناعي كوريان للكاونتر والكاونتر محسوب في بند منفصل,عدد,2640.0,68.0,12.0,20.0,32.0,52800.0,47.05882352941176,بنود المطالبات,914,CMH_01_SMART.xlsx,sheet بنود المطالبات,high,prev_progress in workbook is informational; platform will recompute server-side from approved claims (Migration 048).
CMH_01-C01,17,192,الأدوات والتركيبات الصحية كما هو موصف وتشمل صمامات الزاوية والخلاطات و المصائد والوصلاتالمرنة و الانابيب القصيرة للتغذية والصرف والتهوية وكافة قطع الإكسسوار لإتمام تركيب ، علي ان تكونالاجهزة والتركيبات من النوع المرشد لاستهلاك المياه :حوض غسيل أواني للمطبخ بعين واحدة )مرجع 1-KS,عدد,3000.0,16.0,0.0,3.0,3.0,9000.0,18.75,بنود المطالبات,915,CMH_01_SMART.xlsx,sheet بنود المطالبات,high,prev_progress in workbook is informational; platform will recompute server-side from approved claims (Migration 048).
CMH_01-C01,17,193,الأدوات والتركيبات الصحية كما هو موصف وتشمل صمامات الزاوية والخلاطات و المصائد والوصلاتالمرنة و الانابيب القصيرة للتغذية والصرف والتهوية وكافة قطع الإكسسوار لإتمام تركيب ، علي ان تكونالاجهزة والتركيبات من النوع المرشد لاستهلاك المياه :حوض وجه يركب على الكاونتر )مرجع 3-LAV (,عدد,2220.0,92.0,20.0,30.0,50.0,66600.0,54.347826086956516,بنود المطالبات,916,CMH_01_SMART.xlsx,sheet بنود المطالبات,high,prev_progress in workbook is informational; platform will recompute server-side from approved claims (Migration 048).
CMH_01-C01,17,195,الأدوات والتركيبات الصحية كما هو موصف وتشمل صمامات الزاوية والخلاطات و المصائد والوصلات المرنة و الانابيب القصيرة للتغذية والصرف والتهوية وكافة قطع الإكسسوار لإتمام تركيب ، علي ان تكون الاجهزة والتركيبات من النوع المرشد لاستهلاك المياه :مرحاض افرنجي ) مرجع 2-WWC (  مثبت على الحائط بخزان  طرد مخفي مع زر دفق من الصلب الذي لا يصدأ - مع غطاء للمرحاض مقاوم للبكتريا من نوع soft closing,عدد,2760.0,55.0,17.0,13.0,30.0,35880.0,54.54545454545454,بنود المطالبات,917,CMH_01_SMART.xlsx,sheet بنود المطالبات,high,prev_progress in workbook is informational; platform will recompute server-side from approved claims (Migration 048).
CMH_01-C01,17,196,الأدوات والتركيبات الصحية كما هو موصف وتشمل صمامات الزاوية والخلاطات و المصائد والوصلات المرنة و الانابيب القصيرة للتغذية والصرف والتهوية وكافة قطع الإكسسوار لإتمام تركيب ، علي ان تكون الاجهزة والتركيبات من النوع المرشد لاستهلاك المياه :مرحاض شرقي )مرجع EWC( مثبت على الحائط بخزان  طرد مخفي مع زر دفق من الصلب الذي لا يصدأ،,عدد,2160.0,23.0,6.0,4.0,10.0,8640.0,43.47826086956522,بنود المطالبات,918,CMH_01_SMART.xlsx,sheet بنود المطالبات,high,prev_progress in workbook is informational; platform will recompute server-side from approved claims (Migration 048).
CMH_01-C01,17,197,الأدوات والتركيبات الصحية كما هو موصف وتشمل صمامات الزاوية والخلاطات و المصائد والوصلات المرنة و الانابيب القصيرة للتغذية والصرف والتهوية وكافة قطع الإكسسوار لإتمام تركيب ، علي ان تكون الاجهزة والتركيبات من النوع المرشد لاستهلاك المياه :مقبض رشاش مع الخرطوم وأداة التعليق، مرجع PS,عدد,180.0,191.0,61.0,21.0,82.0,3780.0,42.93193717277487,بنود المطالبات,919,CMH_01_SMART.xlsx,sheet بنود المطالبات,high,prev_progress in workbook is informational; platform will recompute server-side from approved claims (Migration 048).
CMH_01-C01,17,198,الأدوات والتركيبات الصحية كما هو موصف وتشمل صمامات الزاوية والخلاطات و المصائد والوصلات المرنة و الانابيب القصيرة للتغذية والصرف والتهوية وكافة قطع الإكسسوار لإتمام تركيب ، علي ان تكون الاجهزة والتركيبات من النوع المرشد لاستهلاك المياه :خلاط مياة  يركب على الحوض,عدد,1080.0,208.0,35.0,82.0,117.0,88560.0,56.25,بنود المطالبات,920,CMH_01_SMART.xlsx,sheet بنود المطالبات,high,prev_progress in workbook is informational; platform will recompute server-side from approved claims (Migration 048).
CMH_01-C01,17,199, يشمل العمل كافة قطع التركيبات مثل الأكواع  والتيهات ، 40. schتوريد و تركيب انابيب فولاذية سوداء والوصلات والقارنات والنقاصات/المخفضات ومنافس الهواء الآلية وتكون الوصلات من نوع  فيكتوليك او ما يماثلها للأقطار 50 مم أو أكبر، و تكون الوصلات قلووظ للأقطار أقل من 50 مم، والبند يشمل  العلاقات والدعامات للمواسير و المحابس  و الصرف ان لزم والدهان  لكامل الشبكة كما يلزم لاتمام العمل. و بناء على توجيهات مهندس المشرف  ومتطلبات الدفاعNFPA  ويشمل البند جميع ما يلزم لاتمام الأعمال طبقا للمواصفات و طبقا لمتطلبات ال المدني من الكشف على الشبكة الحالية وفحصها كما هو موضح على المخططات و على المقاول تقديم:المخططات التنفيذية و اعتمادها قبل بدء بالتنفيذ من المهندس المشرف كما هو موصف للأقطار التالية 25 mm dia.,م.ط,108.0,3900.0,6467.0,2200.0,8667.0,237600.0,222.23076923076923,بنود المطالبات,921,CMH_01_SMART.xlsx,sheet بنود المطالبات,high,prev_progress in workbook is informational; platform will recompute server-side from approved claims (Migration 048).
CMH_01-C01,17,200,توريد و تركيب انابيب فولاذية سوداء 40.sch ، يشمل العمل كافة قطع التركيبات مثل الأكواع  والتيهات والوصلات والقارنات والنقاصات/المخفضات ومنافس الهواء الآلية وتكون الوصلات من نوع  فيكتوليك او ما يماثلها للأقطار 50 مم أو أكبر، و تكون الوصلات قلووظ للأقطار أقل من 50 مم، والبند يشمل العلاقات والدعامات للمواسير و المحابس  و الصرف ان لزم والدهان  لكامل الشبكة كما يلزم لاتمام العمل و بناء على توجيهات مهندس المشرف .ويشمل البند جميع ما يلزم لاتمام الأعمال طبقا للمواصفات و طبقا لمتطلبات الNFPA  ومتطلبات الدفاع المدني من الكشف على الشبكة الحالية وفحصها كما هو موضح على المخططات و على المقاول تقديم المخططات التنفيذية و اعتمادها قبل بدء بالتنفيذ من المهندس المشرف كما هو موصف للأقطار التالية:.mm dia 28,م.ط,138.0,323.0,382.0,300.0,682.0,41400.0,211.1455108359133,بنود المطالبات,922,CMH_01_SMART.xlsx,sheet بنود المطالبات,high,prev_progress in workbook is informational; platform will recompute server-side from approved claims (Migration 048).
CMH_01-C01,17,201,توريد و تركيب انابيب فولاذية سوداء 40.sch ، يشمل العمل كافة قطع التركيبات مثل الأكواع  والتيهات والوصلات والقارنات والنقاصات/المخفضات ومنافس الهواء الآلية وتكون الوصلات من نوع  فيكتوليك او ما يماثلها للأقطار 50 مم أو أكبر، و تكون الوصلات قلووظ للأقطار أقل من 50 مم، والبند يشمل العلاقات والدعامات للمواسير و المحابس  و الصرف ان لزم والدهان  لكامل الشبكة كما يلزم لاتمام العمل و بناء على توجيهات مهندس المشرف .ويشمل البند جميع ما يلزم لاتمام الأعمال طبقا للمواصفات و طبقا لمتطلبات الNFPA  ومتطلبات الدفاع المدني من الكشف على الشبكة الحالية وفحصها كما هو موضح على المخططات و على المقاول تقديم المخططات التنفيذية و اعتمادها قبل بدء بالتنفيذ من المهندس المشرف كما هو موصف للأقطار التالية:.mm dia 33,م.ط,192.0,660.0,795.0,750.0,1545.0,144000.0,234.0909090909091,بنود المطالبات,923,CMH_01_SMART.xlsx,sheet بنود المطالبات,high,prev_progress in workbook is informational; platform will recompute server-side from approved claims (Migration 048).
CMH_01-C01,17,202,توريد و تركيب انابيب فولاذية سوداء 40.sch ، يشمل العمل كافة قطع التركيبات مثل الأكواع  والتيهات والوصلات والقارنات والنقاصات/المخفضات ومنافس الهواء الآلية وتكون الوصلات من نوع  فيكتوليك او ما يماثلها للأقطار 50 مم أو أكبر، و تكون الوصلات قلووظ للأقطار أقل من 50 مم، والبند يشمل العلاقات والدعامات للمواسير و المحابس  و الصرف ان لزم والدهان  لكامل الشبكة كما يلزم لاتمام العمل و بناء على توجيهات مهندس المشرف .ويشمل البند جميع ما يلزم لاتمام الأعمال طبقا للمواصفات و طبقا لمتطلبات الNFPA  ومتطلبات الدفاع المدني من الكشف على الشبكة الحالية وفحصها كما هو موضح على المخططات و على المقاول تقديم المخططات التنفيذية و اعتمادها قبل بدء بالتنفيذ من المهندس المشرف كما هو موصف للأقطار التالية:.mm dia 40,م.ط,222.0,600.0,565.0,350.0,915.0,77700.0,152.5,بنود المطالبات,924,CMH_01_SMART.xlsx,sheet بنود المطالبات,high,prev_progress in workbook is informational; platform will recompute server-side from approved claims (Migration 048).
CMH_01-C01,17,203,توريد و تركيب انابيب فولاذية سوداء 40.sch ، يشمل العمل كافة قطع التركيبات مثل الأكواع  والتيهات والوصلات والقارنات والنقاصات/المخفضات ومنافس الهواء الآلية وتكون الوصلات من نوع  فيكتوليك او ما يماثلها للأقطار 50 مم أو أكبر، و تكون الوصلات قلووظ للأقطار أقل من 50 مم، والبند يشمل العلاقات والدعامات للمواسير و المحابس  و الصرف ان لزم والدهان  لكامل الشبكة كما يلزم لاتمام العمل و بناء على توجيهات مهندس المشرف .ويشمل البند جميع ما يلزم لاتمام الأعمال طبقا للمواصفات و طبقا لمتطلبات الNFPA  ومتطلبات الدفاع المدني من الكشف على الشبكة الحالية وفحصها كما هو موضح على المخططات و على المقاول تقديم المخططات التنفيذية و اعتمادها قبل بدء بالتنفيذ من المهندس المشرف كما هو موصف للأقطار التالية:.mm dia 63,م.ط,240.0,646.0,588.0,700.0,1288.0,168000.0,199.38080495356036,بنود المطالبات,925,CMH_01_SMART.xlsx,sheet بنود المطالبات,high,prev_progress in workbook is informational; platform will recompute server-side from approved claims (Migration 048).
CMH_01-C01,17,204,توريد و تركيب انابيب فولاذية سوداء 40.sch ، يشمل العمل كافة قطع التركيبات مثل الأكواع  والتيهات والوصلات والقارنات والنقاصات/المخفضات ومنافس الهواء الآلية وتكون الوصلات من نوع  فيكتوليك او ما يماثلها للأقطار 50 مم أو أكبر، و تكون الوصلات قلووظ للأقطار أقل من 50 مم، والبند يشمل العلاقات والدعامات للمواسير و المحابس  و الصرف ان لزم والدهان  لكامل الشبكة كما يلزم لاتمام العمل و بناء على توجيهات مهندس المشرف .ويشمل البند جميع ما يلزم لاتمام الأعمال طبقا للمواصفات و طبقا لمتطلبات الNFPA  ومتطلبات الدفاع المدني من الكشف على الشبكة الحالية وفحصها كما هو موضح على المخططات و على المقاول تقديم المخططات التنفيذية و اعتمادها قبل بدء بالتنفيذ من المهندس المشرف كما هو موصف للأقطار التالية:.mm dia 77,م.ط,288.0,110.0,279.0,150.0,429.0,43200.0,390,بنود المطالبات,926,CMH_01_SMART.xlsx,sheet بنود المطالبات,high,prev_progress in workbook is informational; platform will recompute server-side from approved claims (Migration 048).
CMH_01-C01,17,205,توريد و تركيب انابيب فولاذية سوداء 40.sch ، يشمل العمل كافة قطع التركيبات مثل الأكواع  والتيهات والوصلات والقارنات والنقاصات/المخفضات ومنافس الهواء الآلية وتكون الوصلات من نوع  فيكتوليك او ما يماثلها للأقطار 50 مم أو أكبر، و تكون الوصلات قلووظ للأقطار أقل من 50 مم، والبند يشمل العلاقات والدعامات للمواسير و المحابس  و الصرف ان لزم والدهان  لكامل الشبكة كما يلزم لاتمام العمل و بناء على توجيهات مهندس المشرف .ويشمل البند جميع ما يلزم لاتمام الأعمال طبقا للمواصفات و طبقا لمتطلبات الNFPA  ومتطلبات الدفاع المدني من الكشف على الشبكة الحالية وفحصها كما هو موضح على المخططات و على المقاول تقديم المخططات التنفيذية و اعتمادها قبل بدء بالتنفيذ من المهندس المشرف كما هو موصف للأقطار التالية:.mm dia 94,م.ط,324.0,314.0,204.0,196.0,400.0,63504.0,127.38853503184713,بنود المطالبات,927,CMH_01_SMART.xlsx,sheet بنود المطالبات,high,prev_progress in workbook is informational; platform will recompute server-side from approved claims (Migration 048).
CMH_01-C01,17,206,توريد و تركيب انابيب فولاذية سوداء 40.sch ، يشمل العمل كافة قطع التركيبات مثل الأكواع  والتيهات والوصلات والقارنات والنقاصات/المخفضات ومنافس الهواء الآلية وتكون الوصلات من نوع  فيكتوليك او ما يماثلها للأقطار 50 مم أو أكبر، و تكون الوصلات قلووظ للأقطار أقل من 50 مم، والبند يشمل العلاقات والدعامات للمواسير و المحابس  و الصرف ان لزم والدهان  لكامل الشبكة كما يلزم لاتمام العمل و بناء على توجيهات مهندس المشرف .ويشمل البند جميع ما يلزم لاتمام الأعمال طبقا للمواصفات و طبقا لمتطلبات الNFPA  ومتطلبات الدفاع المدني من الكشف على الشبكة الحالية وفحصها كما هو موضح على المخططات و على المقاول تقديم المخططات التنفيذية و اعتمادها قبل بدء بالتنفيذ من المهندس المشرف كما هو موصف للأقطار التالية:.mm dia 141,م.ط,360.0,200.0,452.0,170.0,622.0,61200.0,311,بنود المطالبات,928,CMH_01_SMART.xlsx,sheet بنود المطالبات,high,prev_progress in workbook is informational; platform will recompute server-side from approved claims (Migration 048).
CMH_01-C01,17,215,توريد و تركيب و اختبار رشاشات آلية اوتوماتيكية كما هو موصف رشاشات من النوع المخفي، ذات فتحة 2/1 بوصة، ومعامل 5.6 =K   ودرجة حرارة تشغيل 68 درجة مئوية,عدد,90.0,1000.0,351.0,800.0,1151.0,72000.0,115.10000000000001,بنود المطالبات,929,CMH_01_SMART.xlsx,sheet بنود المطالبات,high,prev_progress in workbook is informational; platform will recompute server-side from approved claims (Migration 048).
CMH_01-C01,17,221,وحدات VAV من أعلى العلامات التجارية جودة )BYPASS TYPE( مع سخان كهربائي ، ترموستات إلكتروني رقمي للغرفة ، فليكس. توصيلات ، تثبيت ، دعم ، عازل اهتزاز مع كافة الملحقات المطلوبة حسب المواصفات والرسومات. 01-VAV ، اجمالي الهواء 0-250 ) ق/د( استطاعة التخزين 5.1 )ك/و(,عدد,6600.0,9.0,33.0,40.0,73.0,264000.0,811.1111111111111,بنود المطالبات,930,CMH_01_SMART.xlsx,sheet بنود المطالبات,high,prev_progress in workbook is informational; platform will recompute server-side from approved claims (Migration 048).
CMH_01-C01,17,222,وحدات VAV من أعلى العلامات التجارية جودة )BYPASS TYPE( مع سخان كهربائي ، ترموستات إلكتروني رقمي للغرفة ، فليكس. توصيلات ، تثبيت ، دعم ، عازل اهتزاز مع كافة الملحقات المطلوبة حسب المواصفات والرسومات. 02-VAV ، اجمالي الهواء 0-500 ) ق/د( استطاعة التخزين 2 )ك/و(,عدد,6960.0,127.0,76.0,22.0,98.0,153120.0,77.16535433070865,بنود المطالبات,931,CMH_01_SMART.xlsx,sheet بنود المطالبات,high,prev_progress in workbook is informational; platform will recompute server-side from approved claims (Migration 048).
CMH_01-C01,17,223,وحدات VAV من أعلى العلامات التجارية جودة )BYPASS TYPE( مع سخان كهربائي ، ترموستات إلكتروني رقمي للغرفة ، فليكس. توصيلات ، تثبيت ، دعم ، عازل اهتزاز مع كافة الملحقات المطلوبة حسب المواصفات والرسومات. 03-VAV ، اجمالي الهواء 0-750 ) ق/د( استطاعة التخزين 3 )ك/و( ,عدد,7200.0,51.0,50.0,28.0,78.0,201600.0,152.94117647058823,بنود المطالبات,932,CMH_01_SMART.xlsx,sheet بنود المطالبات,high,prev_progress in workbook is informational; platform will recompute server-side from approved claims (Migration 048).
CMH_01-C01,17,224,وحدات VAV من أعلى العلامات التجارية جودة )BYPASS TYPE( مع سخان كهربائي ، ترموستات إلكتروني رقمي للغرفة ، فليكس. توصيلات ، تثبيت ، دعم ، عازل اهتزاز مع كافة الملحقات المطلوبة حسب المواصفات والرسومات. 04-VAV ، اجمالي الهواء 0-1000 ) ق/د( استطاعة التخزين 5.3 )ك/و(,عدد,7200.0,24.0,25.0,11.0,36.0,79200.0,150,بنود المطالبات,933,CMH_01_SMART.xlsx,sheet بنود المطالبات,high,prev_progress in workbook is informational; platform will recompute server-side from approved claims (Migration 048).
CMH_01-C01,17,225,وحدات VAV من أعلى العلامات التجارية جودة )BYPASS TYPE( مع سخان كهربائي ، ترموستات إلكتروني رقمي للغرفة ، فليكس. توصيلات ، تثبيت ، دعم ، عازل اهتزاز مع كافة الملحقات المطلوبة حسب المواصفات والرسومات. 05-VAV ، اجمالي الهواء 0-1500 ) ق/د( استطاعة التخزين 5.3 )ك/و(,عدد,9000.0,44.0,34.0,10.0,44.0,90000.0,100,بنود المطالبات,934,CMH_01_SMART.xlsx,sheet بنود المطالبات,high,prev_progress in workbook is informational; platform will recompute server-side from approved claims (Migration 048).
CMH_01-C01,17,226,وحدات VAV من أعلى العلامات التجارية جودة )BYPASS TYPE( مع سخان كهربائي ، ترموستات إلكتروني رقمي للغرفة ، فليكس. توصيلات ، تثبيت ، دعم ، عازل اهتزاز مع كافة الملحقات المطلوبة حسب المواصفات والرسومات. 06-VAV ، اجمالي الهواء 0-2000 ) ق/د( استطاعة التخزين 6.3 )ك/و(,عدد,10200.0,49.0,20.0,10.0,30.0,102000.0,61.224489795918366,بنود المطالبات,935,CMH_01_SMART.xlsx,sheet بنود المطالبات,high,prev_progress in workbook is informational; platform will recompute server-side from approved claims (Migration 048).
CMH_01-C01,17,227,وحدات VAV من أعلى العلامات التجارية جودة )BYPASS TYPE( مع سخان كهربائي ، ترموستات إلكتروني رقمي للغرفة ، فليكس. توصيلات ، تثبيت ، دعم ، عازل اهتزاز مع كافة الملحقات المطلوبة حسب المواصفات والرسومات. 07-VAV ، اجمالي الهواء 0-2500 ) ق/د( استطاعة التخزين 7.3 )ك/و(,عدد,10800.0,24.0,15.0,5.0,20.0,54000.0,83.33333333333334,بنود المطالبات,936,CMH_01_SMART.xlsx,sheet بنود المطالبات,high,prev_progress in workbook is informational; platform will recompute server-side from approved claims (Migration 048).
CMH_01-C01,17,230,توريد و تصنيع و تركيب أعمال مجاري  من الصفائح المعدنية المجلفنه )90G( للهواء الداخل والراجع والهواء النقي وقناة السحب حسب المواصفات القياسية SMACNA وتشمل التيهات/القطعة التائية والكوع/المرفق والتفريعات والتحويلة والدعامة وحمالة التعليق. ويجب أخذ الطول على امتداد خط المركز فوق كل قطع التركيبات، ومن المفهوم بأن السعر الإفرادي لأعمال مجاري الهواء/الأقنية محمل عليه كل دعامات حامل التعليق ومخمّد الصوت والحريق وكل قطع الإكسسوار عزل الحراري )فايبرغلاس( ثخانة 25 مم وبكثافة 24 كغ/م3 مع مانع تبخر من الألمنيوم المقوّى حسب المخططات والمواصفات و حسب تعليمات مهندس المشرف.,م.ط,300.0,7000.0,10418.0,1500.0,11918.0,450000.0,170.25714285714287,بنود المطالبات,937,CMH_01_SMART.xlsx,sheet بنود المطالبات,high,prev_progress in workbook is informational; platform will recompute server-side from approved claims (Migration 048).
CMH_01-C01,17,231,ناشرة هواء ذات فتحات طولية  للهواء الداخل مصنعة من الألمنيوم المشكل بالبثق ومطلية بمسحوق البولستركاملة، مخمدات صوت ذات أرياش متضادّة ،وصندوق حجمى معزول من الداخل بعازل صوتى وميكانيزم للتحكم فى الهواء من واجهة الناشر وكل قطع الأكسسوار حسب المواصفات والمخططات مع توفير عينات للاعتماد من مهندس المشرف. ثلاثة فتحات / ثقب 25مم عرض,م.ط,480.0,1925.0,550.0,550.0,1100.0,264000.0,57.14285714285714,بنود المطالبات,938,CMH_01_SMART.xlsx,sheet بنود المطالبات,high,prev_progress in workbook is informational; platform will recompute server-side from approved claims (Migration 048).
CMH_01-C01,17,232,ناشرة هواء ذات فتحات طولية للهواء الراجع مصنعة من الألمنيوم المشكل بالبثق ومطلية بمسحوق البولستركاملة، وكل قطع الأكسسوار حسب المواصفات والمخططات مع توفير عينات للاعتماد من مهندس المشرف. ثلاثة فتحات / ثقب 25مم عرض,م.ط,480.0,1925.0,539.0,600.0,1139.0,288000.0,59.16883116883117,بنود المطالبات,939,CMH_01_SMART.xlsx,sheet بنود المطالبات,high,prev_progress in workbook is informational; platform will recompute server-side from approved claims (Migration 048).
CMH_01-C01,17,233, جريلات تغذية من الالومينيوم مغطاة ببودرة البوليستر كاملة وجميع الملحقات حسب المخططات..والمواصفات مع توفير عينات للاعتماد من مهندس المشرف 600mm X 600mm,عدد,456.0,724.0,291.0,120.0,411.0,54720.0,56.767955801104975,بنود المطالبات,940,CMH_01_SMART.xlsx,sheet بنود المطالبات,high,prev_progress in workbook is informational; platform will recompute server-side from approved claims (Migration 048).
CMH_01-C01,17,234, جريلات رجوع من الالومينيوم مغطاة ببودرة البوليستر كاملة وجميع الملحقات حسب المخططات.والمواصفات مع توفير عينات للاعتماد من مهندس المشرف 600mm X 600mm,عدد,264.0,724.0,177.0,60.0,237.0,15840.0,32.73480662983425,بنود المطالبات,941,CMH_01_SMART.xlsx,sheet بنود المطالبات,high,prev_progress in workbook is informational; platform will recompute server-side from approved claims (Migration 048).
CMH_01-C01,17,235, جريلات لسحب الهواء من الالمونيوم مغطاة ببودرة البوليستر كاملة بجميع ملحقات التركيب وحسب.المخططات والمواصفات مع توفير عينات للاعتماد من مهندس المشرف 150mm X 150MM,عدد,210.0,102.0,102.0,38.0,140.0,7980.0,137.2549019607843,بنود المطالبات,942,CMH_01_SMART.xlsx,sheet بنود المطالبات,high,prev_progress in workbook is informational; platform will recompute server-side from approved claims (Migration 048).
CMH_01-C01,17,236,وصلات هواء مرنة مع الكلبسات المعدنية، والبراغي، والملحقات الضرورية. العزل يجب أن يكون بسماكة 25 مم وكثافة 16 كغ/م3 لناشرات الهواء الخطية ويجب ان يطابق كود الحريق NFPA 90A حسب المواصفات والمخططات مع توفير عينات للاعتماد من مهندس المشرف.Dia 150 mm,م.ط,45.6,240.0,39.6,30.4,70.0,1386.24,29.166666666666668,بنود المطالبات,943,CMH_01_SMART.xlsx,sheet بنود المطالبات,high,prev_progress in workbook is informational; platform will recompute server-side from approved claims (Migration 048).
CMH_01-C01,17,237,وصلات هواء مرنة مع الكلبسات المعدنية، والبراغي، والملحقات الضرورية. العزل يجب أن يكون بسماكة 25 مم وكثافة 16 كغ/م3 لناشرات الهواء الخطية ويجب ان يطابق كود الحريق NFPA 90A حسب المواصفات والمخططات مع توفير عينات للاعتماد من مهندس المشرف. Dia 200 mm,م.ط,54.0,2964.0,144.0,300.0,444.0,16200.0,14.979757085020243,بنود المطالبات,944,CMH_01_SMART.xlsx,sheet بنود المطالبات,high,prev_progress in workbook is informational; platform will recompute server-side from approved claims (Migration 048).
CMH_01-C01,17,238,وصلات هواء مرنة مع الكلبسات المعدنية، والبراغي، والملحقات الضرورية. العزل يجب أن يكون بسماكة 25 مم وكثافة 16 كغ/م3 لناشرات الهواء الخطية ويجب ان يطابق كود الحريق NFPA 90A حسب المواصفات والمخططات مع توفير عينات للاعتماد من مهندس المشرف. Dia 250 mm,م.ط,66.0,60.0,738.0,62.0,800.0,4092.0,1333.3333333333335,بنود المطالبات,945,CMH_01_SMART.xlsx,sheet بنود المطالبات,high,prev_progress in workbook is informational; platform will recompute server-side from approved claims (Migration 048).
CMH_01-C01,17,239, توريد و تركيب مراوح سحب الهواء )طرد مركزي فوق السطح ( تشمل عمليات الاختبار و الموازنة : تشمل عمليات التوريد و التركيب و الاختبار و التثبيت مراوح سحب الهواء )طرد مركزي فوق السطح ( سعة 6500 قدم مكعب بالدقيقة,عدد,18000.0,1.0,0.0,3.6,3.6,64800.0,360,بنود المطالبات,946,CMH_01_SMART.xlsx,sheet بنود المطالبات,high,prev_progress in workbook is informational; platform will recompute server-side from approved claims (Migration 048).
CMH_01-C01,17,243,نظام إدارة المبنى BMS    تصميم وتوريد وتركيب نظام لإدارة المبنى أتوماتيكياً على أن يكون نظام التشغيل )OPEN PROTOCOL ( حسب توصيات الاستشارى المشرف وذلك للتحكم في تشغيل ومراقبة الانظمة الميكانيكية والكهربائية التالية :                                                  ـ التشلرات والمراوح ووحدات مناولة الهواء ووحدات ملف المروحة ومضخات المياه ووحدة ضخ الهواء وإنظمة الحريق والتحكم في الأنظمة والمعدات الميكانيكية بالمبنى - والتحكم في تشغيل ومتابعة حالة اللوحات الكهربائية الرئيسية والثانوية والمصاعد وكل الأنظمة التي يراها الاستشاري لأزمة مع الأخذ في الاعتبار قابلية التوسع في المباني المستقبلية .توريد وتركيب وتوصيل نظام إدارة المباني ) BMS ( لأنظمة HVAC ، وأنظمة السباكة ، ونظام الحريق ، والأنظمة الكهربائية والخدمات الخارجية ، كاملة بما في ذلك وحدات التحكم ونقاط التحكم والأسلاك والقنوات وصناديق السحب وصناديق التوصيل الثانوية وجميع عمليات التثبيت الضرورية مستلزمات؛ كل ما هو محدد ومفصل على الرسومات والموصوفة في المواصفات. والنظام يجب ان يتضمن البرامج واجهزة التحكم واجهزة المواقع ونقاط التحكم والاسلاك المتصلة بباقي الانظمة والمواسير وعلب السحب وعلب التوصيل الثانوية وجميع اكسسوارات ومتطلبات التركيبات الضرورية وهذه الاجهزة يجب ان يتم توصيلها مع جميع انظمة شبكة IP سواء من خلال تمكين اجهزة IP او من خلال بوابة IP او الموزع ويجب ان تشمل وحدات التحكم الطرفية التركيبات الضرورية والبرمجة والدمج عند اللزوم لتأسيس الاتصال والتعامل بين اجهزة التركيبات الالكتروميكانيكية وانظمة السلامة وانظمة الامن حسب اوامر ونظام التشغيل ووفقا لنظام وحسب تعليمات مهندس المشرف و يجب ان يتوافق النظام مع الانظمة الحالية للترشيد و المراقبة و يكون النظام لكامل المبني,عدد,2520000.0,1.0,0.41000000000000003,0.23,0.64,579600.0,64,بنود المطالبات,947,CMH_01_SMART.xlsx,sheet بنود المطالبات,high,prev_progress in workbook is informational; platform will recompute server-side from approved claims (Migration 048).
CMH_01-C01,17,244,"توريد وتركيب واختبار لوحات إنارة وتغذية، 380 فولت، 3 أطوار، 60 هيرتز، مركبة على الحائط وموصّلة بالكامل، مختبرة وموضوعة في التشغيل حسب المواصفات والمخططات وتشمل خطوط النقل الأرضية وأجهزة الحماية وتوصيل نهايات الكابلات والأعمال المدنية اللازمة.PP-1,  200 A ,MCCB",عدد,9600.0,6.0,0.0,6.0,6.0,57600.0,100,بنود المطالبات,948,CMH_01_SMART.xlsx,sheet بنود المطالبات,high,prev_progress in workbook is informational; platform will recompute server-side from approved claims (Migration 048).
CMH_01-C01,17,245,"توريد وتركيب واختبار لوحات إنارة وتغذية، 380 فولت، 3 أطوار، 60 هيرتز، مركبة على الحائط وموصّلة بالكامل، مختبرة وموضوعة في التشغيل حسب المواصفات والمخططات وتشمل خطوط النقل الأرضية وأجهزة الحماية وتوصيل نهايات الكابلات والأعمال المدنية اللازمة. PP-2, 200 A , MCCB",عدد,9600.0,6.0,0.0,6.0,6.0,57600.0,100,بنود المطالبات,949,CMH_01_SMART.xlsx,sheet بنود المطالبات,high,prev_progress in workbook is informational; platform will recompute server-side from approved claims (Migration 048).
CMH_01-C01,17,246,"توريد وتركيب واختبار لوحات إنارة وتغذية، 380 فولت، 3 أطوار، 60 هيرتز، مركبة على الحائط  وموصّلة بالكامل، مختبرة وموضوعة في التشغيل حسب المواصفات والمخططات وتشمل خطوط النقل الأرضية وأجهزة الحماية وتوصيل نهايات الكابلات والأعمال المدنية اللازمة. PP-3, 200 A , MCCB",عدد,9600.0,6.0,2.0,6.0,8.0,57600.0,133.33333333333331,بنود المطالبات,950,CMH_01_SMART.xlsx,sheet بنود المطالبات,high,prev_progress in workbook is informational; platform will recompute server-side from approved claims (Migration 048).
CMH_01-C01,17,247,"توريد وتركيب واختبار لوحات إنارة وتغذية، 380 فولت، 3 أطوار، 60 هيرتز، مركبة على الحائط وموصّلة بالكامل، مختبرة وموضوعة في التشغيل حسب المواصفات والمخططات وتشمل خطوط النقل الأرضية وأجهزة الحماية وتوصيل نهايات الكابلات والأعمال المدنية اللازمة.PP-4, 200 A , MCCB",عدد,9600.0,6.0,2.0,6.0,8.0,57600.0,133.33333333333331,بنود المطالبات,951,CMH_01_SMART.xlsx,sheet بنود المطالبات,high,prev_progress in workbook is informational; platform will recompute server-side from approved claims (Migration 048).
CMH_01-C01,17,253, توريد وتركيب واختبار وفحص نقاط قوى للمقابس الكهربائية المتعددة الاستخدام بأسلاك نحاسية معزولة وذات مقطع لا يقل عن 6 مم2  في مواسير ويشتمل على المقبس و الاسلاك و PVC بمادة البلاستيك العلب وأعمال التثبيت والدعائم وكل الملحقات من لوحة التوزيع حتى المخارج وفقا للمخططات.والمواصفات الفنية  على المقاول المعاينة و فحص الشبكة الحالية و الاستفادة من التمديدات الحالية و دمجها مع التركيبات. الجديدة بعد عمل الاختبارات اللازمة و بعد الموافقة من مهندس المشرفمخرج  ومؤرض 30 أمبير ، 230 فولت 3 أسلاك ، 1 فاز لمجفف الأيدي,عدد,264.0,72.0,36.0,25.0,61.0,6600.0,84.72222222222221,بنود المطالبات,952,CMH_01_SMART.xlsx,sheet بنود المطالبات,high,prev_progress in workbook is informational; platform will recompute server-side from approved claims (Migration 048).
CMH_01-C01,17,254,توريد وتركيب وإختبار وفحص علبة خدمة من نوعية ممتازة تحتوى على  ) أ ( مقابس تغذية أرضية مزدوجة ذات أسلاك 4 مم2 كحد أدنى مركبة على الأرض وتشمل أسلاك التأريض من اللوحة حتى المقابس + )ب( مآخذ للهاتف والبيانات ذات كابلات CAT 6A UTP وحتى كابينة الداتا  وحسب مواصفات إدارة الـ IT  بالوزارة. على المقاول المعاينة و فحص الشبكة الحالية و الاستفادة من التمديدات الحالية و دمجها مع التركيبات الجديدة بعد عمل الاختبارات اللازمة و بعد الموافقة من مهندس المشرف . النوع  )A(  )تحتوى على  4 قوى & 4 داتا (,عدد,2160.0,286.0,319.0,50.0,369.0,108000.0,129.020979020979,بنود المطالبات,953,CMH_01_SMART.xlsx,sheet بنود المطالبات,high,prev_progress in workbook is informational; platform will recompute server-side from approved claims (Migration 048).
CMH_01-C01,17,255,توريد وتركيب وإختبار وفحص علبة خدمة من نوعية ممتازة تحتوى على  ) أ ( مقابس تغذية أرضية مزدوجة ذات أسلاك 4 مم2 كحد أدنى مركبة على الأرض وتشمل أسلاك التأريض من اللوحة حتى المقابس + )ب( مآخذ للهاتف والبيانات ذات كابلات CAT 6A UTP وحتى كابينة الداتا  وحسب مواصفات إدارة الـ IT  بالوزارة. على المقاول المعاينة و فحص الشبكة الحالية و الاستفادة من التمديدات الحالية و دمجها مع التركيبات الجديدة بعد عمل الاختبارات اللازمة و بعد الموافقة من مهندس المشرف . النوع )B(   )تحتوى على 2 قوى & 2 داتا (,عدد,1800.0,20.0,279.0,100.0,379.0,180000.0,1895,بنود المطالبات,954,CMH_01_SMART.xlsx,sheet بنود المطالبات,high,prev_progress in workbook is informational; platform will recompute server-side from approved claims (Migration 048).
CMH_01-C01,17,256,توريد وتركيب وإختبار وفحص علبة خدمة من نوعية ممتازة تحتوى على  ) أ ( مقابس تغذية أرضية مزدوجة ذات أسلاك 4 مم2 كحد أدنى مركبة على الأرض وتشمل أسلاك التأريض من اللوحة حتى المقابس + )ب( مآخذ للهاتف والبيانات ذات كابلات CAT 6A UTP وحتى كابينة الداتا  وحسب مواصفات إدارة الـ IT  بالوزارة. على المقاول المعاينة و فحص الشبكة الحالية و الاستفادة من التمديدات الحالية و دمجها مع التركيبات الجديدة بعد عمل الاختبارات اللازمة و بعد الموافقة من مهندس المشرف . النوع )1FB(   )تحتوى على 1 قوى (,عدد,720.0,141.0,42.0,58.0,100.0,41760.0,70.92198581560284,بنود المطالبات,955,CMH_01_SMART.xlsx,sheet بنود المطالبات,high,prev_progress in workbook is informational; platform will recompute server-side from approved claims (Migration 048).
CMH_01-C01,17,264,توريد وتركيب وتوصيل وإختبار وفحص اجهزة الإنارة ويشمل اللمبات وأقواس التركيب وحبال التعليق وقطع الأكسسوار و ايضا نقاط الانارة متضمنة مواسير/أقنية قاسية عالية التحمل PVC  أوEMT وعلب ذات أسلاك لاتقل عن 0.4 مم2 لنقطة الإنارة وتوصيل أطراف أسلاك التأريض،وكل الأعمال المساعدة كما هو محدد وموضح في المخططات. على المقاول المعاينة و فحص الشبكة الحالية و الاستفادة من التمديدات الحالية و دمجها  علما بان البند يشمل جميع الوصلات و الاسلاك و الكابلات اللازمة لنهو العمل  بعد عمل الاختبارات اللازمة و بعد الموافقة من مهندس المشرف . Type A2,عدد,1044.0,1113.0,866.0,80.0,946.0,83520.0,84.99550763701707,بنود المطالبات,956,CMH_01_SMART.xlsx,sheet بنود المطالبات,high,prev_progress in workbook is informational; platform will recompute server-side from approved claims (Migration 048).
CMH_01-C01,17,274,توريد وتركيب وتوصيل وإختبار وفحص اجهزة الإنارة ويشمل اللمبات وأقواس التركيب وحبال التعليق وقطع الأكسسوار و ايضا نقاط الانارة متضمنة مواسير/أقنية قاسية عالية التحمل PVC  أوEMT وعلب ذات أسلاك لاتقل عن 0.4 مم2 لنقطة الإنارة وتوصيل أطراف أسلاك التأريض،وكل الأعمال المساعدة كما هو محدد وموضح في المخططات.على المقاول المعاينة و فحص الشبكة الحالية و الاستفادة من التمديدات الحالية و دمجها  علما بان البند يشمل جميع الوصلات و الاسلاك و الكابلات اللازمة لنهو العمل  بعد عمل الاختبارات اللازمة و بعد الموافقة من مهندس المشرف .Type C1,عدد,1128.0,172.0,89.0,46.0,135.0,51888.0,78.48837209302324,بنود المطالبات,957,CMH_01_SMART.xlsx,sheet بنود المطالبات,high,prev_progress in workbook is informational; platform will recompute server-side from approved claims (Migration 048).
CMH_01-C01,17,275,توريد وتركيب وتوصيل وإختبار وفحص اجهزة الإنارة ويشمل اللمبات وأقواس التركيب وحبال التعليق وقطع الأكسسوار و ايضا نقاط الانارة متضمنة مواسير/أقنية قاسية عالية التحمل PVC  أوEMT وعلب ذات أسلاك لاتقل عن 0.4 مم2 لنقطة الإنارة وتوصيل أطراف أسلاك التأريض،وكل الأعمال المساعدة كما هو محدد وموضح في المخططات. على المقاول المعاينة و فحص الشبكة الحالية و الاستفادة من التمديدات الحالية و دمجها  علما بان البند يشمل جميع الوصلات و الاسلاك و الكابلات اللازمة لنهو العمل  بعد عمل الاختبارات اللازمة و بعد الموافقة من مهندس المشرف .Type C2,عدد,420.0,1422.0,991.0,250.0,1241.0,105000.0,87.27144866385372,بنود المطالبات,958,CMH_01_SMART.xlsx,sheet بنود المطالبات,high,prev_progress in workbook is informational; platform will recompute server-side from approved claims (Migration 048).
CMH_01-C01,17,286,توريد وتركيب وتوصيل وإختبار وفحص اجهزة الإنارة ويشمل اللمبات وأقواس التركيب وحبال التعليق وقطع الأكسسوار و ايضا نقاط الانارة متضمنة مواسير/أقنية قاسية عالية التحمل PVC  أوEMT وعلب ذات أسلاك لاتقل عن 0.4 مم2 لنقطة الإنارة وتوصيل أطراف أسلاك التأريض،وكل الأعمال المساعدة كما هو محدد وموضح في المخططات. على المقاول المعاينة و فحص الشبكة الحالية و الاستفادة من التمديدات الحالية و دمجها  علما بان البند يشمل جميع الوصلات و الاسلاك و الكابلات اللازمة لنهو العمل  بعد عمل الاختبارات اللازمة و بعد الموافقة من مهندس المشرف . Type E2,عدد,504.0,186.0,183.0,22.0,205.0,11088.0,110.21505376344085,بنود المطالبات,959,CMH_01_SMART.xlsx,sheet بنود المطالبات,high,prev_progress in workbook is informational; platform will recompute server-side from approved claims (Migration 048).
CMH_01-C01,17,288,توريد وتركيب وتوصيل وإختبار وفحص اجهزة الإنارة ويشمل اللمبات وأقواس التركيب وحبال التعليق وقطع الأكسسوار و ايضا نقاط الانارة متضمنة مواسير/أقنية قاسية عالية التحمل PVC  أوEMT وعلب ذات أسلاك لاتقل عن 0.4 مم2 لنقطة الإنارة وتوصيل أطراف أسلاك التأريض،وكل الأعمال المساعدة كما هو محدد وموضح في المخططات. على المقاول المعاينة و فحص الشبكة الحالية و الاستفادة من التمديدات الحالية و دمجها  علما بان البند يشمل جميع الوصلات و الاسلاك و الكابلات اللازمة لنهو العمل  بعد عمل الاختبارات اللازمة و بعد الموافقة من مهندس المشرف .Type LB1,م.ط,170.4,5772.0,4002.0,2400.0,6402.0,408960.0,110.91476091476092,بنود المطالبات,960,CMH_01_SMART.xlsx,sheet بنود المطالبات,high,prev_progress in workbook is informational; platform will recompute server-side from approved claims (Migration 048).
CMH_01-C01,17,309, كاشف انذار دخان من النوع المعنون طبقا للمخططات  ومواصفات المشروع,عدد,276.0,715.0,155.0,300.0,455.0,82800.0,63.63636363636363,بنود المطالبات,961,CMH_01_SMART.xlsx,sheet بنود المطالبات,high,prev_progress in workbook is informational; platform will recompute server-side from approved claims (Migration 048).
CMH_01-C01,17,311, وحدة إنذار حريق يدوية من النوع المعنون طبقا للمخططات  ومواصفات المشروع,عدد,384.0,54.0,7.0,10.0,17.0,3840.0,31.48148148148148,بنود المطالبات,962,CMH_01_SMART.xlsx,sheet بنود المطالبات,high,prev_progress in workbook is informational; platform will recompute server-side from approved claims (Migration 048).
CMH_01-C01,17,313,وحدة تحكم  )Control module( من النوع المعنون طبقا للمخططات  ومواصفات المشروع,عدد,420.0,69.0,15.0,50.0,65.0,21000.0,94.20289855072464,بنود المطالبات,963,CMH_01_SMART.xlsx,sheet بنود المطالبات,high,prev_progress in workbook is informational; platform will recompute server-side from approved claims (Migration 048).
CMH_01-C01,17,314,وحدة جرس إنذار حريق داخلى طبقا للمخططات  ومواصفات المشروع,عدد,576.0,24.0,5.0,10.0,15.0,5760.0,62.5,بنود المطالبات,964,CMH_01_SMART.xlsx,sheet بنود المطالبات,high,prev_progress in workbook is informational; platform will recompute server-side from approved claims (Migration 048).
CMH_01-C01,17,316,وحدات لاسلكية لتوفير خدمة شبكة المعلومات )Wireless Access Points(,عدد,1080.0,181.0,66.0,10.0,76.0,10800.0,41.988950276243095,بنود المطالبات,965,CMH_01_SMART.xlsx,sheet بنود المطالبات,high,prev_progress in workbook is informational; platform will recompute server-side from approved claims (Migration 048).
CMH_01-C01,17,317,عن طريق مقاول متخصص ذو خبرة كبيرة في هذا المجال ويقدم للاعتماد من إدارة الـ IT بالوزارة و يربط النظام مع الانظمة المعنية بالتحكم و الموازنة و يشمل البند جميع الوصلات و الكابلات و غيرها من المتطلبات الخاصة بنهو النظام كاملا توريد وتركيب واختبارنقاط كاميرا مراقبة داخلية سقفية و جميع ما يلزم من توصيلات و تركيبات و خلافة  لنهو النظام .,عدد,2640.0,258.0,113.0,80.0,193.0,211200.0,74.8062015503876,بنود المطالبات,966,CMH_01_SMART.xlsx,sheet بنود المطالبات,high,prev_progress in workbook is informational; platform will recompute server-side from approved claims (Migration 048).
CMH_01-C01,17,330,"خزانة تجهيزات 42 U مقاس 2000×1000×800 ملم من أجود األنواع العالمية مع جميع االكسسوارات الالزمة من قاطع رئيسي 32( أمبير) وموزعات و مراوح و منظمات مسير الكوابل و كل
ما يلزم التمام العمل وحسب مواصفات وتعليمات إدارة الـ IT بالوزارة.",عدد,66000.0,12.0,5.0,2.0,7.0,132000.0,58.333333333333336,بنود المطالبات,967,CMH_01_SMART.xlsx,sheet بنود المطالبات,high,prev_progress in workbook is informational; platform will recompute server-side from approved claims (Migration 048).
CMH_01-C01,17,332,لوحات توزيع كابالت نحاسية Panel Patch a 6 CAT مع الوصالت لعدد 24 مخرج,عدد,2400.0,55.0,24.0,10.0,34.0,24000.0,61.81818181818181,بنود المطالبات,968,CMH_01_SMART.xlsx,sheet بنود المطالبات,high,prev_progress in workbook is informational; platform will recompute server-side from approved claims (Migration 048).
CMH_01-C01,17,340,ازالة وتكسير وترحيل ارضيات الخرسانة,م²,69.42,0.0,1448.0,552.0,2000.0,38319.840000000004,,بنود المطالبات,969,CMH_01_SMART.xlsx,sheet بنود المطالبات,high,prev_progress in workbook is informational; platform will recompute server-side from approved claims (Migration 048).
CMH_01-C01,17,344,"تصنيع و توريد و تركيب شباك دبل أكشن (Tilt &turn)مقاس
 (1.0متر *3.0متر ) ثابت مع مفصلات ",م²,1665.0,0.0,33.0,9.0,42.0,14985.0,,بنود المطالبات,970,CMH_01_SMART.xlsx,sheet بنود المطالبات,high,prev_progress in workbook is informational; platform will recompute server-side from approved claims (Migration 048).
CMH_01-C01,17,345,"تصنيع و توريد و تركيب شباك دبل أكشن (Tilt &turn)مقاس
 1.0 متر * 4.40متر ) ثابت مع مفصلات ",م²,1665.0,0.0,0.0,8.0,8.0,13320.0,,بنود المطالبات,971,CMH_01_SMART.xlsx,sheet بنود المطالبات,high,prev_progress in workbook is informational; platform will recompute server-side from approved claims (Migration 048).
CMH_01-C01,17,346,"
توريد وتركيب مرحاض افرنجي مثبت على الحائط  مع محبس دفق (Flush valve)  مع زر دفق من الكروم ، مع غطاء للمرحاض مقاوم للبكتريا من نوع soft closing",عدد,2408.39,0.0,30.0,20.0,50.0,48167.799999999996,,بنود المطالبات,972,CMH_01_SMART.xlsx,sheet بنود المطالبات,high,prev_progress in workbook is informational; platform will recompute server-side from approved claims (Migration 048).
CMH_01-C01,17,347,"
توريد وتركيب مرحاض افرنجي مثبت على الحائط  مع محبس دفق (Flush valve) مزود بحساس مع زر دفق من الكروم، مع غطاء للمرحاض مقاوم للبكتريا من نوع soft closing",عدد,4186.79,0.0,0.0,14.0,14.0,58615.06,,بنود المطالبات,973,CMH_01_SMART.xlsx,sheet بنود المطالبات,high,prev_progress in workbook is informational; platform will recompute server-side from approved claims (Migration 048).
CMH_01-C01,17,362,"01-MT 02& MT رخام مون ستون غراي رمادي فاتح و رمادي غامق 
مقاس  1200× 300 مم لمنطقة القهوة و المدخل سماكة 30مم .",م²,609.0,0.0,0.0,344.0,344.0,209496.0,,بنود المطالبات,974,CMH_01_SMART.xlsx,sheet بنود المطالبات,high,prev_progress in workbook is informational; platform will recompute server-side from approved claims (Migration 048).
CMH_01-C01,17,364,رخام رمادي بيترا غراي للدور السادس ألواح مقاس 1000× 1000 مم بحسب اعتماد المهندس سماكة 30مم,م²,717.0,0.0,492.0,660.0,1152.0,473220.0,,بنود المطالبات,975,CMH_01_SMART.xlsx,sheet بنود المطالبات,high,prev_progress in workbook is informational; platform will recompute server-side from approved claims (Migration 048).
CMH_01-C01,17,367, توريد و تركيب حوض خدمة  (JANITOR SINK) والبند يشمل كوع الصرف والخلاط وجميع ما يلزم للتركيب والتثبيت,عدد,2445.0,0.0,8.0,11.0,19.0,26895.0,,بنود المطالبات,976,CMH_01_SMART.xlsx,sheet بنود المطالبات,high,prev_progress in workbook is informational; platform will recompute server-side from approved claims (Migration 048).
CMH_01-C01,18,5,صبة أسمنتية كطبقة حماية للعزل في الأماكن الرطبة. ويشمل السعر وأي مواد أو أعمال يتطلبها تنفيذ العمل حسب المواصفات والمخططات وتعليمات المهندس المشرف.,م3,366.0,1345.0,195.32,211.0,406.32,77226.0,30.209665427509293,بنود المطالبات,977,CMH_01_SMART.xlsx,sheet بنود المطالبات,high,prev_progress in workbook is informational; platform will recompute server-side from approved claims (Migration 048).
CMH_01-C01,18,6,توريد وبناء مباني من البلوك  مقاوم للحريق شاملا المونة والفواصل وأربطة التثبيت والتسليح الرأسي وعتبات جميع الفتحات وعزل الجدران المزدوجة المفرّغة والمكملات ويتم توريد البلوك بالموقع على قواعد خشبية مغطاه بالبلاستيك ويستمر على هذه الحالة حتى يبدأ استخدامه للبناء على أن يكون ذو ابعاد بطول 40سم وسماكة حسب المطلوب وارتفاع 20سم وان تكون صلد سليم نظيف وذو زوايا خارجية قائمة يستعمل لبناء الحوائط حسب ما هو موضح بالمخططات مع التكحيل ويكون  مطابق للمواصفات حسب النوعيه المطلوبة والسعر يشمل كل مايلزم للبناء من البلوك الكامل والقطع الخاصة سواء 5.0 أو 25.0 ، كذلك القطع الخاصة بتمديد المواسير بحيث لا يتم تكسير البلوك أثناء الاستخدام للبناء على الأطلاق ، بالإضافة إلى كافة المواد والاكسسوارات والسقايل واستعمال الشبك الممدد والتسليح بواسطة خوابير معدنية والمرابط المعدنية ويشمل السعر أي مواد أو أعمال يتطلبها استكمال العمل حسب المواصفات  القسم Ref drawing: 07-MRA-DD-(as per floor number) وتعليمات المهندس المشرف 04200Ar-100,م2,150.0,450.0,3680.51,978.0,4658.51,146700.0,1035.2244444444445,بنود المطالبات,978,CMH_01_SMART.xlsx,sheet بنود المطالبات,high,prev_progress in workbook is informational; platform will recompute server-side from approved claims (Migration 048).
CMH_01-C01,18,22,توريد وتركيب وزرات خشب )Mdf( مع قشرة جوز بارتفاع 100مم وسمك 12مم شاملا التثبيت والدهانات والتشطيب والتلميع. ويشمل السعر أي مواد أو أعمال يتطلبها انهاء العمل طبقا للموضح بالمواصفات والمخططات وتعليمات المهندس المشرف .Ref drawing: 07-MRA-DD-(as per floor number)-AR-301,م.ط,42.0,4532.0,1554.0,1600.0,3154.0,67200.0,69.59399823477493,بنود المطالبات,979,CMH_01_SMART.xlsx,sheet بنود المطالبات,high,prev_progress in workbook is informational; platform will recompute server-side from approved claims (Migration 048).
CMH_01-C01,18,23,توريد وتركيب وزرات خشب )Mdf( مع قشرة ،وينغي بارتفاع 100مم وسمك 12مم شاملا التثبيت والدهانات والتشطيب والتلميع. ويشمل السعر أي مواد أو أعمال يتطلبها انهاء العمل طبقا للموضح بالمواصفات والمخططات وتعليمات المهندس المشرفRef drawing: 07-MRA-DD-(as per floor number)-AR-301,م.ط,42.0,700.0,425.0,130.0,555.0,5460.0,79.28571428571428,بنود المطالبات,980,CMH_01_SMART.xlsx,sheet بنود المطالبات,high,prev_progress in workbook is informational; platform will recompute server-side from approved claims (Migration 048).
CMH_01-C01,18,24,"تصنيع وتركيب جدار خشبي ) Mdf(  مع قشرة السنديان المطلي بدهان ابيض تثبت على هيكل معدني، مع تصميم  فتحات على شكل مثلثات مضاءة من الداخل واحجام بمستويات مختلفة، حسب المناظير والرسومات وتعليمات المهندس المشرف.Code: WDP1-01,WDP1-02,WDP1-02.A",م2,714.0,431.0,0.0,200.0,200.0,142800.0,46.403712296983755,بنود المطالبات,981,CMH_01_SMART.xlsx,sheet بنود المطالبات,high,prev_progress in workbook is informational; platform will recompute server-side from approved claims (Migration 048).
CMH_01-C01,18,30,"تصنيع وتركيب كسوة من الخشب للجدران ويكون النمط والحجم كما هو موضح بالرسومات ويشمل السعر أي مواد أو أعمال يتطلبها إنهاء العمل حسب المواصفات والمخططات وتعليمات المهندس المشرف. Ref drawing: 07-MRA-DD-(as per floor number)-AR-600 to 07-MRA-DD-(as  per floor number)-AR-604كسوة من خشب الـ) Mdf(  ، مع قشرة السنديان المطلي بدهان ابيض  مع غروف وفتحات إضاءة مخفية مغلفة من الداخل بطبقة Acrylic مغشى  حسب الرسومات والمناظير وتعليمات المهندس المشرف.Code: WDP1-03, WDP1-04, WDP1-05, WDP1-06",م2,570.0,456.0,415.0,70.0,485.0,39900.0,106.35964912280701,بنود المطالبات,982,CMH_01_SMART.xlsx,sheet بنود المطالبات,high,prev_progress in workbook is informational; platform will recompute server-side from approved claims (Migration 048).
CMH_01-C01,18,33,تصنيع وتركيب كسوة من الخشب للجدران ويكون النمط والحجم كما هو موضح بالرسومات ويشمل السعر أي مواد أو أعمال يتطلبها إنهاء العمل حسب المواصفات والمخططات وتعليمات المهندس المشرف.Ref drawing: 07-MRA-DD-(as per floor number)-AR-600 to 07-MRA-DD (as per floor number)-AR-604كسوة من خشب الـ) Mdf(  ، مع قشرة  )walnut( لمدخل كبار الشخصيات ومكتب مدير مكتب معالي الوزير     حسب الرسومات والمناظير وتعليمات المهندس المشرف.Code: WDP7,م2,570.0,118.0,158.0,30.0,188.0,17100.0,159.32203389830508,بنود المطالبات,983,CMH_01_SMART.xlsx,sheet بنود المطالبات,high,prev_progress in workbook is informational; platform will recompute server-side from approved claims (Migration 048).
CMH_01-C01,18,34,تصنيع وتركيب كسوة من الخشب للجدران ويكون النمط والحجم كما هو موضح بالرسومات ويشمل السعر أي مواد أو أعمال يتطلبها إنهاء العمل حسب المواصفات والمخططات وتعليمات المهندس المشرف. Ref drawing: 07-MRA-DD-(as per floor number)-AR-600 to 07-MRA-DD-(as  per floor number)-AR-604كسوة من خشب الـ)Mdf( ، مع قشرة صناعية بلون رمادي بيج لمنطقة معالي الوزير   حسب الرسومات والمناظير وتعليمات المهندس المشرف.Code: WDP8,م2,870.0,758.0,1405.0,50.0,1455.0,43500.0,191.95250659630608,بنود المطالبات,984,CMH_01_SMART.xlsx,sheet بنود المطالبات,high,prev_progress in workbook is informational; platform will recompute server-side from approved claims (Migration 048).
CMH_01-C01,18,35,تصنيع وتركيب كسوة من الخشب للجدران ويكون النمط والحجم كما هو موضح بالرسومات ويشمل السعر أي مواد أو أعمال يتطلبها إنهاء العمل حسب المواصفات والمخططات وتعليمات المهندس المشرف. Ref drawing: 07-MRA-DD-(as per floor number)-AR-600 to 07-MRA-DD-(as  per floor number)-AR-604كسوة من خشب الـ)Mdf( ،  مع قشرة ال )wenge( بشكل pattern مفرغة من الداخل مع ايطار خشبي ملبس بجلد لون بيج ومثبتة على الجدار الخشبي  لمنطقة معالي الوزير  حسب الرسومات والمناظير  وتعليمات المهندس المشرف.Code: P1,م2,1080.0,60.0,53.0,9.0,62.0,9720.0,103.33333333333334,بنود المطالبات,985,CMH_01_SMART.xlsx,sheet بنود المطالبات,high,prev_progress in workbook is informational; platform will recompute server-side from approved claims (Migration 048).
CMH_01-C01,18,36,تصنيع وتركيب كسوة من الخشب للجدران ويكون النمط والحجم كما هو موضح بالرسومات ويشمل السعر أي مواد أو أعمال يتطلبها إنهاء العمل حسب المواصفات والمخططات وتعليمات المهندس المشرف. Ref drawing: 07-MRA-DD-(as per floor number)-AR-600 to 07-MRA-DD-(as  per floor number)-AR-604كسوة من خشب الـ)Mdf(  ،  مع قشرة ال )wenge( بشكل pattern مفرغة من الداخل مع ايطار خشبي ومثبتة على الجدار الخشبي  لمنطقة التنفيذيين حسب الرسومات والمناظير وتعليمات المهندس المشرف.Code: P2,م2,960.0,75.0,47.0,10.0,57.0,9600.0,76,بنود المطالبات,986,CMH_01_SMART.xlsx,sheet بنود المطالبات,high,prev_progress in workbook is informational; platform will recompute server-side from approved claims (Migration 048).
CMH_01-C01,18,37,تصنيع وتركيب كسوة من الخشب للاسقف ويكون النمط والحجم كما هو موضح بالرسومات ويشمل السعر أي مواد أو أعمال يتطلبها إنهاء العمل حسب المواصفات والمخططات وتعليمات المهندس المشرف.]Ref drawing: 07-MRA-DD-(as per floor number)-AR-200 سقف من خشب الـ)Mdf( ،  مطلي بدهان أبيض بشكل pattern مفرغة من الداخل  ومثبتة على ألواح خشبية مع قشرة الجوز مثبتة بنظام تعليق متصلة بالسقف الخرساني  لمنطقة معالي الوزير حسب الرسومات والمناظير وتعليمات المهندس المشرف.Code: WDC-04,م2,1080.0,162.0,108.0,22.0,130.0,23760.0,80.24691358024691,بنود المطالبات,987,CMH_01_SMART.xlsx,sheet بنود المطالبات,high,prev_progress in workbook is informational; platform will recompute server-side from approved claims (Migration 048).
CMH_01-C01,18,38,صنيع وتركيب كسوة من الخشب للاسقف ويكون النمط والحجم كما هو موضح بالرسومات ويشمل السعر أي مواد أو أعمال يتطلبها إنهاء العمل حسب المواصفات والمخططات وتعليمات المهندس المشرف.Ref drawing: 07-MRA-DD-(as per floor number)-AR-200سطح خشبي من من خشب الـ)Mdf(  مع قشرة صناعية بحسب العينة الموافق عليها وغروف مثبتة بنظام تعليق متصلة بالسقف الخرساني حسب الرسومات والمناظير وتعليمات المهندس المشرف.Code: WDC-01 & WDC-02,م2,840.0,684.0,548.0,80.0,628.0,67200.0,91.81286549707602,بنود المطالبات,988,CMH_01_SMART.xlsx,sheet بنود المطالبات,high,prev_progress in workbook is informational; platform will recompute server-side from approved claims (Migration 048).
CMH_01-C01,18,39,تصنيع وتركيب كسوة من الخشب للاسقف ويكون النمط والحجم كما هو موضح بالرسومات ويشمل السعر أي مواد أو أعمال يتطلبها إنهاء العمل حسب المواصفات والمخططات وتعليمات المهندس المشرف.Ref drawing: 07-MRA-DD-(as per floor number)-AR-200سطح خشبي03-WDC من من خشب الـ)Mdf( على شكل مربعات بسماكة تصميم  5سم، وفتحات على شكل مثلث مع اضاءة مخفية مغلفة من الاعلى بطبقة Acrylic شفاف مغشى سماكة 4مم مثبتة بنظام تعليق متصلة بالسقف الخرساني حسب الرسومات والمناظير وتعليمات المهندس المشرف.Code: WDC-03,م2,780.0,64.0,49.0,3.0,52.0,2340.0,81.25,بنود المطالبات,989,CMH_01_SMART.xlsx,sheet بنود المطالبات,high,prev_progress in workbook is informational; platform will recompute server-side from approved claims (Migration 048).
CMH_01-C01,18,40,تصنيع وتركيب خزائن خشبية ويكون النمط والحجم كما هو موضح بالرسومات ويشمل السعر أي مواد أو أعمال يتطلبها إنهاء العمل حسب المواصفات والمخططات وتعليمات المهندس المشرف.Ref drawing: 07-MRA-DD-(as per floor number)-AR-605خزانة خشبية01-WDC و 02-WDC من خشب الـ ) Mdf ( متداخلة الالوان من قشرة صناعية بحسب  العينة الموافق عليها والدهان الرمادي  على شكل وهيئة الاسطح الاسمنتية مثبتة على القواطع الجبسية مع اضاءة مخفية ومفصلات ومقابض مخفية وتصميم حسب الرسومات والمناظير وتعليمات المهندس المشرف.,م2,1440.0,72.0,30.0,6.0,36.0,8640.0,50,بنود المطالبات,990,CMH_01_SMART.xlsx,sheet بنود المطالبات,high,prev_progress in workbook is informational; platform will recompute server-side from approved claims (Migration 048).
CMH_01-C01,18,41,تصنيع وتركيب خزائن خشبية ويكون النمط والحجم كما هو موضح بالرسومات ويشمل السعر أي مواد أو أعمال يتطلبها إنهاء العمل حسب المواصفات والمخططات وتعليمات المهندس المشرفRef drawing: 07-MRA-DD-(as per floor number)-AR-605خزانة خشبية03-WDC  من خشب الـ ) Mdf (  مع قشرة صناعية بحسب العينة الموافق عليها مثبتة على القواطع الجبسية  مع غروف ومفصلات ومقابض مخفية ،  حسب الرسومات والمناظير,م2,1440.0,78.0,53.0,10.0,63.0,14400.0,80.76923076923077,بنود المطالبات,991,CMH_01_SMART.xlsx,sheet بنود المطالبات,high,prev_progress in workbook is informational; platform will recompute server-side from approved claims (Migration 048).
CMH_01-C01,18,42,تصنيع وتركيب خزائن خشبية ويكون النمط والحجم كما هو موضح بالرسومات ويشمل السعر أي مواد أو أعمال يتطلبها إنهاء العمل حسب المواصفات والمخططات وتعليمات المهندس المشرف.Ref drawing: 07-MRA-DD-(as per floor number)-AR-605خزانة خشبية04-WDC   من خشب الـ ) Mdf (  مطلية بدهان رمادي على شكل وهيئة الاسطح الاسمنتية مع غروف ومفصلات ومقابض مخفية ، وارفف مفتوحة من قشرة الجوز ،واضاءة مخفية ، مثبتة على الجدار الخارجي حسب الرسومات والمناظير  وتعليمات المهندس المشرف.,م2,1200.0,297.0,173.0,40.0,213.0,48000.0,71.71717171717171,بنود المطالبات,992,CMH_01_SMART.xlsx,sheet بنود المطالبات,high,prev_progress in workbook is informational; platform will recompute server-side from approved claims (Migration 048).
CMH_01-C01,18,46,توريد وتركيب باب زجاجي من نوع سيكوريت بسمك 12مم ويشمل السعر التثبيت والاطار من الالمنيوم الأسود المطلي بدهان بودرة بالفرن والخردوات وماكينة دفاش للإغلاق الذاتي مع ملصقات بحسب التصميم. ويشمل السعر أي مواد أو أعمال يتطلبها استكمال العمل حسب المواصفات والمخططات وتعليمات االمهندس المشرف.Ref drawing: 07-MRA-DD-(as per floor number)-AR-801 بعرض 1000 مم وارتفاع 2700 مم  GD01باب ضلفة واحدة  نموذج,عدد,2580.0,238.0,146.0,50.0,196.0,129000.0,82.35294117647058,بنود المطالبات,993,CMH_01_SMART.xlsx,sheet بنود المطالبات,high,prev_progress in workbook is informational; platform will recompute server-side from approved claims (Migration 048).
CMH_01-C01,18,47,توريد وتركيب باب زجاجي من نوع سيكوريت بسمك 12مم ويشمل السعر التثبيت والاطار من الالمنيوم الأسود المطلي بدهان بودرة بالفرن والخردوات وماكينة دفاش للإغلاق الذاتي مع ملصقات بحسب التصميم. ويشمل السعر أي مواد أو أعمال يتطلبها استكمال العمل حسب المواصفات والمخططات وتعليمات االمهندس المشرف. Ref drawing: 07-MRA-DD-(as per floor number)-AR-801   بعرض 1800 مم وارتفاع 2600 مم  GD02باب ضلفتين  نموذج ,عدد,4020.0,37.0,20.0,10.0,30.0,40200.0,81.08108108108108,بنود المطالبات,994,CMH_01_SMART.xlsx,sheet بنود المطالبات,high,prev_progress in workbook is informational; platform will recompute server-side from approved claims (Migration 048).
CMH_01-C01,18,48,توريد وتركيب باب زجاجي من نوع سيكوريت بسمك 12مم ويشمل السعر التثبيت والاطار من الالمنيوم الأسود المطلي بدهان بودرة بالفرن والخردوات وماكينة دفاش للإغلاق الذاتي مع ملصقات بحسب التصميم. ويشمل السعر أي مواد أو أعمال يتطلبها استكمال العمل حسب المواصفات والمخططات وتعليمات االمهندس المشرف. Ref drawing: 07-MRA-DD-(as per floor number)-AR-801 بعرض 1800 مم وارتفاع 2100 مم  GD03باب ضلفتين  نموذج ,عدد,3600.0,5.0,2.0,2.0,4.0,7200.0,80,بنود المطالبات,995,CMH_01_SMART.xlsx,sheet بنود المطالبات,high,prev_progress in workbook is informational; platform will recompute server-side from approved claims (Migration 048).
CMH_01-C01,18,49,توريد وتركيب باب من قطاعات الخشب شبه المصمت بسمك 44مم مكون من قواطيع خشب داخليه بحشو  mdf مع قشرة الجوز  والحلق من الخشب السويدي المسطم المقاوم للرطوبة مع تشطيب نهائي من قشرة الجوز والبند يشمل جميع الإكسسوارات اللازمه من مفصلات ودفاش من النوع المخفي ومقابض وربل كاتم لصوت الإغلاق ودهانات  و إنهاء جميع الأعمال على الوجه الأكمل طبقا للمخططات واصول الصناعة  والمواصفات الفنية وتعليمات االمهندس المشرف. Ref drawing: 07-MRA-DD-(as per floor number)-AR-800 بعرض 2000 مم وارتفاع 2200 مم  WD07باب مروحة ضلفتين  نموذج ,عدد,5280.0,13.0,8.0,4.0,12.0,21120.0,92.3076923076923,بنود المطالبات,996,CMH_01_SMART.xlsx,sheet بنود المطالبات,high,prev_progress in workbook is informational; platform will recompute server-side from approved claims (Migration 048).
CMH_01-C01,18,50,توريد وتركيب باب من قطاعات الخشب شبه المصمت بسمك 44مم مكون من قواطيع خشب داخليه بحشو  mdf مع قشرة الجوز  والحلق من الخشب السويدي المسطم المقاوم للرطوبة مع تشطيب نهائي من قشرة الجوز والبند يشمل جميع الإكسسوارات اللازمه من مفصلات ودفاش من النوع المخفي ومقابض وربل كاتم لصوت الإغلاق ودهانات  و إنهاء جميع الأعمال على الوجه الأكمل طبقا للمخططات واصول الصناعة  والمواصفات الفنية وتعليمات االمهندس المشرف. Ref drawing: 07-MRA-DD-(as per floor number)-AR-800 بعرض1000 مم وارتفاع 2200 مم  WD06باب مروحة ضلفة واحدة  نموذج ,عدد,2400.0,13.0,8.0,1.0,9.0,2400.0,69.23076923076923,بنود المطالبات,997,CMH_01_SMART.xlsx,sheet بنود المطالبات,high,prev_progress in workbook is informational; platform will recompute server-side from approved claims (Migration 048).
CMH_01-C01,18,51,توريد وتركيب باب من قطاعات الخشب شبه المصمت بسمك 44مم مكون من قواطيع خشب داخليه بحشو  mdf مع قشرة الجوز  والحلق من الخشب السويدي المسطم المقاوم للرطوبة مع تشطيب نهائي من قشرة الجوز والبند يشمل جميع الإكسسوارات اللازمه من مفصلات ودفاش من النوع المخفي ومقابض وربل كاتم لصوت الإغلاق ودهانات  و إنهاء جميع الأعمال على الوجه الأكمل طبقا للمخططات واصول الصناعة  والمواصفات الفنية وتعليمات االمهندس المشرف. Ref drawing: 07-MRA-DD-(as per floor number)-AR-800 بعرض 900 مم وارتفاع 2200 مم  WD05باب مروحة ضلفة واحدة  نموذج ,عدد,2400.0,47.0,18.0,6.0,24.0,14400.0,51.06382978723404,بنود المطالبات,998,CMH_01_SMART.xlsx,sheet بنود المطالبات,high,prev_progress in workbook is informational; platform will recompute server-side from approved claims (Migration 048).
CMH_01-C01,18,52,توريد وتركيب باب من قطاعات الخشب شبه المصمت بسمك 44مم مكون من قواطيع خشب داخليه بحشو  mdf مع قشرة الجوز  والحلق من الخشب السويدي المسطم المقاوم للرطوبة مع تشطيب نهائي من قشرة الجوز والبند يشمل جميع الإكسسوارات اللازمه من مفصلات ودفاش من النوع المخفي ومقابض وربل كاتم لصوت الإغلاق ودهانات  و إنهاء جميع الأعمال على الوجه الأكمل طبقا للمخططات واصول الصناعة  والمواصفات الفنية وتعليمات االمهندس المشرف. Ref drawing: 07-MRA-DD-(as per floor number)-AR-800 بعرض 800 مم وارتفاع 2200 مم  WD04باب مروحة ضلفة واحدة  نموذج ,عدد,2400.0,48.0,18.0,17.0,35.0,40800.0,72.91666666666666,بنود المطالبات,999,CMH_01_SMART.xlsx,sheet بنود المطالبات,high,prev_progress in workbook is informational; platform will recompute server-side from approved claims (Migration 048).
CMH_01-C01,18,53,توريد وتركيب باب من قطاعات الخشب شبه المصمت بسمك 44مم مكون من قواطيع خشب داخليه بحشو  mdf مع قشرة الجوز  والحلق من الخشب السويدي المسطم المقاوم للرطوبة مع تشطيب نهائي من قشرة الجوز والبند يشمل جميع الإكسسوارات اللازمه من مفصلات ودفاش من النوع المخفي ومقابض وربل كاتم لصوت الإغلاق ودهانات  و إنهاء جميع الأعمال على الوجه الأكمل طبقا للمخططات واصول الصناعة  والمواصفات الفنية وتعليمات االمهندس المشرف. Ref drawing: 07-MRA-DD-(as per floor number)-AR-800 بعرض 1000 مم وارتفاع 3000 مم  WD015باب مروحة ضلفة واحدة  نموذج ,عدد,3600.0,1.0,0.0,1.0,1.0,3600.0,100,بنود المطالبات,1000,CMH_01_SMART.xlsx,sheet بنود المطالبات,high,prev_progress in workbook is informational; platform will recompute server-side from approved claims (Migration 048).
CMH_01-C01,18,55,توريد وتركيب باب من قطاعات الخشب شبه المصمت بسمك 44مم مكون من قواطيع خشب داخليه بحشو خفيف mdfوالمطلي بدهان رمادي على هيئة الأسطح الاسمنتية والحلق من الخشب السويدي المسطم المقاوم للرطوبة مخفي داخل الواجهة القواطع الجبسية والبند يشمل جميع الإكسسوارات اللازمه من مفصلات ودفاش من النوع المخفي ومقابض وربل كاتم لصوت الإغلاق ودهانات و إنهاء جميع الأعمال على الوجه الأكمل طبقا للمخططات واصول الصناعة  والمواصفات الفنية وتعليمات االمهندس المشرف. Ref drawing: 07-MRA-DD-(as per floor number)-AR-800 بعرض 900 مم وارتفاع 2200 مم  WD01باب مروحة ضلفة واحدة  نموذج ,عدد,2400.0,14.0,6.0,2.0,8.0,4800.0,57.14285714285714,بنود المطالبات,1001,CMH_01_SMART.xlsx,sheet بنود المطالبات,high,prev_progress in workbook is informational; platform will recompute server-side from approved claims (Migration 048).
CMH_01-C01,18,56,توريد وتركيب باب من قطاعات الخشب شبه المصمت بسمك 44مم مكون من قواطيع خشب داخليه بحشو  mdfوالمطلي بدهان رمادي بيج والحلق من الخشب السويدي المسطم المقاوم للرطوبة مخفي داخل الواجهة القواطع الجبسية والبند يشمل جميع الإكسسوارات اللازمه من مفصلات ودفاش من النوع المخفي ومقابض، ربل كاتم لصوت الإغلاق ودهانات .و إنهاء جميع الأعمال على الوجه الأكمل طبقا للمخططات واصول الصناعة  والمواصفات الفنية وتعليمات االمهندس المشرف. Ref drawing: 07-MRA-DD-(as per floor number)-AR-800 بعرض900 مم وارتفاع 2200 مم  WD03باب مروحة ضلفة واحدة  نموذج ,عدد,2400.0,32.0,12.0,11.0,23.0,26400.0,71.875,بنود المطالبات,1002,CMH_01_SMART.xlsx,sheet بنود المطالبات,high,prev_progress in workbook is informational; platform will recompute server-side from approved claims (Migration 048).
CMH_01-C01,18,62,توريد وتركيب باب من الزجاج المضلعّ )ribbed glass( بأيطارات من الخشب المصمت سماكة 44 ملم مع قشرة الجوز الداكنة. والبند يشمل جميع الإكسسوارات اللازمه من مفصلات ودفاش من النوع المخفي ومقابض وربل كاتم لصوت الإغلاق ودهانات و إنهاء جميع الأعمال على الوجه الأكمل طبقا للمخططات واصول الصناعة  والمواصفات الفنية وتعليمات االمهندس المشرف. Ref drawing: 07-MRA-DD-sixth floor-AR-800  تصميم على شكل وهيئة الباب   نموذج  WD11 A  بعرض 1000 مم وارتفاع 3000 مم )VIP  )Zone,عدد,5400.0,2.0,0.0,1.0,1.0,5400.0,50,بنود المطالبات,1003,CMH_01_SMART.xlsx,sheet بنود المطالبات,high,prev_progress in workbook is informational; platform will recompute server-side from approved claims (Migration 048).
CMH_01-C01,18,64,توريد وتركيب باب من الزجاج المضلعّ )ribbed glass( بأيطارات من الخشب المصمت سماكة 44 ملم مع قشرة الجوز الداكنة. والبند يشمل جميع الإكسسوارات اللازمه من مفصلات ودفاش من النوع المخفي ومقابض وربل كاتم لصوت الإغلاق ودهانات و إنهاء جميع الأعمال على الوجه الأكمل طبقا للمخططات واصول الصناعة  والمواصفات الفنية وتعليمات االمهندس المشرف. Ref drawing: 07-MRA-DD-sixth floor-AR-800  تصميم على شكل وهيئة الباب   نموذج  WD13 A  بعرض 1000 مم وارتفاع 4000 مم )VIP )Zone,عدد,5400.0,1.0,0.0,1.0,1.0,5400.0,100,بنود المطالبات,1004,CMH_01_SMART.xlsx,sheet بنود المطالبات,high,prev_progress in workbook is informational; platform will recompute server-side from approved claims (Migration 048).
CMH_01-C01,18,66,توريد وتركيب قواطع زجاجيه داخليه من زجاج  سيكوريت عازل للصوت ثخانة 12مم مركّبة على مقاطع من  الألمنيوم )لون اسود 9005RAL (  مثبتة  بالسقف والأرض بإرتفاع 2700مم .ويشمل العمل الاطار والقوائم  والتثبيت بتيوب حديد ابعاد 4*8 سم وسماكة 2ملم  والملصقات بأماكن محددة حسب التصميم ، وفواصل البوليكاربونيت الجاف بين الألواح الزجاجية وقطع الإكسسوار ومانع التسرب والمواد الأخُرى المطلوبة لاستكمال التركيب حسب المخططات وتعليمات االمهندس المشرف.,م²,900.0,4000.0,3433.0,567.0,4000.0,510300.0,100,بنود المطالبات,1005,CMH_01_SMART.xlsx,sheet بنود المطالبات,high,prev_progress in workbook is informational; platform will recompute server-side from approved claims (Migration 048).
CMH_01-C01,18,69,تجديد وترميم الأبواب الحديدية وتشمل الأعمال ما يلي: ــ  تجديد وترميم أبواب الحديد، سنفرة الأبواب، عمل طبقة تأسيس ناري للأبواب،  دهان وتلميع الأجزاء  + تلميع خارجي بمادة البوليريثان، المحافظة على نظافة المكان وإزالة المخلفات. حسب الاصول الفنيه وتعليمات المهندس المشرف. باب  ضلفتين عرض2000مم,عدد,540.0,46.0,0.0,8.0,8.0,4320.0,17.391304347826086,بنود المطالبات,1006,CMH_01_SMART.xlsx,sheet بنود المطالبات,high,prev_progress in workbook is informational; platform will recompute server-side from approved claims (Migration 048).
CMH_01-C01,18,70,تجديد وترميم أبواب الحديد، سنفرة الأبواب، عمل طبقة تأسيس ناري للأبواب،  دهان وتلميع الأجزاء  + تلميع خارجي بمادة البوليريثان، المحافظة على نظافة المكان وإزالة المخلفات. حسب الاصول الفنيه وتعليمات المهندس المشرف. باب  ضلفة واحدة عرض1000مم,عدد,360.0,52.0,0.0,8.0,8.0,2880.0,15.384615384615385,بنود المطالبات,1007,CMH_01_SMART.xlsx,sheet بنود المطالبات,high,prev_progress in workbook is informational; platform will recompute server-side from approved claims (Migration 048).
CMH_01-C01,18,71,تجديد وترميم أبواب الحديد، سنفرة الأبواب، عمل طبقة تأسيس ناري للأبواب،  دهان وتلميع الأجزاء  + تلميع خارجي بمادة البوليريثان، المحافظة على نظافة المكان وإزالة المخلفات. حسب الاصول الفنيه وتعليمات المهندس المشرف. باب  ضلفة واحدة عرض800مم,عدد,360.0,23.0,0.0,6.0,6.0,2160.0,26.08695652173913,بنود المطالبات,1008,CMH_01_SMART.xlsx,sheet بنود المطالبات,high,prev_progress in workbook is informational; platform will recompute server-side from approved claims (Migration 048).
CMH_01-C01,18,72,طبقة من اللياسة الأسمنتية فوق الأسطح الخرسانية والجدران الداخلية  بسمك متوسط 20 مم على طبقات  طرطشة بسمك 5 مم وضهارة 15 مم حسب المواصفات مع المعالجة اليومية  بالمياه لمنع التنميلات ويتم عمل افريز بين البلوك والخرسانة يملئ بمواد قابلة للدهان والسعر يشمل كامل الأكسسوارات اللازمة من شبك معدني ممدد وزوايا ونهايات معدنية  ومواد الترابط  وعمل تجاويف في طبقة اللياسة بعمق 10مم عرض 10مم  في الاعمدة  وفي الجدران ان وجدت حسب الرسومات والمناظير وتعليمات المهندس المشرف ذلك حسب الاصول الفنية وتعليمات المهندس المشرف. لياسة الجدران والأعمدة الداخلية  وتشمل جميع الإكسسوارات بإرتفاع 20 سم أعلي الأسقف الجبسيه لزوم الجدران الداخلية,م²,42.0,758.0,8500.004,745.0,9245.004,31290.0,1219.6575197889183,بنود المطالبات,1009,CMH_01_SMART.xlsx,sheet بنود المطالبات,high,prev_progress in workbook is informational; platform will recompute server-side from approved claims (Migration 048).
CMH_01-C01,18,73,توريد وتركيب قاطع جداري ثخانة 100مم ذو الواح اسمنتية مقاوم للحريق  ثخانة 12مم تركب من الجهتين )طبقات مزدوجة(  لدورات المياه والأوفيس ويشمل المسامير المعدنية و المزالج / الأعضاء المعدنية الساندة والسكك والغطاء العازل للصوت )صوف صخري( وكل الاكسسوارات حسب المخطط والمواصفات وتعليمات المهندس المشرف. ,م²,180.0,3507.0,0.0,120.0,120.0,21600.0,3.4217279726261762,بنود المطالبات,1010,CMH_01_SMART.xlsx,sheet بنود المطالبات,high,prev_progress in workbook is informational; platform will recompute server-side from approved claims (Migration 048).
CMH_01-C01,18,74,توريد وتركيب قاطع جداري ثخانة 100مم ذو الواح جبسية مقاومه للحريق  ثخانة 5.12مم تركب من الجهتين )طبقات مزدوجة( يشمل المسامير المعدنية و المزالج / الأعضاء المعدنية الساندة والسكك والغطاء العازل للصوت )صوف صخري( وكل الإكسسوارات حسب المخطط والمواصفات وتعليمات المهندس المشرف.,م²,180.0,12526.0,12141.0,950.0,13091.0,171000.0,104.51061791473735,بنود المطالبات,1011,CMH_01_SMART.xlsx,sheet بنود المطالبات,high,prev_progress in workbook is informational; platform will recompute server-side from approved claims (Migration 048).
CMH_01-C01,18,75,توريد وتركيب أسقف معلقة من الالواح الجبسيه )01-GBC( ثخانة 12 مم المقاومة للحريق شاملة نظام التعليق وضبط الحواف والزوايا وأبواب لفتحات الكشف بالأسقف لأعمال الصيانة )أبواب جاهزة من النوع السهل الاستعمال والمزود بمفصلات مخفية( والإكسسوارات. ويشمل السعر أي مواد أو أعمال يتطلبها استكمال العمل حسب المواصفات والمخططات.,م²,150.0,24468.0,20313.000070000002,4250.0,24563.000070000002,637500.0,100.38826250613046,بنود المطالبات,1012,CMH_01_SMART.xlsx,sheet بنود المطالبات,high,prev_progress in workbook is informational; platform will recompute server-side from approved claims (Migration 048).
CMH_01-C01,18,76,توريد وتركيب أسقف معلقة من الالواح الجبسيه  )02-GBC( ثخانة 12 مم المقاومة للرطوبة شاملة نظام التعليق وضبط الحواف والزوايا وأبواب لفتحات الكشف بالأسقف لأعمال الصيانة )أبواب جاهزة من النوع السهل الاستعمال والمزود بمفصلات مخفية( واالإكسسوارات. ويشمل السعر أي مواد أو أعمال يتطلبها استكمال العمل حسب المواصفات والمخططات وتعليمات المهندس المشرف.,م²,150.0,1091.0,930.0,200.0,1130.0,30000.0,103.57470210815765,بنود المطالبات,1013,CMH_01_SMART.xlsx,sheet بنود المطالبات,high,prev_progress in workbook is informational; platform will recompute server-side from approved claims (Migration 048).
CMH_01-C01,18,77,600×600مم توريد وتركيب اسقف اصطناعية  والسعر يشمل نظام التعليق من الحديد المجفلن مع جميع الاكسسوارات وكل مايلزم حسب المواصفات والمخططات وتعليمات الشركة المصنعة .,م²,150.0,3323.0,2633.0,170.0,2803.0,25500.0,84.35148961781522,بنود المطالبات,1014,CMH_01_SMART.xlsx,sheet بنود المطالبات,high,prev_progress in workbook is informational; platform will recompute server-side from approved claims (Migration 048).
CMH_01-C01,18,80, أرضيات بورسلان 02-PTمقاس 600×600×12مم فرز اول بالمقاسات والالوان المطلوبة لدورات المياه الخاصة بمكاتب المدراء العامين  طبقاً للمخططات والمواصفات.,م²,120.0,246.0,180.0,30.0,210.0,3600.0,85.36585365853658,بنود المطالبات,1015,CMH_01_SMART.xlsx,sheet بنود المطالبات,high,prev_progress in workbook is informational; platform will recompute server-side from approved claims (Migration 048).
CMH_01-C01,18,82, أرضيات بورسلان04-PT مقاس 600×600×12مم فرز ثاني بالمقاسات والالوان المطلوبة لغرف الأرشيف والمخازن والمطبخ طبقاً للمخططات والمواصفات.,م²,120.0,735.0,120.0,40.0,160.0,4800.0,21.768707482993197,بنود المطالبات,1016,CMH_01_SMART.xlsx,sheet بنود المطالبات,high,prev_progress in workbook is informational; platform will recompute server-side from approved claims (Migration 048).
CMH_01-C01,18,85, جدران بورسلان (PW-03(type A&B  مقاس 600×300×12مم فرز ثاني بالمقاسات والالوان المطلوبة لدورات المياة العامة  طبقاً للمخططات والمواصفات.,م²,96.0,2648.0,1360.0,800.0,2160.0,76800.0,81.57099697885197,بنود المطالبات,1017,CMH_01_SMART.xlsx,sheet بنود المطالبات,high,prev_progress in workbook is informational; platform will recompute server-side from approved claims (Migration 048).
CMH_01-C01,18,86, وزرة من بورسلان بسماكة 12مم  100*600 مم والسعر يشمل التثبيت  بالغراء والشطف وكل ما يلزم لانهاء العمل حسب الاصول الفنية وتعليمات المهندس المشرف.Ref. Drawings: 07-MRA-DD-(as per floor number)-AR-300,م.ط,120.0,567.0,94.0,150.0,244.0,18000.0,43.03350970017637,بنود المطالبات,1018,CMH_01_SMART.xlsx,sheet بنود المطالبات,high,prev_progress in workbook is informational; platform will recompute server-side from approved claims (Migration 048).
CMH_01-C01,18,95,معالجة وتنظيف وصقل وجلاء بلاط رخام الأرضيات والدرج مع بودرة الرخام المستخدم والتلميع 4 أوجه وملو الفواصل بمادة مقاومة للرطوبة والبكتيريا  والسعر يشمل جميع المواد والأعمال اللازمة لإتمام العمل المطلوب طبقا للمخططات والمواصفات الفنية وبحسب توجيهات واعتماد المهندس المشرف. رخام الأرضيات في المداخل و الممرات الرئيسية وبسطات الدرج.,م²,42.0,4800.0,740.0,1500.0,2240.0,63000.0,46.666666666666664,بنود المطالبات,1019,CMH_01_SMART.xlsx,sheet بنود المطالبات,high,prev_progress in workbook is informational; platform will recompute server-side from approved claims (Migration 048).
CMH_01-C01,18,97,رخام رمادي غامق تندر غراي مقاس 600×900 مم  سماكة  20مم  كإطار حول المصاعد,م²,300.0,101.0,13.0,80.0,93.0,24000.0,92.07920792079209,بنود المطالبات,1020,CMH_01_SMART.xlsx,sheet بنود المطالبات,high,prev_progress in workbook is informational; platform will recompute server-side from approved claims (Migration 048).
CMH_01-C01,18,100,رخام  الحوائط والأعمدة والكمر والوزرات لمدخل كبار الشخصيات ومدخل الموظفين وعلى المصاعد وفي الممرات الرئيسية والوجهات الداخلية للفناء الوسطي.,م²,60.0,6000.0,289.0,450.0,739.0,27000.0,12.316666666666666,بنود المطالبات,1021,CMH_01_SMART.xlsx,sheet بنود المطالبات,high,prev_progress in workbook is informational; platform will recompute server-side from approved claims (Migration 048).
CMH_01-C01,18,104,Ref drawing: 07-MRA-DD-(as per floor number)-AR-300 مقاس 500×500 مم  لون رمادي لمنطقة المرور CT-01بلاط - سجاد,م²,156.0,3600.0,2505.0,430.0,2935.0,67080.0,81.52777777777777,بنود المطالبات,1022,CMH_01_SMART.xlsx,sheet بنود المطالبات,high,prev_progress in workbook is informational; platform will recompute server-side from approved claims (Migration 048).
CMH_01-C01,18,105,بلاط - سجاد 02-CT مقاس 500× 500 مم لون أزرق فاتح لمحطة العمل وغرفة الاجتماعات,م²,156.0,6705.0,4654.0,800.0,5454.0,124800.0,81.34228187919463,بنود المطالبات,1023,CMH_01_SMART.xlsx,sheet بنود المطالبات,high,prev_progress in workbook is informational; platform will recompute server-side from approved claims (Migration 048).
CMH_01-C01,18,106,Ref drawing: 07-MRA-DD-(as per floor number)-AR-300 مقاس 500×500 مم لون بيج لمكتب المدير CT-03بلاط - سجاد,م²,156.0,1213.0,964.0,100.0,1064.0,15600.0,87.7164056059357,بنود المطالبات,1024,CMH_01_SMART.xlsx,sheet بنود المطالبات,high,prev_progress in workbook is informational; platform will recompute server-side from approved claims (Migration 048).
CMH_01-C01,18,108,بلاط - سجاد05-CT مقاس 500×500 مم لغرف خدمة العملاء مع تصميم بشكل مثلث وألوان مختلفة,م²,156.0,735.0,316.75,300.0,616.75,46800.0,83.91156462585035,بنود المطالبات,1025,CMH_01_SMART.xlsx,sheet بنود المطالبات,high,prev_progress in workbook is informational; platform will recompute server-side from approved claims (Migration 048).
CMH_01-C01,18,110,بلاط - سجاد 01-CR مقاس 500×500 مم لمكتب الرئيس ونائب الرئيس والصالة والسكرتارية وغرفة الاجتماعات الكبيرة.,م²,156.0,2140.0,1779.0,50.0,1829.0,7800.0,85.46728971962617,بنود المطالبات,1026,CMH_01_SMART.xlsx,sheet بنود المطالبات,high,prev_progress in workbook is informational; platform will recompute server-side from approved claims (Migration 048).
CMH_01-C01,18,111,بلاط - سجاد 02-CR مقاس 500×500 مم لمكتب الرئيس ونائب الرئيس على شكل مثلثات لون بيج، رمادي فاتح ورمادي غامق.,م²,156.0,303.0,211.0,20.0,231.0,3120.0,76.23762376237624,بنود المطالبات,1027,CMH_01_SMART.xlsx,sheet بنود المطالبات,high,prev_progress in workbook is informational; platform will recompute server-side from approved claims (Migration 048).
CMH_01-C01,18,112,300-Ref drawing: 07-MRA-DD-(as per floor number)-ARبلاط - سجاد 03-CR مقاس 500×500 مم للمدير العام ومنطقة السكرتارية,م²,156.0,1550.0,1280.0,20.0,1300.0,3120.0,83.87096774193549,بنود المطالبات,1028,CMH_01_SMART.xlsx,sheet بنود المطالبات,high,prev_progress in workbook is informational; platform will recompute server-side from approved claims (Migration 048).
CMH_01-C01,18,120,بلاط laminated HDF باركيه01-PQ  لمركز الأعمال والفناء الوسطي,م²,156.0,178.0,0.0,55.0,55.0,8580.0,30.89887640449438,بنود المطالبات,1029,CMH_01_SMART.xlsx,sheet بنود المطالبات,high,prev_progress in workbook is informational; platform will recompute server-side from approved claims (Migration 048).
CMH_01-C01,18,121,عمل صبة خرسانية من السرك سماكة 10 سم مع طبقة واحدة من شبك الحديد قطر 6مم. على أن تكون طبقة التشطيب النهائية بلون رمادي غامق على شكل الأسطح الاسمنتية  بحسب اللون والملمس المعتمد. ,م²,72.0,110.0,125.0,60.0,185.0,4320.0,168.1818181818182,بنود المطالبات,1030,CMH_01_SMART.xlsx,sheet بنود المطالبات,high,prev_progress in workbook is informational; platform will recompute server-side from approved claims (Migration 048).
CMH_01-C01,18,123,حجر جرانيت اسود مع تشكيلات مثلثات من لون فاتح للنافورة الداخلية   01-ST حسب الموضح بالمخطط ,م²,120.0,170.0,0.0,100.0,100.0,12000.0,58.82352941176471,بنود المطالبات,1031,CMH_01_SMART.xlsx,sheet بنود المطالبات,high,prev_progress in workbook is informational; platform will recompute server-side from approved claims (Migration 048).
CMH_01-C01,18,125,دهان بلون رمادي بيج على الألواح الجبسية والألواح الاسمنتية 100-WPF,م²,25.2,12700.0,9420.083999999999,1000.0,10420.083999999999,25200.0,82.04790551181101,بنود المطالبات,1032,CMH_01_SMART.xlsx,sheet بنود المطالبات,high,prev_progress in workbook is informational; platform will recompute server-side from approved claims (Migration 048).
CMH_01-C01,18,128,.دهان بلون رمادي اسمنتي على الألواح الجبسية والألواح الاسمنتية 200-WPF,م²,30.0,2088.0,2991.9947,1000.0,3991.9947,30000.0,191.1874856321839,بنود المطالبات,1033,CMH_01_SMART.xlsx,sheet بنود المطالبات,high,prev_progress in workbook is informational; platform will recompute server-side from approved claims (Migration 048).
CMH_01-C01,18,133,تحضير وتنفيذ وعمل دهان عالي الجودة للأسقف الجبسية يشمل الوجه التحضيرى أساس ومعالجة الفواصل  بالمعجـون والشاش والمواد المخصص لتسكير فواصل الالواح الجبسية والاسمنتية وان يكون نوع  دهان  بلون ابيض,م²,24.0,25559.0,15359.004,6500.0,21859.004,156000.0,85.52370593528698,بنود المطالبات,1034,CMH_01_SMART.xlsx,sheet بنود المطالبات,high,prev_progress in workbook is informational; platform will recompute server-side from approved claims (Migration 048).
CMH_01-C01,18,137,بالمتر المسطح عمل دهان اكريليك مائي مرن عالي المتانة علي الاسطح الخرسانية وعلى الجدران  الظاهرة على السقف المفتوح  وكل التجهيزات الخاصة بالأعمال الميكانيكية والكهربائية باستثناء نظام الحريق. يشمل الوجه التحضيرى أساس  ثم  الدهان وجهين باللون المطلوب  مع نظافة الاسطح وازالة اى بروز بالخرسانات بالسقف ويتم التنفيذ طبقا للمخططات والمواصفاتة الفنية وعلي حسب تعليمات المهندس المشرف. دهان  بلون اسود,م²,30.0,9442.0,8120.0,1800.0,9920.0,54000.0,105.06248676127939,بنود المطالبات,1035,CMH_01_SMART.xlsx,sheet بنود المطالبات,high,prev_progress in workbook is informational; platform will recompute server-side from approved claims (Migration 048).
CMH_01-C01,18,141,جهاز تجفيف للأيدي كهربائي,عدد,990.0,47.0,0.0,60.0,60.0,59400.0,127.65957446808511,بنود المطالبات,1036,CMH_01_SMART.xlsx,sheet بنود المطالبات,high,prev_progress in workbook is informational; platform will recompute server-side from approved claims (Migration 048).
CMH_01-C01,18,143,موزع صابون سائل,عدد,192.0,115.0,21.0,40.0,61.0,7680.0,53.04347826086957,بنود المطالبات,1037,CMH_01_SMART.xlsx,sheet بنود المطالبات,high,prev_progress in workbook is informational; platform will recompute server-side from approved claims (Migration 048).
CMH_01-C01,18,144,حاملة لفة ورق توليت,عدد,192.0,138.0,6.0,60.0,66.0,11520.0,47.82608695652174,بنود المطالبات,1038,CMH_01_SMART.xlsx,sheet بنود المطالبات,high,prev_progress in workbook is informational; platform will recompute server-side from approved claims (Migration 048).
CMH_01-C01,18,145,مقابض لذوي الاحتياجات الخاصة  مكونه من مقبض خلفي 900 مم,عدد,720.0,23.0,0.0,14.0,14.0,10080.0,60.86956521739131,بنود المطالبات,1039,CMH_01_SMART.xlsx,sheet بنود المطالبات,high,prev_progress in workbook is informational; platform will recompute server-side from approved claims (Migration 048).
CMH_01-C01,18,146,مقابض لذوي الاحتياجات الخاصة   مكونه من مقبض جانبي1100 مم,عدد,840.0,23.0,0.0,14.0,14.0,11760.0,60.86956521739131,بنود المطالبات,1040,CMH_01_SMART.xlsx,sheet بنود المطالبات,high,prev_progress in workbook is informational; platform will recompute server-side from approved claims (Migration 048).
CMH_01-C01,18,151,توريد وتركيب مرآة وجه 6 مم ترُكّب بارزة عن الجدار مع شطف على كل الجهات طبقا للمواصفات وبحسب تعليمات المهندس المشرف. مقاس 1200 × 800 مم,عدد,1200.0,75.0,12.0,40.0,52.0,48000.0,69.33333333333334,بنود المطالبات,1041,CMH_01_SMART.xlsx,sheet بنود المطالبات,high,prev_progress in workbook is informational; platform will recompute server-side from approved claims (Migration 048).
CMH_01-C01,18,152,توريد وتركيب مرآة وجه 6 مم ترُكّب بارزة عن الجدار مع شطف على كل الجهات طبقا للمواصفات وبحسب تعليمات المهندس المشرف. مقاس 1200 × 700 مم,عدد,1200.0,92.0,16.0,60.0,76.0,72000.0,82.6086956521739,بنود المطالبات,1042,CMH_01_SMART.xlsx,sheet بنود المطالبات,high,prev_progress in workbook is informational; platform will recompute server-side from approved claims (Migration 048).
CMH_01-C01,18,153,توريد وتركيب كاونتر لوحي للمغاسل كوريان عالي الكثافة سماكة 20 مم، يشمل الجزء الأمامي واللوح الواقي الخلفي  سماكة 20 مم حسب المحدد في المخططات والأقواس وأدوات التثبيت من الحديد المجلفن. و يشمل السعر أي مواد أو أعمال يتطلبها انهاء العمل طبقاً للموضح بالمواصفات والرسومات. ويشمل الأعمال الخشبية اللازمة للخزائن المرتبطة بالكاونتر حسب التصميم المطلوب وبحسب تعليمات المهندس المشرف. Ref drawing: 07-MRA-DD-(as per floor number)-AR-700 to 703 مقاس: 1250طول × عرض600 مم ,عدد,1800.0,32.0,12.0,6.0,18.0,10800.0,56.25,بنود المطالبات,1043,CMH_01_SMART.xlsx,sheet بنود المطالبات,high,prev_progress in workbook is informational; platform will recompute server-side from approved claims (Migration 048).
CMH_01-C01,18,154,توريد وتركيب كاونتر لوحي للمغاسل كوريان عالي الكثافة سماكة 20 مم، يشمل الجزء الأمامي واللوح الواقي الخلفي  سماكة 20 مم حسب المحدد في المخططات والأقواس وأدوات التثبيت من الحديد المجلفن. و يشمل السعر أي مواد أو أعمال يتطلبها انهاء العمل طبقاً للموضح بالمواصفات والرسومات. ويشمل الأعمال الخشبية اللازمة للخزائن المرتبطة بالكاونتر حسب التصميم المطلوب وبحسب تعليمات المهندس المشرف. Ref drawing: 07-MRA-DD-(as per floor number)-AR-700 to 703 مقاس: 1200طول × عرض600 مم ,عدد,1800.0,20.0,4.0,8.0,12.0,14400.0,60,بنود المطالبات,1044,CMH_01_SMART.xlsx,sheet بنود المطالبات,high,prev_progress in workbook is informational; platform will recompute server-side from approved claims (Migration 048).
CMH_01-C01,18,155,توريد وتركيب كاونتر لوحي للمغاسل كوريان عالي الكثافة سماكة 20 مم، يشمل الجزء الأمامي واللوح الواقي الخلفي  سماكة 20 مم حسب المحدد في المخططات والأقواس وأدوات التثبيت من الحديد المجلفن. و يشمل السعر أي مواد أو أعمال يتطلبها انهاء العمل طبقاً للموضح بالمواصفات والرسومات. ويشمل الأعمال الخشبية اللازمة للخزائن المرتبطة بالكاونتر حسب التصميم المطلوب وبحسب تعليمات المهندس المشرف.  مقاس: 1000طولRef drawing: 07-MRA-DD-(as per floor number)-AR-700 to 703 عرض600 مم × ,عدد,1200.0,22.0,10.0,12.0,22.0,14400.0,100,بنود المطالبات,1045,CMH_01_SMART.xlsx,sheet بنود المطالبات,high,prev_progress in workbook is informational; platform will recompute server-side from approved claims (Migration 048).
CMH_01-C01,18,156,توريد وتركيب كاونتر لوحي للمغاسل كوريان عالي الكثافة سماكة 20 مم، يشمل الجزء الأمامي واللوح الواقي الخلفي  سماكة 20 مم حسب المحدد في المخططات والأقواس وأدوات التثبيت من الحديد المجلفن.و يشمل السعر أي مواد أو أعمال يتطلبها انهاء العمل طبقاً للموضح بالمواصفات والرسومات. ويشمل الأعمال الخشبية اللازمة للخزائن المرتبطة بالكاونتر حسب التصميم المطلوب وبحسب تعليمات المهندس المشرف.Ref drawing: 07-MRA-DD-(as per floor number)-AR-700 to 703 مقاس: 3800طول × عرض600 مم ,عدد,6000.0,23.0,7.0,13.0,20.0,78000.0,86.95652173913044,بنود المطالبات,1046,CMH_01_SMART.xlsx,sheet بنود المطالبات,high,prev_progress in workbook is informational; platform will recompute server-side from approved claims (Migration 048).
CMH_01-C01,18,160,خزانة مغسلة خشبية مقاومة للرطوبة من خشب الـ ) Mdf ( بسماكة 18 مم وارتفاع 400 مم من قشرة الجوز أو ما يتناسب مع العينة الموافق عليها  مثبتة على القواطع الجبسية مع اضاءة مخفية ومفصلات ومقابض مخفية وتصميم حسب الرسومات والمناظير وبحسب تعليمات المهندس المشرف. Ref drawing: 07-MRA-DD-(as per floor number)-AR-700 to 703 مقاس: 1250طول × عرض600 مم,عدد,1800.0,32.0,0.0,12.0,12.0,21600.0,37.5,بنود المطالبات,1047,CMH_01_SMART.xlsx,sheet بنود المطالبات,high,prev_progress in workbook is informational; platform will recompute server-side from approved claims (Migration 048).
CMH_01-C01,18,161,خزانة مغسلة خشبية مقاومة للرطوبة من خشب الـ ) Mdf ( بسماكة 18 مم وارتفاع 400 مم من قشرة الجوز أو ما يتناسب مع العينة الموافق عليها  مثبتة على القواطع الجبسية مع اضاءة مخفية ومفصلات ومقابض مخفية وتصميم حسب الرسومات والمناظير وبحسب تعليمات المهندس المشرف. Ref drawing: 07-MRA-DD-(as per floor number)-AR-700 to 703 مقاس: 1200طول × عرض600 مم,عدد,1800.0,20.0,2.0,9.0,11.0,16200.0,55.00000000000001,بنود المطالبات,1048,CMH_01_SMART.xlsx,sheet بنود المطالبات,high,prev_progress in workbook is informational; platform will recompute server-side from approved claims (Migration 048).
CMH_01-C01,18,162,خزانة مغسلة خشبية مقاومة للرطوبة من خشب الـ ) Mdf ( بسماكة 18 مم وارتفاع 400 مم من قشرة الجوز أو ما يتناسب مع العينة الموافق عليها  مثبتة على القواطع الجبسية مع اضاءة مخفية ومفصلات ومقابض مخفية وتصميم حسب الرسومات والمناظير وبحسب تعليمات المهندس المشرف.Ref drawing: 07-MRA-DD-(as per floor number)-AR-700 to 703 مقاس: 1000طول × عرض600 مم,عدد,1800.0,22.0,5.0,15.0,20.0,27000.0,90.9090909090909,بنود المطالبات,1049,CMH_01_SMART.xlsx,sheet بنود المطالبات,high,prev_progress in workbook is informational; platform will recompute server-side from approved claims (Migration 048).
CMH_01-C01,18,175,قواطع الحمامات مكونة من ألواح الفينوليك المضغوط ارتفاع 2 متر ذو المقاومة الشديدة للماء مع طبقة ميلامين بلون رمادي غامق مقاومة للخدش وسهلة التنظيف ، سمك الألواح هو  19 ملم ،. قواطع الحمامات تشمل إكسسوارات عالية الجودة ) مفصلات ذاتية الإغلاق وقفل ( والأبواب والاكسسوارات والعلاقات من الستانلس ستيل brushed finish وكل ما يلزم لانهاء العمل حسب الأصول الفنية والمواصفلت وتعليمات المهندس المشرف .,م²,780.0,611.0,326.0,120.0,446.0,93600.0,72.99509001636662,بنود المطالبات,1050,CMH_01_SMART.xlsx,sheet بنود المطالبات,high,prev_progress in workbook is informational; platform will recompute server-side from approved claims (Migration 048).
CMH_01-C01,18,176,للمواسير داخل المبنى من مواسير متعددة الطبقات بولي بروبلين كما هو موصف تشمل كافة القطع التركيبية )مثل القارنات من الحديد الصلب الغير قابل للصدأ والأكواع /المنحنيات والتفريعات والدعامات( والصمامات ومخمدات الصدمة ومنافس الهواء الآلية و المحابس  وكافة الاكسسوارات اللازمة، كما هو مبين في المخططات لتركيب مايلي من الأقطار الخارجية مع ربطه بالشبكة الحالية لاقرب نقطة و على المقاول تقديم المخططات التنفيذية و الحسابات الهيدروليكية و اعتمادها قبل البدا بالتنفيذ الاعمال من المهندس المشرف للاقطار  الداخلية قطر 20 مم,م.ط,66.0,532.0,1861.0,50.0,1911.0,3300.0,359.2105263157895,بنود المطالبات,1051,CMH_01_SMART.xlsx,sheet بنود المطالبات,high,prev_progress in workbook is informational; platform will recompute server-side from approved claims (Migration 048).
CMH_01-C01,18,177,للمواسير داخل المبنى من مواسير متعددة الطبقات بولي بروبلين كما هو موصف تشمل كافة القطع التركيبية )مثل القارنات من الحديد الصلب الغير قابل للصدأ والأكواع /المنحنيات والتفريعات والدعامات( والصمامات ومخمدات الصدمة ومنافس الهواء الآلية و المحابس  وكافة الاكسسوارات اللازمة، كما هو مبين في المخططات لتركيب مايلي من الأقطار الخارجية مع ربطه بالشبكة الحالية لاقرب نقطة و على المقاول تقديم المخططات التنفيذية و الحسابات الهيدروليكية و اعتمادها قبل البدا بالتنفيذ الاعمال من المهندس المشرف للاقطار  الداخلية قطر 25 مم,م.ط,70.8,221.0,423.0,27.0,450.0,1911.6,203.61990950226243,بنود المطالبات,1052,CMH_01_SMART.xlsx,sheet بنود المطالبات,high,prev_progress in workbook is informational; platform will recompute server-side from approved claims (Migration 048).
CMH_01-C01,18,178,للمواسير داخل المبنى من مواسير متعددة الطبقات بولي بروبلين كما هو موصف تشمل كافة القطع التركيبية )مثل القارنات من الحديد الصلب الغير قابل للصدأ والأكواع /المنحنيات والتفريعات والدعامات( والصمامات ومخمدات الصدمة ومنافس الهواء الآلية و المحابس  وكافة الاكسسوارات اللازمة، كما هو مبين في المخططات لتركيب مايلي من الأقطار الخارجية مع ربطه بالشبكة الحالية لاقرب نقطة و على المقاول تقديم المخططات التنفيذية و الحسابات الهيدروليكية و اعتمادها قبل البدا بالتنفيذ الاعمال من المهندس المشرف للاقطار  الداخلية :قطر 32مم,م.ط,102.0,207.0,306.0,24.0,330.0,2448.0,159.42028985507247,بنود المطالبات,1053,CMH_01_SMART.xlsx,sheet بنود المطالبات,high,prev_progress in workbook is informational; platform will recompute server-side from approved claims (Migration 048).
CMH_01-C01,18,179,للمواسير داخل المبنى من مواسير متعددة الطبقات بولي بروبلين كما هو موصف تشمل كافة القطع التركيبية )مثل القارنات من الحديد الصلب الغير قابل للصدأ والأكواع /المنحنيات والتفريعات والدعامات( والصمامات ومخمدات الصدمة ومنافس الهواء الآلية و المحابس  وكافة الاكسسوارات اللازمة، كما هو مبين في المخططات لتركيب مايلي من الأقطار الخارجية مع ربطه بالشبكة الحالية لاقرب نقطة و على المقاول تقديم المخططات التنفيذية و الحسابات الهيدروليكية و اعتمادها قبل البدا بالتنفيذ الاعمال من المهندس المشرف للاقطار  الداخلية :قطر 40 مم,م.ط,85.2,103.0,427.0,23.0,450.0,1959.6000000000001,436.8932038834951,بنود المطالبات,1054,CMH_01_SMART.xlsx,sheet بنود المطالبات,high,prev_progress in workbook is informational; platform will recompute server-side from approved claims (Migration 048).
CMH_01-C01,18,181,مواسير المياه الساخنة مؤلفة من عدة طبقات )بولي بروبلين معزولة( كما هو موصف مع العزل وتشمل كافة القطع التركيبية )مثل القارنات من الحديد الصلب الغير قابل للصدأ والأكواع / المنحنيات والتفريعات والدعامات( والصمامات ومخمدات الصدمة وكافة الاكسسوارات و المحابس  اللازمة لإنجاز تركيب مايلي من الأقطار الخارجية مع ربطه بالشبكة الحالية لاقرب نقطة و على المقاول تقديم المخططات التنفيذية و الحسابات الهيدروليكية و اعتمادها قبل البدا بالتنفيذ الاعمال من المهندس المشرف للاقطار  الداخلية :قطر 20 مم,م.ط,70.8,150.0,1000.0,100.0,1100.0,7080.0,733.3333333333333,بنود المطالبات,1055,CMH_01_SMART.xlsx,sheet بنود المطالبات,high,prev_progress in workbook is informational; platform will recompute server-side from approved claims (Migration 048).
CMH_01-C01,18,182,مواسير المياه الساخنة مؤلفة من عدة طبقات )بولي بروبلين معزولة( كما هو موصف مع العزل وتشمل كافة القطع التركيبية )مثل القارنات من الحديد الصلب الغير قابل للصدأ والأكواع / المنحنيات والتفريعات والدعامات( والصمامات ومخمدات الصدمة وكافة الاكسسوارات و المحابس  اللازمة لإنجاز تركيب مايلي من الأقطار الخارجية مع ربطه بالشبكة الحالية لاقرب نقطة و على المقاول تقديم المخططات التنفيذية و الحسابات الهيدروليكية و اعتمادها قبل البدا بالتنفيذ الاعمال من المهندس المشرف للاقطار  الداخلية :قطر 25 مم,م.ط,75.6,100.0,105.0,25.0,130.0,1889.9999999999998,130,بنود المطالبات,1056,CMH_01_SMART.xlsx,sheet بنود المطالبات,high,prev_progress in workbook is informational; platform will recompute server-side from approved claims (Migration 048).
CMH_01-C01,18,183,سخان مياه كهربائي فردي من الحديد المعزول بالزجاج من النوع الأفقي الذي يركب أعلى السقف المستعار يشمل كافة الإكسسوارات و التوصيلات و المحابس كما هو موصف وكما هو مبين في تفاصيل المشروع العامة وبالإستطاعات التالية:توريد و تركيب و اختبار سخان بسعة 30 لتر، وقدرة 2.1  كيلو وات، مرجع     1-EWH,عدد,672.0,77.0,70.0,10.0,80.0,6720.0,103.89610389610388,بنود المطالبات,1057,CMH_01_SMART.xlsx,sheet بنود المطالبات,high,prev_progress in workbook is informational; platform will recompute server-side from approved claims (Migration 048).
CMH_01-C01,18,184,سخان مياه كهربائي فردي من الحديد المعزول بالزجاج من النوع الأفقي الذي يركب أعلى السقف المستعار يشمل كافة الإكسسوارات و التوصيلات و المحابس كما هو موصف وكما هو مبين في تفاصيل المشروع العامة وبالإستطاعات التالية:اعادة تركيب و اختبار السخان الحالي بسعة 100 ليتر   بعد الكشف و المعاينة و الفحص حسب تعليمات مهندس المشرف,عدد,816.0,24.0,24.0,2.0,26.0,1632.0,108.33333333333333,بنود المطالبات,1058,CMH_01_SMART.xlsx,sheet بنود المطالبات,high,prev_progress in workbook is informational; platform will recompute server-side from approved claims (Migration 048).
CMH_01-C01,18,185,مواسير صرف وتهوية مصنوعة من 4UPVC class  ذات وصلات انضغاطية ومطاط كما هو موصف وتشمل التهوية من خلال السطح مع الغطاء و طبات التسليك، وكافة قطع التركيبات والعلاقات اللازمة لإستكمال تركيب مايلي من الأقطار الداخلية:قطر 50 مم,م.ط,75.6,426.0,2064.0,300.0,2364.0,22680.0,554.9295774647887,بنود المطالبات,1059,CMH_01_SMART.xlsx,sheet بنود المطالبات,high,prev_progress in workbook is informational; platform will recompute server-side from approved claims (Migration 048).
CMH_01-C01,18,186,مواسير صرف وتهوية مصنوعة من 4UPVC class  ذات وصلات انضغاطية ومطاط كما هو موصف وتشمل التهوية من خلال السطح مع الغطاء و طبات التسليك، وكافة قطع التركيبات والعلاقات اللازمة لإستكمال تركيب مايلي من الأقطار الداخلية:قطر 75 مم,م.ط,91.2,934.0,948.0,40.0,988.0,3648.0,105.78158458244111,بنود المطالبات,1060,CMH_01_SMART.xlsx,sheet بنود المطالبات,high,prev_progress in workbook is informational; platform will recompute server-side from approved claims (Migration 048).
CMH_01-C01,18,187,مواسير صرف وتهوية مصنوعة من 4UPVC class  ذات وصلات انضغاطية ومطاط كما هو موصف وتشمل التهوية من خلال السطح مع الغطاء و طبات التسليك، وكافة قطع التركيبات والعلاقات اللازمة لإستكمال تركيب مايلي من الأقطار الداخلية:قطر 110 مم,م.ط,102.0,961.0,2500.0,500.0,3000.0,51000.0,312.1748178980229,بنود المطالبات,1061,CMH_01_SMART.xlsx,sheet بنود المطالبات,high,prev_progress in workbook is informational; platform will recompute server-side from approved claims (Migration 048).
CMH_01-C01,18,188,صفاية أرضية )FD(، من PVC مع مصفاة معدنية  مطلية بالكروم شاملة سيفون كما هو موصف بالمقاسات التالية:مخرج قطر 75 مم,عدد,300.0,161.0,136.0,55.0,191.0,16500.0,118.6335403726708,بنود المطالبات,1062,CMH_01_SMART.xlsx,sheet بنود المطالبات,high,prev_progress in workbook is informational; platform will recompute server-side from approved claims (Migration 048).
CMH_01-C01,18,190,الأدوات والتركيبات الصحية كما هو موصف وتشمل صمامات الزاوية والخلاطات و المصائد والوصلات المرنة و الانابيب القصيرة للتغذية والصرف والتهوية وكافة قطع الإكسسوار لإتمام تركيب ، علي ان تكون الاجهزة والتركيبات من النوع المرشد لاستهلاك المياه :حوض وجه على رخامة )مرجع 1-LAV ( من نفس نوع الرخام الصناعي كوريان للكاونتر والكاونتر محسوب في بند منفصل,عدد,2640.0,68.0,32.0,27.0,59.0,71280.0,86.76470588235294,بنود المطالبات,1063,CMH_01_SMART.xlsx,sheet بنود المطالبات,high,prev_progress in workbook is informational; platform will recompute server-side from approved claims (Migration 048).
CMH_01-C01,18,193,الأدوات والتركيبات الصحية كما هو موصف وتشمل صمامات الزاوية والخلاطات و المصائد والوصلاتالمرنة و الانابيب القصيرة للتغذية والصرف والتهوية وكافة قطع الإكسسوار لإتمام تركيب ، علي ان تكونالاجهزة والتركيبات من النوع المرشد لاستهلاك المياه :حوض وجه يركب على الكاونتر )مرجع 3-LAV (,عدد,2220.0,92.0,50.0,47.0,97.0,104340.0,105.43478260869566,بنود المطالبات,1064,CMH_01_SMART.xlsx,sheet بنود المطالبات,high,prev_progress in workbook is informational; platform will recompute server-side from approved claims (Migration 048).
CMH_01-C01,18,195,الأدوات والتركيبات الصحية كما هو موصف وتشمل صمامات الزاوية والخلاطات و المصائد والوصلات المرنة و الانابيب القصيرة للتغذية والصرف والتهوية وكافة قطع الإكسسوار لإتمام تركيب ، علي ان تكون الاجهزة والتركيبات من النوع المرشد لاستهلاك المياه :مرحاض افرنجي ) مرجع 2-WWC (  مثبت على الحائط بخزان  طرد مخفي مع زر دفق من الصلب الذي لا يصدأ - مع غطاء للمرحاض مقاوم للبكتريا من نوع soft closing,عدد,2760.0,55.0,30.0,15.0,45.0,41400.0,81.81818181818183,بنود المطالبات,1065,CMH_01_SMART.xlsx,sheet بنود المطالبات,high,prev_progress in workbook is informational; platform will recompute server-side from approved claims (Migration 048).
CMH_01-C01,18,196,الأدوات والتركيبات الصحية كما هو موصف وتشمل صمامات الزاوية والخلاطات و المصائد والوصلات المرنة و الانابيب القصيرة للتغذية والصرف والتهوية وكافة قطع الإكسسوار لإتمام تركيب ، علي ان تكون الاجهزة والتركيبات من النوع المرشد لاستهلاك المياه :مرحاض شرقي )مرجع EWC( مثبت على الحائط بخزان  طرد مخفي مع زر دفق من الصلب الذي لا يصدأ،,عدد,2160.0,23.0,10.0,14.0,24.0,30240.0,104.34782608695652,بنود المطالبات,1066,CMH_01_SMART.xlsx,sheet بنود المطالبات,high,prev_progress in workbook is informational; platform will recompute server-side from approved claims (Migration 048).
CMH_01-C01,18,197,الأدوات والتركيبات الصحية كما هو موصف وتشمل صمامات الزاوية والخلاطات و المصائد والوصلات المرنة و الانابيب القصيرة للتغذية والصرف والتهوية وكافة قطع الإكسسوار لإتمام تركيب ، علي ان تكون الاجهزة والتركيبات من النوع المرشد لاستهلاك المياه :مقبض رشاش مع الخرطوم وأداة التعليق، مرجع PS,عدد,180.0,191.0,82.0,70.0,152.0,12600.0,79.58115183246073,بنود المطالبات,1067,CMH_01_SMART.xlsx,sheet بنود المطالبات,high,prev_progress in workbook is informational; platform will recompute server-side from approved claims (Migration 048).
CMH_01-C01,18,198,الأدوات والتركيبات الصحية كما هو موصف وتشمل صمامات الزاوية والخلاطات و المصائد والوصلات المرنة و الانابيب القصيرة للتغذية والصرف والتهوية وكافة قطع الإكسسوار لإتمام تركيب ، علي ان تكون الاجهزة والتركيبات من النوع المرشد لاستهلاك المياه :خلاط مياة  يركب على الحوض,عدد,1080.0,208.0,117.0,95.0,212.0,102600.0,101.92307692307692,بنود المطالبات,1068,CMH_01_SMART.xlsx,sheet بنود المطالبات,high,prev_progress in workbook is informational; platform will recompute server-side from approved claims (Migration 048).
CMH_01-C01,18,204,توريد و تركيب انابيب فولاذية سوداء 40.sch ، يشمل العمل كافة قطع التركيبات مثل الأكواع  والتيهات والوصلات والقارنات والنقاصات/المخفضات ومنافس الهواء الآلية وتكون الوصلات من نوع  فيكتوليك او ما يماثلها للأقطار 50 مم أو أكبر، و تكون الوصلات قلووظ للأقطار أقل من 50 مم، والبند يشمل العلاقات والدعامات للمواسير و المحابس  و الصرف ان لزم والدهان  لكامل الشبكة كما يلزم لاتمام العمل و بناء على توجيهات مهندس المشرف .ويشمل البند جميع ما يلزم لاتمام الأعمال طبقا للمواصفات و طبقا لمتطلبات الNFPA  ومتطلبات الدفاع المدني من الكشف على الشبكة الحالية وفحصها كما هو موضح على المخططات و على المقاول تقديم المخططات التنفيذية و اعتمادها قبل بدء بالتنفيذ من المهندس المشرف كما هو موصف للأقطار التالية:.mm dia 77,م.ط,288.0,110.0,429.0,30.0,459.0,8640.0,417.2727272727273,بنود المطالبات,1069,CMH_01_SMART.xlsx,sheet بنود المطالبات,high,prev_progress in workbook is informational; platform will recompute server-side from approved claims (Migration 048).
CMH_01-C01,18,206,توريد و تركيب انابيب فولاذية سوداء 40.sch ، يشمل العمل كافة قطع التركيبات مثل الأكواع  والتيهات والوصلات والقارنات والنقاصات/المخفضات ومنافس الهواء الآلية وتكون الوصلات من نوع  فيكتوليك او ما يماثلها للأقطار 50 مم أو أكبر، و تكون الوصلات قلووظ للأقطار أقل من 50 مم، والبند يشمل العلاقات والدعامات للمواسير و المحابس  و الصرف ان لزم والدهان  لكامل الشبكة كما يلزم لاتمام العمل و بناء على توجيهات مهندس المشرف .ويشمل البند جميع ما يلزم لاتمام الأعمال طبقا للمواصفات و طبقا لمتطلبات الNFPA  ومتطلبات الدفاع المدني من الكشف على الشبكة الحالية وفحصها كما هو موضح على المخططات و على المقاول تقديم المخططات التنفيذية و اعتمادها قبل بدء بالتنفيذ من المهندس المشرف كما هو موصف للأقطار التالية:.mm dia 141,م.ط,360.0,200.0,622.0,35.0,657.0,12600.0,328.5,بنود المطالبات,1070,CMH_01_SMART.xlsx,sheet بنود المطالبات,high,prev_progress in workbook is informational; platform will recompute server-side from approved claims (Migration 048).
CMH_01-C01,18,215,توريد و تركيب و اختبار رشاشات آلية اوتوماتيكية كما هو موصف رشاشات من النوع المخفي، ذات فتحة 2/1 بوصة، ومعامل 5.6 =K   ودرجة حرارة تشغيل 68 درجة مئوية,عدد,90.0,1000.0,1151.0,900.0,2051.0,81000.0,205.10000000000002,بنود المطالبات,1071,CMH_01_SMART.xlsx,sheet بنود المطالبات,high,prev_progress in workbook is informational; platform will recompute server-side from approved claims (Migration 048).
CMH_01-C01,18,216,توريد و تركيب و اختبار رشاشات آلية اوتوماتيكية كما هو موصف رشاشات عامودية، ذات فتحة 2/1 بوصة، ومعامل 5.6 =K   ودرجة حرارة تشغيل 68 درجة مئوية,عدد,90.0,508.0,575.0,90.0,665.0,8100.0,130.90551181102362,بنود المطالبات,1072,CMH_01_SMART.xlsx,sheet بنود المطالبات,high,prev_progress in workbook is informational; platform will recompute server-side from approved claims (Migration 048).
CMH_01-C01,18,219,توريد و تركيب كبائن مكافحة الحريق class II مزوده بمحبس 5.1 بوصة و خرطوم قماشي من مادةمعتمدة و ايضا بها طفاية حريق ABC  سعة 6 كيلو,عدد,4800.0,30.0,13.0,10.0,23.0,48000.0,76.66666666666667,بنود المطالبات,1073,CMH_01_SMART.xlsx,sheet بنود المطالبات,high,prev_progress in workbook is informational; platform will recompute server-side from approved claims (Migration 048).
CMH_01-C01,18,230,توريد و تصنيع و تركيب أعمال مجاري  من الصفائح المعدنية المجلفنه )90G( للهواء الداخل والراجع والهواء النقي وقناة السحب حسب المواصفات القياسية SMACNA وتشمل التيهات/القطعة التائية والكوع/المرفق والتفريعات والتحويلة والدعامة وحمالة التعليق. ويجب أخذ الطول على امتداد خط المركز فوق كل قطع التركيبات، ومن المفهوم بأن السعر الإفرادي لأعمال مجاري الهواء/الأقنية محمل عليه كل دعامات حامل التعليق ومخمّد الصوت والحريق وكل قطع الإكسسوار عزل الحراري )فايبرغلاس( ثخانة 25 مم وبكثافة 24 كغ/م3 مع مانع تبخر من الألمنيوم المقوّى حسب المخططات والمواصفات و حسب تعليمات مهندس المشرف.,م.ط,300.0,7000.0,11918.0,1050.0,12968.0,315000.0,185.25714285714287,بنود المطالبات,1074,CMH_01_SMART.xlsx,sheet بنود المطالبات,high,prev_progress in workbook is informational; platform will recompute server-side from approved claims (Migration 048).
CMH_01-C01,18,231,ناشرة هواء ذات فتحات طولية  للهواء الداخل مصنعة من الألمنيوم المشكل بالبثق ومطلية بمسحوق البولستركاملة، مخمدات صوت ذات أرياش متضادّة ،وصندوق حجمى معزول من الداخل بعازل صوتى وميكانيزم للتحكم فى الهواء من واجهة الناشر وكل قطع الأكسسوار حسب المواصفات والمخططات مع توفير عينات للاعتماد من مهندس المشرف. ثلاثة فتحات / ثقب 25مم عرض,م.ط,480.0,1925.0,1100.0,400.0,1500.0,192000.0,77.92207792207793,بنود المطالبات,1075,CMH_01_SMART.xlsx,sheet بنود المطالبات,high,prev_progress in workbook is informational; platform will recompute server-side from approved claims (Migration 048).
CMH_01-C01,18,232,ناشرة هواء ذات فتحات طولية للهواء الراجع مصنعة من الألمنيوم المشكل بالبثق ومطلية بمسحوق البولستركاملة، وكل قطع الأكسسوار حسب المواصفات والمخططات مع توفير عينات للاعتماد من مهندس المشرف. ثلاثة فتحات / ثقب 25مم عرض,م.ط,480.0,1925.0,1139.0,450.0,1589.0,216000.0,82.54545454545455,بنود المطالبات,1076,CMH_01_SMART.xlsx,sheet بنود المطالبات,high,prev_progress in workbook is informational; platform will recompute server-side from approved claims (Migration 048).
CMH_01-C01,18,233, جريلات تغذية من الالومينيوم مغطاة ببودرة البوليستر كاملة وجميع الملحقات حسب المخططات..والمواصفات مع توفير عينات للاعتماد من مهندس المشرف 600mm X 600mm,عدد,456.0,724.0,411.0,200.0,611.0,91200.0,84.39226519337016,بنود المطالبات,1077,CMH_01_SMART.xlsx,sheet بنود المطالبات,high,prev_progress in workbook is informational; platform will recompute server-side from approved claims (Migration 048).
CMH_01-C01,18,234, جريلات رجوع من الالومينيوم مغطاة ببودرة البوليستر كاملة وجميع الملحقات حسب المخططات.والمواصفات مع توفير عينات للاعتماد من مهندس المشرف 600mm X 600mm,عدد,264.0,724.0,237.0,63.0,300.0,16632.0,41.43646408839779,بنود المطالبات,1078,CMH_01_SMART.xlsx,sheet بنود المطالبات,high,prev_progress in workbook is informational; platform will recompute server-side from approved claims (Migration 048).
CMH_01-C01,18,235, جريلات لسحب الهواء من الالمونيوم مغطاة ببودرة البوليستر كاملة بجميع ملحقات التركيب وحسب.المخططات والمواصفات مع توفير عينات للاعتماد من مهندس المشرف 150mm X 150MM,عدد,210.0,102.0,140.0,80.0,220.0,16800.0,215.68627450980392,بنود المطالبات,1079,CMH_01_SMART.xlsx,sheet بنود المطالبات,high,prev_progress in workbook is informational; platform will recompute server-side from approved claims (Migration 048).
CMH_01-C01,18,237,وصلات هواء مرنة مع الكلبسات المعدنية، والبراغي، والملحقات الضرورية. العزل يجب أن يكون بسماكة 25 مم وكثافة 16 كغ/م3 لناشرات الهواء الخطية ويجب ان يطابق كود الحريق NFPA 90A حسب المواصفات والمخططات مع توفير عينات للاعتماد من مهندس المشرف. Dia 200 mm,م.ط,54.0,2964.0,444.0,180.0,624.0,9720.0,21.052631578947366,بنود المطالبات,1080,CMH_01_SMART.xlsx,sheet بنود المطالبات,high,prev_progress in workbook is informational; platform will recompute server-side from approved claims (Migration 048).
CMH_01-C01,18,238,وصلات هواء مرنة مع الكلبسات المعدنية، والبراغي، والملحقات الضرورية. العزل يجب أن يكون بسماكة 25 مم وكثافة 16 كغ/م3 لناشرات الهواء الخطية ويجب ان يطابق كود الحريق NFPA 90A حسب المواصفات والمخططات مع توفير عينات للاعتماد من مهندس المشرف. Dia 250 mm,م.ط,66.0,60.0,800.0,30.0,830.0,1980.0,1383.3333333333335,بنود المطالبات,1081,CMH_01_SMART.xlsx,sheet بنود المطالبات,high,prev_progress in workbook is informational; platform will recompute server-side from approved claims (Migration 048).
CMH_01-C01,18,239, توريد و تركيب مراوح سحب الهواء )طرد مركزي فوق السطح ( تشمل عمليات الاختبار و الموازنة : تشمل عمليات التوريد و التركيب و الاختبار و التثبيت مراوح سحب الهواء )طرد مركزي فوق السطح ( سعة 6500 قدم مكعب بالدقيقة,عدد,18000.0,1.0,3.6,0.4,4.0,7200.0,400,بنود المطالبات,1082,CMH_01_SMART.xlsx,sheet بنود المطالبات,high,prev_progress in workbook is informational; platform will recompute server-side from approved claims (Migration 048).
CMH_01-C01,18,248,توريد وتركيب مقابس طاقة مربوطة بأسلاك 4 مم2 كحد أدنى وتشمل الأجهزة و والأسلاك والمواسير والعلب ودعامات التثبيت ، من اللوحات الى نقاط المقابس وحسب المواصفات. على المقاول المعاينة و فحص الشبكة الحالية و الاستفادة من التمديدات الحالية و دمجها مع التركيبات الجديدة بعد عمل الاختبارات اللازمة و بعد الموافقة من مهندس المشرف .مقبس أحادي، مركب على الجدار، من النوع المؤرض، 15 أمبير، 230 فولت، طور واحد، قطبين، 3 أسلاك.,عدد,216.0,282.0,151.0,150.0,301.0,32400.0,106.73758865248226,بنود المطالبات,1083,CMH_01_SMART.xlsx,sheet بنود المطالبات,high,prev_progress in workbook is informational; platform will recompute server-side from approved claims (Migration 048).
CMH_01-C01,18,249,توريد وتركيب مقابس طاقة مربوطة بأسلاك 4 مم2 كحد أدنى وتشمل الأجهزة و والأسلاك والمواسير والعلب ودعامات التثبيت ، من اللوحات الى نقاط المقابس وحسب المواصفات. على المقاول المعاينة و فحص الشبكة الحالية و الاستفادة من التمديدات الحالية و دمجها مع التركيبات الجديدة بعد عمل الاختبارات اللازمة و بعد الموافقة من مهندس المشرف . مقبس ثنائي سقفى، من النوع المؤرض، 15 أمبير، 230 فولت، طور واحد، قطبين، 3 أسلاك.,عدد,216.0,126.0,76.0,29.0,105.0,6264.0,83.33333333333334,بنود المطالبات,1084,CMH_01_SMART.xlsx,sheet بنود المطالبات,high,prev_progress in workbook is informational; platform will recompute server-side from approved claims (Migration 048).
CMH_01-C01,18,251,"توريد وتركيب مقابس طاقة مربوطة بأسلاك 4 مم2 كحد أدنى وتشمل الأجهزة و والأسلاك والمواسير والعلب ودعامات التثبيت ، من اللوحات الى نقاط المقابس وحسب المواصفات. على المقاول المعاينة و فحص الشبكة الحالية و الاستفادة من التمديدات الحالية و دمجها مع التركيبات الجديدة بعد عمل الاختبارات اللازمة و بعد الموافقة من مهندس المشرف .مقبس أحادي، مركب على الجدار، من النوع المؤرض، 15 أمبير، 230 فولت، طور واحد، قطبين، 3 أسلاك. RESIDUAL CURRENT DEVICE, 30mA TRIPPING( ",عدد,504.0,50.0,0.0,60.0,60.0,30240.0,120,بنود المطالبات,1085,CMH_01_SMART.xlsx,sheet بنود المطالبات,high,prev_progress in workbook is informational; platform will recompute server-side from approved claims (Migration 048).
CMH_01-C01,18,253, توريد وتركيب واختبار وفحص نقاط قوى للمقابس الكهربائية المتعددة الاستخدام بأسلاك نحاسية معزولة وذات مقطع لا يقل عن 6 مم2  في مواسير ويشتمل على المقبس و الاسلاك و PVC بمادة البلاستيك العلب وأعمال التثبيت والدعائم وكل الملحقات من لوحة التوزيع حتى المخارج وفقا للمخططات.والمواصفات الفنية  على المقاول المعاينة و فحص الشبكة الحالية و الاستفادة من التمديدات الحالية و دمجها مع التركيبات. الجديدة بعد عمل الاختبارات اللازمة و بعد الموافقة من مهندس المشرفمخرج  ومؤرض 30 أمبير ، 230 فولت 3 أسلاك ، 1 فاز لمجفف الأيدي,عدد,264.0,72.0,61.0,20.0,81.0,5280.0,112.5,بنود المطالبات,1086,CMH_01_SMART.xlsx,sheet بنود المطالبات,high,prev_progress in workbook is informational; platform will recompute server-side from approved claims (Migration 048).
CMH_01-C01,18,254,توريد وتركيب وإختبار وفحص علبة خدمة من نوعية ممتازة تحتوى على  ) أ ( مقابس تغذية أرضية مزدوجة ذات أسلاك 4 مم2 كحد أدنى مركبة على الأرض وتشمل أسلاك التأريض من اللوحة حتى المقابس + )ب( مآخذ للهاتف والبيانات ذات كابلات CAT 6A UTP وحتى كابينة الداتا  وحسب مواصفات إدارة الـ IT  بالوزارة. على المقاول المعاينة و فحص الشبكة الحالية و الاستفادة من التمديدات الحالية و دمجها مع التركيبات الجديدة بعد عمل الاختبارات اللازمة و بعد الموافقة من مهندس المشرف . النوع  )A(  )تحتوى على  4 قوى & 4 داتا (,عدد,2160.0,286.0,369.0,110.0,479.0,237600.0,167.48251748251747,بنود المطالبات,1087,CMH_01_SMART.xlsx,sheet بنود المطالبات,high,prev_progress in workbook is informational; platform will recompute server-side from approved claims (Migration 048).
CMH_01-C01,18,255,توريد وتركيب وإختبار وفحص علبة خدمة من نوعية ممتازة تحتوى على  ) أ ( مقابس تغذية أرضية مزدوجة ذات أسلاك 4 مم2 كحد أدنى مركبة على الأرض وتشمل أسلاك التأريض من اللوحة حتى المقابس + )ب( مآخذ للهاتف والبيانات ذات كابلات CAT 6A UTP وحتى كابينة الداتا  وحسب مواصفات إدارة الـ IT  بالوزارة. على المقاول المعاينة و فحص الشبكة الحالية و الاستفادة من التمديدات الحالية و دمجها مع التركيبات الجديدة بعد عمل الاختبارات اللازمة و بعد الموافقة من مهندس المشرف . النوع )B(   )تحتوى على 2 قوى & 2 داتا (,عدد,1800.0,20.0,379.0,82.0,461.0,147600.0,2305,بنود المطالبات,1088,CMH_01_SMART.xlsx,sheet بنود المطالبات,high,prev_progress in workbook is informational; platform will recompute server-side from approved claims (Migration 048).
CMH_01-C01,18,256,توريد وتركيب وإختبار وفحص علبة خدمة من نوعية ممتازة تحتوى على  ) أ ( مقابس تغذية أرضية مزدوجة ذات أسلاك 4 مم2 كحد أدنى مركبة على الأرض وتشمل أسلاك التأريض من اللوحة حتى المقابس + )ب( مآخذ للهاتف والبيانات ذات كابلات CAT 6A UTP وحتى كابينة الداتا  وحسب مواصفات إدارة الـ IT  بالوزارة. على المقاول المعاينة و فحص الشبكة الحالية و الاستفادة من التمديدات الحالية و دمجها مع التركيبات الجديدة بعد عمل الاختبارات اللازمة و بعد الموافقة من مهندس المشرف . النوع )1FB(   )تحتوى على 1 قوى (,عدد,720.0,141.0,100.0,6.0,106.0,4320.0,75.177304964539,بنود المطالبات,1089,CMH_01_SMART.xlsx,sheet بنود المطالبات,high,prev_progress in workbook is informational; platform will recompute server-side from approved claims (Migration 048).
CMH_01-C01,18,261," توريد وتركيب واختبار والتشغيل التجريبي لمفاتيح فصل على الحمل من النوع عالية التحمل مع ماسورة  التثبيت المعدنية المرنة والمانعة لنفاذ السوائل، وقطع الإكسسوارعلى المقاول المعاينة و فحص الشبكة الحالية و الاستفادة من التمديدات الحالية و دمجها مع التركيبات الجديدة بعد عمل الاختبارات اللازمة و بعدالموافقة من مهندس المشرف  وبالإستطاعات التالية 30 A, 250 V, 2P",عدد,384.0,445.0,144.0,256.0,400.0,98304.0,89.8876404494382,بنود المطالبات,1090,CMH_01_SMART.xlsx,sheet بنود المطالبات,high,prev_progress in workbook is informational; platform will recompute server-side from approved claims (Migration 048).
CMH_01-C01,18,263,توريد وتركيب وتوصيل وإختبار وفحص اجهزة الإنارة ويشمل اللمبات وأقواس التركيب وحبال التعليق وقطع الأكسسوار و ايضا نقاط الانارة متضمنة مواسير/أقنية قاسية عالية التحمل PVC  أوEMT وعلب ذات أسلاك لاتقل عن 0.4 مم2 لنقطة الإنارة وتوصيل أطراف أسلاك التأريض،وكل الأعمال المساعدة كما هو محدد وموضح في المخططات. على المقاول المعاينة و فحص الشبكة الحالية و الاستفادة من التمديدات الحالية و دمجها  علما بان البند يشمل جميع الوصلات و الاسلاك و الكابلات اللازمة لنهو العمل  بعد عمل الاختبارات اللازمة و بعد الموافقة من مهندس المشرف . Type A1E,عدد,660.0,241.0,172.0,20.0,192.0,13200.0,79.66804979253112,بنود المطالبات,1091,CMH_01_SMART.xlsx,sheet بنود المطالبات,high,prev_progress in workbook is informational; platform will recompute server-side from approved claims (Migration 048).
CMH_01-C01,18,264,توريد وتركيب وتوصيل وإختبار وفحص اجهزة الإنارة ويشمل اللمبات وأقواس التركيب وحبال التعليق وقطع الأكسسوار و ايضا نقاط الانارة متضمنة مواسير/أقنية قاسية عالية التحمل PVC  أوEMT وعلب ذات أسلاك لاتقل عن 0.4 مم2 لنقطة الإنارة وتوصيل أطراف أسلاك التأريض،وكل الأعمال المساعدة كما هو محدد وموضح في المخططات. على المقاول المعاينة و فحص الشبكة الحالية و الاستفادة من التمديدات الحالية و دمجها  علما بان البند يشمل جميع الوصلات و الاسلاك و الكابلات اللازمة لنهو العمل  بعد عمل الاختبارات اللازمة و بعد الموافقة من مهندس المشرف . Type A2,عدد,1044.0,1113.0,946.0,100.0,1046.0,104400.0,93.9802336028751,بنود المطالبات,1092,CMH_01_SMART.xlsx,sheet بنود المطالبات,high,prev_progress in workbook is informational; platform will recompute server-side from approved claims (Migration 048).
CMH_01-C01,18,272,توريد وتركيب وتوصيل وإختبار وفحص اجهزة الإنارة ويشمل اللمبات وأقواس التركيب وحبال التعليق وقطع الأكسسوار و ايضا نقاط الانارة متضمنة مواسير/أقنية قاسية عالية التحمل PVC  أوEMT وعلب ذات أسلاك لاتقل عن 0.4 مم2 لنقطة الإنارة وتوصيل أطراف أسلاك التأريض،وكل الأعمال المساعدة كما هو محدد وموضح في المخططات. على المقاول المعاينة و فحص الشبكة الحالية و الاستفادة من التمديدات الحالية و دمجها  علما بان البند يشمل جميع الوصلات و الاسلاك و الكابلات اللازمة لنهو العمل  بعد عمل الاختبارات اللازمة و بعد الموافقة من مهندس المشرف .Type B1,عدد,720.0,343.0,65.0,19.0,84.0,13680.0,24.489795918367346,بنود المطالبات,1093,CMH_01_SMART.xlsx,sheet بنود المطالبات,high,prev_progress in workbook is informational; platform will recompute server-side from approved claims (Migration 048).
CMH_01-C01,18,275,توريد وتركيب وتوصيل وإختبار وفحص اجهزة الإنارة ويشمل اللمبات وأقواس التركيب وحبال التعليق وقطع الأكسسوار و ايضا نقاط الانارة متضمنة مواسير/أقنية قاسية عالية التحمل PVC  أوEMT وعلب ذات أسلاك لاتقل عن 0.4 مم2 لنقطة الإنارة وتوصيل أطراف أسلاك التأريض،وكل الأعمال المساعدة كما هو محدد وموضح في المخططات. على المقاول المعاينة و فحص الشبكة الحالية و الاستفادة من التمديدات الحالية و دمجها  علما بان البند يشمل جميع الوصلات و الاسلاك و الكابلات اللازمة لنهو العمل  بعد عمل الاختبارات اللازمة و بعد الموافقة من مهندس المشرف .Type C2,عدد,420.0,1422.0,1241.0,179.0,1420.0,75180.0,99.85935302390999,بنود المطالبات,1094,CMH_01_SMART.xlsx,sheet بنود المطالبات,high,prev_progress in workbook is informational; platform will recompute server-side from approved claims (Migration 048).
CMH_01-C01,18,276,توريد وتركيب وتوصيل وإختبار وفحص اجهزة الإنارة ويشمل اللمبات وأقواس التركيب وحبال التعليق وقطع الأكسسوار و ايضا نقاط الانارة متضمنة مواسير/أقنية قاسية عالية التحمل PVC  أوEMT وعلب ذات أسلاك لاتقل عن 0.4 مم2 لنقطة الإنارة وتوصيل أطراف أسلاك التأريض،وكل الأعمال المساعدة كما هو محدد وموضح في المخططات. على المقاول المعاينة و فحص الشبكة الحالية و الاستفادة من التمديدات الحالية و دمجها  علما بان البند يشمل جميع الوصلات و الاسلاك و الكابلات اللازمة لنهو العمل  بعد عمل الاختبارات اللازمة و بعد الموافقة من مهندس المشرف .Type C3,عدد,444.0,1062.0,848.0,52.0,900.0,23088.0,84.7457627118644,بنود المطالبات,1095,CMH_01_SMART.xlsx,sheet بنود المطالبات,high,prev_progress in workbook is informational; platform will recompute server-side from approved claims (Migration 048).
CMH_01-C01,18,277,توريد وتركيب وتوصيل وإختبار وفحص اجهزة الإنارة ويشمل اللمبات وأقواس التركيب وحبال التعليق وقطع الأكسسوار و ايضا نقاط الانارة متضمنة مواسير/أقنية قاسية عالية التحمل PVC  أوEMT وعلب ذات أسلاك لاتقل عن 0.4 مم2 لنقطة الإنارة وتوصيل أطراف أسلاك التأريض،وكل الأعمال المساعدة كما هو محدد وموضح في المخططات. على المقاول المعاينة و فحص الشبكة الحالية و الاستفادة من التمديدات الحالية و دمجها  علما بان البند يشمل جميع الوصلات و الاسلاك و الكابلات اللازمة لنهو العمل  بعد عمل الاختبارات اللازمة و بعد الموافقة من مهندس المشرف .Type C4,عدد,300.0,284.0,200.0,40.0,240.0,12000.0,84.50704225352112,بنود المطالبات,1096,CMH_01_SMART.xlsx,sheet بنود المطالبات,high,prev_progress in workbook is informational; platform will recompute server-side from approved claims (Migration 048).
CMH_01-C01,18,278,توريد وتركيب وتوصيل وإختبار وفحص اجهزة الإنارة ويشمل اللمبات وأقواس التركيب وحبال التعليق وقطع الأكسسوار و ايضا نقاط الانارة متضمنة مواسير/أقنية قاسية عالية التحمل PVC  أوEMT وعلب ذات أسلاك لاتقل عن 0.4 مم2 لنقطة الإنارة وتوصيل أطراف أسلاك التأريض،وكل الأعمال المساعدة كما هو محدد وموضح في المخططات. على المقاول المعاينة و فحص الشبكة الحالية و الاستفادة من التمديدات الحالية و دمجها  علما بان البند يشمل جميع الوصلات و الاسلاك و الكابلات اللازمة لنهو العمل  بعد عمل الاختبارات اللازمة و بعد الموافقة من مهندس المشرف .Type C5,عدد,438.0,149.0,104.0,150.0,254.0,65700.0,170.46979865771812,بنود المطالبات,1097,CMH_01_SMART.xlsx,sheet بنود المطالبات,high,prev_progress in workbook is informational; platform will recompute server-side from approved claims (Migration 048).
CMH_01-C01,18,279,توريد وتركيب وتوصيل وإختبار وفحص اجهزة الإنارة ويشمل اللمبات وأقواس التركيب وحبال التعليق وقطع الأكسسوار و ايضا نقاط الانارة متضمنة مواسير/أقنية قاسية عالية التحمل PVC  أوEMT وعلب ذات أسلاك لاتقل عن 0.4 مم2 لنقطة الإنارة وتوصيل أطراف أسلاك التأريض،وكل الأعمال المساعدة كما هو محدد وموضح في المخططات.على المقاول المعاينة و فحص الشبكة الحالية و الاستفادة من التمديدات الحالية و دمجها  علما بان البند يشمل جميع الوصلات و الاسلاك و الكابلات اللازمة لنهو العمل  بعد عمل الاختبارات اللازمة و بعد الموافقة من مهندس المشرف .Type C6,عدد,288.0,158.0,137.0,20.0,157.0,5760.0,99.36708860759494,بنود المطالبات,1098,CMH_01_SMART.xlsx,sheet بنود المطالبات,high,prev_progress in workbook is informational; platform will recompute server-side from approved claims (Migration 048).
CMH_01-C01,18,280,توريد وتركيب وتوصيل وإختبار وفحص اجهزة الإنارة ويشمل اللمبات وأقواس التركيب وحبال التعليق وقطع الأكسسوار و ايضا نقاط الانارة متضمنة مواسير/أقنية قاسية عالية التحمل PVC  أوEMT وعلب ذات أسلاك لاتقل عن 0.4 مم2 لنقطة الإنارة وتوصيل أطراف أسلاك التأريض،وكل الأعمال المساعدة كما هو محدد وموضح في المخططات. على المقاول المعاينة و فحص الشبكة الحالية و الاستفادة من التمديدات الحالية و دمجها  علما بان البند يشمل جميع الوصلات و الاسلاك و الكابلات اللازمة لنهو العمل  بعد عمل الاختبارات اللازمة و بعد الموافقة من مهندس المشرف .Type C7,عدد,336.0,27.0,13.0,10.0,23.0,3360.0,85.18518518518519,بنود المطالبات,1099,CMH_01_SMART.xlsx,sheet بنود المطالبات,high,prev_progress in workbook is informational; platform will recompute server-side from approved claims (Migration 048).
CMH_01-C01,18,295,توريد وتركيب وتوصيل وإختبار وفحص اجهزة الإنارة ويشمل اللمبات وأقواس التركيب وحبال التعليق وقطع الأكسسوار و ايضا نقاط الانارة متضمنة مواسير/أقنية قاسية عالية التحمل PVC  أوEMT وعلب ذات أسلاك لاتقل عن 0.4 مم2 لنقطة الإنارة وتوصيل أطراف أسلاك التأريض،وكل الأعمال المساعدة كما هو محدد وموضح في المخططات. على المقاول المعاينة و فحص الشبكة الحالية و الاستفادة من التمديدات الحالية و دمجها  علما بان البند يشمل جميع الوصلات و الاسلاك و الكابلات اللازمة لنهو العمل  بعد عمل الاختبارات اللازمة و بعد الموافقة من مهندس المشرف .Type ES-1,عدد,360.0,430.0,177.0,120.0,297.0,43200.0,69.06976744186046,بنود المطالبات,1100,CMH_01_SMART.xlsx,sheet بنود المطالبات,high,prev_progress in workbook is informational; platform will recompute server-side from approved claims (Migration 048).
CMH_01-C01,18,298,توريد وتركيب وتوصيل وإختبار وفحص اجهزة الإنارة ويشمل اللمبات وأقواس التركيب وحبال التعليق وقطع الأكسسوار و ايضا نقاط الانارة متضمنة مواسير/أقنية قاسية عالية التحمل PVC  أوEMT وعلب ذات أسلاك لاتقل عن 0.4 مم2 لنقطة الإنارة وتوصيل أطراف أسلاك التأريض،وكل الأعمال المساعدة كما هو محدد وموضح في المخططات. على المقاول المعاينة و فحص الشبكة الحالية و الاستفادة من التمديدات الحالية و دمجها  علما بان البند يشمل جميع الوصلات و الاسلاك و الكابلات اللازمة لنهو العمل  بعد عمل الاختبارات اللازمة و بعد الموافقة من مهندس المشرف . Type P1,عدد,420.0,75.0,62.0,18.0,80.0,7560.0,106.66666666666667,بنود المطالبات,1101,CMH_01_SMART.xlsx,sheet بنود المطالبات,high,prev_progress in workbook is informational; platform will recompute server-side from approved claims (Migration 048).
CMH_01-C01,18,299,توريد وتركيب وتوصيل وإختبار وفحص اجهزة الإنارة ويشمل اللمبات وأقواس التركيب وحبال التعليق وقطع الأكسسوار و ايضا نقاط الانارة متضمنة مواسير/أقنية قاسية عالية التحمل PVC  أوEMT وعلب ذات أسلاك لاتقل عن 0.4 مم2 لنقطة الإنارة وتوصيل أطراف أسلاك التأريض،وكل الأعمال المساعدة كما هو محدد وموضح في المخططات. على المقاول المعاينة و فحص الشبكة الحالية و الاستفادة من التمديدات الحالية و دمجها  علما بان البند يشمل جميع الوصلات و الاسلاك و الكابلات اللازمة لنهو العمل  بعد عمل الاختبارات اللازمة و بعد الموافقة من مهندس المشرف . Type T1,عدد,744.0,1146.0,619.0,114.0,733.0,84816.0,63.961605584642236,بنود المطالبات,1102,CMH_01_SMART.xlsx,sheet بنود المطالبات,high,prev_progress in workbook is informational; platform will recompute server-side from approved claims (Migration 048).
CMH_01-C01,18,309, كاشف انذار دخان من النوع المعنون طبقا للمخططات  ومواصفات المشروع,عدد,276.0,715.0,455.0,250.0,705.0,69000.0,98.6013986013986,بنود المطالبات,1103,CMH_01_SMART.xlsx,sheet بنود المطالبات,high,prev_progress in workbook is informational; platform will recompute server-side from approved claims (Migration 048).
CMH_01-C01,18,311, وحدة إنذار حريق يدوية من النوع المعنون طبقا للمخططات  ومواصفات المشروع,عدد,384.0,54.0,17.0,20.0,37.0,7680.0,68.51851851851852,بنود المطالبات,1104,CMH_01_SMART.xlsx,sheet بنود المطالبات,high,prev_progress in workbook is informational; platform will recompute server-side from approved claims (Migration 048).
CMH_01-C01,18,313,وحدة تحكم  )Control module( من النوع المعنون طبقا للمخططات  ومواصفات المشروع,عدد,420.0,69.0,65.0,109.0,174.0,45780.0,252.17391304347828,بنود المطالبات,1105,CMH_01_SMART.xlsx,sheet بنود المطالبات,high,prev_progress in workbook is informational; platform will recompute server-side from approved claims (Migration 048).
CMH_01-C01,18,314,وحدة جرس إنذار حريق داخلى طبقا للمخططات  ومواصفات المشروع,عدد,576.0,24.0,15.0,20.0,35.0,11520.0,145.83333333333331,بنود المطالبات,1106,CMH_01_SMART.xlsx,sheet بنود المطالبات,high,prev_progress in workbook is informational; platform will recompute server-side from approved claims (Migration 048).
CMH_01-C01,18,316,وحدات لاسلكية لتوفير خدمة شبكة المعلومات )Wireless Access Points(,عدد,1080.0,181.0,76.0,70.0,146.0,75600.0,80.66298342541437,بنود المطالبات,1107,CMH_01_SMART.xlsx,sheet بنود المطالبات,high,prev_progress in workbook is informational; platform will recompute server-side from approved claims (Migration 048).
CMH_01-C01,18,317,عن طريق مقاول متخصص ذو خبرة كبيرة في هذا المجال ويقدم للاعتماد من إدارة الـ IT بالوزارة و يربط النظام مع الانظمة المعنية بالتحكم و الموازنة و يشمل البند جميع الوصلات و الكابلات و غيرها من المتطلبات الخاصة بنهو النظام كاملا توريد وتركيب واختبارنقاط كاميرا مراقبة داخلية سقفية و جميع ما يلزم من توصيلات و تركيبات و خلافة  لنهو النظام .,عدد,2640.0,258.0,193.0,25.0,218.0,66000.0,84.49612403100775,بنود المطالبات,1108,CMH_01_SMART.xlsx,sheet بنود المطالبات,high,prev_progress in workbook is informational; platform will recompute server-side from approved claims (Migration 048).
CMH_01-C01,18,318,توريد وتركيب واختبار نظام التحكم فى الدخول بروتوكول IP  مع البرامج الخاصة بنظام التحكم بتقنية dual RFID integration ، مع المواسير والكابلات وكل الملحقات لضمان عمل النظام على الوجه الاكمل وحسب المواصفات والمخططات وتعليمات الشركة المصنعة وتعليمات ومواصفات إدارة الـ IT بالوزارة و كل ما يلزم من مواد وأعمال كهربائية و مدنية مع تقديم ضمان من المصنع لمدة )3 سنوات( لكافة مكونات النظام وخدمة الصيانة من مراكز المصنع بالمملكة ، ويحتوي النظام علي البنود التالية :  لوحة التحكم الرئيسية فى الابواب )IASC( ذات دارة خرج  )poE - ( IP,عدد,2904.0,120.0,0.0,12.0,12.0,34848.0,10,بنود المطالبات,1109,CMH_01_SMART.xlsx,sheet بنود المطالبات,high,prev_progress in workbook is informational; platform will recompute server-side from approved claims (Migration 048).
CMH_01-C01,18,320,"توريد وتركيب واختبار نظام التحكم فى الدخول بروتوكول IP مع البرامج الخاصة بنظام التحكم بتقنية integration RFID dual ، مع المواسير والكابالت وكل الملحقات لضمان عمل النظام على الوجه االكمل وحسب المواصفات والمخططات وتعليمات الشركة المصنعة وتعليمات ومواصفات إدارة الـ IT
بالوزارة و كل ما يلزم من مواد وأعمال كهربائية و مدنية مع تقديم ضمان من المصنع لمدة 3( سنوات)
لكافة مكونات النظام وخدمة الصيانة من مراكز المصنع بالمملكة ، ويحتوي النظام علي البنود التالية :
بطاقات تعريف ذكية",عدد,72.0,500.0,0.0,8.0,8.0,576.0,1.6,بنود المطالبات,1110,CMH_01_SMART.xlsx,sheet بنود المطالبات,high,prev_progress in workbook is informational; platform will recompute server-side from approved claims (Migration 048).
CMH_01-C01,18,322,"توريد وتركيب واختبار نظام التحكم فى الدخول بروتوكول IP مع البرامج الخاصة بنظام التحكم بتقنية integration RFID dual ، مع المواسير والكابالت وكل الملحقات لضمان عمل النظام على الوجه االكمل وحسب المواصفات والمخططات وتعليمات الشركة المصنعة وتعليمات ومواصفات إدارة الـ IT
بالوزارة و كل ما يلزم من مواد وأعمال كهربائية و مدنية مع تقديم ضمان من المصنع لمدة 3( سنوات)
لكافة مكونات النظام وخدمة الصيانة من مراكز المصنع بالمملكة ، ويحتوي النظام علي البنود التالية :
وحدة قفل كهربائى لبابين      locks( door magnetic )Electro",عدد,1380.0,95.0,0.0,8.0,8.0,11040.0,8.421052631578947,بنود المطالبات,1111,CMH_01_SMART.xlsx,sheet بنود المطالبات,high,prev_progress in workbook is informational; platform will recompute server-side from approved claims (Migration 048).
CMH_01-C01,18,323,"توريد وتركيب واختبار نظام التحكم فى الدخول بروتوكول IP مع البرامج الخاصة بنظام التحكم بتقنية integration RFID dual ، مع المواسير والكابالت وكل الملحقات لضمان عمل النظام على الوجه االكمل وحسب المواصفات والمخططات وتعليمات الشركة المصنعة وتعليمات ومواصفات إدارة الـ IT
بالوزارة و كل ما يلزم من مواد وأعمال كهربائية و مدنية مع تقديم ضمان من المصنع لمدة 3( سنوات)
لكافة مكونات النظام وخدمة الصيانة من مراكز المصنع بالمملكة ، ويحتوي النظام علي البنود التالية :
وحدة زر خروج من النوع button( )Push",عدد,606.0,218.0,0.0,9.0,9.0,5454.0,4.128440366972478,بنود المطالبات,1112,CMH_01_SMART.xlsx,sheet بنود المطالبات,high,prev_progress in workbook is informational; platform will recompute server-side from approved claims (Migration 048).
CMH_01-C01,18,324,"توريد وتركيب وإختبار نظام النداء الصوتي العام يتضمن كافة الكابالت و المواسير و العلب و النهايات مع كامل اكسسوارات التركيب الالزمة وتشغيل تجهيزات الصوت و تركيب المعدات الرئيسية بغرفة التحكم حسب المخططات و المواصفات وتعليمات الشركة المصنعة مشتمال على كل ما يلزم التمام العمل
و ربطه مع نظام الحريق و ادارة المبنى و يتكون من االتي -:
سماعة سقفية 6 وات
",عدد,420.0,252.0,56.0,70.0,126.0,29400.0,50,بنود المطالبات,1113,CMH_01_SMART.xlsx,sheet بنود المطالبات,high,prev_progress in workbook is informational; platform will recompute server-side from approved claims (Migration 048).
CMH_01-C01,18,327,"توريد وتركيب وإختبار المخارج اآلتية شاملة الكابالت 6A( )CAT والمواسير وعلب التوصيل وعلب السحب واألغطية و الوصالت cords Patch وخالفه حسب المواصفات ووفقا لما هو موضح بالمخططات مع جميع االكسسوارات لعمل النظام على أكمل وجه ومن أجود األنواع األصلية وحسب تعليمات ومواصفات إدارة الــ IT بالوزارة وكل ما يلزم من المخرج وحتى rack IT
على المقاول المعاينة و فحص الشبكة الحالية و االستفادة من التمديدات الحالية و دمجها مع التركيبات
الجديدة بعد عمل االختبارات الالزمة و بعد الموافقة من مهندس المشرف -:.
مخرج فردي حائطي مزود بعدد واحد مأخذ RJ-45
",عدد,432.0,206.0,118.0,120.0,238.0,51840.0,115.53398058252426,بنود المطالبات,1114,CMH_01_SMART.xlsx,sheet بنود المطالبات,high,prev_progress in workbook is informational; platform will recompute server-side from approved claims (Migration 048).
CMH_01-C01,18,328,"توريد وتركيب وإختبار المخارج اآلتية شاملة الكابالت 6A( )CAT والمواسير وعلب التوصيل وعلب السحب واألغطية و الوصالت cords Patch وخالفه حسب المواصفات ووفقا لما هو موضح بالمخططات مع جميع االكسسوارات لعمل النظام على أكمل وجه ومن أجود األنواع األصلية وحسب تعليمات ومواصفات إدارة الــ IT بالوزارة وكل ما يلزم من المخرج وحتى rack IT
على المقاول المعاينة و فحص الشبكة الحالية و االستفادة من التمديدات الحالية و دمجها مع التركيبات
الجديدة بعد عمل االختبارات الالزمة و بعد الموافقة من مهندس المشرف -:.
مخرج HDMI مع الكوابل اللازمة",عدد,540.0,33.0,0.0,20.0,20.0,10800.0,60.60606060606061,بنود المطالبات,1115,CMH_01_SMART.xlsx,sheet بنود المطالبات,high,prev_progress in workbook is informational; platform will recompute server-side from approved claims (Migration 048).
CMH_01-C01,18,330,"خزانة تجهيزات 42 U مقاس 2000×1000×800 ملم من أجود األنواع العالمية مع جميع االكسسوارات الالزمة من قاطع رئيسي 32( أمبير) وموزعات و مراوح و منظمات مسير الكوابل و كل
ما يلزم التمام العمل وحسب مواصفات وتعليمات إدارة الـ IT بالوزارة.",عدد,66000.0,12.0,7.0,2.0,9.0,132000.0,75,بنود المطالبات,1116,CMH_01_SMART.xlsx,sheet بنود المطالبات,high,prev_progress in workbook is informational; platform will recompute server-side from approved claims (Migration 048).
CMH_01-C01,18,331,"لوحة توزيع رئيسية لنظام كابالت األلياف الضوئية Panel Patch Optical مزودة بعدد )12( موصل
من النوع Multimode",عدد,2640.0,12.0,0.0,4.0,4.0,10560.0,33.33333333333333,بنود المطالبات,1117,CMH_01_SMART.xlsx,sheet بنود المطالبات,high,prev_progress in workbook is informational; platform will recompute server-side from approved claims (Migration 048).
CMH_01-C01,18,332,لوحات توزيع كابالت نحاسية Panel Patch a 6 CAT مع الوصالت لعدد 24 مخرج,عدد,2400.0,55.0,34.0,30.0,64.0,72000.0,116.36363636363636,بنود المطالبات,1118,CMH_01_SMART.xlsx,sheet بنود المطالبات,high,prev_progress in workbook is informational; platform will recompute server-side from approved claims (Migration 048).
CMH_01-C01,18,334,فك و تقطيع وتنزيل و ترحيل مواسير شبكة الصرف و التغذية القائمة و البند يشمل فك القطع والترحيل خارج الموقع وتسليم جميع مكونات شبكة الصرف و التغذية للجهة مالكة المشروع ,م.ط,16.523,0.0,3371.0,1000.0,4371.0,16523.0,,بنود المطالبات,1119,CMH_01_SMART.xlsx,sheet بنود المطالبات,high,prev_progress in workbook is informational; platform will recompute server-side from approved claims (Migration 048).
CMH_01-C01,18,340,ازالة وتكسير وترحيل ارضيات الخرسانة,م²,69.42,0.0,2000.0,900.0,2900.0,62478.0,,بنود المطالبات,1120,CMH_01_SMART.xlsx,sheet بنود المطالبات,high,prev_progress in workbook is informational; platform will recompute server-side from approved claims (Migration 048).
CMH_01-C01,18,343,فك و إزالة  مجاري الهواء من الصفائح المعدنية المجلفنة شامل الاكواع و التفريعات و التحويله و العامة وحاملة التعليق و الترحيل إلى مستودعات الجهة مالكة المشروع بمدينة الرياض  ,م.ط,106.0,0.0,11114.42,800.0,11914.42,84800.0,,بنود المطالبات,1121,CMH_01_SMART.xlsx,sheet بنود المطالبات,high,prev_progress in workbook is informational; platform will recompute server-side from approved claims (Migration 048).
CMH_01-C01,18,348,توريد وتركيب برادات مياة حسب العينة المعتمدة ويتم التركيب طبقاً للمخططات والمواصفات الفنية وبحسب توجيهات واعتماد المهندس المشرف.,عدد,12600.0,0.0,12.0,9.0,21.0,113400.0,,بنود المطالبات,1122,CMH_01_SMART.xlsx,sheet بنود المطالبات,high,prev_progress in workbook is informational; platform will recompute server-side from approved claims (Migration 048).
CMH_01-C01,18,362,"01-MT 02& MT رخام مون ستون غراي رمادي فاتح و رمادي غامق 
مقاس  1200× 300 مم لمنطقة القهوة و المدخل سماكة 30مم .",م²,609.0,0.0,344.0,200.0,544.0,121800.0,,بنود المطالبات,1123,CMH_01_SMART.xlsx,sheet بنود المطالبات,high,prev_progress in workbook is informational; platform will recompute server-side from approved claims (Migration 048).
CMH_01-C01,18,370,توريد وتركيب جدار خشبى مقاوم للحريق ,م²,2634.65,0.0,0.0,115.0,115.0,302984.75,,بنود المطالبات,1124,CMH_01_SMART.xlsx,sheet بنود المطالبات,high,prev_progress in workbook is informational; platform will recompute server-side from approved claims (Migration 048).
CMH_01-C01,18,371,توريد وتركيب باب خشبى مقاوم للحريق ,عدد,9368.55,0.0,0.0,9.0,9.0,84316.95,,بنود المطالبات,1125,CMH_01_SMART.xlsx,sheet بنود المطالبات,high,prev_progress in workbook is informational; platform will recompute server-side from approved claims (Migration 048).
CMH_01-C01,18,372,توريد وتركيب بورسلان للمبنى PW-01(A)-SUTILEGRIS PULIDO,م²,186.63,0.0,0.0,600.0,600.0,111978.0,,بنود المطالبات,1126,CMH_01_SMART.xlsx,sheet بنود المطالبات,high,prev_progress in workbook is informational; platform will recompute server-side from approved claims (Migration 048).
CMH_01-C01,18,373,توريد وتركيب بورسلان للمبنى PW-02-A(VANGLISH PULIDO),م²,186.63,0.0,0.0,800.0,800.0,149304.0,,بنود المطالبات,1127,CMH_01_SMART.xlsx,sheet بنود المطالبات,high,prev_progress in workbook is informational; platform will recompute server-side from approved claims (Migration 048).
CMH_01-C01,18,374,توريد وتركيب بورسلان للمبنى PW-03-B(ATLANTIDA),م²,232.88,0.0,0.0,650.0,650.0,151372.0,,بنود المطالبات,1128,CMH_01_SMART.xlsx,sheet بنود المطالبات,high,prev_progress in workbook is informational; platform will recompute server-side from approved claims (Migration 048).
CMH_01-C01,18,375,توريد وتركيب  SHOWER SET ,عدد,2080.8,0.0,0.0,15.0,15.0,31212.000000000004,,بنود المطالبات,1129,CMH_01_SMART.xlsx,sheet بنود المطالبات,high,prev_progress in workbook is informational; platform will recompute server-side from approved claims (Migration 048).
CMH_01-C01,18,378,بالمتر المسطح توريد وتركيب قماش ستائر(Roller Blind)والسعر يشمل التوريد والتركيب ,م²,77.1,0.0,0.0,1000.0,1000.0,77100.0,,بنود المطالبات,1130,CMH_01_SMART.xlsx,sheet بنود المطالبات,high,prev_progress in workbook is informational; platform will recompute server-side from approved claims (Migration 048).
CMH_01-C01,18,379,بالعدد توريد موتور سومفي فرنسي والسعر يشعمل التوريد والتركيب ,عدد,1409.26,0.0,0.0,22.0,22.0,31003.72,,بنود المطالبات,1131,CMH_01_SMART.xlsx,sheet بنود المطالبات,high,prev_progress in workbook is informational; platform will recompute server-side from approved claims (Migration 048).
CMH_01-C01,18,380,بالعدد توريدریموت سومفي  5قناه والسعر يشعمل التوريد والتركيب ,عدد,338.83,0.0,0.0,10.0,10.0,3388.2999999999997,,بنود المطالبات,1132,CMH_01_SMART.xlsx,sheet بنود المطالبات,high,prev_progress in workbook is informational; platform will recompute server-side from approved claims (Migration 048).
CMH_01-C01,18,381,بالعدد توريدریموت سومفي  1قناه والسعر يشعمل التوريد والتركيب  ,عدد,298.98,0.0,0.0,10.0,10.0,2989.8,,بنود المطالبات,1133,CMH_01_SMART.xlsx,sheet بنود المطالبات,high,prev_progress in workbook is informational; platform will recompute server-side from approved claims (Migration 048).
CMH_01-C01,18,382,توريد وتركيب كوريان للمطابخ للدور الثالث ,عدد,9000.0,0.0,0.0,3.0,3.0,27000.0,,بنود المطالبات,1134,CMH_01_SMART.xlsx,sheet بنود المطالبات,high,prev_progress in workbook is informational; platform will recompute server-side from approved claims (Migration 048).
CMH_01-C01,18,383,توريد وتركيب رخام بيترا جراى للمينى سماكة 20 مم ,عدد,6600.0,0.0,0.0,6.0,6.0,39600.0,,بنود المطالبات,1135,CMH_01_SMART.xlsx,sheet بنود المطالبات,high,prev_progress in workbook is informational; platform will recompute server-side from approved claims (Migration 048).
CMH_01-C01,18,384,توريد وتركيب واختبار كابل 4*10 مم2 مع عزل حرارى بلاستيك PVC/PVC,م.ط,55.37,0.0,0.0,600.0,600.0,33222.0,,بنود المطالبات,1136,CMH_01_SMART.xlsx,sheet بنود المطالبات,high,prev_progress in workbook is informational; platform will recompute server-side from approved claims (Migration 048).
CMH_01-C01,19,34,تصنيع وتركيب كسوة من الخشب للجدران ويكون النمط والحجم كما هو موضح بالرسومات ويشمل السعر أي مواد أو أعمال يتطلبها إنهاء العمل حسب المواصفات والمخططات وتعليمات المهندس المشرف. Ref drawing: 07-MRA-DD-(as per floor number)-AR-600 to 07-MRA-DD-(as  per floor number)-AR-604كسوة من خشب الـ)Mdf( ، مع قشرة صناعية بلون رمادي بيج لمنطقة معالي الوزير   حسب الرسومات والمناظير وتعليمات المهندس المشرف.Code: WDP8,م2,870.0,758.0,1455.0,200.0,1655.0,174000.0,218.3377308707124,بنود المطالبات,1137,CMH_01_SMART.xlsx,sheet بنود المطالبات,high,prev_progress in workbook is informational; platform will recompute server-side from approved claims (Migration 048).
CMH_01-C01,19,46,توريد وتركيب باب زجاجي من نوع سيكوريت بسمك 12مم ويشمل السعر التثبيت والاطار من الالمنيوم الأسود المطلي بدهان بودرة بالفرن والخردوات وماكينة دفاش للإغلاق الذاتي مع ملصقات بحسب التصميم. ويشمل السعر أي مواد أو أعمال يتطلبها استكمال العمل حسب المواصفات والمخططات وتعليمات االمهندس المشرف.Ref drawing: 07-MRA-DD-(as per floor number)-AR-801 بعرض 1000 مم وارتفاع 2700 مم  GD01باب ضلفة واحدة  نموذج,عدد,2580.0,238.0,196.0,30.0,226.0,77400.0,94.9579831932773,بنود المطالبات,1138,CMH_01_SMART.xlsx,sheet بنود المطالبات,high,prev_progress in workbook is informational; platform will recompute server-side from approved claims (Migration 048).
CMH_01-C01,19,47,توريد وتركيب باب زجاجي من نوع سيكوريت بسمك 12مم ويشمل السعر التثبيت والاطار من الالمنيوم الأسود المطلي بدهان بودرة بالفرن والخردوات وماكينة دفاش للإغلاق الذاتي مع ملصقات بحسب التصميم. ويشمل السعر أي مواد أو أعمال يتطلبها استكمال العمل حسب المواصفات والمخططات وتعليمات االمهندس المشرف. Ref drawing: 07-MRA-DD-(as per floor number)-AR-801   بعرض 1800 مم وارتفاع 2600 مم  GD02باب ضلفتين  نموذج ,عدد,4020.0,37.0,30.0,4.0,34.0,16080.0,91.8918918918919,بنود المطالبات,1139,CMH_01_SMART.xlsx,sheet بنود المطالبات,high,prev_progress in workbook is informational; platform will recompute server-side from approved claims (Migration 048).
CMH_01-C01,19,48,توريد وتركيب باب زجاجي من نوع سيكوريت بسمك 12مم ويشمل السعر التثبيت والاطار من الالمنيوم الأسود المطلي بدهان بودرة بالفرن والخردوات وماكينة دفاش للإغلاق الذاتي مع ملصقات بحسب التصميم. ويشمل السعر أي مواد أو أعمال يتطلبها استكمال العمل حسب المواصفات والمخططات وتعليمات االمهندس المشرف. Ref drawing: 07-MRA-DD-(as per floor number)-AR-801 بعرض 1800 مم وارتفاع 2100 مم  GD03باب ضلفتين  نموذج ,عدد,3600.0,5.0,4.0,2.0,6.0,7200.0,120,بنود المطالبات,1140,CMH_01_SMART.xlsx,sheet بنود المطالبات,high,prev_progress in workbook is informational; platform will recompute server-side from approved claims (Migration 048).
CMH_01-C01,19,49,توريد وتركيب باب من قطاعات الخشب شبه المصمت بسمك 44مم مكون من قواطيع خشب داخليه بحشو  mdf مع قشرة الجوز  والحلق من الخشب السويدي المسطم المقاوم للرطوبة مع تشطيب نهائي من قشرة الجوز والبند يشمل جميع الإكسسوارات اللازمه من مفصلات ودفاش من النوع المخفي ومقابض وربل كاتم لصوت الإغلاق ودهانات  و إنهاء جميع الأعمال على الوجه الأكمل طبقا للمخططات واصول الصناعة  والمواصفات الفنية وتعليمات االمهندس المشرف. Ref drawing: 07-MRA-DD-(as per floor number)-AR-800 بعرض 2000 مم وارتفاع 2200 مم  WD07باب مروحة ضلفتين  نموذج ,عدد,5280.0,13.0,12.0,6.0,18.0,31680.0,138.46153846153845,بنود المطالبات,1141,CMH_01_SMART.xlsx,sheet بنود المطالبات,high,prev_progress in workbook is informational; platform will recompute server-side from approved claims (Migration 048).
CMH_01-C01,19,50,توريد وتركيب باب من قطاعات الخشب شبه المصمت بسمك 44مم مكون من قواطيع خشب داخليه بحشو  mdf مع قشرة الجوز  والحلق من الخشب السويدي المسطم المقاوم للرطوبة مع تشطيب نهائي من قشرة الجوز والبند يشمل جميع الإكسسوارات اللازمه من مفصلات ودفاش من النوع المخفي ومقابض وربل كاتم لصوت الإغلاق ودهانات  و إنهاء جميع الأعمال على الوجه الأكمل طبقا للمخططات واصول الصناعة  والمواصفات الفنية وتعليمات االمهندس المشرف. Ref drawing: 07-MRA-DD-(as per floor number)-AR-800 بعرض1000 مم وارتفاع 2200 مم  WD06باب مروحة ضلفة واحدة  نموذج ,عدد,2400.0,13.0,9.0,3.0,12.0,7200.0,92.3076923076923,بنود المطالبات,1142,CMH_01_SMART.xlsx,sheet بنود المطالبات,high,prev_progress in workbook is informational; platform will recompute server-side from approved claims (Migration 048).
CMH_01-C01,19,51,توريد وتركيب باب من قطاعات الخشب شبه المصمت بسمك 44مم مكون من قواطيع خشب داخليه بحشو  mdf مع قشرة الجوز  والحلق من الخشب السويدي المسطم المقاوم للرطوبة مع تشطيب نهائي من قشرة الجوز والبند يشمل جميع الإكسسوارات اللازمه من مفصلات ودفاش من النوع المخفي ومقابض وربل كاتم لصوت الإغلاق ودهانات  و إنهاء جميع الأعمال على الوجه الأكمل طبقا للمخططات واصول الصناعة  والمواصفات الفنية وتعليمات االمهندس المشرف. Ref drawing: 07-MRA-DD-(as per floor number)-AR-800 بعرض 900 مم وارتفاع 2200 مم  WD05باب مروحة ضلفة واحدة  نموذج ,عدد,2400.0,47.0,24.0,16.0,40.0,38400.0,85.1063829787234,بنود المطالبات,1143,CMH_01_SMART.xlsx,sheet بنود المطالبات,high,prev_progress in workbook is informational; platform will recompute server-side from approved claims (Migration 048).
CMH_01-C01,19,52,توريد وتركيب باب من قطاعات الخشب شبه المصمت بسمك 44مم مكون من قواطيع خشب داخليه بحشو  mdf مع قشرة الجوز  والحلق من الخشب السويدي المسطم المقاوم للرطوبة مع تشطيب نهائي من قشرة الجوز والبند يشمل جميع الإكسسوارات اللازمه من مفصلات ودفاش من النوع المخفي ومقابض وربل كاتم لصوت الإغلاق ودهانات  و إنهاء جميع الأعمال على الوجه الأكمل طبقا للمخططات واصول الصناعة  والمواصفات الفنية وتعليمات االمهندس المشرف. Ref drawing: 07-MRA-DD-(as per floor number)-AR-800 بعرض 800 مم وارتفاع 2200 مم  WD04باب مروحة ضلفة واحدة  نموذج ,عدد,2400.0,48.0,35.0,13.0,48.0,31200.0,100,بنود المطالبات,1144,CMH_01_SMART.xlsx,sheet بنود المطالبات,high,prev_progress in workbook is informational; platform will recompute server-side from approved claims (Migration 048).
CMH_01-C01,19,55,توريد وتركيب باب من قطاعات الخشب شبه المصمت بسمك 44مم مكون من قواطيع خشب داخليه بحشو خفيف mdfوالمطلي بدهان رمادي على هيئة الأسطح الاسمنتية والحلق من الخشب السويدي المسطم المقاوم للرطوبة مخفي داخل الواجهة القواطع الجبسية والبند يشمل جميع الإكسسوارات اللازمه من مفصلات ودفاش من النوع المخفي ومقابض وربل كاتم لصوت الإغلاق ودهانات و إنهاء جميع الأعمال على الوجه الأكمل طبقا للمخططات واصول الصناعة  والمواصفات الفنية وتعليمات االمهندس المشرف. Ref drawing: 07-MRA-DD-(as per floor number)-AR-800 بعرض 900 مم وارتفاع 2200 مم  WD01باب مروحة ضلفة واحدة  نموذج ,عدد,2400.0,14.0,8.0,5.0,13.0,12000.0,92.85714285714286,بنود المطالبات,1145,CMH_01_SMART.xlsx,sheet بنود المطالبات,high,prev_progress in workbook is informational; platform will recompute server-side from approved claims (Migration 048).
CMH_01-C01,19,56,توريد وتركيب باب من قطاعات الخشب شبه المصمت بسمك 44مم مكون من قواطيع خشب داخليه بحشو  mdfوالمطلي بدهان رمادي بيج والحلق من الخشب السويدي المسطم المقاوم للرطوبة مخفي داخل الواجهة القواطع الجبسية والبند يشمل جميع الإكسسوارات اللازمه من مفصلات ودفاش من النوع المخفي ومقابض، ربل كاتم لصوت الإغلاق ودهانات .و إنهاء جميع الأعمال على الوجه الأكمل طبقا للمخططات واصول الصناعة  والمواصفات الفنية وتعليمات االمهندس المشرف. Ref drawing: 07-MRA-DD-(as per floor number)-AR-800 بعرض900 مم وارتفاع 2200 مم  WD03باب مروحة ضلفة واحدة  نموذج ,عدد,2400.0,32.0,23.0,17.0,40.0,40800.0,125,بنود المطالبات,1146,CMH_01_SMART.xlsx,sheet بنود المطالبات,high,prev_progress in workbook is informational; platform will recompute server-side from approved claims (Migration 048).
CMH_01-C01,19,65,توريد وتركيب باب من الزجاج المضلعّ )ribbed glass( بأيطارات من الخشب المصمت سماكة 44 ملم مع قشرة الجوز الداكنة. والبند يشمل جميع الإكسسوارات اللازمه من مفصلات ودفاش من النوع المخفي ومقابض وربل كاتم لصوت الإغلاق ودهانات و إنهاء جميع الأعمال على الوجه الأكمل طبقا للمخططات واصول الصناعة  والمواصفات الفنية وتعليمات االمهندس المشرف. Ref drawing: 07-MRA-DD-sixth floor-AR-800  باب مروحة ضلفة واحدة  نموذج 14WD  بعرض 900 مم وارتفاع 2400 مم )VIP Zone(,عدد,6420.0,4.0,3.0,1.0,4.0,6420.0,100,بنود المطالبات,1147,CMH_01_SMART.xlsx,sheet بنود المطالبات,high,prev_progress in workbook is informational; platform will recompute server-side from approved claims (Migration 048).
CMH_01-C01,19,66,توريد وتركيب قواطع زجاجيه داخليه من زجاج  سيكوريت عازل للصوت ثخانة 12مم مركّبة على مقاطع من  الألمنيوم )لون اسود 9005RAL (  مثبتة  بالسقف والأرض بإرتفاع 2700مم .ويشمل العمل الاطار والقوائم  والتثبيت بتيوب حديد ابعاد 4*8 سم وسماكة 2ملم  والملصقات بأماكن محددة حسب التصميم ، وفواصل البوليكاربونيت الجاف بين الألواح الزجاجية وقطع الإكسسوار ومانع التسرب والمواد الأخُرى المطلوبة لاستكمال التركيب حسب المخططات وتعليمات االمهندس المشرف.,م²,900.0,4000.0,4000.0,200.0,4200.0,180000.0,105,بنود المطالبات,1148,CMH_01_SMART.xlsx,sheet بنود المطالبات,high,prev_progress in workbook is informational; platform will recompute server-side from approved claims (Migration 048).
CMH_01-C01,19,67,توريد وتركيب باب من قطاعات الحديد  بسمك 45 مم مقاوم للحريق 90 دقيقة،  مع طبقة من الصاج سماكة 2مم من الجهتين على اطار معدنى مجوف والسعر يشمل التكسية الخشبية بقشرة الجوز لضلفة الباب والإطار من جهة واحدة..ويشمل التوريد والتركيب والتثبيت  والمفصلات والمقابض   والدفاش والاكسسوارت من اجود الانواع  وكل مايلزم لانهاء العمل على اكمل وجه ة حسب المخططات وتعليمات االمهندس المشرف. Ref. drawing: 07-MRA-DD-(as per floor number)-AR-804 ضلفة واحدة عرض1000مم وإرتفاع 2200مم SD01 باب نموذج ,م²,3000.0,58.0,13.0,15.0,28.0,45000.0,48.275862068965516,بنود المطالبات,1149,CMH_01_SMART.xlsx,sheet بنود المطالبات,high,prev_progress in workbook is informational; platform will recompute server-side from approved claims (Migration 048).
CMH_01-C01,19,68,توريد وتركيب باب من قطاعات الحديد  بسمك 45 مم مقاوم للحريق 90 دقيقة،  مع طبقة من الصاج سماكة 2مم من الجهتين على اطار معدنى مجوف والسعر يشمل التكسية الخشبية بقشرة الجوز لضلفة الباب والإطار من جهة واحدة..ويشمل التوريد والتركيب والتثبيت  والمفصلات والمقابض   والدفاش والاكسسوارت من اجود الانواع  وكل مايلزم لانهاء العمل على اكمل وجه ة حسب المخططات وتعليمات االمهندس المشرف. Ref. drawing: 07-MRA-DD-(as per floor number)-AR-804 ضلفة واحدة عرض1100مم وإرتفاع 2200مم SD02 باب نموذج,عدد,3000.0,1.0,1.0,5.0,6.0,15000.0,600,بنود المطالبات,1150,CMH_01_SMART.xlsx,sheet بنود المطالبات,high,prev_progress in workbook is informational; platform will recompute server-side from approved claims (Migration 048).
CMH_01-C01,19,69,تجديد وترميم الأبواب الحديدية وتشمل الأعمال ما يلي: ــ  تجديد وترميم أبواب الحديد، سنفرة الأبواب، عمل طبقة تأسيس ناري للأبواب،  دهان وتلميع الأجزاء  + تلميع خارجي بمادة البوليريثان، المحافظة على نظافة المكان وإزالة المخلفات. حسب الاصول الفنيه وتعليمات المهندس المشرف. باب  ضلفتين عرض2000مم,عدد,540.0,46.0,8.0,32.0,40.0,17280.0,86.95652173913044,بنود المطالبات,1151,CMH_01_SMART.xlsx,sheet بنود المطالبات,high,prev_progress in workbook is informational; platform will recompute server-side from approved claims (Migration 048).
CMH_01-C01,19,70,تجديد وترميم أبواب الحديد، سنفرة الأبواب، عمل طبقة تأسيس ناري للأبواب،  دهان وتلميع الأجزاء  + تلميع خارجي بمادة البوليريثان، المحافظة على نظافة المكان وإزالة المخلفات. حسب الاصول الفنيه وتعليمات المهندس المشرف. باب  ضلفة واحدة عرض1000مم,عدد,360.0,52.0,8.0,38.0,46.0,13680.0,88.46153846153845,بنود المطالبات,1152,CMH_01_SMART.xlsx,sheet بنود المطالبات,high,prev_progress in workbook is informational; platform will recompute server-side from approved claims (Migration 048).
CMH_01-C01,19,71,تجديد وترميم أبواب الحديد، سنفرة الأبواب، عمل طبقة تأسيس ناري للأبواب،  دهان وتلميع الأجزاء  + تلميع خارجي بمادة البوليريثان، المحافظة على نظافة المكان وإزالة المخلفات. حسب الاصول الفنيه وتعليمات المهندس المشرف. باب  ضلفة واحدة عرض800مم,عدد,360.0,23.0,6.0,14.0,20.0,5040.0,86.95652173913044,بنود المطالبات,1153,CMH_01_SMART.xlsx,sheet بنود المطالبات,high,prev_progress in workbook is informational; platform will recompute server-side from approved claims (Migration 048).
CMH_01-C01,19,77,600×600مم توريد وتركيب اسقف اصطناعية  والسعر يشمل نظام التعليق من الحديد المجفلن مع جميع الاكسسوارات وكل مايلزم حسب المواصفات والمخططات وتعليمات الشركة المصنعة .,م²,150.0,3323.0,2803.0,100.0,2903.0,15000.0,87.36081853746614,بنود المطالبات,1154,CMH_01_SMART.xlsx,sheet بنود المطالبات,high,prev_progress in workbook is informational; platform will recompute server-side from approved claims (Migration 048).
CMH_01-C01,19,85, جدران بورسلان (PW-03(type A&B  مقاس 600×300×12مم فرز ثاني بالمقاسات والالوان المطلوبة لدورات المياة العامة  طبقاً للمخططات والمواصفات.,م²,96.0,2648.0,2160.0,50.0,2210.0,4800.0,83.45921450151057,بنود المطالبات,1155,CMH_01_SMART.xlsx,sheet بنود المطالبات,high,prev_progress in workbook is informational; platform will recompute server-side from approved claims (Migration 048).
CMH_01-C01,19,86, وزرة من بورسلان بسماكة 12مم  100*600 مم والسعر يشمل التثبيت  بالغراء والشطف وكل ما يلزم لانهاء العمل حسب الاصول الفنية وتعليمات المهندس المشرف.Ref. Drawings: 07-MRA-DD-(as per floor number)-AR-300,م.ط,120.0,567.0,244.0,40.0,284.0,4800.0,50.08818342151675,بنود المطالبات,1156,CMH_01_SMART.xlsx,sheet بنود المطالبات,high,prev_progress in workbook is informational; platform will recompute server-side from approved claims (Migration 048).
CMH_01-C01,19,95,معالجة وتنظيف وصقل وجلاء بلاط رخام الأرضيات والدرج مع بودرة الرخام المستخدم والتلميع 4 أوجه وملو الفواصل بمادة مقاومة للرطوبة والبكتيريا  والسعر يشمل جميع المواد والأعمال اللازمة لإتمام العمل المطلوب طبقا للمخططات والمواصفات الفنية وبحسب توجيهات واعتماد المهندس المشرف. رخام الأرضيات في المداخل و الممرات الرئيسية وبسطات الدرج.,م²,42.0,4800.0,2240.0,500.0,2740.0,21000.0,57.08333333333333,بنود المطالبات,1157,CMH_01_SMART.xlsx,sheet بنود المطالبات,high,prev_progress in workbook is informational; platform will recompute server-side from approved claims (Migration 048).
CMH_01-C01,19,99,رخام أخضر داكن مثبت على قواطع السيمنت خلف مكاتب السكرتاريا وفي المدخل الرئيسي في منطقة معالي الوزير.,م²,300.0,43.0,21.0,4.0,25.0,1200.0,58.139534883720934,بنود المطالبات,1158,CMH_01_SMART.xlsx,sheet بنود المطالبات,high,prev_progress in workbook is informational; platform will recompute server-side from approved claims (Migration 048).
CMH_01-C01,19,100,رخام  الحوائط والأعمدة والكمر والوزرات لمدخل كبار الشخصيات ومدخل الموظفين وعلى المصاعد وفي الممرات الرئيسية والوجهات الداخلية للفناء الوسطي.,م²,60.0,6000.0,739.0,600.0,1339.0,36000.0,22.316666666666666,بنود المطالبات,1159,CMH_01_SMART.xlsx,sheet بنود المطالبات,high,prev_progress in workbook is informational; platform will recompute server-side from approved claims (Migration 048).
CMH_01-C01,19,101,توريد وتركيب وزرة من الرخام  رمادي فاتح تندر غراي بسماكة 20مم 100*1000 مم والسعر يشمل التثبيت  بالغراء والشطف وكل ما يلزم لانهاء العمل حسب الاصول الفنية وتعليمات المهندس المشرف.,م.ط,90.0,400.0,414.0,300.0,714.0,27000.0,178.5,بنود المطالبات,1160,CMH_01_SMART.xlsx,sheet بنود المطالبات,high,prev_progress in workbook is informational; platform will recompute server-side from approved claims (Migration 048).
CMH_01-C01,19,105,بلاط - سجاد 02-CT مقاس 500× 500 مم لون أزرق فاتح لمحطة العمل وغرفة الاجتماعات,م²,156.0,6705.0,5454.0,200.0,5654.0,31200.0,84.32513049962715,بنود المطالبات,1161,CMH_01_SMART.xlsx,sheet بنود المطالبات,high,prev_progress in workbook is informational; platform will recompute server-side from approved claims (Migration 048).
CMH_01-C01,19,110,بلاط - سجاد 01-CR مقاس 500×500 مم لمكتب الرئيس ونائب الرئيس والصالة والسكرتارية وغرفة الاجتماعات الكبيرة.,م²,156.0,2140.0,1829.0,250.0,2079.0,39000.0,97.14953271028037,بنود المطالبات,1162,CMH_01_SMART.xlsx,sheet بنود المطالبات,high,prev_progress in workbook is informational; platform will recompute server-side from approved claims (Migration 048).
CMH_01-C01,19,111,بلاط - سجاد 02-CR مقاس 500×500 مم لمكتب الرئيس ونائب الرئيس على شكل مثلثات لون بيج، رمادي فاتح ورمادي غامق.,م²,156.0,303.0,231.0,20.0,251.0,3120.0,82.83828382838284,بنود المطالبات,1163,CMH_01_SMART.xlsx,sheet بنود المطالبات,high,prev_progress in workbook is informational; platform will recompute server-side from approved claims (Migration 048).
CMH_01-C01,19,112,300-Ref drawing: 07-MRA-DD-(as per floor number)-ARبلاط - سجاد 03-CR مقاس 500×500 مم للمدير العام ومنطقة السكرتارية,م²,156.0,1550.0,1300.0,150.0,1450.0,23400.0,93.54838709677419,بنود المطالبات,1164,CMH_01_SMART.xlsx,sheet بنود المطالبات,high,prev_progress in workbook is informational; platform will recompute server-side from approved claims (Migration 048).
CMH_01-C01,19,125,دهان بلون رمادي بيج على الألواح الجبسية والألواح الاسمنتية 100-WPF,م²,25.2,12700.0,10420.083999999999,1500.0,11920.083999999999,37800.0,93.85892913385825,بنود المطالبات,1165,CMH_01_SMART.xlsx,sheet بنود المطالبات,high,prev_progress in workbook is informational; platform will recompute server-side from approved claims (Migration 048).
CMH_01-C01,19,133,تحضير وتنفيذ وعمل دهان عالي الجودة للأسقف الجبسية يشمل الوجه التحضيرى أساس ومعالجة الفواصل  بالمعجـون والشاش والمواد المخصص لتسكير فواصل الالواح الجبسية والاسمنتية وان يكون نوع  دهان  بلون ابيض,م²,24.0,25559.0,21859.004,3200.0,25059.004,76800.0,98.04375758050003,بنود المطالبات,1166,CMH_01_SMART.xlsx,sheet بنود المطالبات,high,prev_progress in workbook is informational; platform will recompute server-side from approved claims (Migration 048).
CMH_01-C01,19,137,بالمتر المسطح عمل دهان اكريليك مائي مرن عالي المتانة علي الاسطح الخرسانية وعلى الجدران  الظاهرة على السقف المفتوح  وكل التجهيزات الخاصة بالأعمال الميكانيكية والكهربائية باستثناء نظام الحريق. يشمل الوجه التحضيرى أساس  ثم  الدهان وجهين باللون المطلوب  مع نظافة الاسطح وازالة اى بروز بالخرسانات بالسقف ويتم التنفيذ طبقا للمخططات والمواصفاتة الفنية وعلي حسب تعليمات المهندس المشرف. دهان  بلون اسود,م²,30.0,9442.0,9920.0,900.0,10820.0,27000.0,114.59436560050837,بنود المطالبات,1167,CMH_01_SMART.xlsx,sheet بنود المطالبات,high,prev_progress in workbook is informational; platform will recompute server-side from approved claims (Migration 048).
CMH_01-C01,19,141,جهاز تجفيف للأيدي كهربائي,عدد,990.0,47.0,60.0,25.0,85.0,24750.0,180.85106382978725,بنود المطالبات,1168,CMH_01_SMART.xlsx,sheet بنود المطالبات,high,prev_progress in workbook is informational; platform will recompute server-side from approved claims (Migration 048).
CMH_01-C01,19,143,موزع صابون سائل,عدد,192.0,115.0,61.0,50.0,111.0,9600.0,96.52173913043478,بنود المطالبات,1169,CMH_01_SMART.xlsx,sheet بنود المطالبات,high,prev_progress in workbook is informational; platform will recompute server-side from approved claims (Migration 048).
CMH_01-C01,19,144,حاملة لفة ورق توليت,عدد,192.0,138.0,66.0,45.0,111.0,8640.0,80.43478260869566,بنود المطالبات,1170,CMH_01_SMART.xlsx,sheet بنود المطالبات,high,prev_progress in workbook is informational; platform will recompute server-side from approved claims (Migration 048).
CMH_01-C01,19,145,مقابض لذوي الاحتياجات الخاصة  مكونه من مقبض خلفي 900 مم,عدد,720.0,23.0,14.0,5.0,19.0,3600.0,82.6086956521739,بنود المطالبات,1171,CMH_01_SMART.xlsx,sheet بنود المطالبات,high,prev_progress in workbook is informational; platform will recompute server-side from approved claims (Migration 048).
CMH_01-C01,19,146,مقابض لذوي الاحتياجات الخاصة   مكونه من مقبض جانبي1100 مم,عدد,840.0,23.0,14.0,5.0,19.0,4200.0,82.6086956521739,بنود المطالبات,1172,CMH_01_SMART.xlsx,sheet بنود المطالبات,high,prev_progress in workbook is informational; platform will recompute server-side from approved claims (Migration 048).
CMH_01-C01,19,147,طقم اكسسوارات لمكتب معالي الوزير شاملة اكسسوارات حوض المغسلة، ماسورة تعليق المناشف وحوامل المناشف، فرشاة الحمام، حامل ورق التواليت,عدد,9000.0,1.0,0.0,1.0,1.0,9000.0,100,بنود المطالبات,1173,CMH_01_SMART.xlsx,sheet بنود المطالبات,high,prev_progress in workbook is informational; platform will recompute server-side from approved claims (Migration 048).
CMH_01-C01,19,151,توريد وتركيب مرآة وجه 6 مم ترُكّب بارزة عن الجدار مع شطف على كل الجهات طبقا للمواصفات وبحسب تعليمات المهندس المشرف. مقاس 1200 × 800 مم,عدد,1200.0,75.0,52.0,18.0,70.0,21600.0,93.33333333333333,بنود المطالبات,1174,CMH_01_SMART.xlsx,sheet بنود المطالبات,high,prev_progress in workbook is informational; platform will recompute server-side from approved claims (Migration 048).
CMH_01-C01,19,152,توريد وتركيب مرآة وجه 6 مم ترُكّب بارزة عن الجدار مع شطف على كل الجهات طبقا للمواصفات وبحسب تعليمات المهندس المشرف. مقاس 1200 × 700 مم,عدد,1200.0,92.0,76.0,15.0,91.0,18000.0,98.91304347826086,بنود المطالبات,1175,CMH_01_SMART.xlsx,sheet بنود المطالبات,high,prev_progress in workbook is informational; platform will recompute server-side from approved claims (Migration 048).
CMH_01-C01,19,153,توريد وتركيب كاونتر لوحي للمغاسل كوريان عالي الكثافة سماكة 20 مم، يشمل الجزء الأمامي واللوح الواقي الخلفي  سماكة 20 مم حسب المحدد في المخططات والأقواس وأدوات التثبيت من الحديد المجلفن. و يشمل السعر أي مواد أو أعمال يتطلبها انهاء العمل طبقاً للموضح بالمواصفات والرسومات. ويشمل الأعمال الخشبية اللازمة للخزائن المرتبطة بالكاونتر حسب التصميم المطلوب وبحسب تعليمات المهندس المشرف. Ref drawing: 07-MRA-DD-(as per floor number)-AR-700 to 703 مقاس: 1250طول × عرض600 مم ,عدد,1800.0,32.0,18.0,4.0,22.0,7200.0,68.75,بنود المطالبات,1176,CMH_01_SMART.xlsx,sheet بنود المطالبات,high,prev_progress in workbook is informational; platform will recompute server-side from approved claims (Migration 048).
CMH_01-C01,19,154,توريد وتركيب كاونتر لوحي للمغاسل كوريان عالي الكثافة سماكة 20 مم، يشمل الجزء الأمامي واللوح الواقي الخلفي  سماكة 20 مم حسب المحدد في المخططات والأقواس وأدوات التثبيت من الحديد المجلفن. و يشمل السعر أي مواد أو أعمال يتطلبها انهاء العمل طبقاً للموضح بالمواصفات والرسومات. ويشمل الأعمال الخشبية اللازمة للخزائن المرتبطة بالكاونتر حسب التصميم المطلوب وبحسب تعليمات المهندس المشرف. Ref drawing: 07-MRA-DD-(as per floor number)-AR-700 to 703 مقاس: 1200طول × عرض600 مم ,عدد,1800.0,20.0,12.0,2.0,14.0,3600.0,70,بنود المطالبات,1177,CMH_01_SMART.xlsx,sheet بنود المطالبات,high,prev_progress in workbook is informational; platform will recompute server-side from approved claims (Migration 048).
CMH_01-C01,19,155,توريد وتركيب كاونتر لوحي للمغاسل كوريان عالي الكثافة سماكة 20 مم، يشمل الجزء الأمامي واللوح الواقي الخلفي  سماكة 20 مم حسب المحدد في المخططات والأقواس وأدوات التثبيت من الحديد المجلفن. و يشمل السعر أي مواد أو أعمال يتطلبها انهاء العمل طبقاً للموضح بالمواصفات والرسومات. ويشمل الأعمال الخشبية اللازمة للخزائن المرتبطة بالكاونتر حسب التصميم المطلوب وبحسب تعليمات المهندس المشرف.  مقاس: 1000طولRef drawing: 07-MRA-DD-(as per floor number)-AR-700 to 703 عرض600 مم × ,عدد,1200.0,22.0,22.0,6.0,28.0,7200.0,127.27272727272727,بنود المطالبات,1178,CMH_01_SMART.xlsx,sheet بنود المطالبات,high,prev_progress in workbook is informational; platform will recompute server-side from approved claims (Migration 048).
CMH_01-C01,19,156,توريد وتركيب كاونتر لوحي للمغاسل كوريان عالي الكثافة سماكة 20 مم، يشمل الجزء الأمامي واللوح الواقي الخلفي  سماكة 20 مم حسب المحدد في المخططات والأقواس وأدوات التثبيت من الحديد المجلفن.و يشمل السعر أي مواد أو أعمال يتطلبها انهاء العمل طبقاً للموضح بالمواصفات والرسومات. ويشمل الأعمال الخشبية اللازمة للخزائن المرتبطة بالكاونتر حسب التصميم المطلوب وبحسب تعليمات المهندس المشرف.Ref drawing: 07-MRA-DD-(as per floor number)-AR-700 to 703 مقاس: 3800طول × عرض600 مم ,عدد,6000.0,23.0,20.0,3.0,23.0,18000.0,100,بنود المطالبات,1179,CMH_01_SMART.xlsx,sheet بنود المطالبات,high,prev_progress in workbook is informational; platform will recompute server-side from approved claims (Migration 048).
CMH_01-C01,19,175,قواطع الحمامات مكونة من ألواح الفينوليك المضغوط ارتفاع 2 متر ذو المقاومة الشديدة للماء مع طبقة ميلامين بلون رمادي غامق مقاومة للخدش وسهلة التنظيف ، سمك الألواح هو  19 ملم ،. قواطع الحمامات تشمل إكسسوارات عالية الجودة ) مفصلات ذاتية الإغلاق وقفل ( والأبواب والاكسسوارات والعلاقات من الستانلس ستيل brushed finish وكل ما يلزم لانهاء العمل حسب الأصول الفنية والمواصفلت وتعليمات المهندس المشرف .,م²,780.0,611.0,446.0,10.0,456.0,7800.0,74.63175122749591,بنود المطالبات,1180,CMH_01_SMART.xlsx,sheet بنود المطالبات,high,prev_progress in workbook is informational; platform will recompute server-side from approved claims (Migration 048).
CMH_01-C01,19,185,مواسير صرف وتهوية مصنوعة من 4UPVC class  ذات وصلات انضغاطية ومطاط كما هو موصف وتشمل التهوية من خلال السطح مع الغطاء و طبات التسليك، وكافة قطع التركيبات والعلاقات اللازمة لإستكمال تركيب مايلي من الأقطار الداخلية:قطر 50 مم,م.ط,75.6,426.0,2364.0,60.0,2424.0,4536.0,569.0140845070423,بنود المطالبات,1181,CMH_01_SMART.xlsx,sheet بنود المطالبات,high,prev_progress in workbook is informational; platform will recompute server-side from approved claims (Migration 048).
CMH_01-C01,19,187,مواسير صرف وتهوية مصنوعة من 4UPVC class  ذات وصلات انضغاطية ومطاط كما هو موصف وتشمل التهوية من خلال السطح مع الغطاء و طبات التسليك، وكافة قطع التركيبات والعلاقات اللازمة لإستكمال تركيب مايلي من الأقطار الداخلية:قطر 110 مم,م.ط,102.0,961.0,3000.0,250.0,3250.0,25500.0,338.1893860561915,بنود المطالبات,1182,CMH_01_SMART.xlsx,sheet بنود المطالبات,high,prev_progress in workbook is informational; platform will recompute server-side from approved claims (Migration 048).
CMH_01-C01,19,188,صفاية أرضية )FD(، من PVC مع مصفاة معدنية  مطلية بالكروم شاملة سيفون كما هو موصف بالمقاسات التالية:مخرج قطر 75 مم,عدد,300.0,161.0,191.0,20.0,211.0,6000.0,131.055900621118,بنود المطالبات,1183,CMH_01_SMART.xlsx,sheet بنود المطالبات,high,prev_progress in workbook is informational; platform will recompute server-side from approved claims (Migration 048).
CMH_01-C01,19,189,صفاية أرضية )FD(، من PVC مع مصفاة معدنية  مطلية بالكروم شاملة سيفون كما هو موصف بالمقاسات التالية:صفاية' طولية أرضية )SD(،مع مصفاة  معدنية مطلية بالكروم شاملة سيفون مخرج قطر 50 مم,عدد,300.0,20.0,7.0,6.0,13.0,1800.0,65,بنود المطالبات,1184,CMH_01_SMART.xlsx,sheet بنود المطالبات,high,prev_progress in workbook is informational; platform will recompute server-side from approved claims (Migration 048).
CMH_01-C01,19,190,الأدوات والتركيبات الصحية كما هو موصف وتشمل صمامات الزاوية والخلاطات و المصائد والوصلات المرنة و الانابيب القصيرة للتغذية والصرف والتهوية وكافة قطع الإكسسوار لإتمام تركيب ، علي ان تكون الاجهزة والتركيبات من النوع المرشد لاستهلاك المياه :حوض وجه على رخامة )مرجع 1-LAV ( من نفس نوع الرخام الصناعي كوريان للكاونتر والكاونتر محسوب في بند منفصل,عدد,2640.0,68.0,59.0,10.0,69.0,26400.0,101.47058823529412,بنود المطالبات,1185,CMH_01_SMART.xlsx,sheet بنود المطالبات,high,prev_progress in workbook is informational; platform will recompute server-side from approved claims (Migration 048).
CMH_01-C01,19,192,الأدوات والتركيبات الصحية كما هو موصف وتشمل صمامات الزاوية والخلاطات و المصائد والوصلاتالمرنة و الانابيب القصيرة للتغذية والصرف والتهوية وكافة قطع الإكسسوار لإتمام تركيب ، علي ان تكونالاجهزة والتركيبات من النوع المرشد لاستهلاك المياه :حوض غسيل أواني للمطبخ بعين واحدة )مرجع 1-KS,عدد,3000.0,16.0,3.0,8.0,11.0,24000.0,68.75,بنود المطالبات,1186,CMH_01_SMART.xlsx,sheet بنود المطالبات,high,prev_progress in workbook is informational; platform will recompute server-side from approved claims (Migration 048).
CMH_01-C01,19,193,الأدوات والتركيبات الصحية كما هو موصف وتشمل صمامات الزاوية والخلاطات و المصائد والوصلاتالمرنة و الانابيب القصيرة للتغذية والصرف والتهوية وكافة قطع الإكسسوار لإتمام تركيب ، علي ان تكونالاجهزة والتركيبات من النوع المرشد لاستهلاك المياه :حوض وجه يركب على الكاونتر )مرجع 3-LAV (,عدد,2220.0,92.0,97.0,12.0,109.0,26640.0,118.4782608695652,بنود المطالبات,1187,CMH_01_SMART.xlsx,sheet بنود المطالبات,high,prev_progress in workbook is informational; platform will recompute server-side from approved claims (Migration 048).
CMH_01-C01,19,195,الأدوات والتركيبات الصحية كما هو موصف وتشمل صمامات الزاوية والخلاطات و المصائد والوصلات المرنة و الانابيب القصيرة للتغذية والصرف والتهوية وكافة قطع الإكسسوار لإتمام تركيب ، علي ان تكون الاجهزة والتركيبات من النوع المرشد لاستهلاك المياه :مرحاض افرنجي ) مرجع 2-WWC (  مثبت على الحائط بخزان  طرد مخفي مع زر دفق من الصلب الذي لا يصدأ - مع غطاء للمرحاض مقاوم للبكتريا من نوع soft closing,عدد,2760.0,55.0,45.0,6.0,51.0,16560.0,92.72727272727272,بنود المطالبات,1188,CMH_01_SMART.xlsx,sheet بنود المطالبات,high,prev_progress in workbook is informational; platform will recompute server-side from approved claims (Migration 048).
CMH_01-C01,19,196,الأدوات والتركيبات الصحية كما هو موصف وتشمل صمامات الزاوية والخلاطات و المصائد والوصلات المرنة و الانابيب القصيرة للتغذية والصرف والتهوية وكافة قطع الإكسسوار لإتمام تركيب ، علي ان تكون الاجهزة والتركيبات من النوع المرشد لاستهلاك المياه :مرحاض شرقي )مرجع EWC( مثبت على الحائط بخزان  طرد مخفي مع زر دفق من الصلب الذي لا يصدأ،,عدد,2160.0,23.0,24.0,3.0,27.0,6480.0,117.3913043478261,بنود المطالبات,1189,CMH_01_SMART.xlsx,sheet بنود المطالبات,high,prev_progress in workbook is informational; platform will recompute server-side from approved claims (Migration 048).
CMH_01-C01,19,197,الأدوات والتركيبات الصحية كما هو موصف وتشمل صمامات الزاوية والخلاطات و المصائد والوصلات المرنة و الانابيب القصيرة للتغذية والصرف والتهوية وكافة قطع الإكسسوار لإتمام تركيب ، علي ان تكون الاجهزة والتركيبات من النوع المرشد لاستهلاك المياه :مقبض رشاش مع الخرطوم وأداة التعليق، مرجع PS,عدد,180.0,191.0,152.0,22.0,174.0,3960.0,91.09947643979058,بنود المطالبات,1190,CMH_01_SMART.xlsx,sheet بنود المطالبات,high,prev_progress in workbook is informational; platform will recompute server-side from approved claims (Migration 048).
CMH_01-C01,19,198,الأدوات والتركيبات الصحية كما هو موصف وتشمل صمامات الزاوية والخلاطات و المصائد والوصلات المرنة و الانابيب القصيرة للتغذية والصرف والتهوية وكافة قطع الإكسسوار لإتمام تركيب ، علي ان تكون الاجهزة والتركيبات من النوع المرشد لاستهلاك المياه :خلاط مياة  يركب على الحوض,عدد,1080.0,208.0,212.0,30.0,242.0,32400.0,116.34615384615385,بنود المطالبات,1191,CMH_01_SMART.xlsx,sheet بنود المطالبات,high,prev_progress in workbook is informational; platform will recompute server-side from approved claims (Migration 048).
CMH_01-C01,19,199, يشمل العمل كافة قطع التركيبات مثل الأكواع  والتيهات ، 40. schتوريد و تركيب انابيب فولاذية سوداء والوصلات والقارنات والنقاصات/المخفضات ومنافس الهواء الآلية وتكون الوصلات من نوع  فيكتوليك او ما يماثلها للأقطار 50 مم أو أكبر، و تكون الوصلات قلووظ للأقطار أقل من 50 مم، والبند يشمل  العلاقات والدعامات للمواسير و المحابس  و الصرف ان لزم والدهان  لكامل الشبكة كما يلزم لاتمام العمل. و بناء على توجيهات مهندس المشرف  ومتطلبات الدفاعNFPA  ويشمل البند جميع ما يلزم لاتمام الأعمال طبقا للمواصفات و طبقا لمتطلبات ال المدني من الكشف على الشبكة الحالية وفحصها كما هو موضح على المخططات و على المقاول تقديم:المخططات التنفيذية و اعتمادها قبل بدء بالتنفيذ من المهندس المشرف كما هو موصف للأقطار التالية 25 mm dia.,م.ط,108.0,3900.0,8667.0,60.0,8727.0,6480.0,223.76923076923077,بنود المطالبات,1192,CMH_01_SMART.xlsx,sheet بنود المطالبات,high,prev_progress in workbook is informational; platform will recompute server-side from approved claims (Migration 048).
CMH_01-C01,19,200,توريد و تركيب انابيب فولاذية سوداء 40.sch ، يشمل العمل كافة قطع التركيبات مثل الأكواع  والتيهات والوصلات والقارنات والنقاصات/المخفضات ومنافس الهواء الآلية وتكون الوصلات من نوع  فيكتوليك او ما يماثلها للأقطار 50 مم أو أكبر، و تكون الوصلات قلووظ للأقطار أقل من 50 مم، والبند يشمل العلاقات والدعامات للمواسير و المحابس  و الصرف ان لزم والدهان  لكامل الشبكة كما يلزم لاتمام العمل و بناء على توجيهات مهندس المشرف .ويشمل البند جميع ما يلزم لاتمام الأعمال طبقا للمواصفات و طبقا لمتطلبات الNFPA  ومتطلبات الدفاع المدني من الكشف على الشبكة الحالية وفحصها كما هو موضح على المخططات و على المقاول تقديم المخططات التنفيذية و اعتمادها قبل بدء بالتنفيذ من المهندس المشرف كما هو موصف للأقطار التالية:.mm dia 28,م.ط,138.0,323.0,682.0,20.0,702.0,2760.0,217.33746130030957,بنود المطالبات,1193,CMH_01_SMART.xlsx,sheet بنود المطالبات,high,prev_progress in workbook is informational; platform will recompute server-side from approved claims (Migration 048).
CMH_01-C01,19,201,توريد و تركيب انابيب فولاذية سوداء 40.sch ، يشمل العمل كافة قطع التركيبات مثل الأكواع  والتيهات والوصلات والقارنات والنقاصات/المخفضات ومنافس الهواء الآلية وتكون الوصلات من نوع  فيكتوليك او ما يماثلها للأقطار 50 مم أو أكبر، و تكون الوصلات قلووظ للأقطار أقل من 50 مم، والبند يشمل العلاقات والدعامات للمواسير و المحابس  و الصرف ان لزم والدهان  لكامل الشبكة كما يلزم لاتمام العمل و بناء على توجيهات مهندس المشرف .ويشمل البند جميع ما يلزم لاتمام الأعمال طبقا للمواصفات و طبقا لمتطلبات الNFPA  ومتطلبات الدفاع المدني من الكشف على الشبكة الحالية وفحصها كما هو موضح على المخططات و على المقاول تقديم المخططات التنفيذية و اعتمادها قبل بدء بالتنفيذ من المهندس المشرف كما هو موصف للأقطار التالية:.mm dia 33,م.ط,192.0,660.0,1545.0,90.0,1635.0,17280.0,247.72727272727272,بنود المطالبات,1194,CMH_01_SMART.xlsx,sheet بنود المطالبات,high,prev_progress in workbook is informational; platform will recompute server-side from approved claims (Migration 048).
CMH_01-C01,19,202,توريد و تركيب انابيب فولاذية سوداء 40.sch ، يشمل العمل كافة قطع التركيبات مثل الأكواع  والتيهات والوصلات والقارنات والنقاصات/المخفضات ومنافس الهواء الآلية وتكون الوصلات من نوع  فيكتوليك او ما يماثلها للأقطار 50 مم أو أكبر، و تكون الوصلات قلووظ للأقطار أقل من 50 مم، والبند يشمل العلاقات والدعامات للمواسير و المحابس  و الصرف ان لزم والدهان  لكامل الشبكة كما يلزم لاتمام العمل و بناء على توجيهات مهندس المشرف .ويشمل البند جميع ما يلزم لاتمام الأعمال طبقا للمواصفات و طبقا لمتطلبات الNFPA  ومتطلبات الدفاع المدني من الكشف على الشبكة الحالية وفحصها كما هو موضح على المخططات و على المقاول تقديم المخططات التنفيذية و اعتمادها قبل بدء بالتنفيذ من المهندس المشرف كما هو موصف للأقطار التالية:.mm dia 40,م.ط,222.0,600.0,915.0,30.0,945.0,6660.0,157.5,بنود المطالبات,1195,CMH_01_SMART.xlsx,sheet بنود المطالبات,high,prev_progress in workbook is informational; platform will recompute server-side from approved claims (Migration 048).
CMH_01-C01,19,204,توريد و تركيب انابيب فولاذية سوداء 40.sch ، يشمل العمل كافة قطع التركيبات مثل الأكواع  والتيهات والوصلات والقارنات والنقاصات/المخفضات ومنافس الهواء الآلية وتكون الوصلات من نوع  فيكتوليك او ما يماثلها للأقطار 50 مم أو أكبر، و تكون الوصلات قلووظ للأقطار أقل من 50 مم، والبند يشمل العلاقات والدعامات للمواسير و المحابس  و الصرف ان لزم والدهان  لكامل الشبكة كما يلزم لاتمام العمل و بناء على توجيهات مهندس المشرف .ويشمل البند جميع ما يلزم لاتمام الأعمال طبقا للمواصفات و طبقا لمتطلبات الNFPA  ومتطلبات الدفاع المدني من الكشف على الشبكة الحالية وفحصها كما هو موضح على المخططات و على المقاول تقديم المخططات التنفيذية و اعتمادها قبل بدء بالتنفيذ من المهندس المشرف كما هو موصف للأقطار التالية:.mm dia 77,م.ط,288.0,110.0,459.0,10.0,469.0,2880.0,426.3636363636364,بنود المطالبات,1196,CMH_01_SMART.xlsx,sheet بنود المطالبات,high,prev_progress in workbook is informational; platform will recompute server-side from approved claims (Migration 048).
CMH_01-C01,19,206,توريد و تركيب انابيب فولاذية سوداء 40.sch ، يشمل العمل كافة قطع التركيبات مثل الأكواع  والتيهات والوصلات والقارنات والنقاصات/المخفضات ومنافس الهواء الآلية وتكون الوصلات من نوع  فيكتوليك او ما يماثلها للأقطار 50 مم أو أكبر، و تكون الوصلات قلووظ للأقطار أقل من 50 مم، والبند يشمل العلاقات والدعامات للمواسير و المحابس  و الصرف ان لزم والدهان  لكامل الشبكة كما يلزم لاتمام العمل و بناء على توجيهات مهندس المشرف .ويشمل البند جميع ما يلزم لاتمام الأعمال طبقا للمواصفات و طبقا لمتطلبات الNFPA  ومتطلبات الدفاع المدني من الكشف على الشبكة الحالية وفحصها كما هو موضح على المخططات و على المقاول تقديم المخططات التنفيذية و اعتمادها قبل بدء بالتنفيذ من المهندس المشرف كما هو موصف للأقطار التالية:.mm dia 141,م.ط,360.0,200.0,657.0,5.0,662.0,1800.0,331,بنود المطالبات,1197,CMH_01_SMART.xlsx,sheet بنود المطالبات,high,prev_progress in workbook is informational; platform will recompute server-side from approved claims (Migration 048).
CMH_01-C01,19,215,توريد و تركيب و اختبار رشاشات آلية اوتوماتيكية كما هو موصف رشاشات من النوع المخفي، ذات فتحة 2/1 بوصة، ومعامل 5.6 =K   ودرجة حرارة تشغيل 68 درجة مئوية,عدد,90.0,1000.0,2051.0,60.0,2111.0,5400.0,211.10000000000002,بنود المطالبات,1198,CMH_01_SMART.xlsx,sheet بنود المطالبات,high,prev_progress in workbook is informational; platform will recompute server-side from approved claims (Migration 048).
CMH_01-C01,19,216,توريد و تركيب و اختبار رشاشات آلية اوتوماتيكية كما هو موصف رشاشات عامودية، ذات فتحة 2/1 بوصة، ومعامل 5.6 =K   ودرجة حرارة تشغيل 68 درجة مئوية,عدد,90.0,508.0,665.0,20.0,685.0,1800.0,134.84251968503938,بنود المطالبات,1199,CMH_01_SMART.xlsx,sheet بنود المطالبات,high,prev_progress in workbook is informational; platform will recompute server-side from approved claims (Migration 048).
CMH_01-C01,19,218,توريد و تركيب نظام  غازي200FM لغرف الكهرباء و السنترال و ما يتطلبه النظام من تعديلاتمعمارية على ان يتم تقديمها للاعتماد من قبل مهندس المشرف  ،  مرجع 3-FE,عدد,54000.0,36.0,8.4,4.6,13.0,248399.99999999997,36.11111111111111,بنود المطالبات,1200,CMH_01_SMART.xlsx,sheet بنود المطالبات,high,prev_progress in workbook is informational; platform will recompute server-side from approved claims (Migration 048).
CMH_01-C01,19,219,توريد و تركيب كبائن مكافحة الحريق class II مزوده بمحبس 5.1 بوصة و خرطوم قماشي من مادةمعتمدة و ايضا بها طفاية حريق ABC  سعة 6 كيلو,عدد,4800.0,30.0,23.0,16.0,39.0,76800.0,130,بنود المطالبات,1201,CMH_01_SMART.xlsx,sheet بنود المطالبات,high,prev_progress in workbook is informational; platform will recompute server-side from approved claims (Migration 048).
CMH_01-C01,19,221,وحدات VAV من أعلى العلامات التجارية جودة )BYPASS TYPE( مع سخان كهربائي ، ترموستات إلكتروني رقمي للغرفة ، فليكس. توصيلات ، تثبيت ، دعم ، عازل اهتزاز مع كافة الملحقات المطلوبة حسب المواصفات والرسومات. 01-VAV ، اجمالي الهواء 0-250 ) ق/د( استطاعة التخزين 5.1 )ك/و(,عدد,6600.0,9.0,73.0,3.0,76.0,19800.0,844.4444444444445,بنود المطالبات,1202,CMH_01_SMART.xlsx,sheet بنود المطالبات,high,prev_progress in workbook is informational; platform will recompute server-side from approved claims (Migration 048).
CMH_01-C01,19,222,وحدات VAV من أعلى العلامات التجارية جودة )BYPASS TYPE( مع سخان كهربائي ، ترموستات إلكتروني رقمي للغرفة ، فليكس. توصيلات ، تثبيت ، دعم ، عازل اهتزاز مع كافة الملحقات المطلوبة حسب المواصفات والرسومات. 02-VAV ، اجمالي الهواء 0-500 ) ق/د( استطاعة التخزين 2 )ك/و(,عدد,6960.0,127.0,98.0,4.0,102.0,27840.0,80.31496062992126,بنود المطالبات,1203,CMH_01_SMART.xlsx,sheet بنود المطالبات,high,prev_progress in workbook is informational; platform will recompute server-side from approved claims (Migration 048).
CMH_01-C01,19,223,وحدات VAV من أعلى العلامات التجارية جودة )BYPASS TYPE( مع سخان كهربائي ، ترموستات إلكتروني رقمي للغرفة ، فليكس. توصيلات ، تثبيت ، دعم ، عازل اهتزاز مع كافة الملحقات المطلوبة حسب المواصفات والرسومات. 03-VAV ، اجمالي الهواء 0-750 ) ق/د( استطاعة التخزين 3 )ك/و( ,عدد,7200.0,51.0,78.0,4.0,82.0,28800.0,160.7843137254902,بنود المطالبات,1204,CMH_01_SMART.xlsx,sheet بنود المطالبات,high,prev_progress in workbook is informational; platform will recompute server-side from approved claims (Migration 048).
CMH_01-C01,19,224,وحدات VAV من أعلى العلامات التجارية جودة )BYPASS TYPE( مع سخان كهربائي ، ترموستات إلكتروني رقمي للغرفة ، فليكس. توصيلات ، تثبيت ، دعم ، عازل اهتزاز مع كافة الملحقات المطلوبة حسب المواصفات والرسومات. 04-VAV ، اجمالي الهواء 0-1000 ) ق/د( استطاعة التخزين 5.3 )ك/و(,عدد,7200.0,24.0,36.0,1.0,37.0,7200.0,154.16666666666669,بنود المطالبات,1205,CMH_01_SMART.xlsx,sheet بنود المطالبات,high,prev_progress in workbook is informational; platform will recompute server-side from approved claims (Migration 048).
CMH_01-C01,19,225,وحدات VAV من أعلى العلامات التجارية جودة )BYPASS TYPE( مع سخان كهربائي ، ترموستات إلكتروني رقمي للغرفة ، فليكس. توصيلات ، تثبيت ، دعم ، عازل اهتزاز مع كافة الملحقات المطلوبة حسب المواصفات والرسومات. 05-VAV ، اجمالي الهواء 0-1500 ) ق/د( استطاعة التخزين 5.3 )ك/و(,عدد,9000.0,44.0,44.0,2.0,46.0,18000.0,104.54545454545455,بنود المطالبات,1206,CMH_01_SMART.xlsx,sheet بنود المطالبات,high,prev_progress in workbook is informational; platform will recompute server-side from approved claims (Migration 048).
CMH_01-C01,19,226,وحدات VAV من أعلى العلامات التجارية جودة )BYPASS TYPE( مع سخان كهربائي ، ترموستات إلكتروني رقمي للغرفة ، فليكس. توصيلات ، تثبيت ، دعم ، عازل اهتزاز مع كافة الملحقات المطلوبة حسب المواصفات والرسومات. 06-VAV ، اجمالي الهواء 0-2000 ) ق/د( استطاعة التخزين 6.3 )ك/و(,عدد,10200.0,49.0,30.0,1.0,31.0,10200.0,63.26530612244898,بنود المطالبات,1207,CMH_01_SMART.xlsx,sheet بنود المطالبات,high,prev_progress in workbook is informational; platform will recompute server-side from approved claims (Migration 048).
CMH_01-C01,19,227,وحدات VAV من أعلى العلامات التجارية جودة )BYPASS TYPE( مع سخان كهربائي ، ترموستات إلكتروني رقمي للغرفة ، فليكس. توصيلات ، تثبيت ، دعم ، عازل اهتزاز مع كافة الملحقات المطلوبة حسب المواصفات والرسومات. 07-VAV ، اجمالي الهواء 0-2500 ) ق/د( استطاعة التخزين 7.3 )ك/و(,عدد,10800.0,24.0,20.0,2.0,22.0,21600.0,91.66666666666666,بنود المطالبات,1208,CMH_01_SMART.xlsx,sheet بنود المطالبات,high,prev_progress in workbook is informational; platform will recompute server-side from approved claims (Migration 048).
CMH_01-C01,19,231,ناشرة هواء ذات فتحات طولية  للهواء الداخل مصنعة من الألمنيوم المشكل بالبثق ومطلية بمسحوق البولستركاملة، مخمدات صوت ذات أرياش متضادّة ،وصندوق حجمى معزول من الداخل بعازل صوتى وميكانيزم للتحكم فى الهواء من واجهة الناشر وكل قطع الأكسسوار حسب المواصفات والمخططات مع توفير عينات للاعتماد من مهندس المشرف. ثلاثة فتحات / ثقب 25مم عرض,م.ط,480.0,1925.0,1500.0,30.0,1530.0,14400.0,79.48051948051949,بنود المطالبات,1209,CMH_01_SMART.xlsx,sheet بنود المطالبات,high,prev_progress in workbook is informational; platform will recompute server-side from approved claims (Migration 048).
CMH_01-C01,19,232,ناشرة هواء ذات فتحات طولية للهواء الراجع مصنعة من الألمنيوم المشكل بالبثق ومطلية بمسحوق البولستركاملة، وكل قطع الأكسسوار حسب المواصفات والمخططات مع توفير عينات للاعتماد من مهندس المشرف. ثلاثة فتحات / ثقب 25مم عرض,م.ط,480.0,1925.0,1589.0,30.0,1619.0,14400.0,84.1038961038961,بنود المطالبات,1210,CMH_01_SMART.xlsx,sheet بنود المطالبات,high,prev_progress in workbook is informational; platform will recompute server-side from approved claims (Migration 048).
CMH_01-C01,19,233, جريلات تغذية من الالومينيوم مغطاة ببودرة البوليستر كاملة وجميع الملحقات حسب المخططات..والمواصفات مع توفير عينات للاعتماد من مهندس المشرف 600mm X 600mm,عدد,456.0,724.0,611.0,20.0,631.0,9120.0,87.15469613259668,بنود المطالبات,1211,CMH_01_SMART.xlsx,sheet بنود المطالبات,high,prev_progress in workbook is informational; platform will recompute server-side from approved claims (Migration 048).
CMH_01-C01,19,234, جريلات رجوع من الالومينيوم مغطاة ببودرة البوليستر كاملة وجميع الملحقات حسب المخططات.والمواصفات مع توفير عينات للاعتماد من مهندس المشرف 600mm X 600mm,عدد,264.0,724.0,300.0,20.0,320.0,5280.0,44.19889502762431,بنود المطالبات,1212,CMH_01_SMART.xlsx,sheet بنود المطالبات,high,prev_progress in workbook is informational; platform will recompute server-side from approved claims (Migration 048).
CMH_01-C01,19,235, جريلات لسحب الهواء من الالمونيوم مغطاة ببودرة البوليستر كاملة بجميع ملحقات التركيب وحسب.المخططات والمواصفات مع توفير عينات للاعتماد من مهندس المشرف 150mm X 150MM,عدد,210.0,102.0,220.0,15.0,235.0,3150.0,230.39215686274508,بنود المطالبات,1213,CMH_01_SMART.xlsx,sheet بنود المطالبات,high,prev_progress in workbook is informational; platform will recompute server-side from approved claims (Migration 048).
CMH_01-C01,19,237,وصلات هواء مرنة مع الكلبسات المعدنية، والبراغي، والملحقات الضرورية. العزل يجب أن يكون بسماكة 25 مم وكثافة 16 كغ/م3 لناشرات الهواء الخطية ويجب ان يطابق كود الحريق NFPA 90A حسب المواصفات والمخططات مع توفير عينات للاعتماد من مهندس المشرف. Dia 200 mm,م.ط,54.0,2964.0,624.0,30.0,654.0,1620.0,22.06477732793522,بنود المطالبات,1214,CMH_01_SMART.xlsx,sheet بنود المطالبات,high,prev_progress in workbook is informational; platform will recompute server-side from approved claims (Migration 048).
CMH_01-C01,19,244,"توريد وتركيب واختبار لوحات إنارة وتغذية، 380 فولت، 3 أطوار، 60 هيرتز، مركبة على الحائط وموصّلة بالكامل، مختبرة وموضوعة في التشغيل حسب المواصفات والمخططات وتشمل خطوط النقل الأرضية وأجهزة الحماية وتوصيل نهايات الكابلات والأعمال المدنية اللازمة.PP-1,  200 A ,MCCB",عدد,9600.0,6.0,6.0,6.0,12.0,57600.0,200,بنود المطالبات,1215,CMH_01_SMART.xlsx,sheet بنود المطالبات,high,prev_progress in workbook is informational; platform will recompute server-side from approved claims (Migration 048).
CMH_01-C01,19,245,"توريد وتركيب واختبار لوحات إنارة وتغذية، 380 فولت، 3 أطوار، 60 هيرتز، مركبة على الحائط وموصّلة بالكامل، مختبرة وموضوعة في التشغيل حسب المواصفات والمخططات وتشمل خطوط النقل الأرضية وأجهزة الحماية وتوصيل نهايات الكابلات والأعمال المدنية اللازمة. PP-2, 200 A , MCCB",عدد,9600.0,6.0,6.0,3.0,9.0,28800.0,150,بنود المطالبات,1216,CMH_01_SMART.xlsx,sheet بنود المطالبات,high,prev_progress in workbook is informational; platform will recompute server-side from approved claims (Migration 048).
CMH_01-C01,19,246,"توريد وتركيب واختبار لوحات إنارة وتغذية، 380 فولت، 3 أطوار، 60 هيرتز، مركبة على الحائط  وموصّلة بالكامل، مختبرة وموضوعة في التشغيل حسب المواصفات والمخططات وتشمل خطوط النقل الأرضية وأجهزة الحماية وتوصيل نهايات الكابلات والأعمال المدنية اللازمة. PP-3, 200 A , MCCB",عدد,9600.0,6.0,8.0,3.0,11.0,28800.0,183.33333333333331,بنود المطالبات,1217,CMH_01_SMART.xlsx,sheet بنود المطالبات,high,prev_progress in workbook is informational; platform will recompute server-side from approved claims (Migration 048).
CMH_01-C01,19,247,"توريد وتركيب واختبار لوحات إنارة وتغذية، 380 فولت، 3 أطوار، 60 هيرتز، مركبة على الحائط وموصّلة بالكامل، مختبرة وموضوعة في التشغيل حسب المواصفات والمخططات وتشمل خطوط النقل الأرضية وأجهزة الحماية وتوصيل نهايات الكابلات والأعمال المدنية اللازمة.PP-4, 200 A , MCCB",عدد,9600.0,6.0,8.0,4.0,12.0,38400.0,200,بنود المطالبات,1218,CMH_01_SMART.xlsx,sheet بنود المطالبات,high,prev_progress in workbook is informational; platform will recompute server-side from approved claims (Migration 048).
CMH_01-C01,19,248,توريد وتركيب مقابس طاقة مربوطة بأسلاك 4 مم2 كحد أدنى وتشمل الأجهزة و والأسلاك والمواسير والعلب ودعامات التثبيت ، من اللوحات الى نقاط المقابس وحسب المواصفات. على المقاول المعاينة و فحص الشبكة الحالية و الاستفادة من التمديدات الحالية و دمجها مع التركيبات الجديدة بعد عمل الاختبارات اللازمة و بعد الموافقة من مهندس المشرف .مقبس أحادي، مركب على الجدار، من النوع المؤرض، 15 أمبير، 230 فولت، طور واحد، قطبين، 3 أسلاك.,عدد,216.0,282.0,301.0,30.0,331.0,6480.0,117.37588652482269,بنود المطالبات,1219,CMH_01_SMART.xlsx,sheet بنود المطالبات,high,prev_progress in workbook is informational; platform will recompute server-side from approved claims (Migration 048).
CMH_01-C01,19,249,توريد وتركيب مقابس طاقة مربوطة بأسلاك 4 مم2 كحد أدنى وتشمل الأجهزة و والأسلاك والمواسير والعلب ودعامات التثبيت ، من اللوحات الى نقاط المقابس وحسب المواصفات. على المقاول المعاينة و فحص الشبكة الحالية و الاستفادة من التمديدات الحالية و دمجها مع التركيبات الجديدة بعد عمل الاختبارات اللازمة و بعد الموافقة من مهندس المشرف . مقبس ثنائي سقفى، من النوع المؤرض، 15 أمبير، 230 فولت، طور واحد، قطبين، 3 أسلاك.,عدد,216.0,126.0,105.0,20.0,125.0,4320.0,99.20634920634922,بنود المطالبات,1220,CMH_01_SMART.xlsx,sheet بنود المطالبات,high,prev_progress in workbook is informational; platform will recompute server-side from approved claims (Migration 048).
CMH_01-C01,19,251,"توريد وتركيب مقابس طاقة مربوطة بأسلاك 4 مم2 كحد أدنى وتشمل الأجهزة و والأسلاك والمواسير والعلب ودعامات التثبيت ، من اللوحات الى نقاط المقابس وحسب المواصفات. على المقاول المعاينة و فحص الشبكة الحالية و الاستفادة من التمديدات الحالية و دمجها مع التركيبات الجديدة بعد عمل الاختبارات اللازمة و بعد الموافقة من مهندس المشرف .مقبس أحادي، مركب على الجدار، من النوع المؤرض، 15 أمبير، 230 فولت، طور واحد، قطبين، 3 أسلاك. RESIDUAL CURRENT DEVICE, 30mA TRIPPING( ",عدد,504.0,50.0,60.0,15.0,75.0,7560.0,150,بنود المطالبات,1221,CMH_01_SMART.xlsx,sheet بنود المطالبات,high,prev_progress in workbook is informational; platform will recompute server-side from approved claims (Migration 048).
CMH_01-C01,19,253, توريد وتركيب واختبار وفحص نقاط قوى للمقابس الكهربائية المتعددة الاستخدام بأسلاك نحاسية معزولة وذات مقطع لا يقل عن 6 مم2  في مواسير ويشتمل على المقبس و الاسلاك و PVC بمادة البلاستيك العلب وأعمال التثبيت والدعائم وكل الملحقات من لوحة التوزيع حتى المخارج وفقا للمخططات.والمواصفات الفنية  على المقاول المعاينة و فحص الشبكة الحالية و الاستفادة من التمديدات الحالية و دمجها مع التركيبات. الجديدة بعد عمل الاختبارات اللازمة و بعد الموافقة من مهندس المشرفمخرج  ومؤرض 30 أمبير ، 230 فولت 3 أسلاك ، 1 فاز لمجفف الأيدي,عدد,264.0,72.0,81.0,18.0,99.0,4752.0,137.5,بنود المطالبات,1222,CMH_01_SMART.xlsx,sheet بنود المطالبات,high,prev_progress in workbook is informational; platform will recompute server-side from approved claims (Migration 048).
CMH_01-C01,19,254,توريد وتركيب وإختبار وفحص علبة خدمة من نوعية ممتازة تحتوى على  ) أ ( مقابس تغذية أرضية مزدوجة ذات أسلاك 4 مم2 كحد أدنى مركبة على الأرض وتشمل أسلاك التأريض من اللوحة حتى المقابس + )ب( مآخذ للهاتف والبيانات ذات كابلات CAT 6A UTP وحتى كابينة الداتا  وحسب مواصفات إدارة الـ IT  بالوزارة. على المقاول المعاينة و فحص الشبكة الحالية و الاستفادة من التمديدات الحالية و دمجها مع التركيبات الجديدة بعد عمل الاختبارات اللازمة و بعد الموافقة من مهندس المشرف . النوع  )A(  )تحتوى على  4 قوى & 4 داتا (,عدد,2160.0,286.0,479.0,15.0,494.0,32400.0,172.72727272727272,بنود المطالبات,1223,CMH_01_SMART.xlsx,sheet بنود المطالبات,high,prev_progress in workbook is informational; platform will recompute server-side from approved claims (Migration 048).
CMH_01-C01,19,255,توريد وتركيب وإختبار وفحص علبة خدمة من نوعية ممتازة تحتوى على  ) أ ( مقابس تغذية أرضية مزدوجة ذات أسلاك 4 مم2 كحد أدنى مركبة على الأرض وتشمل أسلاك التأريض من اللوحة حتى المقابس + )ب( مآخذ للهاتف والبيانات ذات كابلات CAT 6A UTP وحتى كابينة الداتا  وحسب مواصفات إدارة الـ IT  بالوزارة. على المقاول المعاينة و فحص الشبكة الحالية و الاستفادة من التمديدات الحالية و دمجها مع التركيبات الجديدة بعد عمل الاختبارات اللازمة و بعد الموافقة من مهندس المشرف . النوع )B(   )تحتوى على 2 قوى & 2 داتا (,عدد,1800.0,20.0,461.0,10.0,471.0,18000.0,2355,بنود المطالبات,1224,CMH_01_SMART.xlsx,sheet بنود المطالبات,high,prev_progress in workbook is informational; platform will recompute server-side from approved claims (Migration 048).
CMH_01-C01,19,256,توريد وتركيب وإختبار وفحص علبة خدمة من نوعية ممتازة تحتوى على  ) أ ( مقابس تغذية أرضية مزدوجة ذات أسلاك 4 مم2 كحد أدنى مركبة على الأرض وتشمل أسلاك التأريض من اللوحة حتى المقابس + )ب( مآخذ للهاتف والبيانات ذات كابلات CAT 6A UTP وحتى كابينة الداتا  وحسب مواصفات إدارة الـ IT  بالوزارة. على المقاول المعاينة و فحص الشبكة الحالية و الاستفادة من التمديدات الحالية و دمجها مع التركيبات الجديدة بعد عمل الاختبارات اللازمة و بعد الموافقة من مهندس المشرف . النوع )1FB(   )تحتوى على 1 قوى (,عدد,720.0,141.0,106.0,5.0,111.0,3600.0,78.72340425531915,بنود المطالبات,1225,CMH_01_SMART.xlsx,sheet بنود المطالبات,high,prev_progress in workbook is informational; platform will recompute server-side from approved claims (Migration 048).
CMH_01-C01,19,261," توريد وتركيب واختبار والتشغيل التجريبي لمفاتيح فصل على الحمل من النوع عالية التحمل مع ماسورة  التثبيت المعدنية المرنة والمانعة لنفاذ السوائل، وقطع الإكسسوارعلى المقاول المعاينة و فحص الشبكة الحالية و الاستفادة من التمديدات الحالية و دمجها مع التركيبات الجديدة بعد عمل الاختبارات اللازمة و بعدالموافقة من مهندس المشرف  وبالإستطاعات التالية 30 A, 250 V, 2P",عدد,384.0,445.0,400.0,70.0,470.0,26880.0,105.61797752808988,بنود المطالبات,1226,CMH_01_SMART.xlsx,sheet بنود المطالبات,high,prev_progress in workbook is informational; platform will recompute server-side from approved claims (Migration 048).
CMH_01-C01,19,263,توريد وتركيب وتوصيل وإختبار وفحص اجهزة الإنارة ويشمل اللمبات وأقواس التركيب وحبال التعليق وقطع الأكسسوار و ايضا نقاط الانارة متضمنة مواسير/أقنية قاسية عالية التحمل PVC  أوEMT وعلب ذات أسلاك لاتقل عن 0.4 مم2 لنقطة الإنارة وتوصيل أطراف أسلاك التأريض،وكل الأعمال المساعدة كما هو محدد وموضح في المخططات. على المقاول المعاينة و فحص الشبكة الحالية و الاستفادة من التمديدات الحالية و دمجها  علما بان البند يشمل جميع الوصلات و الاسلاك و الكابلات اللازمة لنهو العمل  بعد عمل الاختبارات اللازمة و بعد الموافقة من مهندس المشرف . Type A1E,عدد,660.0,241.0,192.0,10.0,202.0,6600.0,83.81742738589212,بنود المطالبات,1227,CMH_01_SMART.xlsx,sheet بنود المطالبات,high,prev_progress in workbook is informational; platform will recompute server-side from approved claims (Migration 048).
CMH_01-C01,19,270,توريد وتركيب وتوصيل وإختبار وفحص اجهزة الإنارة ويشمل اللمبات وأقواس التركيب وحبال التعليق وقطع الأكسسوار و ايضا نقاط الانارة متضمنة مواسير/أقنية قاسية عالية التحمل PVC  أوEMT وعلب ذات أسلاك لاتقل عن 0.4 مم2 لنقطة الإنارة وتوصيل أطراف أسلاك التأريض،وكل الأعمال المساعدة كما هو محدد وموضح في المخططات. على المقاول المعاينة و فحص الشبكة الحالية و الاستفادة من التمديدات الحالية و دمجها  علما بان البند يشمل جميع الوصلات و الاسلاك و الكابلات اللازمة لنهو العمل  بعد عمل الاختبارات اللازمة و بعد الموافقة من مهندس المشرف .Type A8,عدد,1044.0,12.0,6.0,4.0,10.0,4176.0,83.33333333333334,بنود المطالبات,1228,CMH_01_SMART.xlsx,sheet بنود المطالبات,high,prev_progress in workbook is informational; platform will recompute server-side from approved claims (Migration 048).
CMH_01-C01,19,272,توريد وتركيب وتوصيل وإختبار وفحص اجهزة الإنارة ويشمل اللمبات وأقواس التركيب وحبال التعليق وقطع الأكسسوار و ايضا نقاط الانارة متضمنة مواسير/أقنية قاسية عالية التحمل PVC  أوEMT وعلب ذات أسلاك لاتقل عن 0.4 مم2 لنقطة الإنارة وتوصيل أطراف أسلاك التأريض،وكل الأعمال المساعدة كما هو محدد وموضح في المخططات. على المقاول المعاينة و فحص الشبكة الحالية و الاستفادة من التمديدات الحالية و دمجها  علما بان البند يشمل جميع الوصلات و الاسلاك و الكابلات اللازمة لنهو العمل  بعد عمل الاختبارات اللازمة و بعد الموافقة من مهندس المشرف .Type B1,عدد,720.0,343.0,84.0,3.0,87.0,2160.0,25.364431486880466,بنود المطالبات,1229,CMH_01_SMART.xlsx,sheet بنود المطالبات,high,prev_progress in workbook is informational; platform will recompute server-side from approved claims (Migration 048).
CMH_01-C01,19,274,توريد وتركيب وتوصيل وإختبار وفحص اجهزة الإنارة ويشمل اللمبات وأقواس التركيب وحبال التعليق وقطع الأكسسوار و ايضا نقاط الانارة متضمنة مواسير/أقنية قاسية عالية التحمل PVC  أوEMT وعلب ذات أسلاك لاتقل عن 0.4 مم2 لنقطة الإنارة وتوصيل أطراف أسلاك التأريض،وكل الأعمال المساعدة كما هو محدد وموضح في المخططات.على المقاول المعاينة و فحص الشبكة الحالية و الاستفادة من التمديدات الحالية و دمجها  علما بان البند يشمل جميع الوصلات و الاسلاك و الكابلات اللازمة لنهو العمل  بعد عمل الاختبارات اللازمة و بعد الموافقة من مهندس المشرف .Type C1,عدد,1128.0,172.0,135.0,10.0,145.0,11280.0,84.30232558139535,بنود المطالبات,1230,CMH_01_SMART.xlsx,sheet بنود المطالبات,high,prev_progress in workbook is informational; platform will recompute server-side from approved claims (Migration 048).
CMH_01-C01,19,275,توريد وتركيب وتوصيل وإختبار وفحص اجهزة الإنارة ويشمل اللمبات وأقواس التركيب وحبال التعليق وقطع الأكسسوار و ايضا نقاط الانارة متضمنة مواسير/أقنية قاسية عالية التحمل PVC  أوEMT وعلب ذات أسلاك لاتقل عن 0.4 مم2 لنقطة الإنارة وتوصيل أطراف أسلاك التأريض،وكل الأعمال المساعدة كما هو محدد وموضح في المخططات. على المقاول المعاينة و فحص الشبكة الحالية و الاستفادة من التمديدات الحالية و دمجها  علما بان البند يشمل جميع الوصلات و الاسلاك و الكابلات اللازمة لنهو العمل  بعد عمل الاختبارات اللازمة و بعد الموافقة من مهندس المشرف .Type C2,عدد,420.0,1422.0,1420.0,50.0,1470.0,21000.0,103.37552742616035,بنود المطالبات,1231,CMH_01_SMART.xlsx,sheet بنود المطالبات,high,prev_progress in workbook is informational; platform will recompute server-side from approved claims (Migration 048).
CMH_01-C01,19,276,توريد وتركيب وتوصيل وإختبار وفحص اجهزة الإنارة ويشمل اللمبات وأقواس التركيب وحبال التعليق وقطع الأكسسوار و ايضا نقاط الانارة متضمنة مواسير/أقنية قاسية عالية التحمل PVC  أوEMT وعلب ذات أسلاك لاتقل عن 0.4 مم2 لنقطة الإنارة وتوصيل أطراف أسلاك التأريض،وكل الأعمال المساعدة كما هو محدد وموضح في المخططات. على المقاول المعاينة و فحص الشبكة الحالية و الاستفادة من التمديدات الحالية و دمجها  علما بان البند يشمل جميع الوصلات و الاسلاك و الكابلات اللازمة لنهو العمل  بعد عمل الاختبارات اللازمة و بعد الموافقة من مهندس المشرف .Type C3,عدد,444.0,1062.0,900.0,10.0,910.0,4440.0,85.68738229755178,بنود المطالبات,1232,CMH_01_SMART.xlsx,sheet بنود المطالبات,high,prev_progress in workbook is informational; platform will recompute server-side from approved claims (Migration 048).
CMH_01-C01,19,277,توريد وتركيب وتوصيل وإختبار وفحص اجهزة الإنارة ويشمل اللمبات وأقواس التركيب وحبال التعليق وقطع الأكسسوار و ايضا نقاط الانارة متضمنة مواسير/أقنية قاسية عالية التحمل PVC  أوEMT وعلب ذات أسلاك لاتقل عن 0.4 مم2 لنقطة الإنارة وتوصيل أطراف أسلاك التأريض،وكل الأعمال المساعدة كما هو محدد وموضح في المخططات. على المقاول المعاينة و فحص الشبكة الحالية و الاستفادة من التمديدات الحالية و دمجها  علما بان البند يشمل جميع الوصلات و الاسلاك و الكابلات اللازمة لنهو العمل  بعد عمل الاختبارات اللازمة و بعد الموافقة من مهندس المشرف .Type C4,عدد,300.0,284.0,240.0,10.0,250.0,3000.0,88.02816901408451,بنود المطالبات,1233,CMH_01_SMART.xlsx,sheet بنود المطالبات,high,prev_progress in workbook is informational; platform will recompute server-side from approved claims (Migration 048).
CMH_01-C01,19,278,توريد وتركيب وتوصيل وإختبار وفحص اجهزة الإنارة ويشمل اللمبات وأقواس التركيب وحبال التعليق وقطع الأكسسوار و ايضا نقاط الانارة متضمنة مواسير/أقنية قاسية عالية التحمل PVC  أوEMT وعلب ذات أسلاك لاتقل عن 0.4 مم2 لنقطة الإنارة وتوصيل أطراف أسلاك التأريض،وكل الأعمال المساعدة كما هو محدد وموضح في المخططات. على المقاول المعاينة و فحص الشبكة الحالية و الاستفادة من التمديدات الحالية و دمجها  علما بان البند يشمل جميع الوصلات و الاسلاك و الكابلات اللازمة لنهو العمل  بعد عمل الاختبارات اللازمة و بعد الموافقة من مهندس المشرف .Type C5,عدد,438.0,149.0,254.0,10.0,264.0,4380.0,177.18120805369128,بنود المطالبات,1234,CMH_01_SMART.xlsx,sheet بنود المطالبات,high,prev_progress in workbook is informational; platform will recompute server-side from approved claims (Migration 048).
CMH_01-C01,19,279,توريد وتركيب وتوصيل وإختبار وفحص اجهزة الإنارة ويشمل اللمبات وأقواس التركيب وحبال التعليق وقطع الأكسسوار و ايضا نقاط الانارة متضمنة مواسير/أقنية قاسية عالية التحمل PVC  أوEMT وعلب ذات أسلاك لاتقل عن 0.4 مم2 لنقطة الإنارة وتوصيل أطراف أسلاك التأريض،وكل الأعمال المساعدة كما هو محدد وموضح في المخططات.على المقاول المعاينة و فحص الشبكة الحالية و الاستفادة من التمديدات الحالية و دمجها  علما بان البند يشمل جميع الوصلات و الاسلاك و الكابلات اللازمة لنهو العمل  بعد عمل الاختبارات اللازمة و بعد الموافقة من مهندس المشرف .Type C6,عدد,288.0,158.0,157.0,7.0,164.0,2016.0,103.79746835443038,بنود المطالبات,1235,CMH_01_SMART.xlsx,sheet بنود المطالبات,high,prev_progress in workbook is informational; platform will recompute server-side from approved claims (Migration 048).
CMH_01-C01,19,280,توريد وتركيب وتوصيل وإختبار وفحص اجهزة الإنارة ويشمل اللمبات وأقواس التركيب وحبال التعليق وقطع الأكسسوار و ايضا نقاط الانارة متضمنة مواسير/أقنية قاسية عالية التحمل PVC  أوEMT وعلب ذات أسلاك لاتقل عن 0.4 مم2 لنقطة الإنارة وتوصيل أطراف أسلاك التأريض،وكل الأعمال المساعدة كما هو محدد وموضح في المخططات. على المقاول المعاينة و فحص الشبكة الحالية و الاستفادة من التمديدات الحالية و دمجها  علما بان البند يشمل جميع الوصلات و الاسلاك و الكابلات اللازمة لنهو العمل  بعد عمل الاختبارات اللازمة و بعد الموافقة من مهندس المشرف .Type C7,عدد,336.0,27.0,23.0,5.0,28.0,1680.0,103.7037037037037,بنود المطالبات,1236,CMH_01_SMART.xlsx,sheet بنود المطالبات,high,prev_progress in workbook is informational; platform will recompute server-side from approved claims (Migration 048).
CMH_01-C01,19,291,توريد وتركيب وتوصيل وإختبار وفحص اجهزة الإنارة ويشمل اللمبات وأقواس التركيب وحبال التعليق وقطع الأكسسوار و ايضا نقاط الانارة متضمنة مواسير/أقنية قاسية عالية التحمل PVC  أوEMT وعلب ذات أسلاك لاتقل عن 0.4 مم2 لنقطة الإنارة وتوصيل أطراف أسلاك التأريض،وكل الأعمال المساعدة كما هو محدد وموضح في المخططات. على المقاول المعاينة و فحص الشبكة الحالية و الاستفادة من التمديدات الحالية و دمجها  علما بان البند يشمل جميع الوصلات و الاسلاك و الكابلات اللازمة لنهو العمل  بعد عمل الاختبارات اللازمة و بعد الموافقة من مهندس المشرف .Type LB4,عدد,1104.0,132.0,93.0,20.0,113.0,22080.0,85.60606060606061,بنود المطالبات,1237,CMH_01_SMART.xlsx,sheet بنود المطالبات,high,prev_progress in workbook is informational; platform will recompute server-side from approved claims (Migration 048).
CMH_01-C01,19,295,توريد وتركيب وتوصيل وإختبار وفحص اجهزة الإنارة ويشمل اللمبات وأقواس التركيب وحبال التعليق وقطع الأكسسوار و ايضا نقاط الانارة متضمنة مواسير/أقنية قاسية عالية التحمل PVC  أوEMT وعلب ذات أسلاك لاتقل عن 0.4 مم2 لنقطة الإنارة وتوصيل أطراف أسلاك التأريض،وكل الأعمال المساعدة كما هو محدد وموضح في المخططات. على المقاول المعاينة و فحص الشبكة الحالية و الاستفادة من التمديدات الحالية و دمجها  علما بان البند يشمل جميع الوصلات و الاسلاك و الكابلات اللازمة لنهو العمل  بعد عمل الاختبارات اللازمة و بعد الموافقة من مهندس المشرف .Type ES-1,عدد,360.0,430.0,297.0,15.0,312.0,5400.0,72.55813953488372,بنود المطالبات,1238,CMH_01_SMART.xlsx,sheet بنود المطالبات,high,prev_progress in workbook is informational; platform will recompute server-side from approved claims (Migration 048).
CMH_01-C01,19,298,توريد وتركيب وتوصيل وإختبار وفحص اجهزة الإنارة ويشمل اللمبات وأقواس التركيب وحبال التعليق وقطع الأكسسوار و ايضا نقاط الانارة متضمنة مواسير/أقنية قاسية عالية التحمل PVC  أوEMT وعلب ذات أسلاك لاتقل عن 0.4 مم2 لنقطة الإنارة وتوصيل أطراف أسلاك التأريض،وكل الأعمال المساعدة كما هو محدد وموضح في المخططات. على المقاول المعاينة و فحص الشبكة الحالية و الاستفادة من التمديدات الحالية و دمجها  علما بان البند يشمل جميع الوصلات و الاسلاك و الكابلات اللازمة لنهو العمل  بعد عمل الاختبارات اللازمة و بعد الموافقة من مهندس المشرف . Type P1,عدد,420.0,75.0,80.0,20.0,100.0,8400.0,133.33333333333331,بنود المطالبات,1239,CMH_01_SMART.xlsx,sheet بنود المطالبات,high,prev_progress in workbook is informational; platform will recompute server-side from approved claims (Migration 048).
CMH_01-C01,19,299,توريد وتركيب وتوصيل وإختبار وفحص اجهزة الإنارة ويشمل اللمبات وأقواس التركيب وحبال التعليق وقطع الأكسسوار و ايضا نقاط الانارة متضمنة مواسير/أقنية قاسية عالية التحمل PVC  أوEMT وعلب ذات أسلاك لاتقل عن 0.4 مم2 لنقطة الإنارة وتوصيل أطراف أسلاك التأريض،وكل الأعمال المساعدة كما هو محدد وموضح في المخططات. على المقاول المعاينة و فحص الشبكة الحالية و الاستفادة من التمديدات الحالية و دمجها  علما بان البند يشمل جميع الوصلات و الاسلاك و الكابلات اللازمة لنهو العمل  بعد عمل الاختبارات اللازمة و بعد الموافقة من مهندس المشرف . Type T1,عدد,744.0,1146.0,733.0,40.0,773.0,29760.0,67.45200698080279,بنود المطالبات,1240,CMH_01_SMART.xlsx,sheet بنود المطالبات,high,prev_progress in workbook is informational; platform will recompute server-side from approved claims (Migration 048).
CMH_01-C01,19,300,توريد وتركيب وتوصيل وإختبار وفحص اجهزة الإنارة ويشمل اللمبات وأقواس التركيب وحبال التعليق وقطع الأكسسوار و ايضا نقاط الانارة متضمنة مواسير/أقنية قاسية عالية التحمل PVC  أوEMT وعلب ذات أسلاك لاتقل عن 0.4 مم2 لنقطة الإنارة وتوصيل أطراف أسلاك التأريض،وكل الأعمال المساعدة كما هو محدد وموضح في المخططات. على المقاول المعاينة و فحص الشبكة الحالية و الاستفادة من التمديدات الحالية و دمجها  علما بان البند يشمل جميع الوصلات و الاسلاك و الكابلات اللازمة لنهو العمل  بعد عمل الاختبارات اللازمة و بعد الموافقة من مهندس المشرف . Type CH-1,عدد,14400.0,4.0,2.0,1.0,3.0,14400.0,75,بنود المطالبات,1241,CMH_01_SMART.xlsx,sheet بنود المطالبات,high,prev_progress in workbook is informational; platform will recompute server-side from approved claims (Migration 048).
CMH_01-C01,19,301,توريد وتركيب وتوصيل وإختبار وفحص اجهزة الإنارة ويشمل اللمبات وأقواس التركيب وحبال التعليق وقطع الأكسسوار و ايضا نقاط الانارة متضمنة مواسير/أقنية قاسية عالية التحمل PVC  أوEMT وعلب ذات أسلاك لاتقل عن 0.4 مم2 لنقطة الإنارة وتوصيل أطراف أسلاك التأريض،وكل الأعمال المساعدة كما هو محدد وموضح في المخططات. على المقاول المعاينة و فحص الشبكة الحالية و الاستفادة من التمديدات الحالية و دمجها  علما بان البند يشمل جميع الوصلات و الاسلاك و الكابلات اللازمة لنهو العمل  بعد عمل الاختبارات اللازمة و بعد الموافقة من مهندس المشرف . Type CH-2,عدد,4200.0,6.0,3.0,2.0,5.0,8400.0,83.33333333333334,بنود المطالبات,1242,CMH_01_SMART.xlsx,sheet بنود المطالبات,high,prev_progress in workbook is informational; platform will recompute server-side from approved claims (Migration 048).
CMH_01-C01,19,302,توريد وتركيب وتوصيل وإختبار وفحص اجهزة الإنارة ويشمل اللمبات وأقواس التركيب وحبال التعليق وقطع الأكسسوار و ايضا نقاط الانارة متضمنة مواسير/أقنية قاسية عالية التحمل PVC  أوEMT وعلب ذات أسلاك لاتقل عن 0.4 مم2 لنقطة الإنارة وتوصيل أطراف أسلاك التأريض،وكل الأعمال المساعدة كما هو محدد وموضح في المخططات. على المقاول المعاينة و فحص الشبكة الحالية و الاستفادة من التمديدات الحالية و دمجها  علما بان البند يشمل جميع الوصلات و الاسلاك و الكابلات اللازمة لنهو العمل  بعد عمل الاختبارات اللازمة و بعد الموافقة من مهندس المشرف .Type CH-3,عدد,18000.0,3.0,0.0,1.0,1.0,18000.0,33.33333333333333,بنود المطالبات,1243,CMH_01_SMART.xlsx,sheet بنود المطالبات,high,prev_progress in workbook is informational; platform will recompute server-side from approved claims (Migration 048).
CMH_01-C01,19,303,توريد وتركيب وتوصيل واختبار مفاتيح التحكم بالإنارة / أزرار كبس 10 أمبير، 230 فولت، وتشمل كل المواسير معزولة ب  PVC وأسلاك نحاس  0.4 مم2 حتى وحدات الانارة حسب الموضح على المخططات وحسب المواصفات على المقاول المعاينة و فحص الشبكة الحالية و الاستفادة من التمديدات الحالية و دمجها مع التركيبات الجديدة بعد عمل الاختبارات اللازمة و بعد الموافقة من مهندس المشرف . مفتاح أحادي ، أحادي الكباّس، 10 أمبير,عدد,216.0,226.0,100.0,50.0,150.0,10800.0,66.3716814159292,بنود المطالبات,1244,CMH_01_SMART.xlsx,sheet بنود المطالبات,high,prev_progress in workbook is informational; platform will recompute server-side from approved claims (Migration 048).
CMH_01-C01,19,304,توريد وتركيب وتوصيل واختبار مفاتيح التحكم بالإنارة / أزرار كبس 10 أمبير، 230 فولت، وتشمل كل المواسير معزولة ب  PVC وأسلاك نحاس  0.4 مم2 حتى وحدات الانارة حسب الموضح على المخططات وحسب المواصفات. على المقاول المعاينة و فحص الشبكة الحالية و الاستفادة من التمديدات الحالية و دمجها مع التركيبات الجديدة بعد عمل الاختبارات اللازمة و بعد الموافقة من مهندس المشرف .مفتاح أحادي ، ثنائي الكباّس، 10 أمبير,عدد,216.0,490.0,228.0,50.0,278.0,10800.0,56.734693877551024,بنود المطالبات,1245,CMH_01_SMART.xlsx,sheet بنود المطالبات,high,prev_progress in workbook is informational; platform will recompute server-side from approved claims (Migration 048).
CMH_01-C01,19,307," توريد وتركيب وتوصيل وتجريب مفاتيح ذات أضواء دليلية وتشمل الماسورة والأسلاك حسب المبيّن على.المخططات و ذلك لسخانات المياه  وحسب المواصفات 20 Amp., 230 V, 1PH",عدد,300.0,77.0,40.0,30.0,70.0,9000.0,90.9090909090909,بنود المطالبات,1246,CMH_01_SMART.xlsx,sheet بنود المطالبات,high,prev_progress in workbook is informational; platform will recompute server-side from approved claims (Migration 048).
CMH_01-C01,19,309, كاشف انذار دخان من النوع المعنون طبقا للمخططات  ومواصفات المشروع,عدد,276.0,715.0,705.0,100.0,805.0,27600.0,112.58741258741259,بنود المطالبات,1247,CMH_01_SMART.xlsx,sheet بنود المطالبات,high,prev_progress in workbook is informational; platform will recompute server-side from approved claims (Migration 048).
CMH_01-C01,19,311, وحدة إنذار حريق يدوية من النوع المعنون طبقا للمخططات  ومواصفات المشروع,عدد,384.0,54.0,37.0,6.0,43.0,2304.0,79.62962962962963,بنود المطالبات,1248,CMH_01_SMART.xlsx,sheet بنود المطالبات,high,prev_progress in workbook is informational; platform will recompute server-side from approved claims (Migration 048).
CMH_01-C01,19,313,وحدة تحكم  )Control module( من النوع المعنون طبقا للمخططات  ومواصفات المشروع,عدد,420.0,69.0,174.0,30.0,204.0,12600.0,295.65217391304344,بنود المطالبات,1249,CMH_01_SMART.xlsx,sheet بنود المطالبات,high,prev_progress in workbook is informational; platform will recompute server-side from approved claims (Migration 048).
CMH_01-C01,19,317,عن طريق مقاول متخصص ذو خبرة كبيرة في هذا المجال ويقدم للاعتماد من إدارة الـ IT بالوزارة و يربط النظام مع الانظمة المعنية بالتحكم و الموازنة و يشمل البند جميع الوصلات و الكابلات و غيرها من المتطلبات الخاصة بنهو النظام كاملا توريد وتركيب واختبارنقاط كاميرا مراقبة داخلية سقفية و جميع ما يلزم من توصيلات و تركيبات و خلافة  لنهو النظام .,عدد,2640.0,258.0,218.0,10.0,228.0,26400.0,88.37209302325581,بنود المطالبات,1250,CMH_01_SMART.xlsx,sheet بنود المطالبات,high,prev_progress in workbook is informational; platform will recompute server-side from approved claims (Migration 048).
CMH_01-C01,19,323,"توريد وتركيب واختبار نظام التحكم فى الدخول بروتوكول IP مع البرامج الخاصة بنظام التحكم بتقنية integration RFID dual ، مع المواسير والكابالت وكل الملحقات لضمان عمل النظام على الوجه االكمل وحسب المواصفات والمخططات وتعليمات الشركة المصنعة وتعليمات ومواصفات إدارة الـ IT
بالوزارة و كل ما يلزم من مواد وأعمال كهربائية و مدنية مع تقديم ضمان من المصنع لمدة 3( سنوات)
لكافة مكونات النظام وخدمة الصيانة من مراكز المصنع بالمملكة ، ويحتوي النظام علي البنود التالية :
وحدة زر خروج من النوع button( )Push",عدد,606.0,218.0,9.0,4.0,13.0,2424.0,5.963302752293578,بنود المطالبات,1251,CMH_01_SMART.xlsx,sheet بنود المطالبات,high,prev_progress in workbook is informational; platform will recompute server-side from approved claims (Migration 048).
CMH_01-C01,19,324,"توريد وتركيب وإختبار نظام النداء الصوتي العام يتضمن كافة الكابالت و المواسير و العلب و النهايات مع كامل اكسسوارات التركيب الالزمة وتشغيل تجهيزات الصوت و تركيب المعدات الرئيسية بغرفة التحكم حسب المخططات و المواصفات وتعليمات الشركة المصنعة مشتمال على كل ما يلزم التمام العمل
و ربطه مع نظام الحريق و ادارة المبنى و يتكون من االتي -:
سماعة سقفية 6 وات
",عدد,420.0,252.0,126.0,20.0,146.0,8400.0,57.936507936507944,بنود المطالبات,1252,CMH_01_SMART.xlsx,sheet بنود المطالبات,high,prev_progress in workbook is informational; platform will recompute server-side from approved claims (Migration 048).
CMH_01-C01,19,327,"توريد وتركيب وإختبار المخارج اآلتية شاملة الكابالت 6A( )CAT والمواسير وعلب التوصيل وعلب السحب واألغطية و الوصالت cords Patch وخالفه حسب المواصفات ووفقا لما هو موضح بالمخططات مع جميع االكسسوارات لعمل النظام على أكمل وجه ومن أجود األنواع األصلية وحسب تعليمات ومواصفات إدارة الــ IT بالوزارة وكل ما يلزم من المخرج وحتى rack IT
على المقاول المعاينة و فحص الشبكة الحالية و االستفادة من التمديدات الحالية و دمجها مع التركيبات
الجديدة بعد عمل االختبارات الالزمة و بعد الموافقة من مهندس المشرف -:.
مخرج فردي حائطي مزود بعدد واحد مأخذ RJ-45
",عدد,432.0,206.0,238.0,40.0,278.0,17280.0,134.95145631067962,بنود المطالبات,1253,CMH_01_SMART.xlsx,sheet بنود المطالبات,high,prev_progress in workbook is informational; platform will recompute server-side from approved claims (Migration 048).
CMH_01-C01,19,328,"توريد وتركيب وإختبار المخارج اآلتية شاملة الكابالت 6A( )CAT والمواسير وعلب التوصيل وعلب السحب واألغطية و الوصالت cords Patch وخالفه حسب المواصفات ووفقا لما هو موضح بالمخططات مع جميع االكسسوارات لعمل النظام على أكمل وجه ومن أجود األنواع األصلية وحسب تعليمات ومواصفات إدارة الــ IT بالوزارة وكل ما يلزم من المخرج وحتى rack IT
على المقاول المعاينة و فحص الشبكة الحالية و االستفادة من التمديدات الحالية و دمجها مع التركيبات
الجديدة بعد عمل االختبارات الالزمة و بعد الموافقة من مهندس المشرف -:.
مخرج HDMI مع الكوابل اللازمة",عدد,540.0,33.0,20.0,25.0,45.0,13500.0,136.36363636363635,بنود المطالبات,1254,CMH_01_SMART.xlsx,sheet بنود المطالبات,high,prev_progress in workbook is informational; platform will recompute server-side from approved claims (Migration 048).
CMH_01-C01,19,330,"خزانة تجهيزات 42 U مقاس 2000×1000×800 ملم من أجود األنواع العالمية مع جميع االكسسوارات الالزمة من قاطع رئيسي 32( أمبير) وموزعات و مراوح و منظمات مسير الكوابل و كل
ما يلزم التمام العمل وحسب مواصفات وتعليمات إدارة الـ IT بالوزارة.",عدد,66000.0,12.0,9.0,2.0,11.0,132000.0,91.66666666666666,بنود المطالبات,1255,CMH_01_SMART.xlsx,sheet بنود المطالبات,high,prev_progress in workbook is informational; platform will recompute server-side from approved claims (Migration 048).
CMH_01-C01,19,331,"لوحة توزيع رئيسية لنظام كابالت األلياف الضوئية Panel Patch Optical مزودة بعدد )12( موصل
من النوع Multimode",عدد,2640.0,12.0,4.0,6.0,10.0,15840.0,83.33333333333334,بنود المطالبات,1256,CMH_01_SMART.xlsx,sheet بنود المطالبات,high,prev_progress in workbook is informational; platform will recompute server-side from approved claims (Migration 048).
CMH_01-C01,19,332,لوحات توزيع كابالت نحاسية Panel Patch a 6 CAT مع الوصالت لعدد 24 مخرج,عدد,2400.0,55.0,64.0,8.0,72.0,19200.0,130.9090909090909,بنود المطالبات,1257,CMH_01_SMART.xlsx,sheet بنود المطالبات,high,prev_progress in workbook is informational; platform will recompute server-side from approved claims (Migration 048).
CMH_01-C01,19,333,"توريد وتركيب وتوصيل جميع تمديدات كابالت األلياف الضوئية ( الفايبر) من نوع 12core - multimode من الموزعات الفرعية بكبائن األدوارإلى الموزع الرئيسى بغرفة الداتا الرئيسية وذلك حسب المواصفات القياسية والبند يشمل كافة وسائل وإكسسوارات التركيب والتثبيت و على المقاول تقديم
الحسابات لالعتمادها من قبل المهندس المشرف
",عدد,14400.0,6.0,0.0,8.0,8.0,115200.0,133.33333333333331,بنود المطالبات,1258,CMH_01_SMART.xlsx,sheet بنود المطالبات,high,prev_progress in workbook is informational; platform will recompute server-side from approved claims (Migration 048).
CMH_01-C01,19,350,"توريد وتركيب  
سماعة معلقة 6 وات لون اسود مع الكابلات والتمديدات  حسب المخططات   والبند يشمل جميع التمديدات المواسير للسماعات قطر 3/4  بوصة من الEMT  وسحب الاسلاك  الخاصة بنظام الصوت. ",عدد,1380.0,0.0,16.0,100.0,116.0,138000.0,,بنود المطالبات,1259,CMH_01_SMART.xlsx,sheet بنود المطالبات,high,prev_progress in workbook is informational; platform will recompute server-side from approved claims (Migration 048).
CMH_01-C01,19,351,توريد وتركيب وفرد دهان ايبوكسي لزوم الدربزينات بالفناء الوسطي و البهو الداخلي بين الادوار و المدخل ويتم التركيب طبقاً للمخططات والمواصفات الفنية و المواد المعتمدة  .,م.ط,45.0,0.0,234.0,550.0,784.0,24750.0,,بنود المطالبات,1260,CMH_01_SMART.xlsx,sheet بنود المطالبات,high,prev_progress in workbook is informational; platform will recompute server-side from approved claims (Migration 048).
CMH_01-C01,19,354,"للمواسير داخل المبنى من مواسير متعددة الطبقات بولي بروبلين كما هو موصف تشمل كافة القطع التركيبية مثل القارنات من الحديد الصلب الغير قابل للصدأ والأكواع والمنحنيات والتفريعات والدعامات ، كما هو مبين في المخططات لتركيب مايلي من الأقطار الداخلية مع ربطه بالشبكة الحالية لاقرب نقطة و على المقاول تقديم المخططات التنفيذية و الحسابات الهيدروليكية و اعتمادها قبل البدأ بتنفيذ الاعمال من المهندس المشرف للاقطار  الداخلية :
قطر 63 مم",م.ط,179.0,0.0,19.6,19.4,39.0,3472.6,,بنود المطالبات,1261,CMH_01_SMART.xlsx,sheet بنود المطالبات,high,prev_progress in workbook is informational; platform will recompute server-side from approved claims (Migration 048).
CMH_01-C01,19,355,"توريد وتركيب محبس بوابة (GATE VALVE) يركب علي شبكة المواسير داخل المبني ، والبند يشمل جميع القطع والتوصيلات اللازمة للتركيب وذلك للأقطار التالية:
قطر 3 بوصة",عدد,2180.0,0.0,1.0,38.0,39.0,82840.0,,بنود المطالبات,1262,CMH_01_SMART.xlsx,sheet بنود المطالبات,high,prev_progress in workbook is informational; platform will recompute server-side from approved claims (Migration 048).
CMH_01-C01,19,356,"توريد وتركيب محبس بوابة (GATE VALVE) يركب علي شبكة المواسير داخل المبني ، والبند يشمل جميع القطع والتوصيلات اللازمة للتركيب وذلك للأقطار التالية:
قطر 2.5 بوصة",عدد,1663.0,0.0,13.0,16.0,29.0,26608.0,,بنود المطالبات,1263,CMH_01_SMART.xlsx,sheet بنود المطالبات,high,prev_progress in workbook is informational; platform will recompute server-side from approved claims (Migration 048).
CMH_01-C01,19,357,"توريد وتركيب محبس بوابة (GATE VALVE) يركب علي شبكة المواسير داخل المبني ، والبند يشمل جميع القطع والتوصيلات اللازمة للتركيب وذلك للأقطار التالية:
قطر 1.25 بوصة",عدد,621.0,0.0,14.0,12.0,26.0,7452.0,,بنود المطالبات,1264,CMH_01_SMART.xlsx,sheet بنود المطالبات,high,prev_progress in workbook is informational; platform will recompute server-side from approved claims (Migration 048).
CMH_01-C01,19,358,"توريد وتركيب محبس تخفيض ضغط (PRV) يركب علي شبكة المواسير داخل المبني ، والبند يشمل جميع القطع والتوصيلات اللازمة للتركيب وذلك للأقطار التالية:
قطر 2 بوصة",عدد,1772.0,0.0,13.0,13.0,26.0,23036.0,,بنود المطالبات,1265,CMH_01_SMART.xlsx,sheet بنود المطالبات,high,prev_progress in workbook is informational; platform will recompute server-side from approved claims (Migration 048).
CMH_01-C01,19,359,"توريد وتركيب محبس تخفيض ضغط (PRV) يركب علي شبكة المواسير داخل المبني ، والبند يشمل جميع القطع والتوصيلات اللازمة للتركيب وذلك للأقطار التالية:
قطر 1.25 بوصة",عدد,772.0,0.0,14.0,12.0,26.0,9264.0,,بنود المطالبات,1266,CMH_01_SMART.xlsx,sheet بنود المطالبات,high,prev_progress in workbook is informational; platform will recompute server-side from approved claims (Migration 048).
CMH_01-C01,19,360,"توريد وتركيب محبس تنفيس الهواء (AUTOMATIC AIR VENT) يركب علي شبكة المواسير داخل المبني ، والبند يشمل جميع القطع والتوصيلات اللازمة للتركيب وذلك للأقطار التالية:
قطر 1 بوصة",عدد,90.0,0.0,2.0,5.0,7.0,450.0,,بنود المطالبات,1267,CMH_01_SMART.xlsx,sheet بنود المطالبات,high,prev_progress in workbook is informational; platform will recompute server-side from approved claims (Migration 048).
CMH_01-C01,19,361,"01-MT 02& MT رخام مون ستون غراي رمادي فاتح و رمادي غامق 
مقاس  1200× 300 مم لمنطقة القهوة و المدخل سماكة 16مم .",م²,454.0,0.0,913.35,250.0,1163.35,113500.0,,بنود المطالبات,1268,CMH_01_SMART.xlsx,sheet بنود المطالبات,high,prev_progress in workbook is informational; platform will recompute server-side from approved claims (Migration 048).
CMH_01-C01,19,362,"01-MT 02& MT رخام مون ستون غراي رمادي فاتح و رمادي غامق 
مقاس  1200× 300 مم لمنطقة القهوة و المدخل سماكة 30مم .",م²,609.0,0.0,544.0,250.0,794.0,152250.0,,بنود المطالبات,1269,CMH_01_SMART.xlsx,sheet بنود المطالبات,high,prev_progress in workbook is informational; platform will recompute server-side from approved claims (Migration 048).
CMH_01-C01,19,364,رخام رمادي بيترا غراي للدور السادس ألواح مقاس 1000× 1000 مم بحسب اعتماد المهندس سماكة 30مم,م²,717.0,0.0,1152.0,100.0,1252.0,71700.0,,بنود المطالبات,1270,CMH_01_SMART.xlsx,sheet بنود المطالبات,high,prev_progress in workbook is informational; platform will recompute server-side from approved claims (Migration 048).
CMH_01-C01,19,367, توريد و تركيب حوض خدمة  (JANITOR SINK) والبند يشمل كوع الصرف والخلاط وجميع ما يلزم للتركيب والتثبيت,عدد,2445.0,0.0,19.0,6.0,25.0,14670.0,,بنود المطالبات,1271,CMH_01_SMART.xlsx,sheet بنود المطالبات,high,prev_progress in workbook is informational; platform will recompute server-side from approved claims (Migration 048).
CMH_01-C01,19,368,توريد وتركيب واختبار محبس LANDING VALVE مزود بمخفض ضغط داخلي قطر 2.5 بوصة,عدد,1380.0,0.0,0.0,27.0,27.0,37260.0,,بنود المطالبات,1272,CMH_01_SMART.xlsx,sheet بنود المطالبات,high,prev_progress in workbook is informational; platform will recompute server-side from approved claims (Migration 048).
CMH_01-C01,19,369,"توريد وتركيب صندوق غاطس يوضع بداخله محبس 
LANDING VALVE ",عدد,1176.0,0.0,0.0,27.0,27.0,31752.0,,بنود المطالبات,1273,CMH_01_SMART.xlsx,sheet بنود المطالبات,high,prev_progress in workbook is informational; platform will recompute server-side from approved claims (Migration 048).
CMH_01-C01,19,370,توريد وتركيب جدار خشبى مقاوم للحريق ,م²,2634.65,0.0,115.0,15.0,130.0,39519.75,,بنود المطالبات,1274,CMH_01_SMART.xlsx,sheet بنود المطالبات,high,prev_progress in workbook is informational; platform will recompute server-side from approved claims (Migration 048).
CMH_01-C01,19,371,توريد وتركيب باب خشبى مقاوم للحريق ,عدد,9368.55,0.0,9.0,3.0,12.0,28105.649999999998,,بنود المطالبات,1275,CMH_01_SMART.xlsx,sheet بنود المطالبات,high,prev_progress in workbook is informational; platform will recompute server-side from approved claims (Migration 048).
CMH_01-C01,19,372,توريد وتركيب بورسلان للمبنى PW-01(A)-SUTILEGRIS PULIDO,م²,186.63,0.0,600.0,60.0,660.0,11197.8,,بنود المطالبات,1276,CMH_01_SMART.xlsx,sheet بنود المطالبات,high,prev_progress in workbook is informational; platform will recompute server-side from approved claims (Migration 048).
CMH_01-C01,19,373,توريد وتركيب بورسلان للمبنى PW-02-A(VANGLISH PULIDO),م²,186.63,0.0,800.0,60.0,860.0,11197.8,,بنود المطالبات,1277,CMH_01_SMART.xlsx,sheet بنود المطالبات,high,prev_progress in workbook is informational; platform will recompute server-side from approved claims (Migration 048).
CMH_01-C01,19,374,توريد وتركيب بورسلان للمبنى PW-03-B(ATLANTIDA),م²,232.88,0.0,650.0,55.0,705.0,12808.4,,بنود المطالبات,1278,CMH_01_SMART.xlsx,sheet بنود المطالبات,high,prev_progress in workbook is informational; platform will recompute server-side from approved claims (Migration 048).
CMH_01-C01,19,378,بالمتر المسطح توريد وتركيب قماش ستائر(Roller Blind)والسعر يشمل التوريد والتركيب ,م²,77.1,0.0,1000.0,100.0,1100.0,7709.999999999999,,بنود المطالبات,1279,CMH_01_SMART.xlsx,sheet بنود المطالبات,high,prev_progress in workbook is informational; platform will recompute server-side from approved claims (Migration 048).
CMH_01-C01,19,379,بالعدد توريد موتور سومفي فرنسي والسعر يشعمل التوريد والتركيب ,عدد,1409.26,0.0,22.0,25.0,47.0,35231.5,,بنود المطالبات,1280,CMH_01_SMART.xlsx,sheet بنود المطالبات,high,prev_progress in workbook is informational; platform will recompute server-side from approved claims (Migration 048).
CMH_01-C01,20,1,تشتمل على أعمال الهدم وإلإزالة والترحيل داخل أدوار المبنى والسعر يشمل نقل المخلفات الغير صالحه للمقالب العموميه ونقل المخلفات الصالحه لمخازن الجهه المالكه.Ref drawing: 07-MRA-DD-(as per floor number)-AR-001هدم وإزالة الجدران وتشمل  جميع أنواع جدران الطوب  والقواطع الجبسية و الخشبية و الزجاجية  بحسب المخططات المعتمدة وتعليمات المهندس المشرف.,م2,18.0,17900.0,15080.57,1018.4,16098.97,18331.2,89.93837988826814,بنود المطالبات,1281,CMH_01_SMART.xlsx,sheet بنود المطالبات,high,prev_progress in workbook is informational; platform will recompute server-side from approved claims (Migration 048).
CMH_01-C01,20,2,تشتمل على أعمال الهدم وإلإزالة والترحيل داخل أدوار المبنى والسعر يشمل نقل المخلفات الغير صالحه للمقالب العموميه ونقل المخلفات الصالحه لمخازن الجهه المالكه.Ref drawing: 07-MRA-DD-(as per floor number)-AR-هدم وإزالة تشطيبات رخام أو بلاط بورسلان أو سيراميك  للأرضيات والجدران الحالية  بحسب المخططات المعتمدة وتعليمات المهندس المشرف.,م2,14.5,10362.0,5524.72,-670.36,4854.360000000001,-9720.22,46.84771279675739,بنود المطالبات,1282,CMH_01_SMART.xlsx,sheet بنود المطالبات,high,prev_progress in workbook is informational; platform will recompute server-side from approved claims (Migration 048).
CMH_01-C01,20,3,تشتمل على أعمال الهدم وإلإزالة والترحيل داخل أدوار المبنى والسعر يشمل نقل المخلفات الغير صالحه للمقالب العموميه ونقل المخلفات الصالحه لمخازن الجهه المالكهRef drawing: 07-MRA-DD-(as per floor number)-AR-001هدم وإزالة تشطيبات الأسقف المستعارة الحالية بما تشمل أسقف جبسية وبلاطات صناعية وأسقف معدنية  بحسب المخططات المعتمدة وتعليمات المهندس المشرف.,م2,8.5,18420.0,15470.58,1375.06,16845.64,11688.01,91.4529858849077,بنود المطالبات,1283,CMH_01_SMART.xlsx,sheet بنود المطالبات,high,prev_progress in workbook is informational; platform will recompute server-side from approved claims (Migration 048).
CMH_01-C01,20,4,صبة خرسانية مع شبكة حديد بقطر 8 مم  بأبعاد 10*10 سم  مخدومة بالمسطرين والقدة لتعطي سطحا ناعما في الفناء الوسطي. ويشمل السعر الدفان وأي مواد أو أعمال يتطلبها تنفيذ العمل حسب المواصفات والمخططات وتعليمات المهندس المشرف.,م3,540.0,6.0,0.0,6.34,6.34,3423.6,105.66666666666666,بنود المطالبات,1284,CMH_01_SMART.xlsx,sheet بنود المطالبات,high,prev_progress in workbook is informational; platform will recompute server-side from approved claims (Migration 048).
CMH_01-C01,20,6,توريد وبناء مباني من البلوك  مقاوم للحريق شاملا المونة والفواصل وأربطة التثبيت والتسليح الرأسي وعتبات جميع الفتحات وعزل الجدران المزدوجة المفرّغة والمكملات ويتم توريد البلوك بالموقع على قواعد خشبية مغطاه بالبلاستيك ويستمر على هذه الحالة حتى يبدأ استخدامه للبناء على أن يكون ذو ابعاد بطول 40سم وسماكة حسب المطلوب وارتفاع 20سم وان تكون صلد سليم نظيف وذو زوايا خارجية قائمة يستعمل لبناء الحوائط حسب ما هو موضح بالمخططات مع التكحيل ويكون  مطابق للمواصفات حسب النوعيه المطلوبة والسعر يشمل كل مايلزم للبناء من البلوك الكامل والقطع الخاصة سواء 5.0 أو 25.0 ، كذلك القطع الخاصة بتمديد المواسير بحيث لا يتم تكسير البلوك أثناء الاستخدام للبناء على الأطلاق ، بالإضافة إلى كافة المواد والاكسسوارات والسقايل واستعمال الشبك الممدد والتسليح بواسطة خوابير معدنية والمرابط المعدنية ويشمل السعر أي مواد أو أعمال يتطلبها استكمال العمل حسب المواصفات  القسم Ref drawing: 07-MRA-DD-(as per floor number) وتعليمات المهندس المشرف 04200Ar-100,م2,150.0,450.0,4658.51,77.95,4736.46,11692.5,1052.5466666666666,بنود المطالبات,1285,CMH_01_SMART.xlsx,sheet بنود المطالبات,high,prev_progress in workbook is informational; platform will recompute server-side from approved claims (Migration 048).
CMH_01-C01,20,7,توريد وبناء مباني من البلوك  مقاوم للحريق شاملا المونة والفواصل وأربطة التثبيت والتسليح الرأسي وعتبات جميع الفتحات وعزل الجدران المزدوجة المفرّغة والمكملات ويتم توريد البلوك بالموقع علىقواعد خشبية مغطاه بالبلاستيك ويستمر على هذه الحالة حتى يبدأ استخدامه للبناء على أن يكون ذو ابعاد بطول 40سم وسماكة حسب المطلوب وارتفاع 20سم وان تكون صلد سليم نظيف وذو زوايا خارجية قائمة يستعمل لبناء الحوائط حسب ما هو موضح بالمخططات مع التكحيل ويكون  مطابق للمواصفات حسب النوعيه المطلوبة والسعر يشمل كل مايلزم للبناء من البلوك الكامل والقطع الخاصة سواء 5.0 أو 25.0 ، كذلك القطع الخاصة بتمديد المواسير بحيث لا يتم تكسير البلوك أثناء الاستخدام للبناء على الأطلاق ، بالإضافة إلى كافة المواد والاكسسوارات والسقايل واستعمال الشبك الممدد والتسليح بواسطة خوابير معدنية والمرابط المعدنية ويشمل السعر أي مواد أو أعمال يتطلبها استكمال العمل حسب المواصفات  القسمRef drawing: 07-MRA-DD-(as per floor number) وتعليمات المهندس المشرف 04200-Ar-100,م2,150.0,76.0,389.43,5.75,395.18,862.5,519.9736842105264,بنود المطالبات,1286,CMH_01_SMART.xlsx,sheet بنود المطالبات,high,prev_progress in workbook is informational; platform will recompute server-side from approved claims (Migration 048).
CMH_01-C01,20,12,توريد وتركيب اسقف شبكة حديد مش )طلاء بودرة بالفرن لون اسود( سماكة 2 ملم مع تيوب حديد ابعاد 4*8 سم وسماكة 3ملم  ، مثبتة بنظام تعليق متصلة بالسقف الخرساني حسب الرسومات والمناظير وتعليمات المهندس المشرف.Ref drawing: 07-MRA-DD-G.F-AR-200,م2,360.0,27.0,0.0,10.0,10.0,3600.0,37.03703703703704,بنود المطالبات,1287,CMH_01_SMART.xlsx,sheet بنود المطالبات,high,prev_progress in workbook is informational; platform will recompute server-side from approved claims (Migration 048).
CMH_01-C01,20,13,توريد وتركيب اسقف شبكة حديد مش )طلاء بودرة بالفرن لون ابيض(سماكة 2 ملم مع تيوب حديد ابعاد 4*8 سم وسماكة 3ملم  ، مثبتة بنظام تعليق متصلة بالسقف الخرساني حسب الرسومات والمناظير وتعليمات المهندس المشرفRef drawing: 07-MRA-DD-G.F-AR-200,م2,360.0,101.0,0.0,45.0,45.0,16200.0,44.554455445544555,بنود المطالبات,1288,CMH_01_SMART.xlsx,sheet بنود المطالبات,high,prev_progress in workbook is informational; platform will recompute server-side from approved claims (Migration 048).
CMH_01-C01,20,16,توريد وتركيب تيوب حدبد مربع مقاس 30ملم* 30ملم سماكة 2 ملم كإيطار للوحات )طلاء بودرة بالفرن لون اسود( مقاس 3050x1250 ممRef drawing: 07-MRA-DD-G.F-AR-607.L,عدد,60.0,4.0,0.0,4.0,4.0,240.0,100,بنود المطالبات,1289,CMH_01_SMART.xlsx,sheet بنود المطالبات,high,prev_progress in workbook is informational; platform will recompute server-side from approved claims (Migration 048).
CMH_01-C01,20,22,توريد وتركيب وزرات خشب )Mdf( مع قشرة جوز بارتفاع 100مم وسمك 12مم شاملا التثبيت والدهانات والتشطيب والتلميع. ويشمل السعر أي مواد أو أعمال يتطلبها انهاء العمل طبقا للموضح بالمواصفات والمخططات وتعليمات المهندس المشرف .Ref drawing: 07-MRA-DD-(as per floor number)-AR-301,م.ط,42.0,4532.0,3154.0,332.5,3486.5,13965.0,76.93071491615181,بنود المطالبات,1290,CMH_01_SMART.xlsx,sheet بنود المطالبات,high,prev_progress in workbook is informational; platform will recompute server-side from approved claims (Migration 048).
CMH_01-C01,20,23,توريد وتركيب وزرات خشب )Mdf( مع قشرة ،وينغي بارتفاع 100مم وسمك 12مم شاملا التثبيت والدهانات والتشطيب والتلميع. ويشمل السعر أي مواد أو أعمال يتطلبها انهاء العمل طبقا للموضح بالمواصفات والمخططات وتعليمات المهندس المشرفRef drawing: 07-MRA-DD-(as per floor number)-AR-301,م.ط,42.0,700.0,555.0,27.56,582.56,1157.52,83.22285714285714,بنود المطالبات,1291,CMH_01_SMART.xlsx,sheet بنود المطالبات,high,prev_progress in workbook is informational; platform will recompute server-side from approved claims (Migration 048).
CMH_01-C01,20,24,"تصنيع وتركيب جدار خشبي ) Mdf(  مع قشرة السنديان المطلي بدهان ابيض تثبت على هيكل معدني، مع تصميم  فتحات على شكل مثلثات مضاءة من الداخل واحجام بمستويات مختلفة، حسب المناظير والرسومات وتعليمات المهندس المشرف.Code: WDP1-01,WDP1-02,WDP1-02.A",م2,714.0,431.0,200.0,31.36,231.36,22391.04,53.67981438515081,بنود المطالبات,1292,CMH_01_SMART.xlsx,sheet بنود المطالبات,high,prev_progress in workbook is informational; platform will recompute server-side from approved claims (Migration 048).
CMH_01-C01,20,25,تصنيع وتركيب لوح خشبي بشكل طولي من  الـ )Mdf(  مع قشرة الجوز او ما يتناسب مع العينة المتفق عليها طول 25سم وعرض 10سم وارتفاع 270 سم الى جانب الابواب الزجاجية حسب المناظير والرسومات وتعليمات المهندس المشرف.Code: WDP2-08,عدد,240.0,248.0,212.0,5.0,217.0,1200.0,87.5,بنود المطالبات,1293,CMH_01_SMART.xlsx,sheet بنود المطالبات,high,prev_progress in workbook is informational; platform will recompute server-side from approved claims (Migration 048).
CMH_01-C01,20,26,تصنيع وتركيب كسوة من الخشب للجدران ويكون النمط والحجم كما هو موضح بالرسومات ويشمل السعر أي مواد أو أعمال يتطلبها إنهاء العمل حسب المواصفات والمخططات وتعليمات المهندس المشرف. Ref drawing: 07-MRA-DD-(as per floor number)-AR-600 to 07-MRA-DD-(as  per floor number)-AR-604كسوة من خشب الـ)Mdf(  ، مثبتة على العامود الخرساني بدهان رمادي على شكل وهيئة الأسطح الاسمنتية )matt( بتصميم مع غروف حسب الرسومات والمناظير وتعليمات المهندس المشرف.Code: WDP3-04,م2,528.0,345.0,314.0,34.58,348.58,18258.239999999998,101.03768115942029,بنود المطالبات,1294,CMH_01_SMART.xlsx,sheet بنود المطالبات,high,prev_progress in workbook is informational; platform will recompute server-side from approved claims (Migration 048).
CMH_01-C01,20,27,"تصنيع وتركيب كسوة من الخشب للجدران ويكون النمط والحجم كما هو موضح بالرسومات ويشمل السعر أي مواد أو أعمال يتطلبها إنهاء العمل حسب المواصفات والمخططات وتعليمات المهندس المشرف. Ref drawing: 07-MRA-DD-(as per floor number)-AR-600 to 07-MRA-DD-(as per floor number)-AR-604كسوة من خشب الـ)Mdf( ، مثبتة على القواطع الجبسية بدهان رمادي بيج  )matt( ، وبتصميم مع غروف حسب الرسومات والمناظير وتعليمات المهندس المشرف.Code: WPD4-01,WDP4-01.A",م2,528.0,331.0,375.0,-61.31,313.69,-32371.68,94.77039274924472,بنود المطالبات,1295,CMH_01_SMART.xlsx,sheet بنود المطالبات,high,prev_progress in workbook is informational; platform will recompute server-side from approved claims (Migration 048).
CMH_01-C01,20,28,تصنيع وتركيب كسوة من الخشب للجدران ويكون النمط والحجم كما هو موضح بالرسومات ويشمل السعر أي مواد أو أعمال يتطلبها إنهاء العمل حسب المواصفات والمخططات وتعليمات المهندس المشرف. Ref drawing: 07-MRA-DD-(as per floor number)-AR-600 to 07-MRA-DD-(as  per floor number)-AR-604كسوة من خشب الـ)Mdf(، مثبتة على القواطع الجبسية مع قشرة صناعية بحسب العينة الموافق عليها وغروف حسب الرسومات والمناظير وتعليمات المهندس المشرفCode: WDP2,م2,528.0,2517.0,2648.0,-25.38,2622.62,-13400.64,104.19626539531188,بنود المطالبات,1296,CMH_01_SMART.xlsx,sheet بنود المطالبات,high,prev_progress in workbook is informational; platform will recompute server-side from approved claims (Migration 048).
CMH_01-C01,20,29,"تصنيع وتركيب كسوة من الخشب للجدران ويكون النمط والحجم كما هو موضح بالرسومات ويشمل السعر أي مواد أو أعمال يتطلبها إنهاء العمل حسب المواصفات والمخططات وتعليمات المهندس المشرف. Ref drawing: 07-MRA-DD-(as per floor number)-AR-600 to 07-MRA-DD-(as  per floor number)-AR-604كسوة من خشب الـ)Mdf(  ، مثبتة على االقواطع الجبسية بدهان رمادي على شكل وهيئة الأسطح الاسمنتية ) matt( مع تصميم بفتحات حسب الرسومات والمناظير وتعليمات المهندس المشرف.Code: WDP3-01, WDP3-02, WDP3-03",م2,528.0,846.0,838.0,10.0,848.0,5280.0,100.23640661938533,بنود المطالبات,1297,CMH_01_SMART.xlsx,sheet بنود المطالبات,high,prev_progress in workbook is informational; platform will recompute server-side from approved claims (Migration 048).
CMH_01-C01,20,30,"تصنيع وتركيب كسوة من الخشب للجدران ويكون النمط والحجم كما هو موضح بالرسومات ويشمل السعر أي مواد أو أعمال يتطلبها إنهاء العمل حسب المواصفات والمخططات وتعليمات المهندس المشرف. Ref drawing: 07-MRA-DD-(as per floor number)-AR-600 to 07-MRA-DD-(as  per floor number)-AR-604كسوة من خشب الـ) Mdf(  ، مع قشرة السنديان المطلي بدهان ابيض  مع غروف وفتحات إضاءة مخفية مغلفة من الداخل بطبقة Acrylic مغشى  حسب الرسومات والمناظير وتعليمات المهندس المشرف.Code: WDP1-03, WDP1-04, WDP1-05, WDP1-06",م2,570.0,456.0,485.0,12.35,497.35,7039.5,109.06798245614036,بنود المطالبات,1298,CMH_01_SMART.xlsx,sheet بنود المطالبات,high,prev_progress in workbook is informational; platform will recompute server-side from approved claims (Migration 048).
CMH_01-C01,20,31,تصنيع وتركيب كسوة من الخشب للجدران ويكون النمط والحجم كما هو موضح بالرسومات ويشمل السعر أي مواد أو أعمال يتطلبها إنهاء العمل حسب المواصفات والمخططات وتعليمات المهندس المشرف. Ref drawing: 07-MRA-DD-(as per floor number)-AR-600 to 07-MRA-DD-(as  per floor number)-AR-604كسوة من خشب الـ) Mdf(  ،  بدهان رمادي   مع غروف وفتحات إضاءة مخفية مغلفة من الداخل بطبقة Acrylic مغشى  حسب الرسومات والمناظير وتعليمات المهندس المشرف.Code: WDP5,م2,720.0,53.0,26.0,16.4,42.4,11807.999999999998,80,بنود المطالبات,1299,CMH_01_SMART.xlsx,sheet بنود المطالبات,high,prev_progress in workbook is informational; platform will recompute server-side from approved claims (Migration 048).
CMH_01-C01,20,32,تصنيع وتركيب كسوة من الخشب للجدران ويكون النمط والحجم كما هو موضح بالرسومات ويشمل السعر أي مواد أو أعمال يتطلبها إنهاء العمل حسب المواصفات والمخططات وتعليمات المهندس المشرف. Ref drawing: 07-MRA-DD-(as per floor number)-AR-600 to 07-MRA-DD-(as  per floor number)-AR-604كسوة من خشب الـ) Mdf(  ، المطلي بدهان رمادي  Code: WDP6,م2,468.0,29.0,17.0,9.0,26.0,4212.0,89.65517241379311,بنود المطالبات,1300,CMH_01_SMART.xlsx,sheet بنود المطالبات,high,prev_progress in workbook is informational; platform will recompute server-side from approved claims (Migration 048).
CMH_01-C01,20,33,تصنيع وتركيب كسوة من الخشب للجدران ويكون النمط والحجم كما هو موضح بالرسومات ويشمل السعر أي مواد أو أعمال يتطلبها إنهاء العمل حسب المواصفات والمخططات وتعليمات المهندس المشرف.Ref drawing: 07-MRA-DD-(as per floor number)-AR-600 to 07-MRA-DD (as per floor number)-AR-604كسوة من خشب الـ) Mdf(  ، مع قشرة  )walnut( لمدخل كبار الشخصيات ومكتب مدير مكتب معالي الوزير     حسب الرسومات والمناظير وتعليمات المهندس المشرف.Code: WDP7,م2,570.0,118.0,188.0,21.82,209.82,12437.4,177.81355932203388,بنود المطالبات,1301,CMH_01_SMART.xlsx,sheet بنود المطالبات,high,prev_progress in workbook is informational; platform will recompute server-side from approved claims (Migration 048).
CMH_01-C01,20,34,تصنيع وتركيب كسوة من الخشب للجدران ويكون النمط والحجم كما هو موضح بالرسومات ويشمل السعر أي مواد أو أعمال يتطلبها إنهاء العمل حسب المواصفات والمخططات وتعليمات المهندس المشرف. Ref drawing: 07-MRA-DD-(as per floor number)-AR-600 to 07-MRA-DD-(as  per floor number)-AR-604كسوة من خشب الـ)Mdf( ، مع قشرة صناعية بلون رمادي بيج لمنطقة معالي الوزير   حسب الرسومات والمناظير وتعليمات المهندس المشرف.Code: WDP8,م2,870.0,758.0,1655.0,134.39,1789.3899999999999,116919.29999999999,236.0672823218997,بنود المطالبات,1302,CMH_01_SMART.xlsx,sheet بنود المطالبات,high,prev_progress in workbook is informational; platform will recompute server-side from approved claims (Migration 048).
CMH_01-C01,20,35,تصنيع وتركيب كسوة من الخشب للجدران ويكون النمط والحجم كما هو موضح بالرسومات ويشمل السعر أي مواد أو أعمال يتطلبها إنهاء العمل حسب المواصفات والمخططات وتعليمات المهندس المشرف. Ref drawing: 07-MRA-DD-(as per floor number)-AR-600 to 07-MRA-DD-(as  per floor number)-AR-604كسوة من خشب الـ)Mdf( ،  مع قشرة ال )wenge( بشكل pattern مفرغة من الداخل مع ايطار خشبي ملبس بجلد لون بيج ومثبتة على الجدار الخشبي  لمنطقة معالي الوزير  حسب الرسومات والمناظير  وتعليمات المهندس المشرف.Code: P1,م2,1080.0,60.0,62.0,9.64,71.64,10411.2,119.39999999999999,بنود المطالبات,1303,CMH_01_SMART.xlsx,sheet بنود المطالبات,high,prev_progress in workbook is informational; platform will recompute server-side from approved claims (Migration 048).
CMH_01-C01,20,36,تصنيع وتركيب كسوة من الخشب للجدران ويكون النمط والحجم كما هو موضح بالرسومات ويشمل السعر أي مواد أو أعمال يتطلبها إنهاء العمل حسب المواصفات والمخططات وتعليمات المهندس المشرف. Ref drawing: 07-MRA-DD-(as per floor number)-AR-600 to 07-MRA-DD-(as  per floor number)-AR-604كسوة من خشب الـ)Mdf(  ،  مع قشرة ال )wenge( بشكل pattern مفرغة من الداخل مع ايطار خشبي ومثبتة على الجدار الخشبي  لمنطقة التنفيذيين حسب الرسومات والمناظير وتعليمات المهندس المشرف.Code: P2,م2,960.0,75.0,57.0,14.45,71.45,13872.0,95.26666666666667,بنود المطالبات,1304,CMH_01_SMART.xlsx,sheet بنود المطالبات,high,prev_progress in workbook is informational; platform will recompute server-side from approved claims (Migration 048).
CMH_01-C01,20,37,تصنيع وتركيب كسوة من الخشب للاسقف ويكون النمط والحجم كما هو موضح بالرسومات ويشمل السعر أي مواد أو أعمال يتطلبها إنهاء العمل حسب المواصفات والمخططات وتعليمات المهندس المشرف.]Ref drawing: 07-MRA-DD-(as per floor number)-AR-200 سقف من خشب الـ)Mdf( ،  مطلي بدهان أبيض بشكل pattern مفرغة من الداخل  ومثبتة على ألواح خشبية مع قشرة الجوز مثبتة بنظام تعليق متصلة بالسقف الخرساني  لمنطقة معالي الوزير حسب الرسومات والمناظير وتعليمات المهندس المشرف.Code: WDC-04,م2,1080.0,162.0,130.0,5.19,135.19,5605.200000000001,83.4506172839506,بنود المطالبات,1305,CMH_01_SMART.xlsx,sheet بنود المطالبات,high,prev_progress in workbook is informational; platform will recompute server-side from approved claims (Migration 048).
CMH_01-C01,20,38,صنيع وتركيب كسوة من الخشب للاسقف ويكون النمط والحجم كما هو موضح بالرسومات ويشمل السعر أي مواد أو أعمال يتطلبها إنهاء العمل حسب المواصفات والمخططات وتعليمات المهندس المشرف.Ref drawing: 07-MRA-DD-(as per floor number)-AR-200سطح خشبي من من خشب الـ)Mdf(  مع قشرة صناعية بحسب العينة الموافق عليها وغروف مثبتة بنظام تعليق متصلة بالسقف الخرساني حسب الرسومات والمناظير وتعليمات المهندس المشرف.Code: WDC-01 & WDC-02,م2,840.0,684.0,628.0,31.82,659.82,26728.8,96.46491228070177,بنود المطالبات,1306,CMH_01_SMART.xlsx,sheet بنود المطالبات,high,prev_progress in workbook is informational; platform will recompute server-side from approved claims (Migration 048).
CMH_01-C01,20,39,تصنيع وتركيب كسوة من الخشب للاسقف ويكون النمط والحجم كما هو موضح بالرسومات ويشمل السعر أي مواد أو أعمال يتطلبها إنهاء العمل حسب المواصفات والمخططات وتعليمات المهندس المشرف.Ref drawing: 07-MRA-DD-(as per floor number)-AR-200سطح خشبي03-WDC من من خشب الـ)Mdf( على شكل مربعات بسماكة تصميم  5سم، وفتحات على شكل مثلث مع اضاءة مخفية مغلفة من الاعلى بطبقة Acrylic شفاف مغشى سماكة 4مم مثبتة بنظام تعليق متصلة بالسقف الخرساني حسب الرسومات والمناظير وتعليمات المهندس المشرف.Code: WDC-03,م2,780.0,64.0,52.0,6.76,58.76,5272.8,91.8125,بنود المطالبات,1307,CMH_01_SMART.xlsx,sheet بنود المطالبات,high,prev_progress in workbook is informational; platform will recompute server-side from approved claims (Migration 048).
CMH_01-C01,20,40,تصنيع وتركيب خزائن خشبية ويكون النمط والحجم كما هو موضح بالرسومات ويشمل السعر أي مواد أو أعمال يتطلبها إنهاء العمل حسب المواصفات والمخططات وتعليمات المهندس المشرف.Ref drawing: 07-MRA-DD-(as per floor number)-AR-605خزانة خشبية01-WDC و 02-WDC من خشب الـ ) Mdf ( متداخلة الالوان من قشرة صناعية بحسب  العينة الموافق عليها والدهان الرمادي  على شكل وهيئة الاسطح الاسمنتية مثبتة على القواطع الجبسية مع اضاءة مخفية ومفصلات ومقابض مخفية وتصميم حسب الرسومات والمناظير وتعليمات المهندس المشرف.,م2,1440.0,72.0,36.0,12.12,48.12,17452.8,66.83333333333333,بنود المطالبات,1308,CMH_01_SMART.xlsx,sheet بنود المطالبات,high,prev_progress in workbook is informational; platform will recompute server-side from approved claims (Migration 048).
CMH_01-C01,20,41,تصنيع وتركيب خزائن خشبية ويكون النمط والحجم كما هو موضح بالرسومات ويشمل السعر أي مواد أو أعمال يتطلبها إنهاء العمل حسب المواصفات والمخططات وتعليمات المهندس المشرفRef drawing: 07-MRA-DD-(as per floor number)-AR-605خزانة خشبية03-WDC  من خشب الـ ) Mdf (  مع قشرة صناعية بحسب العينة الموافق عليها مثبتة على القواطع الجبسية  مع غروف ومفصلات ومقابض مخفية ،  حسب الرسومات والمناظير,م2,1440.0,78.0,63.0,4.469,67.469,6435.360000000001,86.49871794871794,بنود المطالبات,1309,CMH_01_SMART.xlsx,sheet بنود المطالبات,high,prev_progress in workbook is informational; platform will recompute server-side from approved claims (Migration 048).
CMH_01-C01,20,42,تصنيع وتركيب خزائن خشبية ويكون النمط والحجم كما هو موضح بالرسومات ويشمل السعر أي مواد أو أعمال يتطلبها إنهاء العمل حسب المواصفات والمخططات وتعليمات المهندس المشرف.Ref drawing: 07-MRA-DD-(as per floor number)-AR-605خزانة خشبية04-WDC   من خشب الـ ) Mdf (  مطلية بدهان رمادي على شكل وهيئة الاسطح الاسمنتية مع غروف ومفصلات ومقابض مخفية ، وارفف مفتوحة من قشرة الجوز ،واضاءة مخفية ، مثبتة على الجدار الخارجي حسب الرسومات والمناظير  وتعليمات المهندس المشرف.,م2,1200.0,297.0,213.0,26.28,239.28,31536.0,80.56565656565657,بنود المطالبات,1310,CMH_01_SMART.xlsx,sheet بنود المطالبات,high,prev_progress in workbook is informational; platform will recompute server-side from approved claims (Migration 048).
CMH_01-C01,20,43,تصنيع وتركيب خزائن خشبية ويكون النمط والحجم كما هو موضح بالرسومات ويشمل السعر أي مواد أو أعمال يتطلبها إنهاء العمل حسب المواصفات والمخططات وتعليمات المهندس المشرف.Ref drawing: 07-MRA-DD-(as per floor number)-AR-605 خزانة خشبية05-WDC  من خشب الـ ) Mdf (  مع قشرة الوينغي الداكنة مع أرفف وإضاءة مخفية، أبواب الخزائن زجاجية   ribbed glass(مع إيطار خشبي وغروف ومفصلات ومقابض مخفية لمنطقة معالي الوزير حسب الرسومات والمناظير وتعليمات المهندس المشرف.,م2,1440.0,69.0,183.0,12.44,195.44,17913.6,283.2463768115942,بنود المطالبات,1311,CMH_01_SMART.xlsx,sheet بنود المطالبات,high,prev_progress in workbook is informational; platform will recompute server-side from approved claims (Migration 048).
CMH_01-C01,20,44,تصنيع وتركيب خزائن خشبية ويكون النمط والحجم كما هو موضح بالرسومات ويشمل السعر أي مواد أو أعمال يتطلبها إنهاء العمل حسب المواصفات والمخططات وتعليمات المهندس المشرف.Ref drawing: 07-MRA-DD-(as per floor number)-AR-605خزانة خشبية06-WDC   من خشب الـ ) Mdf (  مع قشرة الوينغي الداكنة مع أرفف وإضاءة مخفية، أبواب الخزائن زجاجية )black tinted clear glass(مع إيطار خشبي وغروف ومفصلات ومقابض مخفية لمنطقة معالي الوزير حسب الرسومات والمناظير وتعليمات المهندس المشرف. ,م2,1440.0,62.0,47.0,-12.32,34.68,-17740.8,55.93548387096774,بنود المطالبات,1312,CMH_01_SMART.xlsx,sheet بنود المطالبات,high,prev_progress in workbook is informational; platform will recompute server-side from approved claims (Migration 048).
CMH_01-C01,20,45, توريد وتنفيذ طبقتين من غشاء عازل للمياه من الـبيتومين ثخانة 4 مم للأماكن الرطبة وحتى ارتفاع 10   سم على الجدران المحيطة ويشمل تحضير السطوح ومواد حشو الزوايا وطبقات الحماية جيوتكستايل الأفُقية والعمودية. ويشمل السعر أي مواد وأعمال مطلوبة لاستكمال العمل حسب المواصفات والمخططات.وتعليمات المهندس المشرف,م2,78.0,1345.0,2020.0,62.1,2082.1,4843.8,154.80297397769516,بنود المطالبات,1313,CMH_01_SMART.xlsx,sheet بنود المطالبات,high,prev_progress in workbook is informational; platform will recompute server-side from approved claims (Migration 048).
CMH_01-C01,20,46,توريد وتركيب باب زجاجي من نوع سيكوريت بسمك 12مم ويشمل السعر التثبيت والاطار من الالمنيوم الأسود المطلي بدهان بودرة بالفرن والخردوات وماكينة دفاش للإغلاق الذاتي مع ملصقات بحسب التصميم. ويشمل السعر أي مواد أو أعمال يتطلبها استكمال العمل حسب المواصفات والمخططات وتعليمات االمهندس المشرف.Ref drawing: 07-MRA-DD-(as per floor number)-AR-801 بعرض 1000 مم وارتفاع 2700 مم  GD01باب ضلفة واحدة  نموذج,عدد,2580.0,238.0,226.0,6.0,232.0,15480.0,97.47899159663865,بنود المطالبات,1314,CMH_01_SMART.xlsx,sheet بنود المطالبات,high,prev_progress in workbook is informational; platform will recompute server-side from approved claims (Migration 048).
CMH_01-C01,20,47,توريد وتركيب باب زجاجي من نوع سيكوريت بسمك 12مم ويشمل السعر التثبيت والاطار من الالمنيوم الأسود المطلي بدهان بودرة بالفرن والخردوات وماكينة دفاش للإغلاق الذاتي مع ملصقات بحسب التصميم. ويشمل السعر أي مواد أو أعمال يتطلبها استكمال العمل حسب المواصفات والمخططات وتعليمات االمهندس المشرف. Ref drawing: 07-MRA-DD-(as per floor number)-AR-801   بعرض 1800 مم وارتفاع 2600 مم  GD02باب ضلفتين  نموذج ,عدد,4020.0,37.0,34.0,2.0,36.0,8040.0,97.2972972972973,بنود المطالبات,1315,CMH_01_SMART.xlsx,sheet بنود المطالبات,high,prev_progress in workbook is informational; platform will recompute server-side from approved claims (Migration 048).
CMH_01-C01,20,49,توريد وتركيب باب من قطاعات الخشب شبه المصمت بسمك 44مم مكون من قواطيع خشب داخليه بحشو  mdf مع قشرة الجوز  والحلق من الخشب السويدي المسطم المقاوم للرطوبة مع تشطيب نهائي من قشرة الجوز والبند يشمل جميع الإكسسوارات اللازمه من مفصلات ودفاش من النوع المخفي ومقابض وربل كاتم لصوت الإغلاق ودهانات  و إنهاء جميع الأعمال على الوجه الأكمل طبقا للمخططات واصول الصناعة  والمواصفات الفنية وتعليمات االمهندس المشرف. Ref drawing: 07-MRA-DD-(as per floor number)-AR-800 بعرض 2000 مم وارتفاع 2200 مم  WD07باب مروحة ضلفتين  نموذج ,عدد,5280.0,13.0,18.0,2.0,20.0,10560.0,153.84615384615387,بنود المطالبات,1316,CMH_01_SMART.xlsx,sheet بنود المطالبات,high,prev_progress in workbook is informational; platform will recompute server-side from approved claims (Migration 048).
CMH_01-C01,20,50,توريد وتركيب باب من قطاعات الخشب شبه المصمت بسمك 44مم مكون من قواطيع خشب داخليه بحشو  mdf مع قشرة الجوز  والحلق من الخشب السويدي المسطم المقاوم للرطوبة مع تشطيب نهائي من قشرة الجوز والبند يشمل جميع الإكسسوارات اللازمه من مفصلات ودفاش من النوع المخفي ومقابض وربل كاتم لصوت الإغلاق ودهانات  و إنهاء جميع الأعمال على الوجه الأكمل طبقا للمخططات واصول الصناعة  والمواصفات الفنية وتعليمات االمهندس المشرف. Ref drawing: 07-MRA-DD-(as per floor number)-AR-800 بعرض1000 مم وارتفاع 2200 مم  WD06باب مروحة ضلفة واحدة  نموذج ,عدد,2400.0,13.0,12.0,1.0,13.0,2400.0,100,بنود المطالبات,1317,CMH_01_SMART.xlsx,sheet بنود المطالبات,high,prev_progress in workbook is informational; platform will recompute server-side from approved claims (Migration 048).
CMH_01-C01,20,51,توريد وتركيب باب من قطاعات الخشب شبه المصمت بسمك 44مم مكون من قواطيع خشب داخليه بحشو  mdf مع قشرة الجوز  والحلق من الخشب السويدي المسطم المقاوم للرطوبة مع تشطيب نهائي من قشرة الجوز والبند يشمل جميع الإكسسوارات اللازمه من مفصلات ودفاش من النوع المخفي ومقابض وربل كاتم لصوت الإغلاق ودهانات  و إنهاء جميع الأعمال على الوجه الأكمل طبقا للمخططات واصول الصناعة  والمواصفات الفنية وتعليمات االمهندس المشرف. Ref drawing: 07-MRA-DD-(as per floor number)-AR-800 بعرض 900 مم وارتفاع 2200 مم  WD05باب مروحة ضلفة واحدة  نموذج ,عدد,2400.0,47.0,40.0,2.0,42.0,4800.0,89.36170212765957,بنود المطالبات,1318,CMH_01_SMART.xlsx,sheet بنود المطالبات,high,prev_progress in workbook is informational; platform will recompute server-side from approved claims (Migration 048).
CMH_01-C01,20,52,توريد وتركيب باب من قطاعات الخشب شبه المصمت بسمك 44مم مكون من قواطيع خشب داخليه بحشو  mdf مع قشرة الجوز  والحلق من الخشب السويدي المسطم المقاوم للرطوبة مع تشطيب نهائي من قشرة الجوز والبند يشمل جميع الإكسسوارات اللازمه من مفصلات ودفاش من النوع المخفي ومقابض وربل كاتم لصوت الإغلاق ودهانات  و إنهاء جميع الأعمال على الوجه الأكمل طبقا للمخططات واصول الصناعة  والمواصفات الفنية وتعليمات االمهندس المشرف. Ref drawing: 07-MRA-DD-(as per floor number)-AR-800 بعرض 800 مم وارتفاع 2200 مم  WD04باب مروحة ضلفة واحدة  نموذج ,عدد,2400.0,48.0,48.0,6.0,54.0,14400.0,112.5,بنود المطالبات,1319,CMH_01_SMART.xlsx,sheet بنود المطالبات,high,prev_progress in workbook is informational; platform will recompute server-side from approved claims (Migration 048).
CMH_01-C01,20,55,توريد وتركيب باب من قطاعات الخشب شبه المصمت بسمك 44مم مكون من قواطيع خشب داخليه بحشو خفيف mdfوالمطلي بدهان رمادي على هيئة الأسطح الاسمنتية والحلق من الخشب السويدي المسطم المقاوم للرطوبة مخفي داخل الواجهة القواطع الجبسية والبند يشمل جميع الإكسسوارات اللازمه من مفصلات ودفاش من النوع المخفي ومقابض وربل كاتم لصوت الإغلاق ودهانات و إنهاء جميع الأعمال على الوجه الأكمل طبقا للمخططات واصول الصناعة  والمواصفات الفنية وتعليمات االمهندس المشرف. Ref drawing: 07-MRA-DD-(as per floor number)-AR-800 بعرض 900 مم وارتفاع 2200 مم  WD01باب مروحة ضلفة واحدة  نموذج ,عدد,2400.0,14.0,13.0,2.0,15.0,4800.0,107.14285714285714,بنود المطالبات,1320,CMH_01_SMART.xlsx,sheet بنود المطالبات,high,prev_progress in workbook is informational; platform will recompute server-side from approved claims (Migration 048).
CMH_01-C01,20,56,توريد وتركيب باب من قطاعات الخشب شبه المصمت بسمك 44مم مكون من قواطيع خشب داخليه بحشو  mdfوالمطلي بدهان رمادي بيج والحلق من الخشب السويدي المسطم المقاوم للرطوبة مخفي داخل الواجهة القواطع الجبسية والبند يشمل جميع الإكسسوارات اللازمه من مفصلات ودفاش من النوع المخفي ومقابض، ربل كاتم لصوت الإغلاق ودهانات .و إنهاء جميع الأعمال على الوجه الأكمل طبقا للمخططات واصول الصناعة  والمواصفات الفنية وتعليمات االمهندس المشرف. Ref drawing: 07-MRA-DD-(as per floor number)-AR-800 بعرض900 مم وارتفاع 2200 مم  WD03باب مروحة ضلفة واحدة  نموذج ,عدد,2400.0,32.0,40.0,2.0,42.0,4800.0,131.25,بنود المطالبات,1321,CMH_01_SMART.xlsx,sheet بنود المطالبات,high,prev_progress in workbook is informational; platform will recompute server-side from approved claims (Migration 048).
CMH_01-C01,20,58,توريد وتركيب باب من قطاعات الخشب شبه المصمت بسمك 44مم مكون من قواطيع خشب داخليه بحشو خفيف mdfوالمطلي بدهان رمادي فاتح والحلق من الخشب السويدي المسطم المقاوم للرطوبة مخفي داخل الواجهة القواطع الجبسية والبند يشمل جميع الإكسسوارات اللازمه من مفصلات ودفاش من النوع المخفي ومقابض وربل كاتم لصوت الإغلاق ودهانات و إنهاء جميع الأعمال على الوجه الأكمل طبقا للمخططات واصول الصناعة  والمواصفات الفنية وتعليمات االمهندس المشرف. Ref drawing: 07-MRA-DD-(as per floor number)-AR-800 بعرض 900 مم وارتفاع 2200 مم  WD09 باب مروحة ضلفة واحدة  نموذج,عدد,2400.0,1.0,0.0,1.0,1.0,2400.0,100,بنود المطالبات,1322,CMH_01_SMART.xlsx,sheet بنود المطالبات,high,prev_progress in workbook is informational; platform will recompute server-side from approved claims (Migration 048).
CMH_01-C01,20,59,توريد وتركيب باب من قطاعات الخشب شبه المصمت بسمك 44مم مكون من قواطيع خشب داخليه بحشو  mdf مع قشرة السنديان المطلية بدهان بيج  والحلق من الخشب السويدي المسطم المقاوم للرطوبة مخفي داخل الواجهة الخشبية والبند يشمل جميع الإكسسوارات اللازمه من مفصلات ودفاش من النوع المخفي ومقابض، ربل كاتم لصوت الإغلاق ودهانات و إنهاء جميع الأعمال على الوجه الأكمل طبقا للمخططات واصول الصناعة  والمواصفات الفنية وتعليمات االمهندس المشرف Ref drawing: 07-MRA-DD-(as per floor number)-AR-800 بعرض 1000 مم وارتفاع 2600 مم  WD010باب مروحة ضلفة واحدة  نموذج ,عدد,3600.0,6.0,5.0,1.0,6.0,3600.0,100,بنود المطالبات,1323,CMH_01_SMART.xlsx,sheet بنود المطالبات,high,prev_progress in workbook is informational; platform will recompute server-side from approved claims (Migration 048).
CMH_01-C01,20,60,توريد وتركيب باب من الزجاج المضلّع )ribbed glass( بأيطارات من الخشب المصمت سماكة 44 ملم مع قشرة الجوز الداكنة. والبند يشمل جميع الإكسسوارات اللازمه من مفصلات ودفاش من النوع المخفي ومقابض وربل كاتم لصوت الإغلاق ودهانات و إنهاء جميع الأعمال على الوجه الأكمل طبقا للمخططات واصول الصناعة  والمواصفات الفنية وتعليمات االمهندس المشرف.  باب مروحة ضلفتين  نموذج 12WD  بعرض 2000 مم وارتفاع 3000 مم )VIP Zone (Ref drawing: 07-MRA-DD-sixth floor-AR-800,عدد,5700.0,7.0,7.0,1.0,8.0,5700.0,114.28571428571428,بنود المطالبات,1324,CMH_01_SMART.xlsx,sheet بنود المطالبات,high,prev_progress in workbook is informational; platform will recompute server-side from approved claims (Migration 048).
CMH_01-C01,20,61,توريد وتركيب باب من الزجاج المضلعّ )ribbed glass( بأيطارات من الخشب المصمت سماكة 44 ملم مع قشرة الجوز الداكنة. والبند يشمل جميع الإكسسوارات اللازمه من مفصلات ودفاش من النوع المخفي ومقابض وربل كاتم لصوت الإغلاق ودهانات و إنهاء جميع الأعمال على الوجه الأكمل طبقا للمخططات واصول الصناعة  والمواصفات الفنية وتعليمات االمهندس المشرف. Ref drawing: 07-MRA-DD-sixth floor-AR-800  باب مروحة ضلفة واحدة  نموذج 11WD  بعرض 1000 مم وارتفاع 3000 مم )VIP Zone(,عدد,6000.0,8.0,8.0,2.0,10.0,12000.0,125,بنود المطالبات,1325,CMH_01_SMART.xlsx,sheet بنود المطالبات,high,prev_progress in workbook is informational; platform will recompute server-side from approved claims (Migration 048).
CMH_01-C01,20,62,توريد وتركيب باب من الزجاج المضلعّ )ribbed glass( بأيطارات من الخشب المصمت سماكة 44 ملم مع قشرة الجوز الداكنة. والبند يشمل جميع الإكسسوارات اللازمه من مفصلات ودفاش من النوع المخفي ومقابض وربل كاتم لصوت الإغلاق ودهانات و إنهاء جميع الأعمال على الوجه الأكمل طبقا للمخططات واصول الصناعة  والمواصفات الفنية وتعليمات االمهندس المشرف. Ref drawing: 07-MRA-DD-sixth floor-AR-800  تصميم على شكل وهيئة الباب   نموذج  WD11 A  بعرض 1000 مم وارتفاع 3000 مم )VIP  )Zone,عدد,5400.0,2.0,1.0,1.0,2.0,5400.0,100,بنود المطالبات,1326,CMH_01_SMART.xlsx,sheet بنود المطالبات,high,prev_progress in workbook is informational; platform will recompute server-side from approved claims (Migration 048).
CMH_01-C01,20,66,توريد وتركيب قواطع زجاجيه داخليه من زجاج  سيكوريت عازل للصوت ثخانة 12مم مركّبة على مقاطع من  الألمنيوم )لون اسود 9005RAL (  مثبتة  بالسقف والأرض بإرتفاع 2700مم .ويشمل العمل الاطار والقوائم  والتثبيت بتيوب حديد ابعاد 4*8 سم وسماكة 2ملم  والملصقات بأماكن محددة حسب التصميم ، وفواصل البوليكاربونيت الجاف بين الألواح الزجاجية وقطع الإكسسوار ومانع التسرب والمواد الأخُرى المطلوبة لاستكمال التركيب حسب المخططات وتعليمات االمهندس المشرف.,م²,900.0,4000.0,4200.0,305.81,4505.81,275229.0,112.64525,بنود المطالبات,1327,CMH_01_SMART.xlsx,sheet بنود المطالبات,high,prev_progress in workbook is informational; platform will recompute server-side from approved claims (Migration 048).
CMH_01-C01,20,67,توريد وتركيب باب من قطاعات الحديد  بسمك 45 مم مقاوم للحريق 90 دقيقة،  مع طبقة من الصاج سماكة 2مم من الجهتين على اطار معدنى مجوف والسعر يشمل التكسية الخشبية بقشرة الجوز لضلفة الباب والإطار من جهة واحدة..ويشمل التوريد والتركيب والتثبيت  والمفصلات والمقابض   والدفاش والاكسسوارت من اجود الانواع  وكل مايلزم لانهاء العمل على اكمل وجه ة حسب المخططات وتعليمات االمهندس المشرف. Ref. drawing: 07-MRA-DD-(as per floor number)-AR-804 ضلفة واحدة عرض1000مم وإرتفاع 2200مم SD01 باب نموذج ,م²,3000.0,58.0,28.0,18.0,46.0,54000.0,79.3103448275862,بنود المطالبات,1328,CMH_01_SMART.xlsx,sheet بنود المطالبات,high,prev_progress in workbook is informational; platform will recompute server-side from approved claims (Migration 048).
CMH_01-C01,20,68,توريد وتركيب باب من قطاعات الحديد  بسمك 45 مم مقاوم للحريق 90 دقيقة،  مع طبقة من الصاج سماكة 2مم من الجهتين على اطار معدنى مجوف والسعر يشمل التكسية الخشبية بقشرة الجوز لضلفة الباب والإطار من جهة واحدة..ويشمل التوريد والتركيب والتثبيت  والمفصلات والمقابض   والدفاش والاكسسوارت من اجود الانواع  وكل مايلزم لانهاء العمل على اكمل وجه ة حسب المخططات وتعليمات االمهندس المشرف. Ref. drawing: 07-MRA-DD-(as per floor number)-AR-804 ضلفة واحدة عرض1100مم وإرتفاع 2200مم SD02 باب نموذج,عدد,3000.0,1.0,6.0,3.0,9.0,9000.0,900,بنود المطالبات,1329,CMH_01_SMART.xlsx,sheet بنود المطالبات,high,prev_progress in workbook is informational; platform will recompute server-side from approved claims (Migration 048).
CMH_01-C01,20,69,تجديد وترميم الأبواب الحديدية وتشمل الأعمال ما يلي: ــ  تجديد وترميم أبواب الحديد، سنفرة الأبواب، عمل طبقة تأسيس ناري للأبواب،  دهان وتلميع الأجزاء  + تلميع خارجي بمادة البوليريثان، المحافظة على نظافة المكان وإزالة المخلفات. حسب الاصول الفنيه وتعليمات المهندس المشرف. باب  ضلفتين عرض2000مم,عدد,540.0,46.0,40.0,2.0,42.0,1080.0,91.30434782608695,بنود المطالبات,1330,CMH_01_SMART.xlsx,sheet بنود المطالبات,high,prev_progress in workbook is informational; platform will recompute server-side from approved claims (Migration 048).
CMH_01-C01,20,70,تجديد وترميم أبواب الحديد، سنفرة الأبواب، عمل طبقة تأسيس ناري للأبواب،  دهان وتلميع الأجزاء  + تلميع خارجي بمادة البوليريثان، المحافظة على نظافة المكان وإزالة المخلفات. حسب الاصول الفنيه وتعليمات المهندس المشرف. باب  ضلفة واحدة عرض1000مم,عدد,360.0,52.0,46.0,5.0,51.0,1800.0,98.07692307692307,بنود المطالبات,1331,CMH_01_SMART.xlsx,sheet بنود المطالبات,high,prev_progress in workbook is informational; platform will recompute server-side from approved claims (Migration 048).
CMH_01-C01,20,71,تجديد وترميم أبواب الحديد، سنفرة الأبواب، عمل طبقة تأسيس ناري للأبواب،  دهان وتلميع الأجزاء  + تلميع خارجي بمادة البوليريثان، المحافظة على نظافة المكان وإزالة المخلفات. حسب الاصول الفنيه وتعليمات المهندس المشرف. باب  ضلفة واحدة عرض800مم,عدد,360.0,23.0,20.0,1.0,21.0,360.0,91.30434782608695,بنود المطالبات,1332,CMH_01_SMART.xlsx,sheet بنود المطالبات,high,prev_progress in workbook is informational; platform will recompute server-side from approved claims (Migration 048).
CMH_01-C01,20,72,طبقة من اللياسة الأسمنتية فوق الأسطح الخرسانية والجدران الداخلية  بسمك متوسط 20 مم على طبقات  طرطشة بسمك 5 مم وضهارة 15 مم حسب المواصفات مع المعالجة اليومية  بالمياه لمنع التنميلات ويتم عمل افريز بين البلوك والخرسانة يملئ بمواد قابلة للدهان والسعر يشمل كامل الأكسسوارات اللازمة من شبك معدني ممدد وزوايا ونهايات معدنية  ومواد الترابط  وعمل تجاويف في طبقة اللياسة بعمق 10مم عرض 10مم  في الاعمدة  وفي الجدران ان وجدت حسب الرسومات والمناظير وتعليمات المهندس المشرف ذلك حسب الاصول الفنية وتعليمات المهندس المشرف. لياسة الجدران والأعمدة الداخلية  وتشمل جميع الإكسسوارات بإرتفاع 20 سم أعلي الأسقف الجبسيه لزوم الجدران الداخلية,م²,42.0,758.0,9245.004,680.95,9925.954000000002,28599.9,1309.4926121372034,بنود المطالبات,1333,CMH_01_SMART.xlsx,sheet بنود المطالبات,high,prev_progress in workbook is informational; platform will recompute server-side from approved claims (Migration 048).
CMH_01-C01,20,73,توريد وتركيب قاطع جداري ثخانة 100مم ذو الواح اسمنتية مقاوم للحريق  ثخانة 12مم تركب من الجهتين )طبقات مزدوجة(  لدورات المياه والأوفيس ويشمل المسامير المعدنية و المزالج / الأعضاء المعدنية الساندة والسكك والغطاء العازل للصوت )صوف صخري( وكل الاكسسوارات حسب المخطط والمواصفات وتعليمات المهندس المشرف. ,م²,180.0,3507.0,120.0,252.88,372.88,45518.4,10.632449386940404,بنود المطالبات,1334,CMH_01_SMART.xlsx,sheet بنود المطالبات,high,prev_progress in workbook is informational; platform will recompute server-side from approved claims (Migration 048).
CMH_01-C01,20,74,توريد وتركيب قاطع جداري ثخانة 100مم ذو الواح جبسية مقاومه للحريق  ثخانة 5.12مم تركب من الجهتين )طبقات مزدوجة( يشمل المسامير المعدنية و المزالج / الأعضاء المعدنية الساندة والسكك والغطاء العازل للصوت )صوف صخري( وكل الإكسسوارات حسب المخطط والمواصفات وتعليمات المهندس المشرف.,م²,180.0,12526.0,13091.0,138.13,13229.13,24863.399999999998,105.61336420245888,بنود المطالبات,1335,CMH_01_SMART.xlsx,sheet بنود المطالبات,high,prev_progress in workbook is informational; platform will recompute server-side from approved claims (Migration 048).
CMH_01-C01,20,75,توريد وتركيب أسقف معلقة من الالواح الجبسيه )01-GBC( ثخانة 12 مم المقاومة للحريق شاملة نظام التعليق وضبط الحواف والزوايا وأبواب لفتحات الكشف بالأسقف لأعمال الصيانة )أبواب جاهزة من النوع السهل الاستعمال والمزود بمفصلات مخفية( والإكسسوارات. ويشمل السعر أي مواد أو أعمال يتطلبها استكمال العمل حسب المواصفات والمخططات.,م²,150.0,24468.0,24563.000070000002,250.99,24813.990070000003,37648.5,101.41405129148278,بنود المطالبات,1336,CMH_01_SMART.xlsx,sheet بنود المطالبات,high,prev_progress in workbook is informational; platform will recompute server-side from approved claims (Migration 048).
CMH_01-C01,20,76,توريد وتركيب أسقف معلقة من الالواح الجبسيه  )02-GBC( ثخانة 12 مم المقاومة للرطوبة شاملة نظام التعليق وضبط الحواف والزوايا وأبواب لفتحات الكشف بالأسقف لأعمال الصيانة )أبواب جاهزة من النوع السهل الاستعمال والمزود بمفصلات مخفية( واالإكسسوارات. ويشمل السعر أي مواد أو أعمال يتطلبها استكمال العمل حسب المواصفات والمخططات وتعليمات المهندس المشرف.,م²,150.0,1091.0,1130.0,72.82,1202.82,10922.999999999998,110.2493125572869,بنود المطالبات,1337,CMH_01_SMART.xlsx,sheet بنود المطالبات,high,prev_progress in workbook is informational; platform will recompute server-side from approved claims (Migration 048).
CMH_01-C01,20,77,600×600مم توريد وتركيب اسقف اصطناعية  والسعر يشمل نظام التعليق من الحديد المجفلن مع جميع الاكسسوارات وكل مايلزم حسب المواصفات والمخططات وتعليمات الشركة المصنعة .,م²,150.0,3323.0,2903.0,179.1,3082.1,26865.0,92.75052663256093,بنود المطالبات,1338,CMH_01_SMART.xlsx,sheet بنود المطالبات,high,prev_progress in workbook is informational; platform will recompute server-side from approved claims (Migration 048).
CMH_01-C01,20,79, أرضيات بورسلان 01-PT مقاس 600×600×12مم فرز اول بالمقاسات والالوان المطلوبة لدورات المياه الخاصة بمكاتب الوكلاء ومساعدين الوكلاء العامة ومنطقة التنفيذيين بالدور السادس  طبقاً للمخططات والمواصفات.,م²,120.0,140.0,115.0,10.5,125.5,1260.0,89.64285714285715,بنود المطالبات,1339,CMH_01_SMART.xlsx,sheet بنود المطالبات,high,prev_progress in workbook is informational; platform will recompute server-side from approved claims (Migration 048).
CMH_01-C01,20,80, أرضيات بورسلان 02-PTمقاس 600×600×12مم فرز اول بالمقاسات والالوان المطلوبة لدورات المياه الخاصة بمكاتب المدراء العامين  طبقاً للمخططات والمواصفات.,م²,120.0,246.0,210.0,14.51,224.51,1741.2,91.26422764227642,بنود المطالبات,1340,CMH_01_SMART.xlsx,sheet بنود المطالبات,high,prev_progress in workbook is informational; platform will recompute server-side from approved claims (Migration 048).
CMH_01-C01,20,81, أرضيات بورسلان03-PT مقاس 600×600×12مم فرز ثاني بالمقاسات والالوان المطلوبة لدورات المياة العامة  طبقاً للمخططات والمواصفات.,م²,120.0,1407.0,1300.00025,236.92,1536.9202500000001,28430.399999999998,109.2338486140725,بنود المطالبات,1341,CMH_01_SMART.xlsx,sheet بنود المطالبات,high,prev_progress in workbook is informational; platform will recompute server-side from approved claims (Migration 048).
CMH_01-C01,20,82, أرضيات بورسلان04-PT مقاس 600×600×12مم فرز ثاني بالمقاسات والالوان المطلوبة لغرف الأرشيف والمخازن والمطبخ طبقاً للمخططات والمواصفات.,م²,120.0,735.0,160.0,7.25,167.25,870.0,22.75510204081633,بنود المطالبات,1342,CMH_01_SMART.xlsx,sheet بنود المطالبات,high,prev_progress in workbook is informational; platform will recompute server-side from approved claims (Migration 048).
CMH_01-C01,20,85, جدران بورسلان (PW-03(type A&B  مقاس 600×300×12مم فرز ثاني بالمقاسات والالوان المطلوبة لدورات المياة العامة  طبقاً للمخططات والمواصفات.,م²,96.0,2648.0,2210.0,65.16,2275.16,6255.36,85.91993957703927,بنود المطالبات,1343,CMH_01_SMART.xlsx,sheet بنود المطالبات,high,prev_progress in workbook is informational; platform will recompute server-side from approved claims (Migration 048).
CMH_01-C01,20,86, وزرة من بورسلان بسماكة 12مم  100*600 مم والسعر يشمل التثبيت  بالغراء والشطف وكل ما يلزم لانهاء العمل حسب الاصول الفنية وتعليمات المهندس المشرف.Ref. Drawings: 07-MRA-DD-(as per floor number)-AR-300,م.ط,120.0,567.0,284.0,28.23,312.23,3387.6,55.067019400352734,بنود المطالبات,1344,CMH_01_SMART.xlsx,sheet بنود المطالبات,high,prev_progress in workbook is informational; platform will recompute server-side from approved claims (Migration 048).
CMH_01-C01,20,93,رخام 03-MR ثاسوس ابيض لحمام معالي الوزير مقاس 900×900 مم  بحسب اعتماد المهندس سماكة 20مم,م²,222.0,12.0,0.0,12.0,12.0,2664.0,100,بنود المطالبات,1345,CMH_01_SMART.xlsx,sheet بنود المطالبات,high,prev_progress in workbook is informational; platform will recompute server-side from approved claims (Migration 048).
CMH_01-C01,20,95,معالجة وتنظيف وصقل وجلاء بلاط رخام الأرضيات والدرج مع بودرة الرخام المستخدم والتلميع 4 أوجه وملو الفواصل بمادة مقاومة للرطوبة والبكتيريا  والسعر يشمل جميع المواد والأعمال اللازمة لإتمام العمل المطلوب طبقا للمخططات والمواصفات الفنية وبحسب توجيهات واعتماد المهندس المشرف. رخام الأرضيات في المداخل و الممرات الرئيسية وبسطات الدرج.,م²,42.0,4800.0,2740.0,735.88,3475.88,30906.96,72.41416666666667,بنود المطالبات,1346,CMH_01_SMART.xlsx,sheet بنود المطالبات,high,prev_progress in workbook is informational; platform will recompute server-side from approved claims (Migration 048).
CMH_01-C01,20,97,رخام رمادي غامق تندر غراي مقاس 600×900 مم  سماكة  20مم  كإطار حول المصاعد,م²,300.0,101.0,93.0,14.0,107.0,4200.0,105.94059405940595,بنود المطالبات,1347,CMH_01_SMART.xlsx,sheet بنود المطالبات,high,prev_progress in workbook is informational; platform will recompute server-side from approved claims (Migration 048).
CMH_01-C01,20,98,رخام ابيض ثاسوس  سماكة 20مم على جدران دورات مياه منطقة معالي الوزير,م²,300.0,43.0,32.0,8.0,40.0,2400.0,93.02325581395348,بنود المطالبات,1348,CMH_01_SMART.xlsx,sheet بنود المطالبات,high,prev_progress in workbook is informational; platform will recompute server-side from approved claims (Migration 048).
CMH_01-C01,20,99,رخام أخضر داكن مثبت على قواطع السيمنت خلف مكاتب السكرتاريا وفي المدخل الرئيسي في منطقة معالي الوزير.,م²,300.0,43.0,25.0,7.0,32.0,2100.0,74.4186046511628,بنود المطالبات,1349,CMH_01_SMART.xlsx,sheet بنود المطالبات,high,prev_progress in workbook is informational; platform will recompute server-side from approved claims (Migration 048).
CMH_01-C01,20,100,رخام  الحوائط والأعمدة والكمر والوزرات لمدخل كبار الشخصيات ومدخل الموظفين وعلى المصاعد وفي الممرات الرئيسية والوجهات الداخلية للفناء الوسطي.,م²,60.0,6000.0,1339.0,288.0,1627.0,17280.0,27.116666666666667,بنود المطالبات,1350,CMH_01_SMART.xlsx,sheet بنود المطالبات,high,prev_progress in workbook is informational; platform will recompute server-side from approved claims (Migration 048).
CMH_01-C01,20,101,توريد وتركيب وزرة من الرخام  رمادي فاتح تندر غراي بسماكة 20مم 100*1000 مم والسعر يشمل التثبيت  بالغراء والشطف وكل ما يلزم لانهاء العمل حسب الاصول الفنية وتعليمات المهندس المشرف.,م.ط,90.0,400.0,714.0,275.87,989.87,24828.3,247.4675,بنود المطالبات,1351,CMH_01_SMART.xlsx,sheet بنود المطالبات,high,prev_progress in workbook is informational; platform will recompute server-side from approved claims (Migration 048).
CMH_01-C01,20,104,Ref drawing: 07-MRA-DD-(as per floor number)-AR-300 مقاس 500×500 مم  لون رمادي لمنطقة المرور CT-01بلاط - سجاد,م²,156.0,3600.0,2935.0,186.07,3121.07,29026.92,86.6963888888889,بنود المطالبات,1352,CMH_01_SMART.xlsx,sheet بنود المطالبات,high,prev_progress in workbook is informational; platform will recompute server-side from approved claims (Migration 048).
CMH_01-C01,20,105,بلاط - سجاد 02-CT مقاس 500× 500 مم لون أزرق فاتح لمحطة العمل وغرفة الاجتماعات,م²,156.0,6705.0,5654.0,221.18,5875.18,34504.08,87.62386278896346,بنود المطالبات,1353,CMH_01_SMART.xlsx,sheet بنود المطالبات,high,prev_progress in workbook is informational; platform will recompute server-side from approved claims (Migration 048).
CMH_01-C01,20,106,Ref drawing: 07-MRA-DD-(as per floor number)-AR-300 مقاس 500×500 مم لون بيج لمكتب المدير CT-03بلاط - سجاد,م²,156.0,1213.0,1064.0,65.44,1129.44,10208.64,93.11129431162408,بنود المطالبات,1354,CMH_01_SMART.xlsx,sheet بنود المطالبات,high,prev_progress in workbook is informational; platform will recompute server-side from approved claims (Migration 048).
CMH_01-C01,20,107,Ref drawing: 07-MRA-DD-(as per floor number)-AR-300 مقاس 500×500 مم لمنطقة الاستقبال الرئيسية CT-04بلاط - سجاد,م²,15.6,543.0,0.0,392.03,392.03,6115.668,72.19705340699815,بنود المطالبات,1355,CMH_01_SMART.xlsx,sheet بنود المطالبات,high,prev_progress in workbook is informational; platform will recompute server-side from approved claims (Migration 048).
CMH_01-C01,20,108,بلاط - سجاد05-CT مقاس 500×500 مم لغرف خدمة العملاء مع تصميم بشكل مثلث وألوان مختلفة,م²,156.0,735.0,616.75,16.74,633.49,2611.4399999999996,86.1891156462585,بنود المطالبات,1356,CMH_01_SMART.xlsx,sheet بنود المطالبات,high,prev_progress in workbook is informational; platform will recompute server-side from approved claims (Migration 048).
CMH_01-C01,20,109,Ref drawing: 07-MRA-DD-(as per floor number)-AR-300 مقاس 500×500 مم لمركز الأعمال CT-06بلاط - سجاد,م²,156.0,109.0,52.29,-52.29,0.0,-8157.24,0,بنود المطالبات,1357,CMH_01_SMART.xlsx,sheet بنود المطالبات,high,prev_progress in workbook is informational; platform will recompute server-side from approved claims (Migration 048).
CMH_01-C01,20,110,بلاط - سجاد 01-CR مقاس 500×500 مم لمكتب الرئيس ونائب الرئيس والصالة والسكرتارية وغرفة الاجتماعات الكبيرة.,م²,156.0,2140.0,2079.0,98.5,2177.5,15366.0,101.75233644859813,بنود المطالبات,1358,CMH_01_SMART.xlsx,sheet بنود المطالبات,high,prev_progress in workbook is informational; platform will recompute server-side from approved claims (Migration 048).
CMH_01-C01,20,111,بلاط - سجاد 02-CR مقاس 500×500 مم لمكتب الرئيس ونائب الرئيس على شكل مثلثات لون بيج، رمادي فاتح ورمادي غامق.,م²,156.0,303.0,251.0,17.44,268.44,2720.6400000000003,88.5940594059406,بنود المطالبات,1359,CMH_01_SMART.xlsx,sheet بنود المطالبات,high,prev_progress in workbook is informational; platform will recompute server-side from approved claims (Migration 048).
CMH_01-C01,20,112,300-Ref drawing: 07-MRA-DD-(as per floor number)-ARبلاط - سجاد 03-CR مقاس 500×500 مم للمدير العام ومنطقة السكرتارية,م²,156.0,1550.0,1450.0,99.3,1549.3,15490.8,99.95483870967742,بنود المطالبات,1360,CMH_01_SMART.xlsx,sheet بنود المطالبات,high,prev_progress in workbook is informational; platform will recompute server-side from approved claims (Migration 048).
CMH_01-C01,20,113,Ref drawing: 07-MRA-DD-(as per floor number)-AR-300 لمنطقة الصلاة CR-04 رولات السجاد,م²,156.0,129.0,90.0,-90.0,0.0,-14040.0,0,بنود المطالبات,1361,CMH_01_SMART.xlsx,sheet بنود المطالبات,high,prev_progress in workbook is informational; platform will recompute server-side from approved claims (Migration 048).
CMH_01-C01,20,114,رولات السجاد 05-CR لمدخل معالي الوزير في الدور الارضي، سجادة المراسم الملكية لون بنفسجي مع إضافة إطار بنقشة مزخرفة حسب المناظير الداخلية.,م²,228.0,85.0,37.23,-37.23,0.0,-8488.439999999999,0,بنود المطالبات,1362,CMH_01_SMART.xlsx,sheet بنود المطالبات,high,prev_progress in workbook is informational; platform will recompute server-side from approved claims (Migration 048).
CMH_01-C01,20,115,رولات السجاد 06-CR للمدخل الرئيسي والثانوي في الدور الأرضي بلون بيج مع تصميم على شكل مثلثات حسب المناظير الداخلية.,م²,216.0,174.0,71.16,-71.16,0.0,-15370.56,0,بنود المطالبات,1363,CMH_01_SMART.xlsx,sheet بنود المطالبات,high,prev_progress in workbook is informational; platform will recompute server-side from approved claims (Migration 048).
CMH_01-C01,20,116,رولات السجاد 07-CR لمختصر معالي الوزير، غرفة الاجتماعات الخاصة بمعالي الوزير، غرفة الاجتماعات الرئيسية ومدير مكتب معالي الوزير.,م²,228.0,215.0,133.25,-133.25,0.0,-30381.0,0,بنود المطالبات,1364,CMH_01_SMART.xlsx,sheet بنود المطالبات,high,prev_progress in workbook is informational; platform will recompute server-side from approved claims (Migration 048).
CMH_01-C01,20,117,300-Ref drawing: 07-MRA-DD-(as per floor number)-ARرولات السجاد 08-CR لمنطقة انتظار كبار الشخصيات في الدور السادس,م²,156.0,37.0,66.72,-66.72,0.0,-10408.32,0,بنود المطالبات,1365,CMH_01_SMART.xlsx,sheet بنود المطالبات,high,prev_progress in workbook is informational; platform will recompute server-side from approved claims (Migration 048).
CMH_01-C01,20,118,300-Ref drawing: 07-MRA-DD-(as per floor number)-ARرولات السجاد 09-CR  لمكتب معالي الوزير، السكرتاريا ومنطقة الانتظار,م²,228.0,203.0,59.61,-59.61,0.0,-13591.08,0,بنود المطالبات,1366,CMH_01_SMART.xlsx,sheet بنود المطالبات,high,prev_progress in workbook is informational; platform will recompute server-side from approved claims (Migration 048).
CMH_01-C01,20,119,300-Ref drawing: 07-MRA-DD-(as per floor number)-ARرولات السجاد 10-CR  لغرفة اللاونج في منطقة التنفيذين في الدور السادس,م²,156.0,18.0,34.44,-34.44,0.0,-5372.639999999999,0,بنود المطالبات,1367,CMH_01_SMART.xlsx,sheet بنود المطالبات,high,prev_progress in workbook is informational; platform will recompute server-side from approved claims (Migration 048).
CMH_01-C01,20,120,بلاط laminated HDF باركيه01-PQ  لمركز الأعمال والفناء الوسطي,م²,156.0,178.0,55.0,3.9,58.9,608.4,33.08988764044944,بنود المطالبات,1368,CMH_01_SMART.xlsx,sheet بنود المطالبات,high,prev_progress in workbook is informational; platform will recompute server-side from approved claims (Migration 048).
CMH_01-C01,20,121,عمل صبة خرسانية من السرك سماكة 10 سم مع طبقة واحدة من شبك الحديد قطر 6مم. على أن تكون طبقة التشطيب النهائية بلون رمادي غامق على شكل الأسطح الاسمنتية  بحسب اللون والملمس المعتمد. ,م²,72.0,110.0,185.0,200.0,385.0,14400.0,350,بنود المطالبات,1369,CMH_01_SMART.xlsx,sheet بنود المطالبات,high,prev_progress in workbook is informational; platform will recompute server-side from approved claims (Migration 048).
CMH_01-C01,20,123,حجر جرانيت اسود مع تشكيلات مثلثات من لون فاتح للنافورة الداخلية   01-ST حسب الموضح بالمخطط ,م²,120.0,170.0,100.0,28.18,128.18,3381.6,75.4,بنود المطالبات,1370,CMH_01_SMART.xlsx,sheet بنود المطالبات,high,prev_progress in workbook is informational; platform will recompute server-side from approved claims (Migration 048).
CMH_01-C01,20,125,دهان بلون رمادي بيج على الألواح الجبسية والألواح الاسمنتية 100-WPF,م²,25.2,12700.0,11920.083999999999,557.3752,12477.4592,14045.855039999999,98.24771023622047,بنود المطالبات,1371,CMH_01_SMART.xlsx,sheet بنود المطالبات,high,prev_progress in workbook is informational; platform will recompute server-side from approved claims (Migration 048).
CMH_01-C01,20,128,.دهان بلون رمادي اسمنتي على الألواح الجبسية والألواح الاسمنتية 200-WPF,م²,30.0,2088.0,3991.9947,1880.38,5872.3747,56411.4,281.24399904214556,بنود المطالبات,1372,CMH_01_SMART.xlsx,sheet بنود المطالبات,high,prev_progress in workbook is informational; platform will recompute server-side from approved claims (Migration 048).
CMH_01-C01,20,132,.دهان بلون رمادي خشن على هيئة الاسطح الاسمنتية مع تجويف  على جدار البلوك 600-WPF,م²,24.0,32.0,0.0,32.0,32.0,768.0,100,بنود المطالبات,1373,CMH_01_SMART.xlsx,sheet بنود المطالبات,high,prev_progress in workbook is informational; platform will recompute server-side from approved claims (Migration 048).
CMH_01-C01,20,133,تحضير وتنفيذ وعمل دهان عالي الجودة للأسقف الجبسية يشمل الوجه التحضيرى أساس ومعالجة الفواصل  بالمعجـون والشاش والمواد المخصص لتسكير فواصل الالواح الجبسية والاسمنتية وان يكون نوع  دهان  بلون ابيض,م²,24.0,25559.0,25059.004,687.44,25746.444,16498.56,100.73337767518291,بنود المطالبات,1374,CMH_01_SMART.xlsx,sheet بنود المطالبات,high,prev_progress in workbook is informational; platform will recompute server-side from approved claims (Migration 048).
CMH_01-C01,20,137,بالمتر المسطح عمل دهان اكريليك مائي مرن عالي المتانة علي الاسطح الخرسانية وعلى الجدران  الظاهرة على السقف المفتوح  وكل التجهيزات الخاصة بالأعمال الميكانيكية والكهربائية باستثناء نظام الحريق. يشمل الوجه التحضيرى أساس  ثم  الدهان وجهين باللون المطلوب  مع نظافة الاسطح وازالة اى بروز بالخرسانات بالسقف ويتم التنفيذ طبقا للمخططات والمواصفاتة الفنية وعلي حسب تعليمات المهندس المشرف. دهان  بلون اسود,م²,30.0,9442.0,10820.0,275.51,11095.51,8265.3,117.51228553272612,بنود المطالبات,1375,CMH_01_SMART.xlsx,sheet بنود المطالبات,high,prev_progress in workbook is informational; platform will recompute server-side from approved claims (Migration 048).
CMH_01-C01,20,140,توريد وتثبيت ورق جدران عالي الجودة على الألواح الجبسية بعد تأسيس الجدران واغلاق الفواصل والفتحات وتاسيس الجدار بدهان مناسب لاعمال ورق الجدران  حسب النوع . في منطقة التنفيذيين ومكتب مدير مكتب معالي الوزير في الدور السادس  ويتم التنفيذ طبقا للمخططات والمواصفات الفنية وبحسب تعليمات المهندس المشرف.,م²,72.0,758.0,0.0,85.0,85.0,6120.0,11.213720316622691,بنود المطالبات,1376,CMH_01_SMART.xlsx,sheet بنود المطالبات,high,prev_progress in workbook is informational; platform will recompute server-side from approved claims (Migration 048).
CMH_01-C01,20,141,جهاز تجفيف للأيدي كهربائي,عدد,990.0,47.0,85.0,12.0,97.0,11880.0,206.38297872340425,بنود المطالبات,1377,CMH_01_SMART.xlsx,sheet بنود المطالبات,high,prev_progress in workbook is informational; platform will recompute server-side from approved claims (Migration 048).
CMH_01-C01,20,143,موزع صابون سائل,عدد,192.0,115.0,111.0,21.0,132.0,4032.0,114.78260869565217,بنود المطالبات,1378,CMH_01_SMART.xlsx,sheet بنود المطالبات,high,prev_progress in workbook is informational; platform will recompute server-side from approved claims (Migration 048).
CMH_01-C01,20,144,حاملة لفة ورق توليت,عدد,192.0,138.0,111.0,10.0,121.0,1920.0,87.68115942028986,بنود المطالبات,1379,CMH_01_SMART.xlsx,sheet بنود المطالبات,high,prev_progress in workbook is informational; platform will recompute server-side from approved claims (Migration 048).
CMH_01-C01,20,145,مقابض لذوي الاحتياجات الخاصة  مكونه من مقبض خلفي 900 مم,عدد,720.0,23.0,19.0,5.0,24.0,3600.0,104.34782608695652,بنود المطالبات,1380,CMH_01_SMART.xlsx,sheet بنود المطالبات,high,prev_progress in workbook is informational; platform will recompute server-side from approved claims (Migration 048).
CMH_01-C01,20,146,مقابض لذوي الاحتياجات الخاصة   مكونه من مقبض جانبي1100 مم,عدد,840.0,23.0,19.0,5.0,24.0,4200.0,104.34782608695652,بنود المطالبات,1381,CMH_01_SMART.xlsx,sheet بنود المطالبات,high,prev_progress in workbook is informational; platform will recompute server-side from approved claims (Migration 048).
CMH_01-C01,20,150,توريد وتركيب مرآة وجه 6 مم ترُكّب بارزة عن الجدار مع شطف على كل الجهات طبقا للمواصفات وبحسب تعليمات المهندس المشرف. مقاس 1100 × 900 مم,عدد,1200.0,1.0,0.0,1.0,1.0,1200.0,100,بنود المطالبات,1382,CMH_01_SMART.xlsx,sheet بنود المطالبات,high,prev_progress in workbook is informational; platform will recompute server-side from approved claims (Migration 048).
CMH_01-C01,20,151,توريد وتركيب مرآة وجه 6 مم ترُكّب بارزة عن الجدار مع شطف على كل الجهات طبقا للمواصفات وبحسب تعليمات المهندس المشرف. مقاس 1200 × 800 مم,عدد,1200.0,75.0,70.0,2.0,72.0,2400.0,96,بنود المطالبات,1383,CMH_01_SMART.xlsx,sheet بنود المطالبات,high,prev_progress in workbook is informational; platform will recompute server-side from approved claims (Migration 048).
CMH_01-C01,20,152,توريد وتركيب مرآة وجه 6 مم ترُكّب بارزة عن الجدار مع شطف على كل الجهات طبقا للمواصفات وبحسب تعليمات المهندس المشرف. مقاس 1200 × 700 مم,عدد,1200.0,92.0,91.0,12.0,103.0,14400.0,111.95652173913044,بنود المطالبات,1384,CMH_01_SMART.xlsx,sheet بنود المطالبات,high,prev_progress in workbook is informational; platform will recompute server-side from approved claims (Migration 048).
CMH_01-C01,20,153,توريد وتركيب كاونتر لوحي للمغاسل كوريان عالي الكثافة سماكة 20 مم، يشمل الجزء الأمامي واللوح الواقي الخلفي  سماكة 20 مم حسب المحدد في المخططات والأقواس وأدوات التثبيت من الحديد المجلفن. و يشمل السعر أي مواد أو أعمال يتطلبها انهاء العمل طبقاً للموضح بالمواصفات والرسومات. ويشمل الأعمال الخشبية اللازمة للخزائن المرتبطة بالكاونتر حسب التصميم المطلوب وبحسب تعليمات المهندس المشرف. Ref drawing: 07-MRA-DD-(as per floor number)-AR-700 to 703 مقاس: 1250طول × عرض600 مم ,عدد,1800.0,32.0,22.0,2.0,24.0,3600.0,75,بنود المطالبات,1385,CMH_01_SMART.xlsx,sheet بنود المطالبات,high,prev_progress in workbook is informational; platform will recompute server-side from approved claims (Migration 048).
CMH_01-C01,20,154,توريد وتركيب كاونتر لوحي للمغاسل كوريان عالي الكثافة سماكة 20 مم، يشمل الجزء الأمامي واللوح الواقي الخلفي  سماكة 20 مم حسب المحدد في المخططات والأقواس وأدوات التثبيت من الحديد المجلفن. و يشمل السعر أي مواد أو أعمال يتطلبها انهاء العمل طبقاً للموضح بالمواصفات والرسومات. ويشمل الأعمال الخشبية اللازمة للخزائن المرتبطة بالكاونتر حسب التصميم المطلوب وبحسب تعليمات المهندس المشرف. Ref drawing: 07-MRA-DD-(as per floor number)-AR-700 to 703 مقاس: 1200طول × عرض600 مم ,عدد,1800.0,20.0,14.0,2.0,16.0,3600.0,80,بنود المطالبات,1386,CMH_01_SMART.xlsx,sheet بنود المطالبات,high,prev_progress in workbook is informational; platform will recompute server-side from approved claims (Migration 048).
CMH_01-C01,20,155,توريد وتركيب كاونتر لوحي للمغاسل كوريان عالي الكثافة سماكة 20 مم، يشمل الجزء الأمامي واللوح الواقي الخلفي  سماكة 20 مم حسب المحدد في المخططات والأقواس وأدوات التثبيت من الحديد المجلفن. و يشمل السعر أي مواد أو أعمال يتطلبها انهاء العمل طبقاً للموضح بالمواصفات والرسومات. ويشمل الأعمال الخشبية اللازمة للخزائن المرتبطة بالكاونتر حسب التصميم المطلوب وبحسب تعليمات المهندس المشرف.  مقاس: 1000طولRef drawing: 07-MRA-DD-(as per floor number)-AR-700 to 703 عرض600 مم × ,عدد,1200.0,22.0,28.0,3.0,31.0,3600.0,140.9090909090909,بنود المطالبات,1387,CMH_01_SMART.xlsx,sheet بنود المطالبات,high,prev_progress in workbook is informational; platform will recompute server-side from approved claims (Migration 048).
CMH_01-C01,20,156,توريد وتركيب كاونتر لوحي للمغاسل كوريان عالي الكثافة سماكة 20 مم، يشمل الجزء الأمامي واللوح الواقي الخلفي  سماكة 20 مم حسب المحدد في المخططات والأقواس وأدوات التثبيت من الحديد المجلفن.و يشمل السعر أي مواد أو أعمال يتطلبها انهاء العمل طبقاً للموضح بالمواصفات والرسومات. ويشمل الأعمال الخشبية اللازمة للخزائن المرتبطة بالكاونتر حسب التصميم المطلوب وبحسب تعليمات المهندس المشرف.Ref drawing: 07-MRA-DD-(as per floor number)-AR-700 to 703 مقاس: 3800طول × عرض600 مم ,عدد,6000.0,23.0,23.0,4.0,27.0,24000.0,117.3913043478261,بنود المطالبات,1388,CMH_01_SMART.xlsx,sheet بنود المطالبات,high,prev_progress in workbook is informational; platform will recompute server-side from approved claims (Migration 048).
CMH_01-C01,20,157,توريد وتركيب كاونتر لوحي للمغاسل كوريان عالي الكثافة سماكة 20 مم، يشمل الجزء الأمامي واللوح الواقي الخلفي  سماكة 20 مم حسب المحدد في المخططات والأقواس وأدوات التثبيت من الحديد المجلفن.و يشمل السعر أي مواد أو أعمال يتطلبها انهاء العمل طبقاً للموضح بالمواصفات والرسومات. ويشمل الأعمال الخشبية اللازمة للخزائن المرتبطة بالكاونتر حسب التصميم المطلوب وبحسب تعليمات المهندس المشرف. Ref drawing: 07-MRA-DD-(as per floor number)-AR-700 to 703 مقاس: 1340طول × عرض600 مم ,عدد,6000.0,1.0,0.0,1.0,1.0,6000.0,100,بنود المطالبات,1389,CMH_01_SMART.xlsx,sheet بنود المطالبات,high,prev_progress in workbook is informational; platform will recompute server-side from approved claims (Migration 048).
CMH_01-C01,20,160,خزانة مغسلة خشبية مقاومة للرطوبة من خشب الـ ) Mdf ( بسماكة 18 مم وارتفاع 400 مم من قشرة الجوز أو ما يتناسب مع العينة الموافق عليها  مثبتة على القواطع الجبسية مع اضاءة مخفية ومفصلات ومقابض مخفية وتصميم حسب الرسومات والمناظير وبحسب تعليمات المهندس المشرف. Ref drawing: 07-MRA-DD-(as per floor number)-AR-700 to 703 مقاس: 1250طول × عرض600 مم,عدد,1800.0,32.0,12.0,1.0,13.0,1800.0,40.625,بنود المطالبات,1390,CMH_01_SMART.xlsx,sheet بنود المطالبات,high,prev_progress in workbook is informational; platform will recompute server-side from approved claims (Migration 048).
CMH_01-C01,20,161,خزانة مغسلة خشبية مقاومة للرطوبة من خشب الـ ) Mdf ( بسماكة 18 مم وارتفاع 400 مم من قشرة الجوز أو ما يتناسب مع العينة الموافق عليها  مثبتة على القواطع الجبسية مع اضاءة مخفية ومفصلات ومقابض مخفية وتصميم حسب الرسومات والمناظير وبحسب تعليمات المهندس المشرف. Ref drawing: 07-MRA-DD-(as per floor number)-AR-700 to 703 مقاس: 1200طول × عرض600 مم,عدد,1800.0,20.0,11.0,1.0,12.0,1800.0,60,بنود المطالبات,1391,CMH_01_SMART.xlsx,sheet بنود المطالبات,high,prev_progress in workbook is informational; platform will recompute server-side from approved claims (Migration 048).
CMH_01-C01,20,162,خزانة مغسلة خشبية مقاومة للرطوبة من خشب الـ ) Mdf ( بسماكة 18 مم وارتفاع 400 مم من قشرة الجوز أو ما يتناسب مع العينة الموافق عليها  مثبتة على القواطع الجبسية مع اضاءة مخفية ومفصلات ومقابض مخفية وتصميم حسب الرسومات والمناظير وبحسب تعليمات المهندس المشرف.Ref drawing: 07-MRA-DD-(as per floor number)-AR-700 to 703 مقاس: 1000طول × عرض600 مم,عدد,1800.0,22.0,20.0,2.0,22.0,3600.0,100,بنود المطالبات,1392,CMH_01_SMART.xlsx,sheet بنود المطالبات,high,prev_progress in workbook is informational; platform will recompute server-side from approved claims (Migration 048).
CMH_01-C01,20,164,خزانة مغسلة خشبية مقاومة للرطوبة من خشب الـ ) Mdf ( بسماكة 18 مم وارتفاع 400 مم من قشرة الجوز أو ما يتناسب مع العينة الموافق عليها  مثبتة على القواطع الجبسية مع اضاءة مخفية ومفصلات ومقابض مخفية وتصميم حسب الرسومات والمناظير وبحسب تعليمات المهندس المشرف. Ref drawing: 07-MRA-DD-(as per floor number)-AR-700 to 703 مقاس: 1340طول × عرض600 مم,عدد,2100.0,1.0,0.0,1.0,1.0,2100.0,100,بنود المطالبات,1393,CMH_01_SMART.xlsx,sheet بنود المطالبات,high,prev_progress in workbook is informational; platform will recompute server-side from approved claims (Migration 048).
CMH_01-C01,20,175,قواطع الحمامات مكونة من ألواح الفينوليك المضغوط ارتفاع 2 متر ذو المقاومة الشديدة للماء مع طبقة ميلامين بلون رمادي غامق مقاومة للخدش وسهلة التنظيف ، سمك الألواح هو  19 ملم ،. قواطع الحمامات تشمل إكسسوارات عالية الجودة ) مفصلات ذاتية الإغلاق وقفل ( والأبواب والاكسسوارات والعلاقات من الستانلس ستيل brushed finish وكل ما يلزم لانهاء العمل حسب الأصول الفنية والمواصفلت وتعليمات المهندس المشرف .,م²,780.0,611.0,456.0,23.99,479.99,18712.199999999997,78.55810147299509,بنود المطالبات,1394,CMH_01_SMART.xlsx,sheet بنود المطالبات,high,prev_progress in workbook is informational; platform will recompute server-side from approved claims (Migration 048).
CMH_01-C01,20,176,للمواسير داخل المبنى من مواسير متعددة الطبقات بولي بروبلين كما هو موصف تشمل كافة القطع التركيبية )مثل القارنات من الحديد الصلب الغير قابل للصدأ والأكواع /المنحنيات والتفريعات والدعامات( والصمامات ومخمدات الصدمة ومنافس الهواء الآلية و المحابس  وكافة الاكسسوارات اللازمة، كما هو مبين في المخططات لتركيب مايلي من الأقطار الخارجية مع ربطه بالشبكة الحالية لاقرب نقطة و على المقاول تقديم المخططات التنفيذية و الحسابات الهيدروليكية و اعتمادها قبل البدا بالتنفيذ الاعمال من المهندس المشرف للاقطار  الداخلية قطر 20 مم,م.ط,66.0,532.0,1911.0,26.37,1937.37,1740.42,364.1672932330827,بنود المطالبات,1395,CMH_01_SMART.xlsx,sheet بنود المطالبات,high,prev_progress in workbook is informational; platform will recompute server-side from approved claims (Migration 048).
CMH_01-C01,20,177,للمواسير داخل المبنى من مواسير متعددة الطبقات بولي بروبلين كما هو موصف تشمل كافة القطع التركيبية )مثل القارنات من الحديد الصلب الغير قابل للصدأ والأكواع /المنحنيات والتفريعات والدعامات( والصمامات ومخمدات الصدمة ومنافس الهواء الآلية و المحابس  وكافة الاكسسوارات اللازمة، كما هو مبين في المخططات لتركيب مايلي من الأقطار الخارجية مع ربطه بالشبكة الحالية لاقرب نقطة و على المقاول تقديم المخططات التنفيذية و الحسابات الهيدروليكية و اعتمادها قبل البدا بالتنفيذ الاعمال من المهندس المشرف للاقطار  الداخلية قطر 25 مم,م.ط,70.8,221.0,450.0,45.79,495.79,3241.932,224.33936651583713,بنود المطالبات,1396,CMH_01_SMART.xlsx,sheet بنود المطالبات,high,prev_progress in workbook is informational; platform will recompute server-side from approved claims (Migration 048).
CMH_01-C01,20,179,للمواسير داخل المبنى من مواسير متعددة الطبقات بولي بروبلين كما هو موصف تشمل كافة القطع التركيبية )مثل القارنات من الحديد الصلب الغير قابل للصدأ والأكواع /المنحنيات والتفريعات والدعامات( والصمامات ومخمدات الصدمة ومنافس الهواء الآلية و المحابس  وكافة الاكسسوارات اللازمة، كما هو مبين في المخططات لتركيب مايلي من الأقطار الخارجية مع ربطه بالشبكة الحالية لاقرب نقطة و على المقاول تقديم المخططات التنفيذية و الحسابات الهيدروليكية و اعتمادها قبل البدا بالتنفيذ الاعمال من المهندس المشرف للاقطار  الداخلية :قطر 40 مم,م.ط,85.2,103.0,450.0,53.12,503.12,4525.824,488.46601941747576,بنود المطالبات,1397,CMH_01_SMART.xlsx,sheet بنود المطالبات,high,prev_progress in workbook is informational; platform will recompute server-side from approved claims (Migration 048).
CMH_01-C01,20,180,للمواسير داخل المبنى من مواسير متعددة الطبقات بولي بروبلين كما هو موصف تشمل كافة القطع التركيبية )مثل القارنات من الحديد الصلب الغير قابل للصدأ والأكواع /المنحنيات والتفريعات والدعامات( والصمامات ومخمدات الصدمة ومنافس الهواء الآلية و المحابس  وكافة الاكسسوارات اللازمة، كما هو مبين في المخططات لتركيب مايلي من الأقطار الخارجية مع ربطه بالشبكة الحالية لاقرب نقطة و على المقاول تقديم المخططات التنفيذية و الحسابات الهيدروليكية و اعتمادها قبل البدا بالتنفيذ الاعمال من المهندس المشرف للاقطار  الداخلية:قطر 50 مم,م.ط,94.8,218.0,354.0,79.0,433.0,7489.2,198.62385321100916,بنود المطالبات,1398,CMH_01_SMART.xlsx,sheet بنود المطالبات,high,prev_progress in workbook is informational; platform will recompute server-side from approved claims (Migration 048).
CMH_01-C01,20,181,مواسير المياه الساخنة مؤلفة من عدة طبقات )بولي بروبلين معزولة( كما هو موصف مع العزل وتشمل كافة القطع التركيبية )مثل القارنات من الحديد الصلب الغير قابل للصدأ والأكواع / المنحنيات والتفريعات والدعامات( والصمامات ومخمدات الصدمة وكافة الاكسسوارات و المحابس  اللازمة لإنجاز تركيب مايلي من الأقطار الخارجية مع ربطه بالشبكة الحالية لاقرب نقطة و على المقاول تقديم المخططات التنفيذية و الحسابات الهيدروليكية و اعتمادها قبل البدا بالتنفيذ الاعمال من المهندس المشرف للاقطار  الداخلية :قطر 20 مم,م.ط,70.8,150.0,1100.0,22.83,1122.83,1616.3639999999998,748.5533333333333,بنود المطالبات,1399,CMH_01_SMART.xlsx,sheet بنود المطالبات,high,prev_progress in workbook is informational; platform will recompute server-side from approved claims (Migration 048).
CMH_01-C01,20,182,مواسير المياه الساخنة مؤلفة من عدة طبقات )بولي بروبلين معزولة( كما هو موصف مع العزل وتشمل كافة القطع التركيبية )مثل القارنات من الحديد الصلب الغير قابل للصدأ والأكواع / المنحنيات والتفريعات والدعامات( والصمامات ومخمدات الصدمة وكافة الاكسسوارات و المحابس  اللازمة لإنجاز تركيب مايلي من الأقطار الخارجية مع ربطه بالشبكة الحالية لاقرب نقطة و على المقاول تقديم المخططات التنفيذية و الحسابات الهيدروليكية و اعتمادها قبل البدا بالتنفيذ الاعمال من المهندس المشرف للاقطار  الداخلية :قطر 25 مم,م.ط,75.6,100.0,130.0,14.45,144.45,1092.4199999999998,144.45,بنود المطالبات,1400,CMH_01_SMART.xlsx,sheet بنود المطالبات,high,prev_progress in workbook is informational; platform will recompute server-side from approved claims (Migration 048).
CMH_01-C01,20,183,سخان مياه كهربائي فردي من الحديد المعزول بالزجاج من النوع الأفقي الذي يركب أعلى السقف المستعار يشمل كافة الإكسسوارات و التوصيلات و المحابس كما هو موصف وكما هو مبين في تفاصيل المشروع العامة وبالإستطاعات التالية:توريد و تركيب و اختبار سخان بسعة 30 لتر، وقدرة 2.1  كيلو وات، مرجع     1-EWH,عدد,672.0,77.0,80.0,5.0,85.0,3360.0,110.3896103896104,بنود المطالبات,1401,CMH_01_SMART.xlsx,sheet بنود المطالبات,high,prev_progress in workbook is informational; platform will recompute server-side from approved claims (Migration 048).
CMH_01-C01,20,184,سخان مياه كهربائي فردي من الحديد المعزول بالزجاج من النوع الأفقي الذي يركب أعلى السقف المستعار يشمل كافة الإكسسوارات و التوصيلات و المحابس كما هو موصف وكما هو مبين في تفاصيل المشروع العامة وبالإستطاعات التالية:اعادة تركيب و اختبار السخان الحالي بسعة 100 ليتر   بعد الكشف و المعاينة و الفحص حسب تعليمات مهندس المشرف,عدد,816.0,24.0,26.0,4.0,30.0,3264.0,125,بنود المطالبات,1402,CMH_01_SMART.xlsx,sheet بنود المطالبات,high,prev_progress in workbook is informational; platform will recompute server-side from approved claims (Migration 048).
CMH_01-C01,20,185,مواسير صرف وتهوية مصنوعة من 4UPVC class  ذات وصلات انضغاطية ومطاط كما هو موصف وتشمل التهوية من خلال السطح مع الغطاء و طبات التسليك، وكافة قطع التركيبات والعلاقات اللازمة لإستكمال تركيب مايلي من الأقطار الداخلية:قطر 50 مم,م.ط,75.6,426.0,2424.0,83.22,2507.22,6291.432,588.5492957746478,بنود المطالبات,1403,CMH_01_SMART.xlsx,sheet بنود المطالبات,high,prev_progress in workbook is informational; platform will recompute server-side from approved claims (Migration 048).
CMH_01-C01,20,186,مواسير صرف وتهوية مصنوعة من 4UPVC class  ذات وصلات انضغاطية ومطاط كما هو موصف وتشمل التهوية من خلال السطح مع الغطاء و طبات التسليك، وكافة قطع التركيبات والعلاقات اللازمة لإستكمال تركيب مايلي من الأقطار الداخلية:قطر 75 مم,م.ط,91.2,934.0,988.0,72.02,1060.02,6568.224,113.49250535331905,بنود المطالبات,1404,CMH_01_SMART.xlsx,sheet بنود المطالبات,high,prev_progress in workbook is informational; platform will recompute server-side from approved claims (Migration 048).
CMH_01-C01,20,187,مواسير صرف وتهوية مصنوعة من 4UPVC class  ذات وصلات انضغاطية ومطاط كما هو موصف وتشمل التهوية من خلال السطح مع الغطاء و طبات التسليك، وكافة قطع التركيبات والعلاقات اللازمة لإستكمال تركيب مايلي من الأقطار الداخلية:قطر 110 مم,م.ط,102.0,961.0,3250.0,298.08,3548.08,30404.16,369.207075962539,بنود المطالبات,1405,CMH_01_SMART.xlsx,sheet بنود المطالبات,high,prev_progress in workbook is informational; platform will recompute server-side from approved claims (Migration 048).
CMH_01-C01,20,188,صفاية أرضية )FD(، من PVC مع مصفاة معدنية  مطلية بالكروم شاملة سيفون كما هو موصف بالمقاسات التالية:مخرج قطر 75 مم,عدد,300.0,161.0,211.0,26.0,237.0,7800.0,147.2049689440994,بنود المطالبات,1406,CMH_01_SMART.xlsx,sheet بنود المطالبات,high,prev_progress in workbook is informational; platform will recompute server-side from approved claims (Migration 048).
CMH_01-C01,20,189,صفاية أرضية )FD(، من PVC مع مصفاة معدنية  مطلية بالكروم شاملة سيفون كما هو موصف بالمقاسات التالية:صفاية' طولية أرضية )SD(،مع مصفاة  معدنية مطلية بالكروم شاملة سيفون مخرج قطر 50 مم,عدد,300.0,20.0,13.0,4.0,17.0,1200.0,85,بنود المطالبات,1407,CMH_01_SMART.xlsx,sheet بنود المطالبات,high,prev_progress in workbook is informational; platform will recompute server-side from approved claims (Migration 048).
CMH_01-C01,20,190,الأدوات والتركيبات الصحية كما هو موصف وتشمل صمامات الزاوية والخلاطات و المصائد والوصلات المرنة و الانابيب القصيرة للتغذية والصرف والتهوية وكافة قطع الإكسسوار لإتمام تركيب ، علي ان تكون الاجهزة والتركيبات من النوع المرشد لاستهلاك المياه :حوض وجه على رخامة )مرجع 1-LAV ( من نفس نوع الرخام الصناعي كوريان للكاونتر والكاونتر محسوب في بند منفصل,عدد,2640.0,68.0,69.0,3.0,72.0,7920.0,105.88235294117648,بنود المطالبات,1408,CMH_01_SMART.xlsx,sheet بنود المطالبات,high,prev_progress in workbook is informational; platform will recompute server-side from approved claims (Migration 048).
CMH_01-C01,20,192,الأدوات والتركيبات الصحية كما هو موصف وتشمل صمامات الزاوية والخلاطات و المصائد والوصلاتالمرنة و الانابيب القصيرة للتغذية والصرف والتهوية وكافة قطع الإكسسوار لإتمام تركيب ، علي ان تكونالاجهزة والتركيبات من النوع المرشد لاستهلاك المياه :حوض غسيل أواني للمطبخ بعين واحدة )مرجع 1-KS,عدد,3000.0,16.0,11.0,1.0,12.0,3000.0,75,بنود المطالبات,1409,CMH_01_SMART.xlsx,sheet بنود المطالبات,high,prev_progress in workbook is informational; platform will recompute server-side from approved claims (Migration 048).
CMH_01-C01,20,193,الأدوات والتركيبات الصحية كما هو موصف وتشمل صمامات الزاوية والخلاطات و المصائد والوصلاتالمرنة و الانابيب القصيرة للتغذية والصرف والتهوية وكافة قطع الإكسسوار لإتمام تركيب ، علي ان تكونالاجهزة والتركيبات من النوع المرشد لاستهلاك المياه :حوض وجه يركب على الكاونتر )مرجع 3-LAV (,عدد,2220.0,92.0,109.0,6.0,115.0,13320.0,125,بنود المطالبات,1410,CMH_01_SMART.xlsx,sheet بنود المطالبات,high,prev_progress in workbook is informational; platform will recompute server-side from approved claims (Migration 048).
CMH_01-C01,20,195,الأدوات والتركيبات الصحية كما هو موصف وتشمل صمامات الزاوية والخلاطات و المصائد والوصلات المرنة و الانابيب القصيرة للتغذية والصرف والتهوية وكافة قطع الإكسسوار لإتمام تركيب ، علي ان تكون الاجهزة والتركيبات من النوع المرشد لاستهلاك المياه :مرحاض افرنجي ) مرجع 2-WWC (  مثبت على الحائط بخزان  طرد مخفي مع زر دفق من الصلب الذي لا يصدأ - مع غطاء للمرحاض مقاوم للبكتريا من نوع soft closing,عدد,2760.0,55.0,51.0,3.0,54.0,8280.0,98.18181818181819,بنود المطالبات,1411,CMH_01_SMART.xlsx,sheet بنود المطالبات,high,prev_progress in workbook is informational; platform will recompute server-side from approved claims (Migration 048).
CMH_01-C01,20,196,الأدوات والتركيبات الصحية كما هو موصف وتشمل صمامات الزاوية والخلاطات و المصائد والوصلات المرنة و الانابيب القصيرة للتغذية والصرف والتهوية وكافة قطع الإكسسوار لإتمام تركيب ، علي ان تكون الاجهزة والتركيبات من النوع المرشد لاستهلاك المياه :مرحاض شرقي )مرجع EWC( مثبت على الحائط بخزان  طرد مخفي مع زر دفق من الصلب الذي لا يصدأ،,عدد,2160.0,23.0,27.0,1.0,28.0,2160.0,121.73913043478262,بنود المطالبات,1412,CMH_01_SMART.xlsx,sheet بنود المطالبات,high,prev_progress in workbook is informational; platform will recompute server-side from approved claims (Migration 048).
CMH_01-C01,20,197,الأدوات والتركيبات الصحية كما هو موصف وتشمل صمامات الزاوية والخلاطات و المصائد والوصلات المرنة و الانابيب القصيرة للتغذية والصرف والتهوية وكافة قطع الإكسسوار لإتمام تركيب ، علي ان تكون الاجهزة والتركيبات من النوع المرشد لاستهلاك المياه :مقبض رشاش مع الخرطوم وأداة التعليق، مرجع PS,عدد,180.0,191.0,174.0,9.0,183.0,1620.0,95.81151832460732,بنود المطالبات,1413,CMH_01_SMART.xlsx,sheet بنود المطالبات,high,prev_progress in workbook is informational; platform will recompute server-side from approved claims (Migration 048).
CMH_01-C01,20,198,الأدوات والتركيبات الصحية كما هو موصف وتشمل صمامات الزاوية والخلاطات و المصائد والوصلات المرنة و الانابيب القصيرة للتغذية والصرف والتهوية وكافة قطع الإكسسوار لإتمام تركيب ، علي ان تكون الاجهزة والتركيبات من النوع المرشد لاستهلاك المياه :خلاط مياة  يركب على الحوض,عدد,1080.0,208.0,242.0,12.0,254.0,12960.0,122.11538461538463,بنود المطالبات,1414,CMH_01_SMART.xlsx,sheet بنود المطالبات,high,prev_progress in workbook is informational; platform will recompute server-side from approved claims (Migration 048).
CMH_01-C01,20,199, يشمل العمل كافة قطع التركيبات مثل الأكواع  والتيهات ، 40. schتوريد و تركيب انابيب فولاذية سوداء والوصلات والقارنات والنقاصات/المخفضات ومنافس الهواء الآلية وتكون الوصلات من نوع  فيكتوليك او ما يماثلها للأقطار 50 مم أو أكبر، و تكون الوصلات قلووظ للأقطار أقل من 50 مم، والبند يشمل  العلاقات والدعامات للمواسير و المحابس  و الصرف ان لزم والدهان  لكامل الشبكة كما يلزم لاتمام العمل. و بناء على توجيهات مهندس المشرف  ومتطلبات الدفاعNFPA  ويشمل البند جميع ما يلزم لاتمام الأعمال طبقا للمواصفات و طبقا لمتطلبات ال المدني من الكشف على الشبكة الحالية وفحصها كما هو موضح على المخططات و على المقاول تقديم:المخططات التنفيذية و اعتمادها قبل بدء بالتنفيذ من المهندس المشرف كما هو موصف للأقطار التالية 25 mm dia.,م.ط,108.0,3900.0,8727.0,90.28,8817.28,9750.24,226.08410256410258,بنود المطالبات,1415,CMH_01_SMART.xlsx,sheet بنود المطالبات,high,prev_progress in workbook is informational; platform will recompute server-side from approved claims (Migration 048).
CMH_01-C01,20,200,توريد و تركيب انابيب فولاذية سوداء 40.sch ، يشمل العمل كافة قطع التركيبات مثل الأكواع  والتيهات والوصلات والقارنات والنقاصات/المخفضات ومنافس الهواء الآلية وتكون الوصلات من نوع  فيكتوليك او ما يماثلها للأقطار 50 مم أو أكبر، و تكون الوصلات قلووظ للأقطار أقل من 50 مم، والبند يشمل العلاقات والدعامات للمواسير و المحابس  و الصرف ان لزم والدهان  لكامل الشبكة كما يلزم لاتمام العمل و بناء على توجيهات مهندس المشرف .ويشمل البند جميع ما يلزم لاتمام الأعمال طبقا للمواصفات و طبقا لمتطلبات الNFPA  ومتطلبات الدفاع المدني من الكشف على الشبكة الحالية وفحصها كما هو موضح على المخططات و على المقاول تقديم المخططات التنفيذية و اعتمادها قبل بدء بالتنفيذ من المهندس المشرف كما هو موصف للأقطار التالية:.mm dia 28,م.ط,138.0,323.0,702.0,12.32,714.32,1700.16,221.1517027863777,بنود المطالبات,1416,CMH_01_SMART.xlsx,sheet بنود المطالبات,high,prev_progress in workbook is informational; platform will recompute server-side from approved claims (Migration 048).
CMH_01-C01,20,201,توريد و تركيب انابيب فولاذية سوداء 40.sch ، يشمل العمل كافة قطع التركيبات مثل الأكواع  والتيهات والوصلات والقارنات والنقاصات/المخفضات ومنافس الهواء الآلية وتكون الوصلات من نوع  فيكتوليك او ما يماثلها للأقطار 50 مم أو أكبر، و تكون الوصلات قلووظ للأقطار أقل من 50 مم، والبند يشمل العلاقات والدعامات للمواسير و المحابس  و الصرف ان لزم والدهان  لكامل الشبكة كما يلزم لاتمام العمل و بناء على توجيهات مهندس المشرف .ويشمل البند جميع ما يلزم لاتمام الأعمال طبقا للمواصفات و طبقا لمتطلبات الNFPA  ومتطلبات الدفاع المدني من الكشف على الشبكة الحالية وفحصها كما هو موضح على المخططات و على المقاول تقديم المخططات التنفيذية و اعتمادها قبل بدء بالتنفيذ من المهندس المشرف كما هو موصف للأقطار التالية:.mm dia 33,م.ط,192.0,660.0,1635.0,21.42,1656.42,4112.64,250.9727272727273,بنود المطالبات,1417,CMH_01_SMART.xlsx,sheet بنود المطالبات,high,prev_progress in workbook is informational; platform will recompute server-side from approved claims (Migration 048).
CMH_01-C01,20,202,توريد و تركيب انابيب فولاذية سوداء 40.sch ، يشمل العمل كافة قطع التركيبات مثل الأكواع  والتيهات والوصلات والقارنات والنقاصات/المخفضات ومنافس الهواء الآلية وتكون الوصلات من نوع  فيكتوليك او ما يماثلها للأقطار 50 مم أو أكبر، و تكون الوصلات قلووظ للأقطار أقل من 50 مم، والبند يشمل العلاقات والدعامات للمواسير و المحابس  و الصرف ان لزم والدهان  لكامل الشبكة كما يلزم لاتمام العمل و بناء على توجيهات مهندس المشرف .ويشمل البند جميع ما يلزم لاتمام الأعمال طبقا للمواصفات و طبقا لمتطلبات الNFPA  ومتطلبات الدفاع المدني من الكشف على الشبكة الحالية وفحصها كما هو موضح على المخططات و على المقاول تقديم المخططات التنفيذية و اعتمادها قبل بدء بالتنفيذ من المهندس المشرف كما هو موصف للأقطار التالية:.mm dia 40,م.ط,222.0,600.0,945.0,40.49,985.49,8988.78,164.24833333333333,بنود المطالبات,1418,CMH_01_SMART.xlsx,sheet بنود المطالبات,high,prev_progress in workbook is informational; platform will recompute server-side from approved claims (Migration 048).
CMH_01-C01,20,203,توريد و تركيب انابيب فولاذية سوداء 40.sch ، يشمل العمل كافة قطع التركيبات مثل الأكواع  والتيهات والوصلات والقارنات والنقاصات/المخفضات ومنافس الهواء الآلية وتكون الوصلات من نوع  فيكتوليك او ما يماثلها للأقطار 50 مم أو أكبر، و تكون الوصلات قلووظ للأقطار أقل من 50 مم، والبند يشمل العلاقات والدعامات للمواسير و المحابس  و الصرف ان لزم والدهان  لكامل الشبكة كما يلزم لاتمام العمل و بناء على توجيهات مهندس المشرف .ويشمل البند جميع ما يلزم لاتمام الأعمال طبقا للمواصفات و طبقا لمتطلبات الNFPA  ومتطلبات الدفاع المدني من الكشف على الشبكة الحالية وفحصها كما هو موضح على المخططات و على المقاول تقديم المخططات التنفيذية و اعتمادها قبل بدء بالتنفيذ من المهندس المشرف كما هو موصف للأقطار التالية:.mm dia 63,م.ط,240.0,646.0,1288.0,218.17,1506.17,52360.799999999996,233.15325077399382,بنود المطالبات,1419,CMH_01_SMART.xlsx,sheet بنود المطالبات,high,prev_progress in workbook is informational; platform will recompute server-side from approved claims (Migration 048).
CMH_01-C01,20,204,توريد و تركيب انابيب فولاذية سوداء 40.sch ، يشمل العمل كافة قطع التركيبات مثل الأكواع  والتيهات والوصلات والقارنات والنقاصات/المخفضات ومنافس الهواء الآلية وتكون الوصلات من نوع  فيكتوليك او ما يماثلها للأقطار 50 مم أو أكبر، و تكون الوصلات قلووظ للأقطار أقل من 50 مم، والبند يشمل العلاقات والدعامات للمواسير و المحابس  و الصرف ان لزم والدهان  لكامل الشبكة كما يلزم لاتمام العمل و بناء على توجيهات مهندس المشرف .ويشمل البند جميع ما يلزم لاتمام الأعمال طبقا للمواصفات و طبقا لمتطلبات الNFPA  ومتطلبات الدفاع المدني من الكشف على الشبكة الحالية وفحصها كما هو موضح على المخططات و على المقاول تقديم المخططات التنفيذية و اعتمادها قبل بدء بالتنفيذ من المهندس المشرف كما هو موصف للأقطار التالية:.mm dia 77,م.ط,288.0,110.0,469.0,6.33,475.33,1823.04,432.1181818181818,بنود المطالبات,1420,CMH_01_SMART.xlsx,sheet بنود المطالبات,high,prev_progress in workbook is informational; platform will recompute server-side from approved claims (Migration 048).
CMH_01-C01,20,205,توريد و تركيب انابيب فولاذية سوداء 40.sch ، يشمل العمل كافة قطع التركيبات مثل الأكواع  والتيهات والوصلات والقارنات والنقاصات/المخفضات ومنافس الهواء الآلية وتكون الوصلات من نوع  فيكتوليك او ما يماثلها للأقطار 50 مم أو أكبر، و تكون الوصلات قلووظ للأقطار أقل من 50 مم، والبند يشمل العلاقات والدعامات للمواسير و المحابس  و الصرف ان لزم والدهان  لكامل الشبكة كما يلزم لاتمام العمل و بناء على توجيهات مهندس المشرف .ويشمل البند جميع ما يلزم لاتمام الأعمال طبقا للمواصفات و طبقا لمتطلبات الNFPA  ومتطلبات الدفاع المدني من الكشف على الشبكة الحالية وفحصها كما هو موضح على المخططات و على المقاول تقديم المخططات التنفيذية و اعتمادها قبل بدء بالتنفيذ من المهندس المشرف كما هو موصف للأقطار التالية:.mm dia 94,م.ط,324.0,314.0,400.0,34.35,434.35,11129.4,138.32802547770703,بنود المطالبات,1421,CMH_01_SMART.xlsx,sheet بنود المطالبات,high,prev_progress in workbook is informational; platform will recompute server-side from approved claims (Migration 048).
CMH_01-C01,20,206,توريد و تركيب انابيب فولاذية سوداء 40.sch ، يشمل العمل كافة قطع التركيبات مثل الأكواع  والتيهات والوصلات والقارنات والنقاصات/المخفضات ومنافس الهواء الآلية وتكون الوصلات من نوع  فيكتوليك او ما يماثلها للأقطار 50 مم أو أكبر، و تكون الوصلات قلووظ للأقطار أقل من 50 مم، والبند يشمل العلاقات والدعامات للمواسير و المحابس  و الصرف ان لزم والدهان  لكامل الشبكة كما يلزم لاتمام العمل و بناء على توجيهات مهندس المشرف .ويشمل البند جميع ما يلزم لاتمام الأعمال طبقا للمواصفات و طبقا لمتطلبات الNFPA  ومتطلبات الدفاع المدني من الكشف على الشبكة الحالية وفحصها كما هو موضح على المخططات و على المقاول تقديم المخططات التنفيذية و اعتمادها قبل بدء بالتنفيذ من المهندس المشرف كما هو موصف للأقطار التالية:.mm dia 141,م.ط,360.0,200.0,662.0,10.92,672.92,3931.2,336.46,بنود المطالبات,1422,CMH_01_SMART.xlsx,sheet بنود المطالبات,high,prev_progress in workbook is informational; platform will recompute server-side from approved claims (Migration 048).
CMH_01-C01,20,215,توريد و تركيب و اختبار رشاشات آلية اوتوماتيكية كما هو موصف رشاشات من النوع المخفي، ذات فتحة 2/1 بوصة، ومعامل 5.6 =K   ودرجة حرارة تشغيل 68 درجة مئوية,عدد,90.0,1000.0,2111.0,50.0,2161.0,4500.0,216.1,بنود المطالبات,1423,CMH_01_SMART.xlsx,sheet بنود المطالبات,high,prev_progress in workbook is informational; platform will recompute server-side from approved claims (Migration 048).
CMH_01-C01,20,216,توريد و تركيب و اختبار رشاشات آلية اوتوماتيكية كما هو موصف رشاشات عامودية، ذات فتحة 2/1 بوصة، ومعامل 5.6 =K   ودرجة حرارة تشغيل 68 درجة مئوية,عدد,90.0,508.0,685.0,10.0,695.0,900.0,136.81102362204726,بنود المطالبات,1424,CMH_01_SMART.xlsx,sheet بنود المطالبات,high,prev_progress in workbook is informational; platform will recompute server-side from approved claims (Migration 048).
CMH_01-C01,20,217,توريد و تركيب طفايات حريق قابلة للحمل كما هو محددنوع ABC ، سعة 6 كغ ، بودرة جافّة مرجع 1-FE,عدد,180.0,48.0,0.0,48.0,48.0,8640.0,100,بنود المطالبات,1425,CMH_01_SMART.xlsx,sheet بنود المطالبات,high,prev_progress in workbook is informational; platform will recompute server-side from approved claims (Migration 048).
CMH_01-C01,20,218,توريد و تركيب نظام  غازي200FM لغرف الكهرباء و السنترال و ما يتطلبه النظام من تعديلاتمعمارية على ان يتم تقديمها للاعتماد من قبل مهندس المشرف  ،  مرجع 3-FE,عدد,54000.0,36.0,13.0,0.5,13.5,27000.0,37.5,بنود المطالبات,1426,CMH_01_SMART.xlsx,sheet بنود المطالبات,high,prev_progress in workbook is informational; platform will recompute server-side from approved claims (Migration 048).
CMH_01-C01,20,221,وحدات VAV من أعلى العلامات التجارية جودة )BYPASS TYPE( مع سخان كهربائي ، ترموستات إلكتروني رقمي للغرفة ، فليكس. توصيلات ، تثبيت ، دعم ، عازل اهتزاز مع كافة الملحقات المطلوبة حسب المواصفات والرسومات. 01-VAV ، اجمالي الهواء 0-250 ) ق/د( استطاعة التخزين 5.1 )ك/و(,عدد,6600.0,9.0,76.0,1.0,77.0,6600.0,855.5555555555555,بنود المطالبات,1427,CMH_01_SMART.xlsx,sheet بنود المطالبات,high,prev_progress in workbook is informational; platform will recompute server-side from approved claims (Migration 048).
CMH_01-C01,20,222,وحدات VAV من أعلى العلامات التجارية جودة )BYPASS TYPE( مع سخان كهربائي ، ترموستات إلكتروني رقمي للغرفة ، فليكس. توصيلات ، تثبيت ، دعم ، عازل اهتزاز مع كافة الملحقات المطلوبة حسب المواصفات والرسومات. 02-VAV ، اجمالي الهواء 0-500 ) ق/د( استطاعة التخزين 2 )ك/و(,عدد,6960.0,127.0,102.0,1.0,103.0,6960.0,81.10236220472441,بنود المطالبات,1428,CMH_01_SMART.xlsx,sheet بنود المطالبات,high,prev_progress in workbook is informational; platform will recompute server-side from approved claims (Migration 048).
CMH_01-C01,20,231,ناشرة هواء ذات فتحات طولية  للهواء الداخل مصنعة من الألمنيوم المشكل بالبثق ومطلية بمسحوق البولستركاملة، مخمدات صوت ذات أرياش متضادّة ،وصندوق حجمى معزول من الداخل بعازل صوتى وميكانيزم للتحكم فى الهواء من واجهة الناشر وكل قطع الأكسسوار حسب المواصفات والمخططات مع توفير عينات للاعتماد من مهندس المشرف. ثلاثة فتحات / ثقب 25مم عرض,م.ط,480.0,1925.0,1530.0,67.0,1597.0,32160.0,82.96103896103895,بنود المطالبات,1429,CMH_01_SMART.xlsx,sheet بنود المطالبات,high,prev_progress in workbook is informational; platform will recompute server-side from approved claims (Migration 048).
CMH_01-C01,20,232,ناشرة هواء ذات فتحات طولية للهواء الراجع مصنعة من الألمنيوم المشكل بالبثق ومطلية بمسحوق البولستركاملة، وكل قطع الأكسسوار حسب المواصفات والمخططات مع توفير عينات للاعتماد من مهندس المشرف. ثلاثة فتحات / ثقب 25مم عرض,م.ط,480.0,1925.0,1619.0,15.0,1634.0,7200.0,84.88311688311688,بنود المطالبات,1430,CMH_01_SMART.xlsx,sheet بنود المطالبات,high,prev_progress in workbook is informational; platform will recompute server-side from approved claims (Migration 048).
CMH_01-C01,20,233, جريلات تغذية من الالومينيوم مغطاة ببودرة البوليستر كاملة وجميع الملحقات حسب المخططات..والمواصفات مع توفير عينات للاعتماد من مهندس المشرف 600mm X 600mm,عدد,456.0,724.0,631.0,24.0,655.0,10944.0,90.4696132596685,بنود المطالبات,1431,CMH_01_SMART.xlsx,sheet بنود المطالبات,high,prev_progress in workbook is informational; platform will recompute server-side from approved claims (Migration 048).
CMH_01-C01,20,234, جريلات رجوع من الالومينيوم مغطاة ببودرة البوليستر كاملة وجميع الملحقات حسب المخططات.والمواصفات مع توفير عينات للاعتماد من مهندس المشرف 600mm X 600mm,عدد,264.0,724.0,320.0,16.0,336.0,4224.0,46.408839779005525,بنود المطالبات,1432,CMH_01_SMART.xlsx,sheet بنود المطالبات,high,prev_progress in workbook is informational; platform will recompute server-side from approved claims (Migration 048).
CMH_01-C01,20,235, جريلات لسحب الهواء من الالمونيوم مغطاة ببودرة البوليستر كاملة بجميع ملحقات التركيب وحسب.المخططات والمواصفات مع توفير عينات للاعتماد من مهندس المشرف 150mm X 150MM,عدد,210.0,102.0,235.0,6.0,241.0,1260.0,236.27450980392157,بنود المطالبات,1433,CMH_01_SMART.xlsx,sheet بنود المطالبات,high,prev_progress in workbook is informational; platform will recompute server-side from approved claims (Migration 048).
CMH_01-C01,20,236,وصلات هواء مرنة مع الكلبسات المعدنية، والبراغي، والملحقات الضرورية. العزل يجب أن يكون بسماكة 25 مم وكثافة 16 كغ/م3 لناشرات الهواء الخطية ويجب ان يطابق كود الحريق NFPA 90A حسب المواصفات والمخططات مع توفير عينات للاعتماد من مهندس المشرف.Dia 150 mm,م.ط,45.6,240.0,70.0,150.6,220.6,6867.36,91.91666666666667,بنود المطالبات,1434,CMH_01_SMART.xlsx,sheet بنود المطالبات,high,prev_progress in workbook is informational; platform will recompute server-side from approved claims (Migration 048).
CMH_01-C01,20,237,وصلات هواء مرنة مع الكلبسات المعدنية، والبراغي، والملحقات الضرورية. العزل يجب أن يكون بسماكة 25 مم وكثافة 16 كغ/م3 لناشرات الهواء الخطية ويجب ان يطابق كود الحريق NFPA 90A حسب المواصفات والمخططات مع توفير عينات للاعتماد من مهندس المشرف. Dia 200 mm,م.ط,54.0,2964.0,654.0,25.0,679.0,1350.0,22.908232118758434,بنود المطالبات,1435,CMH_01_SMART.xlsx,sheet بنود المطالبات,high,prev_progress in workbook is informational; platform will recompute server-side from approved claims (Migration 048).
CMH_01-C01,20,238,وصلات هواء مرنة مع الكلبسات المعدنية، والبراغي، والملحقات الضرورية. العزل يجب أن يكون بسماكة 25 مم وكثافة 16 كغ/م3 لناشرات الهواء الخطية ويجب ان يطابق كود الحريق NFPA 90A حسب المواصفات والمخططات مع توفير عينات للاعتماد من مهندس المشرف. Dia 250 mm,م.ط,66.0,60.0,830.0,41.6,871.6,2745.6,1452.6666666666667,بنود المطالبات,1436,CMH_01_SMART.xlsx,sheet بنود المطالبات,high,prev_progress in workbook is informational; platform will recompute server-side from approved claims (Migration 048).
CMH_01-C01,20,243,نظام إدارة المبنى BMS    تصميم وتوريد وتركيب نظام لإدارة المبنى أتوماتيكياً على أن يكون نظام التشغيل )OPEN PROTOCOL ( حسب توصيات الاستشارى المشرف وذلك للتحكم في تشغيل ومراقبة الانظمة الميكانيكية والكهربائية التالية :                                                  ـ التشلرات والمراوح ووحدات مناولة الهواء ووحدات ملف المروحة ومضخات المياه ووحدة ضخ الهواء وإنظمة الحريق والتحكم في الأنظمة والمعدات الميكانيكية بالمبنى - والتحكم في تشغيل ومتابعة حالة اللوحات الكهربائية الرئيسية والثانوية والمصاعد وكل الأنظمة التي يراها الاستشاري لأزمة مع الأخذ في الاعتبار قابلية التوسع في المباني المستقبلية .توريد وتركيب وتوصيل نظام إدارة المباني ) BMS ( لأنظمة HVAC ، وأنظمة السباكة ، ونظام الحريق ، والأنظمة الكهربائية والخدمات الخارجية ، كاملة بما في ذلك وحدات التحكم ونقاط التحكم والأسلاك والقنوات وصناديق السحب وصناديق التوصيل الثانوية وجميع عمليات التثبيت الضرورية مستلزمات؛ كل ما هو محدد ومفصل على الرسومات والموصوفة في المواصفات. والنظام يجب ان يتضمن البرامج واجهزة التحكم واجهزة المواقع ونقاط التحكم والاسلاك المتصلة بباقي الانظمة والمواسير وعلب السحب وعلب التوصيل الثانوية وجميع اكسسوارات ومتطلبات التركيبات الضرورية وهذه الاجهزة يجب ان يتم توصيلها مع جميع انظمة شبكة IP سواء من خلال تمكين اجهزة IP او من خلال بوابة IP او الموزع ويجب ان تشمل وحدات التحكم الطرفية التركيبات الضرورية والبرمجة والدمج عند اللزوم لتأسيس الاتصال والتعامل بين اجهزة التركيبات الالكتروميكانيكية وانظمة السلامة وانظمة الامن حسب اوامر ونظام التشغيل ووفقا لنظام وحسب تعليمات مهندس المشرف و يجب ان يتوافق النظام مع الانظمة الحالية للترشيد و المراقبة و يكون النظام لكامل المبني,عدد,2520000.0,1.0,0.64,0.22,0.86,554400.0,86,بنود المطالبات,1437,CMH_01_SMART.xlsx,sheet بنود المطالبات,high,prev_progress in workbook is informational; platform will recompute server-side from approved claims (Migration 048).
CMH_01-C01,20,244,"توريد وتركيب واختبار لوحات إنارة وتغذية، 380 فولت، 3 أطوار، 60 هيرتز، مركبة على الحائط وموصّلة بالكامل، مختبرة وموضوعة في التشغيل حسب المواصفات والمخططات وتشمل خطوط النقل الأرضية وأجهزة الحماية وتوصيل نهايات الكابلات والأعمال المدنية اللازمة.PP-1,  200 A ,MCCB",عدد,9600.0,6.0,12.0,4.0,16.0,38400.0,266.66666666666663,بنود المطالبات,1438,CMH_01_SMART.xlsx,sheet بنود المطالبات,high,prev_progress in workbook is informational; platform will recompute server-side from approved claims (Migration 048).
CMH_01-C01,20,245,"توريد وتركيب واختبار لوحات إنارة وتغذية، 380 فولت، 3 أطوار، 60 هيرتز، مركبة على الحائط وموصّلة بالكامل، مختبرة وموضوعة في التشغيل حسب المواصفات والمخططات وتشمل خطوط النقل الأرضية وأجهزة الحماية وتوصيل نهايات الكابلات والأعمال المدنية اللازمة. PP-2, 200 A , MCCB",عدد,9600.0,6.0,9.0,3.0,12.0,28800.0,200,بنود المطالبات,1439,CMH_01_SMART.xlsx,sheet بنود المطالبات,high,prev_progress in workbook is informational; platform will recompute server-side from approved claims (Migration 048).
CMH_01-C01,20,246,"توريد وتركيب واختبار لوحات إنارة وتغذية، 380 فولت، 3 أطوار، 60 هيرتز، مركبة على الحائط  وموصّلة بالكامل، مختبرة وموضوعة في التشغيل حسب المواصفات والمخططات وتشمل خطوط النقل الأرضية وأجهزة الحماية وتوصيل نهايات الكابلات والأعمال المدنية اللازمة. PP-3, 200 A , MCCB",عدد,9600.0,6.0,11.0,4.0,15.0,38400.0,250,بنود المطالبات,1440,CMH_01_SMART.xlsx,sheet بنود المطالبات,high,prev_progress in workbook is informational; platform will recompute server-side from approved claims (Migration 048).
CMH_01-C01,20,247,"توريد وتركيب واختبار لوحات إنارة وتغذية، 380 فولت، 3 أطوار، 60 هيرتز، مركبة على الحائط وموصّلة بالكامل، مختبرة وموضوعة في التشغيل حسب المواصفات والمخططات وتشمل خطوط النقل الأرضية وأجهزة الحماية وتوصيل نهايات الكابلات والأعمال المدنية اللازمة.PP-4, 200 A , MCCB",عدد,9600.0,6.0,12.0,5.0,17.0,48000.0,283.33333333333337,بنود المطالبات,1441,CMH_01_SMART.xlsx,sheet بنود المطالبات,high,prev_progress in workbook is informational; platform will recompute server-side from approved claims (Migration 048).
CMH_01-C01,20,248,توريد وتركيب مقابس طاقة مربوطة بأسلاك 4 مم2 كحد أدنى وتشمل الأجهزة و والأسلاك والمواسير والعلب ودعامات التثبيت ، من اللوحات الى نقاط المقابس وحسب المواصفات. على المقاول المعاينة و فحص الشبكة الحالية و الاستفادة من التمديدات الحالية و دمجها مع التركيبات الجديدة بعد عمل الاختبارات اللازمة و بعد الموافقة من مهندس المشرف .مقبس أحادي، مركب على الجدار، من النوع المؤرض، 15 أمبير، 230 فولت، طور واحد، قطبين، 3 أسلاك.,عدد,216.0,282.0,331.0,43.0,374.0,9288.0,132.6241134751773,بنود المطالبات,1442,CMH_01_SMART.xlsx,sheet بنود المطالبات,high,prev_progress in workbook is informational; platform will recompute server-side from approved claims (Migration 048).
CMH_01-C01,20,249,توريد وتركيب مقابس طاقة مربوطة بأسلاك 4 مم2 كحد أدنى وتشمل الأجهزة و والأسلاك والمواسير والعلب ودعامات التثبيت ، من اللوحات الى نقاط المقابس وحسب المواصفات. على المقاول المعاينة و فحص الشبكة الحالية و الاستفادة من التمديدات الحالية و دمجها مع التركيبات الجديدة بعد عمل الاختبارات اللازمة و بعد الموافقة من مهندس المشرف . مقبس ثنائي سقفى، من النوع المؤرض، 15 أمبير، 230 فولت، طور واحد، قطبين، 3 أسلاك.,عدد,216.0,126.0,125.0,54.0,179.0,11664.0,142.06349206349208,بنود المطالبات,1443,CMH_01_SMART.xlsx,sheet بنود المطالبات,high,prev_progress in workbook is informational; platform will recompute server-side from approved claims (Migration 048).
CMH_01-C01,20,251,"توريد وتركيب مقابس طاقة مربوطة بأسلاك 4 مم2 كحد أدنى وتشمل الأجهزة و والأسلاك والمواسير والعلب ودعامات التثبيت ، من اللوحات الى نقاط المقابس وحسب المواصفات. على المقاول المعاينة و فحص الشبكة الحالية و الاستفادة من التمديدات الحالية و دمجها مع التركيبات الجديدة بعد عمل الاختبارات اللازمة و بعد الموافقة من مهندس المشرف .مقبس أحادي، مركب على الجدار، من النوع المؤرض، 15 أمبير، 230 فولت، طور واحد، قطبين، 3 أسلاك. RESIDUAL CURRENT DEVICE, 30mA TRIPPING( ",عدد,504.0,50.0,75.0,11.0,86.0,5544.0,172,بنود المطالبات,1444,CMH_01_SMART.xlsx,sheet بنود المطالبات,high,prev_progress in workbook is informational; platform will recompute server-side from approved claims (Migration 048).
CMH_01-C01,20,253, توريد وتركيب واختبار وفحص نقاط قوى للمقابس الكهربائية المتعددة الاستخدام بأسلاك نحاسية معزولة وذات مقطع لا يقل عن 6 مم2  في مواسير ويشتمل على المقبس و الاسلاك و PVC بمادة البلاستيك العلب وأعمال التثبيت والدعائم وكل الملحقات من لوحة التوزيع حتى المخارج وفقا للمخططات.والمواصفات الفنية  على المقاول المعاينة و فحص الشبكة الحالية و الاستفادة من التمديدات الحالية و دمجها مع التركيبات. الجديدة بعد عمل الاختبارات اللازمة و بعد الموافقة من مهندس المشرفمخرج  ومؤرض 30 أمبير ، 230 فولت 3 أسلاك ، 1 فاز لمجفف الأيدي,عدد,264.0,72.0,99.0,3.0,102.0,792.0,141.66666666666669,بنود المطالبات,1445,CMH_01_SMART.xlsx,sheet بنود المطالبات,high,prev_progress in workbook is informational; platform will recompute server-side from approved claims (Migration 048).
CMH_01-C01,20,254,توريد وتركيب وإختبار وفحص علبة خدمة من نوعية ممتازة تحتوى على  ) أ ( مقابس تغذية أرضية مزدوجة ذات أسلاك 4 مم2 كحد أدنى مركبة على الأرض وتشمل أسلاك التأريض من اللوحة حتى المقابس + )ب( مآخذ للهاتف والبيانات ذات كابلات CAT 6A UTP وحتى كابينة الداتا  وحسب مواصفات إدارة الـ IT  بالوزارة. على المقاول المعاينة و فحص الشبكة الحالية و الاستفادة من التمديدات الحالية و دمجها مع التركيبات الجديدة بعد عمل الاختبارات اللازمة و بعد الموافقة من مهندس المشرف . النوع  )A(  )تحتوى على  4 قوى & 4 داتا (,عدد,2160.0,286.0,494.0,19.0,513.0,41040.0,179.3706293706294,بنود المطالبات,1446,CMH_01_SMART.xlsx,sheet بنود المطالبات,high,prev_progress in workbook is informational; platform will recompute server-side from approved claims (Migration 048).
CMH_01-C01,20,255,توريد وتركيب وإختبار وفحص علبة خدمة من نوعية ممتازة تحتوى على  ) أ ( مقابس تغذية أرضية مزدوجة ذات أسلاك 4 مم2 كحد أدنى مركبة على الأرض وتشمل أسلاك التأريض من اللوحة حتى المقابس + )ب( مآخذ للهاتف والبيانات ذات كابلات CAT 6A UTP وحتى كابينة الداتا  وحسب مواصفات إدارة الـ IT  بالوزارة. على المقاول المعاينة و فحص الشبكة الحالية و الاستفادة من التمديدات الحالية و دمجها مع التركيبات الجديدة بعد عمل الاختبارات اللازمة و بعد الموافقة من مهندس المشرف . النوع )B(   )تحتوى على 2 قوى & 2 داتا (,عدد,1800.0,20.0,471.0,19.0,490.0,34200.0,2450,بنود المطالبات,1447,CMH_01_SMART.xlsx,sheet بنود المطالبات,high,prev_progress in workbook is informational; platform will recompute server-side from approved claims (Migration 048).
CMH_01-C01,20,256,توريد وتركيب وإختبار وفحص علبة خدمة من نوعية ممتازة تحتوى على  ) أ ( مقابس تغذية أرضية مزدوجة ذات أسلاك 4 مم2 كحد أدنى مركبة على الأرض وتشمل أسلاك التأريض من اللوحة حتى المقابس + )ب( مآخذ للهاتف والبيانات ذات كابلات CAT 6A UTP وحتى كابينة الداتا  وحسب مواصفات إدارة الـ IT  بالوزارة. على المقاول المعاينة و فحص الشبكة الحالية و الاستفادة من التمديدات الحالية و دمجها مع التركيبات الجديدة بعد عمل الاختبارات اللازمة و بعد الموافقة من مهندس المشرف . النوع )1FB(   )تحتوى على 1 قوى (,عدد,720.0,141.0,111.0,20.0,131.0,14400.0,92.90780141843972,بنود المطالبات,1448,CMH_01_SMART.xlsx,sheet بنود المطالبات,high,prev_progress in workbook is informational; platform will recompute server-side from approved claims (Migration 048).
CMH_01-C01,20,257,توريد وتركيب وإختبار وفحص علبة خدمة من نوعية ممتازة تحتوى على  ) أ ( مقابس تغذية أرضية مزدوجة ذات أسلاك 4 مم2 كحد أدنى مركبة على الأرض وتشمل أسلاك التأريض من اللوحة حتى المقابس + )ب( مآخذ للهاتف والبيانات ذات كابلات CAT 6A UTP وحتى كابينة الداتا  وحسب مواصفات إدارة الـ IT  بالوزارة. على المقاول المعاينة و فحص الشبكة الحالية و الاستفادة من التمديدات الحالية و دمجها مع التركيبات الجديدة بعد عمل الاختبارات اللازمة و بعد الموافقة من مهندس المشرف . النوع )2FB(   )تحتوى على 2 قوى (,عدد,960.0,4.0,0.0,10.0,10.0,9600.0,250,بنود المطالبات,1449,CMH_01_SMART.xlsx,sheet بنود المطالبات,high,prev_progress in workbook is informational; platform will recompute server-side from approved claims (Migration 048).
CMH_01-C01,20,261," توريد وتركيب واختبار والتشغيل التجريبي لمفاتيح فصل على الحمل من النوع عالية التحمل مع ماسورة  التثبيت المعدنية المرنة والمانعة لنفاذ السوائل، وقطع الإكسسوارعلى المقاول المعاينة و فحص الشبكة الحالية و الاستفادة من التمديدات الحالية و دمجها مع التركيبات الجديدة بعد عمل الاختبارات اللازمة و بعدالموافقة من مهندس المشرف  وبالإستطاعات التالية 30 A, 250 V, 2P",عدد,384.0,445.0,470.0,43.0,513.0,16512.0,115.28089887640449,بنود المطالبات,1450,CMH_01_SMART.xlsx,sheet بنود المطالبات,high,prev_progress in workbook is informational; platform will recompute server-side from approved claims (Migration 048).
CMH_01-C01,20,262,توريد وتركيب وتوصيل وإختبار وفحص اجهزة الإنارة ويشمل اللمبات وأقواس التركيب وحبال التعليق وقطع الأكسسوار و ايضا نقاط الانارة متضمنة مواسير/أقنية قاسية عالية التحمل PVC  أوEMT وعلب ذات أسلاك لاتقل عن 0.4 مم2 لنقطة الإنارة وتوصيل أطراف أسلاك التأريض،وكل الأعمال المساعدة كما هو محدد وموضح في المخططات. على المقاول المعاينة و فحص الشبكة الحالية و الاستفادة من التمديدات الحالية و دمجها  علما بان البند يشمل جميع الوصلات و الاسلاك و الكابلات اللازمة لنهو العمل  بعد عمل الاختبارات اللازمة و بعد الموافقة من مهندس المشرف . Type A1,عدد,348.0,530.0,306.0,-17.0,289.0,-5916.0,54.52830188679245,بنود المطالبات,1451,CMH_01_SMART.xlsx,sheet بنود المطالبات,high,prev_progress in workbook is informational; platform will recompute server-side from approved claims (Migration 048).
CMH_01-C01,20,263,توريد وتركيب وتوصيل وإختبار وفحص اجهزة الإنارة ويشمل اللمبات وأقواس التركيب وحبال التعليق وقطع الأكسسوار و ايضا نقاط الانارة متضمنة مواسير/أقنية قاسية عالية التحمل PVC  أوEMT وعلب ذات أسلاك لاتقل عن 0.4 مم2 لنقطة الإنارة وتوصيل أطراف أسلاك التأريض،وكل الأعمال المساعدة كما هو محدد وموضح في المخططات. على المقاول المعاينة و فحص الشبكة الحالية و الاستفادة من التمديدات الحالية و دمجها  علما بان البند يشمل جميع الوصلات و الاسلاك و الكابلات اللازمة لنهو العمل  بعد عمل الاختبارات اللازمة و بعد الموافقة من مهندس المشرف . Type A1E,عدد,660.0,241.0,202.0,18.0,220.0,11880.0,91.28630705394191,بنود المطالبات,1452,CMH_01_SMART.xlsx,sheet بنود المطالبات,high,prev_progress in workbook is informational; platform will recompute server-side from approved claims (Migration 048).
CMH_01-C01,20,264,توريد وتركيب وتوصيل وإختبار وفحص اجهزة الإنارة ويشمل اللمبات وأقواس التركيب وحبال التعليق وقطع الأكسسوار و ايضا نقاط الانارة متضمنة مواسير/أقنية قاسية عالية التحمل PVC  أوEMT وعلب ذات أسلاك لاتقل عن 0.4 مم2 لنقطة الإنارة وتوصيل أطراف أسلاك التأريض،وكل الأعمال المساعدة كما هو محدد وموضح في المخططات. على المقاول المعاينة و فحص الشبكة الحالية و الاستفادة من التمديدات الحالية و دمجها  علما بان البند يشمل جميع الوصلات و الاسلاك و الكابلات اللازمة لنهو العمل  بعد عمل الاختبارات اللازمة و بعد الموافقة من مهندس المشرف . Type A2,عدد,1044.0,1113.0,1046.0,114.0,1160.0,119016.0,104.22282120395327,بنود المطالبات,1453,CMH_01_SMART.xlsx,sheet بنود المطالبات,high,prev_progress in workbook is informational; platform will recompute server-side from approved claims (Migration 048).
CMH_01-C01,20,265,توريد وتركيب وتوصيل وإختبار وفحص اجهزة الإنارة ويشمل اللمبات وأقواس التركيب وحبال التعليق وقطع الأكسسوار و ايضا نقاط الانارة متضمنة مواسير/أقنية قاسية عالية التحمل PVC  أوEMT وعلب ذات أسلاك لاتقل عن 0.4 مم2 لنقطة الإنارة وتوصيل أطراف أسلاك التأريض،وكل الأعمال المساعدة كما هو محدد وموضح في المخططات. على المقاول المعاينة و فحص الشبكة الحالية و الاستفادة من التمديدات الحالية و دمجها  علما بان البند يشمل جميع الوصلات و الاسلاك و الكابلات اللازمة لنهو العمل  بعد عمل الاختبارات اللازمة و بعد الموافقة من مهندس المشرف . Type A3,عدد,1044.0,8.0,4.0,-4.0,0.0,-4176.0,0,بنود المطالبات,1454,CMH_01_SMART.xlsx,sheet بنود المطالبات,high,prev_progress in workbook is informational; platform will recompute server-side from approved claims (Migration 048).
CMH_01-C01,20,266,توريد وتركيب وتوصيل وإختبار وفحص اجهزة الإنارة ويشمل اللمبات وأقواس التركيب وحبال التعليق وقطع الأكسسوار و ايضا نقاط الانارة متضمنة مواسير/أقنية قاسية عالية التحمل PVC  أوEMT وعلب ذات أسلاك لاتقل عن 0.4 مم2 لنقطة الإنارة وتوصيل أطراف أسلاك التأريض،وكل الأعمال المساعدة كما هو محدد وموضح في المخططات. على المقاول المعاينة و فحص الشبكة الحالية و الاستفادة من التمديدات الحالية و دمجها  علما بان البند يشمل جميع الوصلات و الاسلاك و الكابلات اللازمة لنهو العمل  بعد عمل الاختبارات اللازمة و بعد الموافقة من مهندس المشرف . Type A4,عدد,1044.0,1.0,0.0,1.0,1.0,1044.0,100,بنود المطالبات,1455,CMH_01_SMART.xlsx,sheet بنود المطالبات,high,prev_progress in workbook is informational; platform will recompute server-side from approved claims (Migration 048).
CMH_01-C01,20,267,توريد وتركيب وتوصيل وإختبار وفحص اجهزة الإنارة ويشمل اللمبات وأقواس التركيب وحبال التعليق وقطع الأكسسوار و ايضا نقاط الانارة متضمنة مواسير/أقنية قاسية عالية التحمل PVC  أوEMT وعلب ذات أسلاك لاتقل عن 0.4 مم2 لنقطة الإنارة وتوصيل أطراف أسلاك التأريض،وكل الأعمال المساعدة كما هو محدد وموضح في المخططات. على المقاول المعاينة و فحص الشبكة الحالية و الاستفادة من التمديدات الحالية و دمجها  علما بان البند يشمل جميع الوصلات و الاسلاك و الكابلات اللازمة لنهو العمل  بعد عمل الاختبارات اللازمة و بعد الموافقة من مهندس المشرف . Type A5,عدد,1044.0,4.0,2.0,-2.0,0.0,-2088.0,0,بنود المطالبات,1456,CMH_01_SMART.xlsx,sheet بنود المطالبات,high,prev_progress in workbook is informational; platform will recompute server-side from approved claims (Migration 048).
CMH_01-C01,20,268,توريد وتركيب وتوصيل وإختبار وفحص اجهزة الإنارة ويشمل اللمبات وأقواس التركيب وحبال التعليق وقطع الأكسسوار و ايضا نقاط الانارة متضمنة مواسير/أقنية قاسية عالية التحمل PVC  أوEMT وعلب ذات أسلاك لاتقل عن 0.4 مم2 لنقطة الإنارة وتوصيل أطراف أسلاك التأريض،وكل الأعمال المساعدة كما هو محدد وموضح في المخططات. على المقاول المعاينة و فحص الشبكة الحالية و الاستفادة من التمديدات الحالية و دمجها  علما بان البند يشمل جميع الوصلات و الاسلاك و الكابلات اللازمة لنهو العمل  بعد عمل الاختبارات اللازمة و بعد الموافقة من مهندس المشرف .Type A6,عدد,1044.0,1.0,2.0,-1.0,1.0,-1044.0,100,بنود المطالبات,1457,CMH_01_SMART.xlsx,sheet بنود المطالبات,high,prev_progress in workbook is informational; platform will recompute server-side from approved claims (Migration 048).
CMH_01-C01,20,269,توريد وتركيب وتوصيل وإختبار وفحص اجهزة الإنارة ويشمل اللمبات وأقواس التركيب وحبال التعليق وقطع الأكسسوار و ايضا نقاط الانارة متضمنة مواسير/أقنية قاسية عالية التحمل PVC  أوEMT وعلب ذات أسلاك لاتقل عن 0.4 مم2 لنقطة الإنارة وتوصيل أطراف أسلاك التأريض،وكل الأعمال المساعدة كما هو محدد وموضح في المخططات. على المقاول المعاينة و فحص الشبكة الحالية و الاستفادة من التمديدات الحالية و دمجها  علما بان البند يشمل جميع الوصلات و الاسلاك و الكابلات اللازمة لنهو العمل  بعد عمل الاختبارات اللازمة و بعد الموافقة من مهندس المشرف . Type A7,عدد,1044.0,2.0,3.0,-1.0,2.0,-1044.0,100,بنود المطالبات,1458,CMH_01_SMART.xlsx,sheet بنود المطالبات,high,prev_progress in workbook is informational; platform will recompute server-side from approved claims (Migration 048).
CMH_01-C01,20,270,توريد وتركيب وتوصيل وإختبار وفحص اجهزة الإنارة ويشمل اللمبات وأقواس التركيب وحبال التعليق وقطع الأكسسوار و ايضا نقاط الانارة متضمنة مواسير/أقنية قاسية عالية التحمل PVC  أوEMT وعلب ذات أسلاك لاتقل عن 0.4 مم2 لنقطة الإنارة وتوصيل أطراف أسلاك التأريض،وكل الأعمال المساعدة كما هو محدد وموضح في المخططات. على المقاول المعاينة و فحص الشبكة الحالية و الاستفادة من التمديدات الحالية و دمجها  علما بان البند يشمل جميع الوصلات و الاسلاك و الكابلات اللازمة لنهو العمل  بعد عمل الاختبارات اللازمة و بعد الموافقة من مهندس المشرف .Type A8,عدد,1044.0,12.0,10.0,1.0,11.0,1044.0,91.66666666666666,بنود المطالبات,1459,CMH_01_SMART.xlsx,sheet بنود المطالبات,high,prev_progress in workbook is informational; platform will recompute server-side from approved claims (Migration 048).
CMH_01-C01,20,271,توريد وتركيب وتوصيل وإختبار وفحص اجهزة الإنارة ويشمل اللمبات وأقواس التركيب وحبال التعليق وقطع الأكسسوار و ايضا نقاط الانارة متضمنة مواسير/أقنية قاسية عالية التحمل PVC  أوEMT وعلب ذات أسلاك لاتقل عن 0.4 مم2 لنقطة الإنارة وتوصيل أطراف أسلاك التأريض،وكل الأعمال المساعدة كما هو محدد وموضح في المخططات. على المقاول المعاينة و فحص الشبكة الحالية و الاستفادة من التمديدات الحالية و دمجها  علما بان البند يشمل جميع الوصلات و الاسلاك و الكابلات اللازمة لنهو العمل  بعد عمل الاختبارات اللازمة و بعد الموافقة من مهندس المشرف .,عدد,1044.0,4.0,2.0,2.0,4.0,2088.0,100,بنود المطالبات,1460,CMH_01_SMART.xlsx,sheet بنود المطالبات,high,prev_progress in workbook is informational; platform will recompute server-side from approved claims (Migration 048).
CMH_01-C01,20,272,توريد وتركيب وتوصيل وإختبار وفحص اجهزة الإنارة ويشمل اللمبات وأقواس التركيب وحبال التعليق وقطع الأكسسوار و ايضا نقاط الانارة متضمنة مواسير/أقنية قاسية عالية التحمل PVC  أوEMT وعلب ذات أسلاك لاتقل عن 0.4 مم2 لنقطة الإنارة وتوصيل أطراف أسلاك التأريض،وكل الأعمال المساعدة كما هو محدد وموضح في المخططات. على المقاول المعاينة و فحص الشبكة الحالية و الاستفادة من التمديدات الحالية و دمجها  علما بان البند يشمل جميع الوصلات و الاسلاك و الكابلات اللازمة لنهو العمل  بعد عمل الاختبارات اللازمة و بعد الموافقة من مهندس المشرف .Type B1,عدد,720.0,343.0,87.0,4.0,91.0,2880.0,26.53061224489796,بنود المطالبات,1461,CMH_01_SMART.xlsx,sheet بنود المطالبات,high,prev_progress in workbook is informational; platform will recompute server-side from approved claims (Migration 048).
CMH_01-C01,20,273,توريد وتركيب وتوصيل وإختبار وفحص اجهزة الإنارة ويشمل اللمبات وأقواس التركيب وحبال التعليق وقطع الأكسسوار و ايضا نقاط الانارة متضمنة مواسير/أقنية قاسية عالية التحمل PVC  أوEMT وعلب ذات أسلاك لاتقل عن 0.4 مم2 لنقطة الإنارة وتوصيل أطراف أسلاك التأريض،وكل الأعمال المساعدة كما هو محدد وموضح في المخططات. على المقاول المعاينة و فحص الشبكة الحالية و الاستفادة من التمديدات الحالية و دمجها  علما بان البند يشمل جميع الوصلات و الاسلاك و الكابلات اللازمة لنهو العمل  بعد عمل الاختبارات اللازمة و بعد الموافقة من مهندس المشرف .Type B2,عدد,780.0,54.0,4.0,-4.0,0.0,-3120.0,0,بنود المطالبات,1462,CMH_01_SMART.xlsx,sheet بنود المطالبات,high,prev_progress in workbook is informational; platform will recompute server-side from approved claims (Migration 048).
CMH_01-C01,20,274,توريد وتركيب وتوصيل وإختبار وفحص اجهزة الإنارة ويشمل اللمبات وأقواس التركيب وحبال التعليق وقطع الأكسسوار و ايضا نقاط الانارة متضمنة مواسير/أقنية قاسية عالية التحمل PVC  أوEMT وعلب ذات أسلاك لاتقل عن 0.4 مم2 لنقطة الإنارة وتوصيل أطراف أسلاك التأريض،وكل الأعمال المساعدة كما هو محدد وموضح في المخططات.على المقاول المعاينة و فحص الشبكة الحالية و الاستفادة من التمديدات الحالية و دمجها  علما بان البند يشمل جميع الوصلات و الاسلاك و الكابلات اللازمة لنهو العمل  بعد عمل الاختبارات اللازمة و بعد الموافقة من مهندس المشرف .Type C1,عدد,1128.0,172.0,145.0,22.0,167.0,24816.0,97.09302325581395,بنود المطالبات,1463,CMH_01_SMART.xlsx,sheet بنود المطالبات,high,prev_progress in workbook is informational; platform will recompute server-side from approved claims (Migration 048).
CMH_01-C01,20,275,توريد وتركيب وتوصيل وإختبار وفحص اجهزة الإنارة ويشمل اللمبات وأقواس التركيب وحبال التعليق وقطع الأكسسوار و ايضا نقاط الانارة متضمنة مواسير/أقنية قاسية عالية التحمل PVC  أوEMT وعلب ذات أسلاك لاتقل عن 0.4 مم2 لنقطة الإنارة وتوصيل أطراف أسلاك التأريض،وكل الأعمال المساعدة كما هو محدد وموضح في المخططات. على المقاول المعاينة و فحص الشبكة الحالية و الاستفادة من التمديدات الحالية و دمجها  علما بان البند يشمل جميع الوصلات و الاسلاك و الكابلات اللازمة لنهو العمل  بعد عمل الاختبارات اللازمة و بعد الموافقة من مهندس المشرف .Type C2,عدد,420.0,1422.0,1470.0,86.0,1556.0,36120.0,109.42334739803094,بنود المطالبات,1464,CMH_01_SMART.xlsx,sheet بنود المطالبات,high,prev_progress in workbook is informational; platform will recompute server-side from approved claims (Migration 048).
CMH_01-C01,20,276,توريد وتركيب وتوصيل وإختبار وفحص اجهزة الإنارة ويشمل اللمبات وأقواس التركيب وحبال التعليق وقطع الأكسسوار و ايضا نقاط الانارة متضمنة مواسير/أقنية قاسية عالية التحمل PVC  أوEMT وعلب ذات أسلاك لاتقل عن 0.4 مم2 لنقطة الإنارة وتوصيل أطراف أسلاك التأريض،وكل الأعمال المساعدة كما هو محدد وموضح في المخططات. على المقاول المعاينة و فحص الشبكة الحالية و الاستفادة من التمديدات الحالية و دمجها  علما بان البند يشمل جميع الوصلات و الاسلاك و الكابلات اللازمة لنهو العمل  بعد عمل الاختبارات اللازمة و بعد الموافقة من مهندس المشرف .Type C3,عدد,444.0,1062.0,910.0,76.0,986.0,33744.0,92.8436911487759,بنود المطالبات,1465,CMH_01_SMART.xlsx,sheet بنود المطالبات,high,prev_progress in workbook is informational; platform will recompute server-side from approved claims (Migration 048).
CMH_01-C01,20,277,توريد وتركيب وتوصيل وإختبار وفحص اجهزة الإنارة ويشمل اللمبات وأقواس التركيب وحبال التعليق وقطع الأكسسوار و ايضا نقاط الانارة متضمنة مواسير/أقنية قاسية عالية التحمل PVC  أوEMT وعلب ذات أسلاك لاتقل عن 0.4 مم2 لنقطة الإنارة وتوصيل أطراف أسلاك التأريض،وكل الأعمال المساعدة كما هو محدد وموضح في المخططات. على المقاول المعاينة و فحص الشبكة الحالية و الاستفادة من التمديدات الحالية و دمجها  علما بان البند يشمل جميع الوصلات و الاسلاك و الكابلات اللازمة لنهو العمل  بعد عمل الاختبارات اللازمة و بعد الموافقة من مهندس المشرف .Type C4,عدد,300.0,284.0,250.0,24.0,274.0,7200.0,96.47887323943662,بنود المطالبات,1466,CMH_01_SMART.xlsx,sheet بنود المطالبات,high,prev_progress in workbook is informational; platform will recompute server-side from approved claims (Migration 048).
CMH_01-C01,20,278,توريد وتركيب وتوصيل وإختبار وفحص اجهزة الإنارة ويشمل اللمبات وأقواس التركيب وحبال التعليق وقطع الأكسسوار و ايضا نقاط الانارة متضمنة مواسير/أقنية قاسية عالية التحمل PVC  أوEMT وعلب ذات أسلاك لاتقل عن 0.4 مم2 لنقطة الإنارة وتوصيل أطراف أسلاك التأريض،وكل الأعمال المساعدة كما هو محدد وموضح في المخططات. على المقاول المعاينة و فحص الشبكة الحالية و الاستفادة من التمديدات الحالية و دمجها  علما بان البند يشمل جميع الوصلات و الاسلاك و الكابلات اللازمة لنهو العمل  بعد عمل الاختبارات اللازمة و بعد الموافقة من مهندس المشرف .Type C5,عدد,438.0,149.0,264.0,22.0,286.0,9636.0,191.9463087248322,بنود المطالبات,1467,CMH_01_SMART.xlsx,sheet بنود المطالبات,high,prev_progress in workbook is informational; platform will recompute server-side from approved claims (Migration 048).
CMH_01-C01,20,279,توريد وتركيب وتوصيل وإختبار وفحص اجهزة الإنارة ويشمل اللمبات وأقواس التركيب وحبال التعليق وقطع الأكسسوار و ايضا نقاط الانارة متضمنة مواسير/أقنية قاسية عالية التحمل PVC  أوEMT وعلب ذات أسلاك لاتقل عن 0.4 مم2 لنقطة الإنارة وتوصيل أطراف أسلاك التأريض،وكل الأعمال المساعدة كما هو محدد وموضح في المخططات.على المقاول المعاينة و فحص الشبكة الحالية و الاستفادة من التمديدات الحالية و دمجها  علما بان البند يشمل جميع الوصلات و الاسلاك و الكابلات اللازمة لنهو العمل  بعد عمل الاختبارات اللازمة و بعد الموافقة من مهندس المشرف .Type C6,عدد,288.0,158.0,164.0,14.0,178.0,4032.0,112.65822784810126,بنود المطالبات,1468,CMH_01_SMART.xlsx,sheet بنود المطالبات,high,prev_progress in workbook is informational; platform will recompute server-side from approved claims (Migration 048).
CMH_01-C01,20,280,توريد وتركيب وتوصيل وإختبار وفحص اجهزة الإنارة ويشمل اللمبات وأقواس التركيب وحبال التعليق وقطع الأكسسوار و ايضا نقاط الانارة متضمنة مواسير/أقنية قاسية عالية التحمل PVC  أوEMT وعلب ذات أسلاك لاتقل عن 0.4 مم2 لنقطة الإنارة وتوصيل أطراف أسلاك التأريض،وكل الأعمال المساعدة كما هو محدد وموضح في المخططات. على المقاول المعاينة و فحص الشبكة الحالية و الاستفادة من التمديدات الحالية و دمجها  علما بان البند يشمل جميع الوصلات و الاسلاك و الكابلات اللازمة لنهو العمل  بعد عمل الاختبارات اللازمة و بعد الموافقة من مهندس المشرف .Type C7,عدد,336.0,27.0,28.0,4.0,32.0,1344.0,118.5185185185185,بنود المطالبات,1469,CMH_01_SMART.xlsx,sheet بنود المطالبات,high,prev_progress in workbook is informational; platform will recompute server-side from approved claims (Migration 048).
CMH_01-C01,20,281,توريد وتركيب وتوصيل وإختبار وفحص اجهزة الإنارة ويشمل اللمبات وأقواس التركيب وحبال التعليق وقطع الأكسسوار و ايضا نقاط الانارة متضمنة مواسير/أقنية قاسية عالية التحمل PVC  أوEMT وعلب ذات أسلاك لاتقل عن 0.4 مم2 لنقطة الإنارة وتوصيل أطراف أسلاك التأريض،وكل الأعمال المساعدة كما هو محدد وموضح في المخططات. على المقاول المعاينة و فحص الشبكة الحالية و الاستفادة من التمديدات الحالية و دمجها  علما بان البند يشمل جميع الوصلات و الاسلاك و الكابلات اللازمة لنهو العمل  بعد عمل الاختبارات اللازمة و بعد الموافقة من مهندس المشرف . Type D1,عدد,936.0,56.0,39.0,-13.0,26.0,-12168.0,46.42857142857143,بنود المطالبات,1470,CMH_01_SMART.xlsx,sheet بنود المطالبات,high,prev_progress in workbook is informational; platform will recompute server-side from approved claims (Migration 048).
CMH_01-C01,20,283,توريد وتركيب وتوصيل وإختبار وفحص اجهزة الإنارة ويشمل اللمبات وأقواس التركيب وحبال التعليق وقطع الأكسسوار و ايضا نقاط الانارة متضمنة مواسير/أقنية قاسية عالية التحمل PVC  أوEMT وعلب ذات أسلاك لاتقل عن 0.4 مم2 لنقطة الإنارة وتوصيل أطراف أسلاك التأريض،وكل الأعمال المساعدة كما هو محدد وموضح في المخططات. على المقاول المعاينة و فحص الشبكة الحالية و الاستفادة من التمديدات الحالية و دمجها  علما بان البند يشمل جميع الوصلات و الاسلاك و الكابلات اللازمة لنهو العمل  بعد عمل الاختبارات اللازمة و بعد الموافقة من مهندس المشرف .Type D3,عدد,288.0,179.0,161.0,-66.0,95.0,-19008.0,53.072625698324025,بنود المطالبات,1471,CMH_01_SMART.xlsx,sheet بنود المطالبات,high,prev_progress in workbook is informational; platform will recompute server-side from approved claims (Migration 048).
CMH_01-C01,20,284,توريد وتركيب وتوصيل وإختبار وفحص اجهزة الإنارة ويشمل اللمبات وأقواس التركيب وحبال التعليق وقطع الأكسسوار و ايضا نقاط الانارة متضمنة مواسير/أقنية قاسية عالية التحمل PVC  أوEMT وعلب ذات أسلاك لاتقل عن 0.4 مم2 لنقطة الإنارة وتوصيل أطراف أسلاك التأريض،وكل الأعمال المساعدة كما هو محدد وموضح في المخططات. على المقاول المعاينة و فحص الشبكة الحالية و الاستفادة من التمديدات الحالية و دمجها  علما بان البند يشمل جميع الوصلات و الاسلاك و الكابلات اللازمة لنهو العمل  بعد عمل الاختبارات اللازمة و بعد الموافقة من مهندس المشرف .Type D4,عدد,5400.0,6.0,4.0,-1.0,3.0,-5400.0,50,بنود المطالبات,1472,CMH_01_SMART.xlsx,sheet بنود المطالبات,high,prev_progress in workbook is informational; platform will recompute server-side from approved claims (Migration 048).
CMH_01-C01,20,285,توريد وتركيب وتوصيل وإختبار وفحص اجهزة الإنارة ويشمل اللمبات وأقواس التركيب وحبال التعليق وقطع الأكسسوار و ايضا نقاط الانارة متضمنة مواسير/أقنية قاسية عالية التحمل PVC  أوEMT وعلب ذات أسلاك لاتقل عن 0.4 مم2 لنقطة الإنارة وتوصيل أطراف أسلاك التأريض،وكل الأعمال المساعدة كما هو محدد وموضح في المخططات على المقاول المعاينة و فحص الشبكة الحالية و الاستفادة من التمديدات الحالية و دمجها  علما بان البند يشمل جميع الوصلات و الاسلاك و الكابلات اللازمة لنهو العمل  بعد عمل الاختبارات اللازمة و بعد الموافقة من مهندس المشرف . Type E1,عدد,540.0,12.0,6.0,2.0,8.0,1080.0,66.66666666666666,بنود المطالبات,1473,CMH_01_SMART.xlsx,sheet بنود المطالبات,high,prev_progress in workbook is informational; platform will recompute server-side from approved claims (Migration 048).
CMH_01-C01,20,286,توريد وتركيب وتوصيل وإختبار وفحص اجهزة الإنارة ويشمل اللمبات وأقواس التركيب وحبال التعليق وقطع الأكسسوار و ايضا نقاط الانارة متضمنة مواسير/أقنية قاسية عالية التحمل PVC  أوEMT وعلب ذات أسلاك لاتقل عن 0.4 مم2 لنقطة الإنارة وتوصيل أطراف أسلاك التأريض،وكل الأعمال المساعدة كما هو محدد وموضح في المخططات. على المقاول المعاينة و فحص الشبكة الحالية و الاستفادة من التمديدات الحالية و دمجها  علما بان البند يشمل جميع الوصلات و الاسلاك و الكابلات اللازمة لنهو العمل  بعد عمل الاختبارات اللازمة و بعد الموافقة من مهندس المشرف . Type E2,عدد,504.0,186.0,205.0,43.0,248.0,21672.0,133.33333333333331,بنود المطالبات,1474,CMH_01_SMART.xlsx,sheet بنود المطالبات,high,prev_progress in workbook is informational; platform will recompute server-side from approved claims (Migration 048).
CMH_01-C01,20,287,توريد وتركيب وتوصيل وإختبار وفحص اجهزة الإنارة ويشمل اللمبات وأقواس التركيب وحبال التعليق وقطع الأكسسوار و ايضا نقاط الانارة متضمنة مواسير/أقنية قاسية عالية التحمل PVC  أوEMT وعلب ذات أسلاك لاتقل عن 0.4 مم2 لنقطة الإنارة وتوصيل أطراف أسلاك التأريض،وكل الأعمال المساعدة كما هو محدد وموضح في المخططات. على المقاول المعاينة و فحص الشبكة الحالية و الاستفادة من التمديدات الحالية و دمجها  علما بان البند يشمل جميع الوصلات و الاسلاك و الكابلات اللازمة لنهو العمل  بعد عمل الاختبارات اللازمة و بعد الموافقة من مهندس المشرف .Type E3,عدد,744.0,260.0,115.0,-45.0,70.0,-33480.0,26.923076923076923,بنود المطالبات,1475,CMH_01_SMART.xlsx,sheet بنود المطالبات,high,prev_progress in workbook is informational; platform will recompute server-side from approved claims (Migration 048).
CMH_01-C01,20,292, توريد وتركيب وتوصيل وإختبار وفحص اجهزة الإنارة ويشمل اللمبات وأقواس التركيب وحبال التعليق وعلبEMT أو PVC  وقطع الأكسسوار و ايضا نقاط الانارة متضمنة مواسير/أقنية قاسية عالية التحمل ذات أسلاك لاتقل عن 0.4 مم2 لنقطة الإنارة وتوصيل أطراف أسلاك التأريض،وكل الأعمال المساعدة كما.هو محدد وموضح في المخططات  على المقاول المعاينة و فحص الشبكة الحالية و الاستفادة من التمديدات الحالية و دمجها  علما بان البند يشمل جميع الوصلات و الاسلاك و الكابلات اللازمة لنهو العمل  بعد عمل الاختبارات اللازمة و بعد. الموافقة من مهندس المشرف Type LB5,م.ط,174.0,263.0,348.0,-348.0,0.0,-60552.0,0,بنود المطالبات,1476,CMH_01_SMART.xlsx,sheet بنود المطالبات,high,prev_progress in workbook is informational; platform will recompute server-side from approved claims (Migration 048).
CMH_01-C01,20,293,توريد وتركيب وتوصيل وإختبار وفحص اجهزة الإنارة ويشمل اللمبات وأقواس التركيب وحبال التعليق وقطع الأكسسوار و ايضا نقاط الانارة متضمنة مواسير/أقنية قاسية عالية التحمل PVC  أوEMT وعلب ذات أسلاك لاتقل عن 0.4 مم2 لنقطة الإنارة وتوصيل أطراف أسلاك التأريض،وكل الأعمال المساعدة كما هو محدد وموضح في المخططات. على المقاول المعاينة و فحص الشبكة الحالية و الاستفادة من التمديدات الحالية و دمجها  علما بان البند يشمل جميع الوصلات و الاسلاك و الكابلات اللازمة لنهو العمل  بعد عمل الاختبارات اللازمة و بعد الموافقة من مهندس المشرف .Type LB6,م.ط,174.0,25.0,52.0,-52.0,0.0,-9048.0,0,بنود المطالبات,1477,CMH_01_SMART.xlsx,sheet بنود المطالبات,high,prev_progress in workbook is informational; platform will recompute server-side from approved claims (Migration 048).
CMH_01-C01,20,294,توريد وتركيب وتوصيل وإختبار وفحص اجهزة الإنارة ويشمل اللمبات وأقواس التركيب وحبال التعليق وقطع الأكسسوار و ايضا نقاط الانارة متضمنة مواسير/أقنية قاسية عالية التحمل PVC  أوEMT وعلب ذات أسلاك لاتقل عن 0.4 مم2 لنقطة الإنارة وتوصيل أطراف أسلاك التأريض،وكل الأعمال المساعدة كما هو محدد وموضح في المخططات. على المقاول المعاينة و فحص الشبكة الحالية و الاستفادة من التمديدات الحالية و دمجها  علما بان البند يشمل جميع الوصلات و الاسلاك و الكابلات اللازمة لنهو العمل  بعد عمل الاختبارات اللازمة و بعد الموافقة من مهندس المشرف .Type LB7,عدد,174.0,2.0,2.0,-2.0,0.0,-348.0,0,بنود المطالبات,1478,CMH_01_SMART.xlsx,sheet بنود المطالبات,high,prev_progress in workbook is informational; platform will recompute server-side from approved claims (Migration 048).
CMH_01-C01,20,298,توريد وتركيب وتوصيل وإختبار وفحص اجهزة الإنارة ويشمل اللمبات وأقواس التركيب وحبال التعليق وقطع الأكسسوار و ايضا نقاط الانارة متضمنة مواسير/أقنية قاسية عالية التحمل PVC  أوEMT وعلب ذات أسلاك لاتقل عن 0.4 مم2 لنقطة الإنارة وتوصيل أطراف أسلاك التأريض،وكل الأعمال المساعدة كما هو محدد وموضح في المخططات. على المقاول المعاينة و فحص الشبكة الحالية و الاستفادة من التمديدات الحالية و دمجها  علما بان البند يشمل جميع الوصلات و الاسلاك و الكابلات اللازمة لنهو العمل  بعد عمل الاختبارات اللازمة و بعد الموافقة من مهندس المشرف . Type P1,عدد,420.0,75.0,100.0,2.0,102.0,840.0,136,بنود المطالبات,1479,CMH_01_SMART.xlsx,sheet بنود المطالبات,high,prev_progress in workbook is informational; platform will recompute server-side from approved claims (Migration 048).
CMH_01-C01,20,299,توريد وتركيب وتوصيل وإختبار وفحص اجهزة الإنارة ويشمل اللمبات وأقواس التركيب وحبال التعليق وقطع الأكسسوار و ايضا نقاط الانارة متضمنة مواسير/أقنية قاسية عالية التحمل PVC  أوEMT وعلب ذات أسلاك لاتقل عن 0.4 مم2 لنقطة الإنارة وتوصيل أطراف أسلاك التأريض،وكل الأعمال المساعدة كما هو محدد وموضح في المخططات. على المقاول المعاينة و فحص الشبكة الحالية و الاستفادة من التمديدات الحالية و دمجها  علما بان البند يشمل جميع الوصلات و الاسلاك و الكابلات اللازمة لنهو العمل  بعد عمل الاختبارات اللازمة و بعد الموافقة من مهندس المشرف . Type T1,عدد,744.0,1146.0,773.0,87.0,860.0,64728.0,75.04363001745202,بنود المطالبات,1480,CMH_01_SMART.xlsx,sheet بنود المطالبات,high,prev_progress in workbook is informational; platform will recompute server-side from approved claims (Migration 048).
CMH_01-C01,20,300,توريد وتركيب وتوصيل وإختبار وفحص اجهزة الإنارة ويشمل اللمبات وأقواس التركيب وحبال التعليق وقطع الأكسسوار و ايضا نقاط الانارة متضمنة مواسير/أقنية قاسية عالية التحمل PVC  أوEMT وعلب ذات أسلاك لاتقل عن 0.4 مم2 لنقطة الإنارة وتوصيل أطراف أسلاك التأريض،وكل الأعمال المساعدة كما هو محدد وموضح في المخططات. على المقاول المعاينة و فحص الشبكة الحالية و الاستفادة من التمديدات الحالية و دمجها  علما بان البند يشمل جميع الوصلات و الاسلاك و الكابلات اللازمة لنهو العمل  بعد عمل الاختبارات اللازمة و بعد الموافقة من مهندس المشرف . Type CH-1,عدد,14400.0,4.0,3.0,1.0,4.0,14400.0,100,بنود المطالبات,1481,CMH_01_SMART.xlsx,sheet بنود المطالبات,high,prev_progress in workbook is informational; platform will recompute server-side from approved claims (Migration 048).
CMH_01-C01,20,301,توريد وتركيب وتوصيل وإختبار وفحص اجهزة الإنارة ويشمل اللمبات وأقواس التركيب وحبال التعليق وقطع الأكسسوار و ايضا نقاط الانارة متضمنة مواسير/أقنية قاسية عالية التحمل PVC  أوEMT وعلب ذات أسلاك لاتقل عن 0.4 مم2 لنقطة الإنارة وتوصيل أطراف أسلاك التأريض،وكل الأعمال المساعدة كما هو محدد وموضح في المخططات. على المقاول المعاينة و فحص الشبكة الحالية و الاستفادة من التمديدات الحالية و دمجها  علما بان البند يشمل جميع الوصلات و الاسلاك و الكابلات اللازمة لنهو العمل  بعد عمل الاختبارات اللازمة و بعد الموافقة من مهندس المشرف . Type CH-2,عدد,4200.0,6.0,5.0,1.0,6.0,4200.0,100,بنود المطالبات,1482,CMH_01_SMART.xlsx,sheet بنود المطالبات,high,prev_progress in workbook is informational; platform will recompute server-side from approved claims (Migration 048).
CMH_01-C01,20,302,توريد وتركيب وتوصيل وإختبار وفحص اجهزة الإنارة ويشمل اللمبات وأقواس التركيب وحبال التعليق وقطع الأكسسوار و ايضا نقاط الانارة متضمنة مواسير/أقنية قاسية عالية التحمل PVC  أوEMT وعلب ذات أسلاك لاتقل عن 0.4 مم2 لنقطة الإنارة وتوصيل أطراف أسلاك التأريض،وكل الأعمال المساعدة كما هو محدد وموضح في المخططات. على المقاول المعاينة و فحص الشبكة الحالية و الاستفادة من التمديدات الحالية و دمجها  علما بان البند يشمل جميع الوصلات و الاسلاك و الكابلات اللازمة لنهو العمل  بعد عمل الاختبارات اللازمة و بعد الموافقة من مهندس المشرف .Type CH-3,عدد,18000.0,3.0,1.0,1.0,2.0,18000.0,66.66666666666666,بنود المطالبات,1483,CMH_01_SMART.xlsx,sheet بنود المطالبات,high,prev_progress in workbook is informational; platform will recompute server-side from approved claims (Migration 048).
CMH_01-C01,20,303,توريد وتركيب وتوصيل واختبار مفاتيح التحكم بالإنارة / أزرار كبس 10 أمبير، 230 فولت، وتشمل كل المواسير معزولة ب  PVC وأسلاك نحاس  0.4 مم2 حتى وحدات الانارة حسب الموضح على المخططات وحسب المواصفات على المقاول المعاينة و فحص الشبكة الحالية و الاستفادة من التمديدات الحالية و دمجها مع التركيبات الجديدة بعد عمل الاختبارات اللازمة و بعد الموافقة من مهندس المشرف . مفتاح أحادي ، أحادي الكباّس، 10 أمبير,عدد,216.0,226.0,150.0,88.0,238.0,19008.0,105.30973451327435,بنود المطالبات,1484,CMH_01_SMART.xlsx,sheet بنود المطالبات,high,prev_progress in workbook is informational; platform will recompute server-side from approved claims (Migration 048).
CMH_01-C01,20,304,توريد وتركيب وتوصيل واختبار مفاتيح التحكم بالإنارة / أزرار كبس 10 أمبير، 230 فولت، وتشمل كل المواسير معزولة ب  PVC وأسلاك نحاس  0.4 مم2 حتى وحدات الانارة حسب الموضح على المخططات وحسب المواصفات. على المقاول المعاينة و فحص الشبكة الحالية و الاستفادة من التمديدات الحالية و دمجها مع التركيبات الجديدة بعد عمل الاختبارات اللازمة و بعد الموافقة من مهندس المشرف .مفتاح أحادي ، ثنائي الكباّس، 10 أمبير,عدد,216.0,490.0,278.0,208.0,486.0,44928.0,99.18367346938776,بنود المطالبات,1485,CMH_01_SMART.xlsx,sheet بنود المطالبات,high,prev_progress in workbook is informational; platform will recompute server-side from approved claims (Migration 048).
CMH_01-C01,20,305,توريد وتركيب وتوصيل واختبار مفاتيح التحكم بالإنارة / أزرار كبس 10 أمبير، 230 فولت، وتشمل كل المواسير معزولة ب  PVC وأسلاك نحاس  0.4 مم2 حتى وحدات الانارة حسب الموضح على المخططات وحسب المواصفات. على المقاول المعاينة و فحص الشبكة الحالية و الاستفادة من التمديدات الحالية و دمجها مع التركيبات الجديدة بعد عمل الاختبارات اللازمة و بعد الموافقة من مهندس المشرف .مفتاح ثلاثي ، ثلاثي الكباّس، 10 أمبير,عدد,120.0,108.0,0.0,67.0,67.0,8040.0,62.03703703703704,بنود المطالبات,1486,CMH_01_SMART.xlsx,sheet بنود المطالبات,high,prev_progress in workbook is informational; platform will recompute server-side from approved claims (Migration 048).
CMH_01-C01,20,306,توريد وتركيب وتوصيل واختبار مفاتيح التحكم بالإنارة / أزرار كبس 10 أمبير، 230 فولت، وتشمل كل المواسير معزولة ب  PVC وأسلاك نحاس  0.4 مم2 حتى وحدات الانارة حسب الموضح على المخططات وحسب المواصفات. على المقاول المعاينة و فحص الشبكة الحالية و الاستفادة من التمديدات الحالية و دمجها مع التركيبات الجديدة بعد عمل الاختبارات اللازمة و بعد الموافقة من مهندس المشرف .مفتاح ثنائي ، ثنائي الكباّس، 10 أمبير,عدد,216.0,66.0,24.0,-13.0,11.0,-2808.0,16.666666666666664,بنود المطالبات,1487,CMH_01_SMART.xlsx,sheet بنود المطالبات,high,prev_progress in workbook is informational; platform will recompute server-side from approved claims (Migration 048).
CMH_01-C01,20,307," توريد وتركيب وتوصيل وتجريب مفاتيح ذات أضواء دليلية وتشمل الماسورة والأسلاك حسب المبيّن على.المخططات و ذلك لسخانات المياه  وحسب المواصفات 20 Amp., 230 V, 1PH",عدد,300.0,77.0,70.0,41.0,111.0,12300.0,144.15584415584414,بنود المطالبات,1488,CMH_01_SMART.xlsx,sheet بنود المطالبات,high,prev_progress in workbook is informational; platform will recompute server-side from approved claims (Migration 048).
CMH_01-C01,20,308,توريد وتركيب و فحص وتسليم نظام انذار حريق معنون  يتضمن لوحة إنذار رئيسية مرتبطة بحاسب مع طابعة  مزود  ببرنامج مصنع خصيصاً لهذا النوع من الأنظمة  قادر على التوافق مع نظام المراقبة التلفزيونية  و التحكم بالدخول و المراقبة . و ذلك باستخدام كوابل مخصصة لأنظمة إنذار الحريق ذات غلاف خارجي من نوع LSOH و يجب أن لا يقل الناقل عن Cx1.5mm2   و يتم التركيب ضمن مواسير من النوع EMT    و تشمل اعمال المدنية إن لزم ذلك  وكل ما يلزم لإتمام العمل على اكمل وجه. على المقاول المعاينة و فحص الشبكة الحالية و الاستفادة من التمديدات الحالية و دمجها مع التركيبات الجديدة بعد عمل الاختبارات اللازمة و بعد الموافقة من مهندس المشرف . على المقاول عمل ربط  انذار الحريق مع نظام ادارة المبنى BMS,عدد,28800.0,1.0,0.2,0.8,1.0,23040.0,100,بنود المطالبات,1489,CMH_01_SMART.xlsx,sheet بنود المطالبات,high,prev_progress in workbook is informational; platform will recompute server-side from approved claims (Migration 048).
CMH_01-C01,20,309, كاشف انذار دخان من النوع المعنون طبقا للمخططات  ومواصفات المشروع,عدد,276.0,715.0,805.0,81.0,886.0,22356.0,123.9160839160839,بنود المطالبات,1490,CMH_01_SMART.xlsx,sheet بنود المطالبات,high,prev_progress in workbook is informational; platform will recompute server-side from approved claims (Migration 048).
CMH_01-C01,20,311, وحدة إنذار حريق يدوية من النوع المعنون طبقا للمخططات  ومواصفات المشروع,عدد,384.0,54.0,43.0,5.0,48.0,1920.0,88.88888888888889,بنود المطالبات,1491,CMH_01_SMART.xlsx,sheet بنود المطالبات,high,prev_progress in workbook is informational; platform will recompute server-side from approved claims (Migration 048).
CMH_01-C01,20,313,وحدة تحكم  )Control module( من النوع المعنون طبقا للمخططات  ومواصفات المشروع,عدد,420.0,69.0,204.0,14.0,218.0,5880.0,315.94202898550725,بنود المطالبات,1492,CMH_01_SMART.xlsx,sheet بنود المطالبات,high,prev_progress in workbook is informational; platform will recompute server-side from approved claims (Migration 048).
CMH_01-C01,20,314,وحدة جرس إنذار حريق داخلى طبقا للمخططات  ومواصفات المشروع,عدد,576.0,24.0,35.0,11.0,46.0,6336.0,191.66666666666669,بنود المطالبات,1493,CMH_01_SMART.xlsx,sheet بنود المطالبات,high,prev_progress in workbook is informational; platform will recompute server-side from approved claims (Migration 048).
CMH_01-C01,20,315,وحدة هاتف رجل الاطفاء حريق داخلى )fireman telephone Jack ( طبقا للمخططات  ومواصفات المشروع,عدد,960.0,24.0,2.0,-2.0,0.0,-1920.0,0,بنود المطالبات,1494,CMH_01_SMART.xlsx,sheet بنود المطالبات,high,prev_progress in workbook is informational; platform will recompute server-side from approved claims (Migration 048).
CMH_01-C01,20,316,وحدات لاسلكية لتوفير خدمة شبكة المعلومات )Wireless Access Points(,عدد,1080.0,181.0,146.0,25.0,171.0,27000.0,94.47513812154696,بنود المطالبات,1495,CMH_01_SMART.xlsx,sheet بنود المطالبات,high,prev_progress in workbook is informational; platform will recompute server-side from approved claims (Migration 048).
CMH_01-C01,20,323,"توريد وتركيب واختبار نظام التحكم فى الدخول بروتوكول IP مع البرامج الخاصة بنظام التحكم بتقنية integration RFID dual ، مع المواسير والكابالت وكل الملحقات لضمان عمل النظام على الوجه االكمل وحسب المواصفات والمخططات وتعليمات الشركة المصنعة وتعليمات ومواصفات إدارة الـ IT
بالوزارة و كل ما يلزم من مواد وأعمال كهربائية و مدنية مع تقديم ضمان من المصنع لمدة 3( سنوات)
لكافة مكونات النظام وخدمة الصيانة من مراكز المصنع بالمملكة ، ويحتوي النظام علي البنود التالية :
وحدة زر خروج من النوع button( )Push",عدد,606.0,218.0,13.0,2.0,15.0,1212.0,6.8807339449541285,بنود المطالبات,1496,CMH_01_SMART.xlsx,sheet بنود المطالبات,high,prev_progress in workbook is informational; platform will recompute server-side from approved claims (Migration 048).
CMH_01-C01,20,324,"توريد وتركيب وإختبار نظام النداء الصوتي العام يتضمن كافة الكابالت و المواسير و العلب و النهايات مع كامل اكسسوارات التركيب الالزمة وتشغيل تجهيزات الصوت و تركيب المعدات الرئيسية بغرفة التحكم حسب المخططات و المواصفات وتعليمات الشركة المصنعة مشتمال على كل ما يلزم التمام العمل
و ربطه مع نظام الحريق و ادارة المبنى و يتكون من االتي -:
سماعة سقفية 6 وات
",عدد,420.0,252.0,146.0,7.0,153.0,2940.0,60.71428571428571,بنود المطالبات,1497,CMH_01_SMART.xlsx,sheet بنود المطالبات,high,prev_progress in workbook is informational; platform will recompute server-side from approved claims (Migration 048).
CMH_01-C01,20,327,"توريد وتركيب وإختبار المخارج اآلتية شاملة الكابالت 6A( )CAT والمواسير وعلب التوصيل وعلب السحب واألغطية و الوصالت cords Patch وخالفه حسب المواصفات ووفقا لما هو موضح بالمخططات مع جميع االكسسوارات لعمل النظام على أكمل وجه ومن أجود األنواع األصلية وحسب تعليمات ومواصفات إدارة الــ IT بالوزارة وكل ما يلزم من المخرج وحتى rack IT
على المقاول المعاينة و فحص الشبكة الحالية و االستفادة من التمديدات الحالية و دمجها مع التركيبات
الجديدة بعد عمل االختبارات الالزمة و بعد الموافقة من مهندس المشرف -:.
مخرج فردي حائطي مزود بعدد واحد مأخذ RJ-45
",عدد,432.0,206.0,278.0,12.0,290.0,5184.0,140.7766990291262,بنود المطالبات,1498,CMH_01_SMART.xlsx,sheet بنود المطالبات,high,prev_progress in workbook is informational; platform will recompute server-side from approved claims (Migration 048).
CMH_01-C01,20,328,"توريد وتركيب وإختبار المخارج اآلتية شاملة الكابالت 6A( )CAT والمواسير وعلب التوصيل وعلب السحب واألغطية و الوصالت cords Patch وخالفه حسب المواصفات ووفقا لما هو موضح بالمخططات مع جميع االكسسوارات لعمل النظام على أكمل وجه ومن أجود األنواع األصلية وحسب تعليمات ومواصفات إدارة الــ IT بالوزارة وكل ما يلزم من المخرج وحتى rack IT
على المقاول المعاينة و فحص الشبكة الحالية و االستفادة من التمديدات الحالية و دمجها مع التركيبات
الجديدة بعد عمل االختبارات الالزمة و بعد الموافقة من مهندس المشرف -:.
مخرج HDMI مع الكوابل اللازمة",عدد,540.0,33.0,45.0,4.0,49.0,2160.0,148.4848484848485,بنود المطالبات,1499,CMH_01_SMART.xlsx,sheet بنود المطالبات,high,prev_progress in workbook is informational; platform will recompute server-side from approved claims (Migration 048).
CMH_01-C01,20,330,"خزانة تجهيزات 42 U مقاس 2000×1000×800 ملم من أجود األنواع العالمية مع جميع االكسسوارات الالزمة من قاطع رئيسي 32( أمبير) وموزعات و مراوح و منظمات مسير الكوابل و كل
ما يلزم التمام العمل وحسب مواصفات وتعليمات إدارة الـ IT بالوزارة.",عدد,66000.0,12.0,11.0,1.0,12.0,66000.0,100,بنود المطالبات,1500,CMH_01_SMART.xlsx,sheet بنود المطالبات,high,prev_progress in workbook is informational; platform will recompute server-side from approved claims (Migration 048).
CMH_01-C01,20,331,"لوحة توزيع رئيسية لنظام كابالت األلياف الضوئية Panel Patch Optical مزودة بعدد )12( موصل
من النوع Multimode",عدد,2640.0,12.0,10.0,2.0,12.0,5280.0,100,بنود المطالبات,1501,CMH_01_SMART.xlsx,sheet بنود المطالبات,high,prev_progress in workbook is informational; platform will recompute server-side from approved claims (Migration 048).
CMH_01-C01,20,332,لوحات توزيع كابالت نحاسية Panel Patch a 6 CAT مع الوصالت لعدد 24 مخرج,عدد,2400.0,55.0,72.0,1.0,73.0,2400.0,132.72727272727275,بنود المطالبات,1502,CMH_01_SMART.xlsx,sheet بنود المطالبات,high,prev_progress in workbook is informational; platform will recompute server-side from approved claims (Migration 048).
CMH_01-C01,20,333,"توريد وتركيب وتوصيل جميع تمديدات كابالت األلياف الضوئية ( الفايبر) من نوع 12core - multimode من الموزعات الفرعية بكبائن األدوارإلى الموزع الرئيسى بغرفة الداتا الرئيسية وذلك حسب المواصفات القياسية والبند يشمل كافة وسائل وإكسسوارات التركيب والتثبيت و على المقاول تقديم
الحسابات لالعتمادها من قبل المهندس المشرف
",عدد,14400.0,6.0,8.0,4.0,12.0,57600.0,200,بنود المطالبات,1503,CMH_01_SMART.xlsx,sheet بنود المطالبات,high,prev_progress in workbook is informational; platform will recompute server-side from approved claims (Migration 048).
CMH_01-C01,20,334,فك و تقطيع وتنزيل و ترحيل مواسير شبكة الصرف و التغذية القائمة و البند يشمل فك القطع والترحيل خارج الموقع وتسليم جميع مكونات شبكة الصرف و التغذية للجهة مالكة المشروع ,م.ط,16.523,0.0,4371.0,523.1,4894.1,8643.1813,,بنود المطالبات,1504,CMH_01_SMART.xlsx,sheet بنود المطالبات,high,prev_progress in workbook is informational; platform will recompute server-side from approved claims (Migration 048).
CMH_01-C01,20,335, توريد و تركيب خرسانة مسلحة ، لا يقل إجهاد كسرها عن 35 ميجا باسكال لزوم خرسانات  الأسقف ، بأسمنت من النوع (أ)، طبقاً للمخططات . ويشمل السعر القوالب  وحديد التسليح  و الربط مع الكمرات الحالية بالتكسير و المضافات الخرسانية و الخلط والنقل والصب والمعالجة والاختبار حسب المخططات لإنهاء الأعمال حسب اصول الصنع وتوجيهات المهندس المشرف ,م³,1600.0,0.0,4.17,40.83,45.0,65328.0,,بنود المطالبات,1505,CMH_01_SMART.xlsx,sheet بنود المطالبات,high,prev_progress in workbook is informational; platform will recompute server-side from approved claims (Migration 048).
CMH_01-C01,20,340,ازالة وتكسير وترحيل ارضيات الخرسانة,م²,69.42,0.0,2900.0,660.14,3560.14,45826.9188,,بنود المطالبات,1506,CMH_01_SMART.xlsx,sheet بنود المطالبات,high,prev_progress in workbook is informational; platform will recompute server-side from approved claims (Migration 048).
CMH_01-C01,20,341,فك و تقطيع وتنزيل و ترحيل مواسير شبكة مكافحة الحريق القائمة و البند يشمل فك الرشاشات والترحيل خارج الموقع وتسليم جميع مكونات شبكة الحريق للجهة مالكة المشروع ,م.ط,20.88,0.0,14490.0,700.22,15190.22,14620.5936,,بنود المطالبات,1507,CMH_01_SMART.xlsx,sheet بنود المطالبات,high,prev_progress in workbook is informational; platform will recompute server-side from approved claims (Migration 048).
CMH_01-C01,20,342,فك وفحص و إختبار وحدات VAV القائمة بالمبنى و البند يشمل  الترحيل لمستودعات الجهة مالكة المشروع بمدينة الرياض ,عدد,450.0,0.0,194.0,81.0,275.0,36450.0,,بنود المطالبات,1508,CMH_01_SMART.xlsx,sheet بنود المطالبات,high,prev_progress in workbook is informational; platform will recompute server-side from approved claims (Migration 048).
CMH_01-C01,20,343,فك و إزالة  مجاري الهواء من الصفائح المعدنية المجلفنة شامل الاكواع و التفريعات و التحويله و العامة وحاملة التعليق و الترحيل إلى مستودعات الجهة مالكة المشروع بمدينة الرياض  ,م.ط,106.0,0.0,11914.42,993.88,12908.3,105351.28,,بنود المطالبات,1509,CMH_01_SMART.xlsx,sheet بنود المطالبات,high,prev_progress in workbook is informational; platform will recompute server-side from approved claims (Migration 048).
CMH_01-C01,20,344,"تصنيع و توريد و تركيب شباك دبل أكشن (Tilt &turn)مقاس
 (1.0متر *3.0متر ) ثابت مع مفصلات ",م²,1665.0,0.0,42.0,18.0,60.0,29970.0,,بنود المطالبات,1510,CMH_01_SMART.xlsx,sheet بنود المطالبات,high,prev_progress in workbook is informational; platform will recompute server-side from approved claims (Migration 048).
CMH_01-C01,20,345,"تصنيع و توريد و تركيب شباك دبل أكشن (Tilt &turn)مقاس
 1.0 متر * 4.40متر ) ثابت مع مفصلات ",م²,1665.0,0.0,8.0,0.8,8.8,1332.0,,بنود المطالبات,1511,CMH_01_SMART.xlsx,sheet بنود المطالبات,high,prev_progress in workbook is informational; platform will recompute server-side from approved claims (Migration 048).
CMH_01-C01,20,346,"
توريد وتركيب مرحاض افرنجي مثبت على الحائط  مع محبس دفق (Flush valve)  مع زر دفق من الكروم ، مع غطاء للمرحاض مقاوم للبكتريا من نوع soft closing",عدد,2408.39,0.0,50.0,25.0,75.0,60209.75,,بنود المطالبات,1512,CMH_01_SMART.xlsx,sheet بنود المطالبات,high,prev_progress in workbook is informational; platform will recompute server-side from approved claims (Migration 048).
CMH_01-C01,20,347,"
توريد وتركيب مرحاض افرنجي مثبت على الحائط  مع محبس دفق (Flush valve) مزود بحساس مع زر دفق من الكروم، مع غطاء للمرحاض مقاوم للبكتريا من نوع soft closing",عدد,4186.79,0.0,14.0,10.0,24.0,41867.9,,بنود المطالبات,1513,CMH_01_SMART.xlsx,sheet بنود المطالبات,high,prev_progress in workbook is informational; platform will recompute server-side from approved claims (Migration 048).
CMH_01-C01,20,348,توريد وتركيب برادات مياة حسب العينة المعتمدة ويتم التركيب طبقاً للمخططات والمواصفات الفنية وبحسب توجيهات واعتماد المهندس المشرف.,عدد,12600.0,0.0,21.0,2.0,23.0,25200.0,,بنود المطالبات,1514,CMH_01_SMART.xlsx,sheet بنود المطالبات,high,prev_progress in workbook is informational; platform will recompute server-side from approved claims (Migration 048).
CMH_01-C01,20,349, توريد و تركيب مراوح سحب الهواء (AXIAL INLINE FAN)  تشمل عمليات التوريد و التركيب و الاختبار و التثبيت  سعة 100 قدم مكعب بالدقيقة بالدور الثالث والرابع والخامس,عدد,1160.4,0.0,4.0,2.0,6.0,2320.8,,بنود المطالبات,1515,CMH_01_SMART.xlsx,sheet بنود المطالبات,high,prev_progress in workbook is informational; platform will recompute server-side from approved claims (Migration 048).
CMH_01-C01,20,350,"توريد وتركيب  
سماعة معلقة 6 وات لون اسود مع الكابلات والتمديدات  حسب المخططات   والبند يشمل جميع التمديدات المواسير للسماعات قطر 3/4  بوصة من الEMT  وسحب الاسلاك  الخاصة بنظام الصوت. ",عدد,1380.0,0.0,116.0,17.0,133.0,23460.0,,بنود المطالبات,1516,CMH_01_SMART.xlsx,sheet بنود المطالبات,high,prev_progress in workbook is informational; platform will recompute server-side from approved claims (Migration 048).
CMH_01-C01,20,351,توريد وتركيب وفرد دهان ايبوكسي لزوم الدربزينات بالفناء الوسطي و البهو الداخلي بين الادوار و المدخل ويتم التركيب طبقاً للمخططات والمواصفات الفنية و المواد المعتمدة  .,م.ط,45.0,0.0,784.0,76.0,860.0,3420.0,,بنود المطالبات,1517,CMH_01_SMART.xlsx,sheet بنود المطالبات,high,prev_progress in workbook is informational; platform will recompute server-side from approved claims (Migration 048).
CMH_01-C01,20,353,"للمواسير داخل المبنى من مواسير متعددة الطبقات بولي بروبلين كما هو موصف تشمل كافة القطع التركيبية مثل القارنات من الحديد الصلب الغير قابل للصدأ والأكواع والمنحنيات والتفريعات والدعامات ، كما هو مبين في المخططات لتركيب مايلي من الأقطار الداخلية مع ربطه بالشبكة الحالية لاقرب نقطة و على المقاول تقديم المخططات التنفيذية و الحسابات الهيدروليكية و اعتمادها قبل البدأ بتنفيذ الاعمال من المهندس المشرف للاقطار  الداخلية :
قطر 75 مم",م.ط,298.0,0.0,71.0,9.0,80.0,2682.0,,بنود المطالبات,1518,CMH_01_SMART.xlsx,sheet بنود المطالبات,high,prev_progress in workbook is informational; platform will recompute server-side from approved claims (Migration 048).
CMH_01-C01,20,354,"للمواسير داخل المبنى من مواسير متعددة الطبقات بولي بروبلين كما هو موصف تشمل كافة القطع التركيبية مثل القارنات من الحديد الصلب الغير قابل للصدأ والأكواع والمنحنيات والتفريعات والدعامات ، كما هو مبين في المخططات لتركيب مايلي من الأقطار الداخلية مع ربطه بالشبكة الحالية لاقرب نقطة و على المقاول تقديم المخططات التنفيذية و الحسابات الهيدروليكية و اعتمادها قبل البدأ بتنفيذ الاعمال من المهندس المشرف للاقطار  الداخلية :
قطر 63 مم",م.ط,179.0,0.0,39.0,1.0,40.0,179.0,,بنود المطالبات,1519,CMH_01_SMART.xlsx,sheet بنود المطالبات,high,prev_progress in workbook is informational; platform will recompute server-side from approved claims (Migration 048).
CMH_01-C01,20,355,"توريد وتركيب محبس بوابة (GATE VALVE) يركب علي شبكة المواسير داخل المبني ، والبند يشمل جميع القطع والتوصيلات اللازمة للتركيب وذلك للأقطار التالية:
قطر 3 بوصة",عدد,2180.0,0.0,39.0,-35.0,4.0,-76300.0,,بنود المطالبات,1520,CMH_01_SMART.xlsx,sheet بنود المطالبات,high,prev_progress in workbook is informational; platform will recompute server-side from approved claims (Migration 048).
CMH_01-C01,20,356,"توريد وتركيب محبس بوابة (GATE VALVE) يركب علي شبكة المواسير داخل المبني ، والبند يشمل جميع القطع والتوصيلات اللازمة للتركيب وذلك للأقطار التالية:
قطر 2.5 بوصة",عدد,1663.0,0.0,29.0,3.0,32.0,4989.0,,بنود المطالبات,1521,CMH_01_SMART.xlsx,sheet بنود المطالبات,high,prev_progress in workbook is informational; platform will recompute server-side from approved claims (Migration 048).
CMH_01-C01,20,357,"توريد وتركيب محبس بوابة (GATE VALVE) يركب علي شبكة المواسير داخل المبني ، والبند يشمل جميع القطع والتوصيلات اللازمة للتركيب وذلك للأقطار التالية:
قطر 1.25 بوصة",عدد,621.0,0.0,26.0,2.0,28.0,1242.0,,بنود المطالبات,1522,CMH_01_SMART.xlsx,sheet بنود المطالبات,high,prev_progress in workbook is informational; platform will recompute server-side from approved claims (Migration 048).
CMH_01-C01,20,358,"توريد وتركيب محبس تخفيض ضغط (PRV) يركب علي شبكة المواسير داخل المبني ، والبند يشمل جميع القطع والتوصيلات اللازمة للتركيب وذلك للأقطار التالية:
قطر 2 بوصة",عدد,1772.0,0.0,26.0,2.0,28.0,3544.0,,بنود المطالبات,1523,CMH_01_SMART.xlsx,sheet بنود المطالبات,high,prev_progress in workbook is informational; platform will recompute server-side from approved claims (Migration 048).
CMH_01-C01,20,359,"توريد وتركيب محبس تخفيض ضغط (PRV) يركب علي شبكة المواسير داخل المبني ، والبند يشمل جميع القطع والتوصيلات اللازمة للتركيب وذلك للأقطار التالية:
قطر 1.25 بوصة",عدد,772.0,0.0,26.0,2.0,28.0,1544.0,,بنود المطالبات,1524,CMH_01_SMART.xlsx,sheet بنود المطالبات,high,prev_progress in workbook is informational; platform will recompute server-side from approved claims (Migration 048).
CMH_01-C01,20,360,"توريد وتركيب محبس تنفيس الهواء (AUTOMATIC AIR VENT) يركب علي شبكة المواسير داخل المبني ، والبند يشمل جميع القطع والتوصيلات اللازمة للتركيب وذلك للأقطار التالية:
قطر 1 بوصة",عدد,90.0,0.0,7.0,1.0,8.0,90.0,,بنود المطالبات,1525,CMH_01_SMART.xlsx,sheet بنود المطالبات,high,prev_progress in workbook is informational; platform will recompute server-side from approved claims (Migration 048).
CMH_01-C01,20,367, توريد و تركيب حوض خدمة  (JANITOR SINK) والبند يشمل كوع الصرف والخلاط وجميع ما يلزم للتركيب والتثبيت,عدد,2445.0,0.0,25.0,2.0,27.0,4890.0,,بنود المطالبات,1526,CMH_01_SMART.xlsx,sheet بنود المطالبات,high,prev_progress in workbook is informational; platform will recompute server-side from approved claims (Migration 048).
CMH_01-C01,20,370,توريد وتركيب جدار خشبى مقاوم للحريق ,م²,2634.65,0.0,130.0,6.52,136.52,17177.917999999998,,بنود المطالبات,1527,CMH_01_SMART.xlsx,sheet بنود المطالبات,high,prev_progress in workbook is informational; platform will recompute server-side from approved claims (Migration 048).
CMH_01-C01,20,372,توريد وتركيب بورسلان للمبنى PW-01(A)-SUTILEGRIS PULIDO,م²,186.63,0.0,660.0,14.32,674.32,2672.5416,,بنود المطالبات,1528,CMH_01_SMART.xlsx,sheet بنود المطالبات,high,prev_progress in workbook is informational; platform will recompute server-side from approved claims (Migration 048).
CMH_01-C01,20,373,توريد وتركيب بورسلان للمبنى PW-02-A(VANGLISH PULIDO),م²,186.63,0.0,860.0,31.92,891.92,5957.229600000001,,بنود المطالبات,1529,CMH_01_SMART.xlsx,sheet بنود المطالبات,high,prev_progress in workbook is informational; platform will recompute server-side from approved claims (Migration 048).
CMH_01-C01,20,374,توريد وتركيب بورسلان للمبنى PW-03-B(ATLANTIDA),م²,232.88,0.0,705.0,7.54,712.54,1755.9152,,بنود المطالبات,1530,CMH_01_SMART.xlsx,sheet بنود المطالبات,high,prev_progress in workbook is informational; platform will recompute server-side from approved claims (Migration 048).
CMH_01-C01,20,375,توريد وتركيب  SHOWER SET ,عدد,2080.8,0.0,15.0,2.0,17.0,4161.6,,بنود المطالبات,1531,CMH_01_SMART.xlsx,sheet بنود المطالبات,high,prev_progress in workbook is informational; platform will recompute server-side from approved claims (Migration 048).
CMH_01-C01,20,376,توريد وتركيب واختبار وتشغيل DUCT SMOKE DEECTORS,عدد,1471.34,0.0,0.0,24.0,24.0,35312.159999999996,,بنود المطالبات,1532,CMH_01_SMART.xlsx,sheet بنود المطالبات,high,prev_progress in workbook is informational; platform will recompute server-side from approved claims (Migration 048).
CMH_01-C01,20,377,توريد وتركيب واختبار وتشغيل MULTIDEECTORS,عدد,761.0,0.0,0.0,36.0,36.0,27396.0,,بنود المطالبات,1533,CMH_01_SMART.xlsx,sheet بنود المطالبات,high,prev_progress in workbook is informational; platform will recompute server-side from approved claims (Migration 048).
CMH_01-C01,20,378,بالمتر المسطح توريد وتركيب قماش ستائر(Roller Blind)والسعر يشمل التوريد والتركيب ,م²,77.1,0.0,1100.0,27.0,1127.0,2081.7,,بنود المطالبات,1534,CMH_01_SMART.xlsx,sheet بنود المطالبات,high,prev_progress in workbook is informational; platform will recompute server-side from approved claims (Migration 048).
CMH_01-C01,20,379,بالعدد توريد موتور سومفي فرنسي والسعر يشعمل التوريد والتركيب ,عدد,1409.26,0.0,47.0,5.0,52.0,7046.3,,بنود المطالبات,1535,CMH_01_SMART.xlsx,sheet بنود المطالبات,high,prev_progress in workbook is informational; platform will recompute server-side from approved claims (Migration 048).
CMH_01-C01,20,380,بالعدد توريدریموت سومفي  5قناه والسعر يشعمل التوريد والتركيب ,عدد,338.83,0.0,10.0,3.0,13.0,1016.49,,بنود المطالبات,1536,CMH_01_SMART.xlsx,sheet بنود المطالبات,high,prev_progress in workbook is informational; platform will recompute server-side from approved claims (Migration 048).
CMH_01-C01,20,381,بالعدد توريدریموت سومفي  1قناه والسعر يشعمل التوريد والتركيب  ,عدد,298.98,0.0,10.0,3.0,13.0,896.94,,بنود المطالبات,1537,CMH_01_SMART.xlsx,sheet بنود المطالبات,high,prev_progress in workbook is informational; platform will recompute server-side from approved claims (Migration 048).
CMH_01-C01,20,383,توريد وتركيب رخام بيترا جراى للمينى سماكة 20 مم ,عدد,6600.0,0.0,6.0,2.0,8.0,13200.0,,بنود المطالبات,1538,CMH_01_SMART.xlsx,sheet بنود المطالبات,high,prev_progress in workbook is informational; platform will recompute server-side from approved claims (Migration 048).
CMH_01-C01,20,384,توريد وتركيب واختبار كابل 4*10 مم2 مع عزل حرارى بلاستيك PVC/PVC,م.ط,55.37,0.0,600.0,142.0,742.0,7862.54,,بنود المطالبات,1539,CMH_01_SMART.xlsx,sheet بنود المطالبات,high,prev_progress in workbook is informational; platform will recompute server-side from approved claims (Migration 048).
CMH_01-C01,20,385,"توريد وتركيب ,واستبدال القواطع الخاصة بلوحة ال UPS ",عدد,80.0,0.0,0.0,34.0,34.0,2720.0,,بنود المطالبات,1540,CMH_01_SMART.xlsx,sheet بنود المطالبات,high,prev_progress in workbook is informational; platform will recompute server-side from approved claims (Migration 048).
CMH_01-C01,20,386,توريد وتركيب فيش صناعى 32 أمبير 2P+E,عدد,190.8,0.0,0.0,28.0,28.0,5342.400000000001,,بنود المطالبات,1541,CMH_01_SMART.xlsx,sheet بنود المطالبات,high,prev_progress in workbook is informational; platform will recompute server-side from approved claims (Migration 048).
CMH_01-C01,21,178,للمواسير داخل المبنى من مواسير متعددة الطبقات بولي بروبلين كما هو موصف تشمل كافة القطع التركيبية )مثل القارنات من الحديد الصلب الغير قابل للصدأ والأكواع /المنحنيات والتفريعات والدعامات( والصمامات ومخمدات الصدمة ومنافس الهواء الآلية و المحابس  وكافة الاكسسوارات اللازمة، كما هو مبين في المخططات لتركيب مايلي من الأقطار الخارجية مع ربطه بالشبكة الحالية لاقرب نقطة و على المقاول تقديم المخططات التنفيذية و الحسابات الهيدروليكية و اعتمادها قبل البدا بالتنفيذ الاعمال من المهندس المشرف للاقطار  الداخلية :قطر 32مم,م.ط,102.0,207.0,330.0,85.83,415.83,8754.66,200.8840579710145,بنود المطالبات,1542,CMH_01_SMART.xlsx,sheet بنود المطالبات,high,prev_progress in workbook is informational; platform will recompute server-side from approved claims (Migration 048).
CMH_01-C01,21,185,مواسير صرف وتهوية مصنوعة من 4UPVC class  ذات وصلات انضغاطية ومطاط كما هو موصف وتشمل التهوية من خلال السطح مع الغطاء و طبات التسليك، وكافة قطع التركيبات والعلاقات اللازمة لإستكمال تركيب مايلي من الأقطار الداخلية:قطر 50 مم,م.ط,75.6,426.0,2507.22,0.9685,2508.1884999999997,73.2186,588.7766431924882,بنود المطالبات,1543,CMH_01_SMART.xlsx,sheet بنود المطالبات,high,prev_progress in workbook is informational; platform will recompute server-side from approved claims (Migration 048).
CMH_01-C01,21,219,توريد و تركيب كبائن مكافحة الحريق class II مزوده بمحبس 5.1 بوصة و خرطوم قماشي من مادةمعتمدة و ايضا بها طفاية حريق ABC  سعة 6 كيلو,عدد,4800.0,30.0,39.0,2.0,41.0,9600.0,136.66666666666666,بنود المطالبات,1544,CMH_01_SMART.xlsx,sheet بنود المطالبات,high,prev_progress in workbook is informational; platform will recompute server-side from approved claims (Migration 048).
CMH_01-C01,21,222,وحدات VAV من أعلى العلامات التجارية جودة )BYPASS TYPE( مع سخان كهربائي ، ترموستات إلكتروني رقمي للغرفة ، فليكس. توصيلات ، تثبيت ، دعم ، عازل اهتزاز مع كافة الملحقات المطلوبة حسب المواصفات والرسومات. 02-VAV ، اجمالي الهواء 0-500 ) ق/د( استطاعة التخزين 2 )ك/و(,عدد,6960.0,127.0,103.0,1.0,104.0,6960.0,81.88976377952756,بنود المطالبات,1545,CMH_01_SMART.xlsx,sheet بنود المطالبات,high,prev_progress in workbook is informational; platform will recompute server-side from approved claims (Migration 048).
CMH_01-C01,21,223,وحدات VAV من أعلى العلامات التجارية جودة )BYPASS TYPE( مع سخان كهربائي ، ترموستات إلكتروني رقمي للغرفة ، فليكس. توصيلات ، تثبيت ، دعم ، عازل اهتزاز مع كافة الملحقات المطلوبة حسب المواصفات والرسومات. 03-VAV ، اجمالي الهواء 0-750 ) ق/د( استطاعة التخزين 3 )ك/و( ,عدد,7200.0,51.0,82.0,1.0,83.0,7200.0,162.7450980392157,بنود المطالبات,1546,CMH_01_SMART.xlsx,sheet بنود المطالبات,high,prev_progress in workbook is informational; platform will recompute server-side from approved claims (Migration 048).
CMH_01-C01,21,224,وحدات VAV من أعلى العلامات التجارية جودة )BYPASS TYPE( مع سخان كهربائي ، ترموستات إلكتروني رقمي للغرفة ، فليكس. توصيلات ، تثبيت ، دعم ، عازل اهتزاز مع كافة الملحقات المطلوبة حسب المواصفات والرسومات. 04-VAV ، اجمالي الهواء 0-1000 ) ق/د( استطاعة التخزين 5.3 )ك/و(,عدد,7200.0,24.0,37.0,1.0,38.0,7200.0,158.33333333333331,بنود المطالبات,1547,CMH_01_SMART.xlsx,sheet بنود المطالبات,high,prev_progress in workbook is informational; platform will recompute server-side from approved claims (Migration 048).
CMH_01-C01,21,225,وحدات VAV من أعلى العلامات التجارية جودة )BYPASS TYPE( مع سخان كهربائي ، ترموستات إلكتروني رقمي للغرفة ، فليكس. توصيلات ، تثبيت ، دعم ، عازل اهتزاز مع كافة الملحقات المطلوبة حسب المواصفات والرسومات. 05-VAV ، اجمالي الهواء 0-1500 ) ق/د( استطاعة التخزين 5.3 )ك/و(,عدد,9000.0,44.0,46.0,1.0,47.0,9000.0,106.81818181818181,بنود المطالبات,1548,CMH_01_SMART.xlsx,sheet بنود المطالبات,high,prev_progress in workbook is informational; platform will recompute server-side from approved claims (Migration 048).
CMH_01-C01,21,226,وحدات VAV من أعلى العلامات التجارية جودة )BYPASS TYPE( مع سخان كهربائي ، ترموستات إلكتروني رقمي للغرفة ، فليكس. توصيلات ، تثبيت ، دعم ، عازل اهتزاز مع كافة الملحقات المطلوبة حسب المواصفات والرسومات. 06-VAV ، اجمالي الهواء 0-2000 ) ق/د( استطاعة التخزين 6.3 )ك/و(,عدد,10200.0,49.0,31.0,1.0,32.0,10200.0,65.3061224489796,بنود المطالبات,1549,CMH_01_SMART.xlsx,sheet بنود المطالبات,high,prev_progress in workbook is informational; platform will recompute server-side from approved claims (Migration 048).
CMH_01-C01,21,230,توريد و تصنيع و تركيب أعمال مجاري  من الصفائح المعدنية المجلفنه )90G( للهواء الداخل والراجع والهواء النقي وقناة السحب حسب المواصفات القياسية SMACNA وتشمل التيهات/القطعة التائية والكوع/المرفق والتفريعات والتحويلة والدعامة وحمالة التعليق. ويجب أخذ الطول على امتداد خط المركز فوق كل قطع التركيبات، ومن المفهوم بأن السعر الإفرادي لأعمال مجاري الهواء/الأقنية محمل عليه كل دعامات حامل التعليق ومخمّد الصوت والحريق وكل قطع الإكسسوار عزل الحراري )فايبرغلاس( ثخانة 25 مم وبكثافة 24 كغ/م3 مع مانع تبخر من الألمنيوم المقوّى حسب المخططات والمواصفات و حسب تعليمات مهندس المشرف.,م.ط,300.0,7000.0,12968.0,46.4,13014.4,13920.0,185.92,بنود المطالبات,1550,CMH_01_SMART.xlsx,sheet بنود المطالبات,high,prev_progress in workbook is informational; platform will recompute server-side from approved claims (Migration 048).
CMH_01-C01,21,242,الموازنة والضبط والتهيئة لتشغيل أنظمة تكييف الهواء ،و يجب ان تحتوي على جميع التجهيزات والادوات المطلوبة لإجراء الاختبار والتهيئة للتشغيل والتشغيل مع ضبط كميات الهواء وموازنة الهواء  لنظام التكييف، ويجب ايضا ان تكون مد ة الاختبار حسب متطلبات المنظمات العالمية مثل )NEBB( كما هو  مطلوب بالكود السعودي و اشري ASHREE ويجب ان يكون المقاول المختص عضوا فى احد المنظمات مع تقديم الشهادة لذلك.,عدد,216000.0,1.0,0.0,0.172,0.172,37152.0,17.2,بنود المطالبات,1551,CMH_01_SMART.xlsx,sheet بنود المطالبات,high,prev_progress in workbook is informational; platform will recompute server-side from approved claims (Migration 048).
CMH_01-C01,21,243,نظام إدارة المبنى BMS    تصميم وتوريد وتركيب نظام لإدارة المبنى أتوماتيكياً على أن يكون نظام التشغيل )OPEN PROTOCOL ( حسب توصيات الاستشارى المشرف وذلك للتحكم في تشغيل ومراقبة الانظمة الميكانيكية والكهربائية التالية :                                                  ـ التشلرات والمراوح ووحدات مناولة الهواء ووحدات ملف المروحة ومضخات المياه ووحدة ضخ الهواء وإنظمة الحريق والتحكم في الأنظمة والمعدات الميكانيكية بالمبنى - والتحكم في تشغيل ومتابعة حالة اللوحات الكهربائية الرئيسية والثانوية والمصاعد وكل الأنظمة التي يراها الاستشاري لأزمة مع الأخذ في الاعتبار قابلية التوسع في المباني المستقبلية .توريد وتركيب وتوصيل نظام إدارة المباني ) BMS ( لأنظمة HVAC ، وأنظمة السباكة ، ونظام الحريق ، والأنظمة الكهربائية والخدمات الخارجية ، كاملة بما في ذلك وحدات التحكم ونقاط التحكم والأسلاك والقنوات وصناديق السحب وصناديق التوصيل الثانوية وجميع عمليات التثبيت الضرورية مستلزمات؛ كل ما هو محدد ومفصل على الرسومات والموصوفة في المواصفات. والنظام يجب ان يتضمن البرامج واجهزة التحكم واجهزة المواقع ونقاط التحكم والاسلاك المتصلة بباقي الانظمة والمواسير وعلب السحب وعلب التوصيل الثانوية وجميع اكسسوارات ومتطلبات التركيبات الضرورية وهذه الاجهزة يجب ان يتم توصيلها مع جميع انظمة شبكة IP سواء من خلال تمكين اجهزة IP او من خلال بوابة IP او الموزع ويجب ان تشمل وحدات التحكم الطرفية التركيبات الضرورية والبرمجة والدمج عند اللزوم لتأسيس الاتصال والتعامل بين اجهزة التركيبات الالكتروميكانيكية وانظمة السلامة وانظمة الامن حسب اوامر ونظام التشغيل ووفقا لنظام وحسب تعليمات مهندس المشرف و يجب ان يتوافق النظام مع الانظمة الحالية للترشيد و المراقبة و يكون النظام لكامل المبني,عدد,2520000.0,1.0,0.86,0.057,0.917,143640.0,91.7,بنود المطالبات,1552,CMH_01_SMART.xlsx,sheet بنود المطالبات,high,prev_progress in workbook is informational; platform will recompute server-side from approved claims (Migration 048).
CMH_01-C01,21,288,توريد وتركيب وتوصيل وإختبار وفحص اجهزة الإنارة ويشمل اللمبات وأقواس التركيب وحبال التعليق وقطع الأكسسوار و ايضا نقاط الانارة متضمنة مواسير/أقنية قاسية عالية التحمل PVC  أوEMT وعلب ذات أسلاك لاتقل عن 0.4 مم2 لنقطة الإنارة وتوصيل أطراف أسلاك التأريض،وكل الأعمال المساعدة كما هو محدد وموضح في المخططات. على المقاول المعاينة و فحص الشبكة الحالية و الاستفادة من التمديدات الحالية و دمجها  علما بان البند يشمل جميع الوصلات و الاسلاك و الكابلات اللازمة لنهو العمل  بعد عمل الاختبارات اللازمة و بعد الموافقة من مهندس المشرف .Type LB1,م.ط,170.4,5772.0,6402.0,475.75,6877.75,81067.8,119.15713790713791,بنود المطالبات,1553,CMH_01_SMART.xlsx,sheet بنود المطالبات,high,prev_progress in workbook is informational; platform will recompute server-side from approved claims (Migration 048).
CMH_01-C01,21,289,توريد وتركيب وتوصيل وإختبار وفحص اجهزة الإنارة ويشمل اللمبات وأقواس التركيب وحبال التعليق وقطع الأكسسوار و ايضا نقاط الانارة متضمنة مواسير/أقنية قاسية عالية التحمل PVC  أوEMT وعلب ذات أسلاك لاتقل عن 0.4 مم2 لنقطة الإنارة وتوصيل أطراف أسلاك التأريض،وكل الأعمال المساعدة كما هو محدد وموضح في المخططات. على المقاول المعاينة و فحص الشبكة الحالية و الاستفادة من التمديدات الحالية و دمجها  علما بان البند يشمل جميع الوصلات و الاسلاك و الكابلات اللازمة لنهو العمل  بعد عمل الاختبارات اللازمة و بعد الموافقة من مهندس المشرف . Type LB2,عدد,13800.0,14.0,7.0,3.0,10.0,41400.0,71.42857142857143,بنود المطالبات,1554,CMH_01_SMART.xlsx,sheet بنود المطالبات,high,prev_progress in workbook is informational; platform will recompute server-side from approved claims (Migration 048).
CMH_01-C01,21,290,توريد وتركيب وتوصيل وإختبار وفحص اجهزة الإنارة ويشمل اللمبات وأقواس التركيب وحبال التعليق وقطع الأكسسوار و ايضا نقاط الانارة متضمنة مواسير/أقنية قاسية عالية التحمل PVC  أوEMT وعلب ذات أسلاك لاتقل عن 0.4 مم2 لنقطة الإنارة وتوصيل أطراف أسلاك التأريض،وكل الأعمال المساعدة كما هو محدد وموضح في المخططات. على المقاول المعاينة و فحص الشبكة الحالية و الاستفادة من التمديدات الحالية و دمجها  علما بان البند يشمل جميع الوصلات و الاسلاك و الكابلات اللازمة لنهو العمل  بعد عمل الاختبارات اللازمة و بعد الموافقة من مهندس المشرف . Type LB3,عدد,900.0,237.0,128.0,59.0,187.0,53100.0,78.90295358649789,بنود المطالبات,1555,CMH_01_SMART.xlsx,sheet بنود المطالبات,high,prev_progress in workbook is informational; platform will recompute server-side from approved claims (Migration 048).
CMH_01-C01,21,291,توريد وتركيب وتوصيل وإختبار وفحص اجهزة الإنارة ويشمل اللمبات وأقواس التركيب وحبال التعليق وقطع الأكسسوار و ايضا نقاط الانارة متضمنة مواسير/أقنية قاسية عالية التحمل PVC  أوEMT وعلب ذات أسلاك لاتقل عن 0.4 مم2 لنقطة الإنارة وتوصيل أطراف أسلاك التأريض،وكل الأعمال المساعدة كما هو محدد وموضح في المخططات. على المقاول المعاينة و فحص الشبكة الحالية و الاستفادة من التمديدات الحالية و دمجها  علما بان البند يشمل جميع الوصلات و الاسلاك و الكابلات اللازمة لنهو العمل  بعد عمل الاختبارات اللازمة و بعد الموافقة من مهندس المشرف .Type LB4,عدد,1104.0,132.0,113.0,31.0,144.0,34224.0,109.09090909090908,بنود المطالبات,1556,CMH_01_SMART.xlsx,sheet بنود المطالبات,high,prev_progress in workbook is informational; platform will recompute server-side from approved claims (Migration 048).
CMH_01-C01,21,295,توريد وتركيب وتوصيل وإختبار وفحص اجهزة الإنارة ويشمل اللمبات وأقواس التركيب وحبال التعليق وقطع الأكسسوار و ايضا نقاط الانارة متضمنة مواسير/أقنية قاسية عالية التحمل PVC  أوEMT وعلب ذات أسلاك لاتقل عن 0.4 مم2 لنقطة الإنارة وتوصيل أطراف أسلاك التأريض،وكل الأعمال المساعدة كما هو محدد وموضح في المخططات. على المقاول المعاينة و فحص الشبكة الحالية و الاستفادة من التمديدات الحالية و دمجها  علما بان البند يشمل جميع الوصلات و الاسلاك و الكابلات اللازمة لنهو العمل  بعد عمل الاختبارات اللازمة و بعد الموافقة من مهندس المشرف .Type ES-1,عدد,360.0,430.0,312.0,22.0,334.0,7920.0,77.67441860465117,بنود المطالبات,1557,CMH_01_SMART.xlsx,sheet بنود المطالبات,high,prev_progress in workbook is informational; platform will recompute server-side from approved claims (Migration 048).
CMH_01-C01,21,317,عن طريق مقاول متخصص ذو خبرة كبيرة في هذا المجال ويقدم للاعتماد من إدارة الـ IT بالوزارة و يربط النظام مع الانظمة المعنية بالتحكم و الموازنة و يشمل البند جميع الوصلات و الكابلات و غيرها من المتطلبات الخاصة بنهو النظام كاملا توريد وتركيب واختبارنقاط كاميرا مراقبة داخلية سقفية و جميع ما يلزم من توصيلات و تركيبات و خلافة  لنهو النظام .,عدد,2640.0,258.0,228.0,25.0,253.0,66000.0,98.06201550387597,بنود المطالبات,1558,CMH_01_SMART.xlsx,sheet بنود المطالبات,high,prev_progress in workbook is informational; platform will recompute server-side from approved claims (Migration 048).
CMH_01-C01,21,332,لوحات توزيع كابالت نحاسية Panel Patch a 6 CAT مع الوصالت لعدد 24 مخرج,عدد,2400.0,55.0,73.0,4.0,77.0,9600.0,140,بنود المطالبات,1559,CMH_01_SMART.xlsx,sheet بنود المطالبات,high,prev_progress in workbook is informational; platform will recompute server-side from approved claims (Migration 048).
CMH_01-C01,21,361,"01-MT 02& MT رخام مون ستون غراي رمادي فاتح و رمادي غامق 
مقاس  1200× 300 مم لمنطقة القهوة و المدخل سماكة 16مم .",م²,454.0,0.0,1163.35,43.65,1207.0,19817.1,,بنود المطالبات,1560,CMH_01_SMART.xlsx,sheet بنود المطالبات,high,prev_progress in workbook is informational; platform will recompute server-side from approved claims (Migration 048).
CMH_01-C01,21,362,"01-MT 02& MT رخام مون ستون غراي رمادي فاتح و رمادي غامق 
مقاس  1200× 300 مم لمنطقة القهوة و المدخل سماكة 30مم .",م²,609.0,0.0,794.0,60.22,854.22,36673.979999999996,,بنود المطالبات,1561,CMH_01_SMART.xlsx,sheet بنود المطالبات,high,prev_progress in workbook is informational; platform will recompute server-side from approved claims (Migration 048).
CMH_01-C01,21,364,رخام رمادي بيترا غراي للدور السادس ألواح مقاس 1000× 1000 مم بحسب اعتماد المهندس سماكة 30مم,م²,717.0,0.0,1252.0,103.0,1355.0,73851.0,,بنود المطالبات,1562,CMH_01_SMART.xlsx,sheet بنود المطالبات,high,prev_progress in workbook is informational; platform will recompute server-side from approved claims (Migration 048).
CMH_01-C01,21,368,توريد وتركيب واختبار محبس LANDING VALVE مزود بمخفض ضغط داخلي قطر 2.5 بوصة,عدد,1380.0,0.0,27.0,5.0,32.0,6900.0,,بنود المطالبات,1563,CMH_01_SMART.xlsx,sheet بنود المطالبات,high,prev_progress in workbook is informational; platform will recompute server-side from approved claims (Migration 048).
CMH_01-C01,21,369,"توريد وتركيب صندوق غاطس يوضع بداخله محبس 
LANDING VALVE ",عدد,1176.0,0.0,27.0,5.0,32.0,5880.0,,بنود المطالبات,1564,CMH_01_SMART.xlsx,sheet بنود المطالبات,high,prev_progress in workbook is informational; platform will recompute server-side from approved claims (Migration 048).
