contract_no,item_no,description_ar,unit,contractual_qty,unit_price,cumulative_qty,cumulative_pct,cumulative_amount,remaining_qty,source_sheet,source_row,source_file,extraction_method,confidence_level,data_quality_notes
CMH_01-C01,1,تشتمل على أعمال الهدم وإلإزالة والترحيل داخل أدوار المبنى والسعر يشمل نقل المخلفات الغير صالحه للمقالب العموميه ونقل المخلفات الصالحه لمخازن الجهه المالكه.Ref drawing: 07-MRA-DD-(as per floor number)-AR-001هدم وإزالة الجدران وتشمل  جميع أنواع جدران الطوب  والقواطع الجبسية و الخشبية و الزجاجية  بحسب المخططات المعتمدة وتعليمات المهندس المشرف.,,17900.0,,,,,,الملخص التراكمي,3,CMH_01_SMART.xlsx,sheet الملخص التراكمي (header re-detected),high,
CMH_01-C01,2,تشتمل على أعمال الهدم وإلإزالة والترحيل داخل أدوار المبنى والسعر يشمل نقل المخلفات الغير صالحه للمقالب العموميه ونقل المخلفات الصالحه لمخازن الجهه المالكه.Ref drawing: 07-MRA-DD-(as per floor number)-AR-هدم وإزالة تشطيبات رخام أو بلاط بورسلان أو سيراميك  للأرضيات والجدران الحالية  بحسب المخططات المعتمدة وتعليمات المهندس المشرف.,,10362.0,,,,,,الملخص التراكمي,4,CMH_01_SMART.xlsx,sheet الملخص التراكمي (header re-detected),high,
CMH_01-C01,3,تشتمل على أعمال الهدم وإلإزالة والترحيل داخل أدوار المبنى والسعر يشمل نقل المخلفات الغير صالحه للمقالب العموميه ونقل المخلفات الصالحه لمخازن الجهه المالكهRef drawing: 07-MRA-DD-(as per floor number)-AR-001هدم وإزالة تشطيبات الأسقف المستعارة الحالية بما تشمل أسقف جبسية وبلاطات صناعية وأسقف معدنية  بحسب المخططات المعتمدة وتعليمات المهندس المشرف.,,18420.0,,,,,,الملخص التراكمي,5,CMH_01_SMART.xlsx,sheet الملخص التراكمي (header re-detected),high,
CMH_01-C01,4,صبة خرسانية مع شبكة حديد بقطر 8 مم  بأبعاد 10*10 سم  مخدومة بالمسطرين والقدة لتعطي سطحا ناعما في الفناء الوسطي. ويشمل السعر الدفان وأي مواد أو أعمال يتطلبها تنفيذ العمل حسب المواصفات والمخططات وتعليمات المهندس المشرف.,,6.0,,,,,,الملخص التراكمي,6,CMH_01_SMART.xlsx,sheet الملخص التراكمي (header re-detected),high,
CMH_01-C01,5,صبة أسمنتية كطبقة حماية للعزل في الأماكن الرطبة. ويشمل السعر وأي مواد أو أعمال يتطلبها تنفيذ العمل حسب المواصفات والمخططات وتعليمات المهندس المشرف.,,1345.0,,,,,,الملخص التراكمي,7,CMH_01_SMART.xlsx,sheet الملخص التراكمي (header re-detected),high,
CMH_01-C01,6,توريد وبناء مباني من البلوك  مقاوم للحريق شاملا المونة والفواصل وأربطة التثبيت والتسليح الرأسي وعتبات جميع الفتحات وعزل الجدران المزدوجة المفرّغة والمكملات ويتم توريد البلوك بالموقع على قواعد خشبية مغطاه بالبلاستيك ويستمر على هذه الحالة حتى يبدأ استخدامه للبناء على أن يكون ذو ابعاد بطول 40سم وسماكة حسب المطلوب وارتفاع 20سم وان تكون صلد سليم نظيف وذو زوايا خارجية قائمة يستعمل لبناء الحوائط حسب ما هو موضح بالمخططات مع التكحيل ويكون  مطابق للمواصفات حسب النوعيه المطلوبة والسعر يشمل كل مايلزم للبناء من البلوك الكامل والقطع الخاصة سواء 5.0 أو 25.0 ، كذلك القطع الخاصة بتمديد المواسير بحيث لا يتم تكسير البلوك أثناء الاستخدام للبناء على الأطلاق ، بالإضافة إلى كافة المواد والاكسسوارات والسقايل واستعمال الشبك الممدد والتسليح بواسطة خوابير معدنية والمرابط المعدنية ويشمل السعر أي مواد أو أعمال يتطلبها استكمال العمل حسب المواصفات  القسم Ref drawing: 07-MRA-DD-(as per floor number) وتعليمات المهندس المشرف 04200Ar-100,,450.0,,,,,,الملخص التراكمي,8,CMH_01_SMART.xlsx,sheet الملخص التراكمي (header re-detected),high,
CMH_01-C01,7,توريد وبناء مباني من البلوك  مقاوم للحريق شاملا المونة والفواصل وأربطة التثبيت والتسليح الرأسي وعتبات جميع الفتحات وعزل الجدران المزدوجة المفرّغة والمكملات ويتم توريد البلوك بالموقع علىقواعد خشبية مغطاه بالبلاستيك ويستمر على هذه الحالة حتى يبدأ استخدامه للبناء على أن يكون ذو ابعاد بطول 40سم وسماكة حسب المطلوب وارتفاع 20سم وان تكون صلد سليم نظيف وذو زوايا خارجية قائمة يستعمل لبناء الحوائط حسب ما هو موضح بالمخططات مع التكحيل ويكون  مطابق للمواصفات حسب النوعيه المطلوبة والسعر يشمل كل مايلزم للبناء من البلوك الكامل والقطع الخاصة سواء 5.0 أو 25.0 ، كذلك القطع الخاصة بتمديد المواسير بحيث لا يتم تكسير البلوك أثناء الاستخدام للبناء على الأطلاق ، بالإضافة إلى كافة المواد والاكسسوارات والسقايل واستعمال الشبك الممدد والتسليح بواسطة خوابير معدنية والمرابط المعدنية ويشمل السعر أي مواد أو أعمال يتطلبها استكمال العمل حسب المواصفات  القسمRef drawing: 07-MRA-DD-(as per floor number) وتعليمات المهندس المشرف 04200-Ar-100,,76.0,,,,,,الملخص التراكمي,9,CMH_01_SMART.xlsx,sheet الملخص التراكمي (header re-detected),high,
CMH_01-C01,8,توريد وتركيب درابزين من الزجاج السيكوريت سمك 12 مم مثبت بالارضيات للفناء الداخلي المفتوح بارتفاع 600مم شاملاً إطار الدرابزين من الالمنيوم )u-channel( مقاس 40مم × 30مم ثخانة2مم )لون اسود 9005RAL ( ويشمل السعر الاكسسوارات وأي مواد أو أعمال يتطلبها تشطيب العمل حسب المواصفات والمخططات. ,,20.0,,,,,,الملخص التراكمي,10,CMH_01_SMART.xlsx,sheet الملخص التراكمي (header re-detected),high,
CMH_01-C01,9,توريد وتركيب درابزين من الزجاج السيكوريت سمك 12 مم مثبت بالارضيات للفناء الوسطي الاساسي 1100 مم شاملاإًطار الدرابزين من الالمنيوم )u-channel(  مقاس80مم × 40مم )لون اسود 9005RAL ( ويشمل السعر الاكسسوارات وأي مواد أو أعمال يتطلبها تشطيب العمل حسب المواصفات والمخططات وتعليمات المهندس المشرف,,20.0,,,,,,الملخص التراكمي,11,CMH_01_SMART.xlsx,sheet الملخص التراكمي (header re-detected),high,
CMH_01-C01,10,إعادة دهان هاندرايل من الحديد  بالايبوكسي ويشمل ازالة الدهان القديم  بالترميل )Sand Plasting( حسب  المواصفات والاصول الفنيه وتعليمات المهندس المشرف.,,420.0,,,,,,الملخص التراكمي,12,CMH_01_SMART.xlsx,sheet الملخص التراكمي (header re-detected),high,
CMH_01-C01,11,تجديد وترميم ودهان وتلميع البوابات الحديدية الرئيسية في المدخل الغربي )مدخل الوزير( والبوابة الرئيسية في المدخل الشمالي )مدخل الموظفين( وتشمل الأعمال ما يلي:تجديد وترميم أبواب الحديد، سنفرة الأبواب، عمل طبقة تأسيس ناري للأبواب، تعشيقة الأبواب مع تلميع الزخرفة، دهان وتلميع الأجزاء نهاية الزخرفة بمواد أيبوكسي + دهان ماء الذهب المركز للأطراف الخارجية + تلميع خارجي بمادة البوليريثان، المحافظة على نظافة المكان وإزالة المخلفات. حسب الاصول الفنيه وتعليمات المهندس المشرف,,2.0,,,,,,الملخص التراكمي,13,CMH_01_SMART.xlsx,sheet الملخص التراكمي (header re-detected),high,
CMH_01-C01,12,توريد وتركيب اسقف شبكة حديد مش )طلاء بودرة بالفرن لون اسود( سماكة 2 ملم مع تيوب حديد ابعاد 4*8 سم وسماكة 3ملم  ، مثبتة بنظام تعليق متصلة بالسقف الخرساني حسب الرسومات والمناظير وتعليمات المهندس المشرف.Ref drawing: 07-MRA-DD-G.F-AR-200,,27.0,,,,,,الملخص التراكمي,14,CMH_01_SMART.xlsx,sheet الملخص التراكمي (header re-detected),high,
CMH_01-C01,13,توريد وتركيب اسقف شبكة حديد مش )طلاء بودرة بالفرن لون ابيض(سماكة 2 ملم مع تيوب حديد ابعاد 4*8 سم وسماكة 3ملم  ، مثبتة بنظام تعليق متصلة بالسقف الخرساني حسب الرسومات والمناظير وتعليمات المهندس المشرفRef drawing: 07-MRA-DD-G.F-AR-200,,101.0,,,,,,الملخص التراكمي,15,CMH_01_SMART.xlsx,sheet الملخص التراكمي (header re-detected),high,
CMH_01-C01,14,توريد وتركيب تيوبات حديد ابعاد 4*4 سم وسماكة 2ملم مع أرفف فوق الكاونتر في منطقة المطبخ. )طلاء بودرة بالفرن لون اسود(مقاس: طول 4400 ملم، ارتفاع 2000 ملم و عرض 600 ملم,,1.0,,,,,,الملخص التراكمي,16,CMH_01_SMART.xlsx,sheet الملخص التراكمي (header re-detected),high,
CMH_01-C01,15,توريد وتركيب تيوبات حديد ابعاد 4*4 سم وسماكة 2ملم مع أرفف فوق الكاونتر في منطقة المطبخ. )طلاء بودرة بالفرن لون اسود(مقاس: طول 3100 ملم، ارتفاع 2000 ملم و عرض 600 ملم,,1.0,,,,,,الملخص التراكمي,17,CMH_01_SMART.xlsx,sheet الملخص التراكمي (header re-detected),high,
CMH_01-C01,16,توريد وتركيب تيوب حدبد مربع مقاس 30ملم* 30ملم سماكة 2 ملم كإيطار للوحات )طلاء بودرة بالفرن لون اسود( مقاس 3050x1250 ممRef drawing: 07-MRA-DD-G.F-AR-607.L,,4.0,,,,,,الملخص التراكمي,18,CMH_01_SMART.xlsx,sheet الملخص التراكمي (header re-detected),high,
CMH_01-C01,17,توريد وتركيب كشك من هيكل حديدي متكون من تيوبات 10*10-مم وسماكة 6مم مع مع صاج مفرّغ بالليزرعلى شكل مثلثات مدهون بطلاء بني معتق ويشمل إضاءة مخفية حسب التصميم والرسومات  مقاس 5300x3400 مم وارتفاع 3000 مم.Ref drawing: 07-MRA-DD-G.F-AR-902,,1.0,,,,,,الملخص التراكمي,19,CMH_01_SMART.xlsx,sheet الملخص التراكمي (header re-detected),high,
CMH_01-C01,18,خزانة مفتوحة مصنوعة من تيوبات حديد 20X20 ملم وسماكة 2 ملم )طلاء بودرة بالفرن لون اسود( مع أرفف من خشب ال mdf مع قشرة السنديان حسب التصميم والرسومات وتعليمات المهندس المشرف.Ref drawing: 07-MRA-DD-G.F-AR-607.C عرضx 400mm ارتفاع x 2600mm طول 13350mm,,1.0,,,,,,الملخص التراكمي,20,CMH_01_SMART.xlsx,sheet الملخص التراكمي (header re-detected),high,
CMH_01-C01,19,توريد وتركيب هيكل حديدي تيوبات 20*100 مم وسماكة 2مم مثبت بالسقف والأرض مع شبكة حديد مش )طلاء بودرة بالفرن لون اسود( يشمل هيكل حديدي للمقاعد إضافة الى القماش اللازم ،  حسب الرسومات والمناظير وتعليمات المهندس المشرف.مقاس      Ref drawing: 07-MRA-DD-G.F-AR-607.B: طول 4300 ملم، ارتفاع 2400 ملم و عرض 1800 ملم,,1.0,,,,,,الملخص التراكمي,21,CMH_01_SMART.xlsx,sheet الملخص التراكمي (header re-detected),high,
CMH_01-C01,20,توريد وتركيب هيكل حديدي تيوبات 20*100 مم وسماكة 2مم مثبت بالسقف والأرض مع شبكة حديد مش )طلاء بودرة بالفرن لون اسود( يشمل هيكل حديدي للمقاعد إضافة الى القماش اللازم ،  حسب الرسومات والمناظير وتعليمات المهندس المشرف.Ref drawing: 07-MRA-DD-G.F-AR-607.Bمقاس: طول 3100 ملم، ارتفاع 2400 ملم و عرض 1800 ملم,,1.0,,,,,,الملخص التراكمي,22,CMH_01_SMART.xlsx,sheet الملخص التراكمي (header re-detected),high,
CMH_01-C01,21,توريد وتركيب شبكة حديد مش )طلاء بودرة بالفرن لون اسود(   مع تيوب حديد 50X50 ملم وسماكة 2 ملم لمنطقة القهوة والسعر يشمل طاولات الحديد في الوسط. مقاس 760X2750 ملم.Ref drawing: 07-MRA-DD-G.F-AR-607.A,,3.0,,,,,,الملخص التراكمي,23,CMH_01_SMART.xlsx,sheet الملخص التراكمي (header re-detected),high,
CMH_01-C01,22,توريد وتركيب وزرات خشب )Mdf( مع قشرة جوز بارتفاع 100مم وسمك 12مم شاملا التثبيت والدهانات والتشطيب والتلميع. ويشمل السعر أي مواد أو أعمال يتطلبها انهاء العمل طبقا للموضح بالمواصفات والمخططات وتعليمات المهندس المشرف .Ref drawing: 07-MRA-DD-(as per floor number)-AR-301,,4532.0,,,,,,الملخص التراكمي,24,CMH_01_SMART.xlsx,sheet الملخص التراكمي (header re-detected),high,
CMH_01-C01,23,توريد وتركيب وزرات خشب )Mdf( مع قشرة ،وينغي بارتفاع 100مم وسمك 12مم شاملا التثبيت والدهانات والتشطيب والتلميع. ويشمل السعر أي مواد أو أعمال يتطلبها انهاء العمل طبقا للموضح بالمواصفات والمخططات وتعليمات المهندس المشرفRef drawing: 07-MRA-DD-(as per floor number)-AR-301,,700.0,,,,,,الملخص التراكمي,25,CMH_01_SMART.xlsx,sheet الملخص التراكمي (header re-detected),high,
CMH_01-C01,24,"تصنيع وتركيب جدار خشبي ) Mdf(  مع قشرة السنديان المطلي بدهان ابيض تثبت على هيكل معدني، مع تصميم  فتحات على شكل مثلثات مضاءة من الداخل واحجام بمستويات مختلفة، حسب المناظير والرسومات وتعليمات المهندس المشرف.Code: WDP1-01,WDP1-02,WDP1-02.A",,431.0,,,,,,الملخص التراكمي,26,CMH_01_SMART.xlsx,sheet الملخص التراكمي (header re-detected),high,
CMH_01-C01,25,تصنيع وتركيب لوح خشبي بشكل طولي من  الـ )Mdf(  مع قشرة الجوز او ما يتناسب مع العينة المتفق عليها طول 25سم وعرض 10سم وارتفاع 270 سم الى جانب الابواب الزجاجية حسب المناظير والرسومات وتعليمات المهندس المشرف.Code: WDP2-08,,248.0,,,,,,الملخص التراكمي,27,CMH_01_SMART.xlsx,sheet الملخص التراكمي (header re-detected),high,
CMH_01-C01,26,تصنيع وتركيب كسوة من الخشب للجدران ويكون النمط والحجم كما هو موضح بالرسومات ويشمل السعر أي مواد أو أعمال يتطلبها إنهاء العمل حسب المواصفات والمخططات وتعليمات المهندس المشرف. Ref drawing: 07-MRA-DD-(as per floor number)-AR-600 to 07-MRA-DD-(as  per floor number)-AR-604كسوة من خشب الـ)Mdf(  ، مثبتة على العامود الخرساني بدهان رمادي على شكل وهيئة الأسطح الاسمنتية )matt( بتصميم مع غروف حسب الرسومات والمناظير وتعليمات المهندس المشرف.Code: WDP3-04,,345.0,,,,,,الملخص التراكمي,28,CMH_01_SMART.xlsx,sheet الملخص التراكمي (header re-detected),high,
CMH_01-C01,27,"تصنيع وتركيب كسوة من الخشب للجدران ويكون النمط والحجم كما هو موضح بالرسومات ويشمل السعر أي مواد أو أعمال يتطلبها إنهاء العمل حسب المواصفات والمخططات وتعليمات المهندس المشرف. Ref drawing: 07-MRA-DD-(as per floor number)-AR-600 to 07-MRA-DD-(as per floor number)-AR-604كسوة من خشب الـ)Mdf( ، مثبتة على القواطع الجبسية بدهان رمادي بيج  )matt( ، وبتصميم مع غروف حسب الرسومات والمناظير وتعليمات المهندس المشرف.Code: WPD4-01,WDP4-01.A",,331.0,,,,,,الملخص التراكمي,29,CMH_01_SMART.xlsx,sheet الملخص التراكمي (header re-detected),high,
CMH_01-C01,28,تصنيع وتركيب كسوة من الخشب للجدران ويكون النمط والحجم كما هو موضح بالرسومات ويشمل السعر أي مواد أو أعمال يتطلبها إنهاء العمل حسب المواصفات والمخططات وتعليمات المهندس المشرف. Ref drawing: 07-MRA-DD-(as per floor number)-AR-600 to 07-MRA-DD-(as  per floor number)-AR-604كسوة من خشب الـ)Mdf(، مثبتة على القواطع الجبسية مع قشرة صناعية بحسب العينة الموافق عليها وغروف حسب الرسومات والمناظير وتعليمات المهندس المشرفCode: WDP2,,2517.0,,,,,,الملخص التراكمي,30,CMH_01_SMART.xlsx,sheet الملخص التراكمي (header re-detected),high,
CMH_01-C01,29,"تصنيع وتركيب كسوة من الخشب للجدران ويكون النمط والحجم كما هو موضح بالرسومات ويشمل السعر أي مواد أو أعمال يتطلبها إنهاء العمل حسب المواصفات والمخططات وتعليمات المهندس المشرف. Ref drawing: 07-MRA-DD-(as per floor number)-AR-600 to 07-MRA-DD-(as  per floor number)-AR-604كسوة من خشب الـ)Mdf(  ، مثبتة على االقواطع الجبسية بدهان رمادي على شكل وهيئة الأسطح الاسمنتية ) matt( مع تصميم بفتحات حسب الرسومات والمناظير وتعليمات المهندس المشرف.Code: WDP3-01, WDP3-02, WDP3-03",,846.0,,,,,,الملخص التراكمي,31,CMH_01_SMART.xlsx,sheet الملخص التراكمي (header re-detected),high,
CMH_01-C01,30,"تصنيع وتركيب كسوة من الخشب للجدران ويكون النمط والحجم كما هو موضح بالرسومات ويشمل السعر أي مواد أو أعمال يتطلبها إنهاء العمل حسب المواصفات والمخططات وتعليمات المهندس المشرف. Ref drawing: 07-MRA-DD-(as per floor number)-AR-600 to 07-MRA-DD-(as  per floor number)-AR-604كسوة من خشب الـ) Mdf(  ، مع قشرة السنديان المطلي بدهان ابيض  مع غروف وفتحات إضاءة مخفية مغلفة من الداخل بطبقة Acrylic مغشى  حسب الرسومات والمناظير وتعليمات المهندس المشرف.Code: WDP1-03, WDP1-04, WDP1-05, WDP1-06",,456.0,,,,,,الملخص التراكمي,32,CMH_01_SMART.xlsx,sheet الملخص التراكمي (header re-detected),high,
CMH_01-C01,31,تصنيع وتركيب كسوة من الخشب للجدران ويكون النمط والحجم كما هو موضح بالرسومات ويشمل السعر أي مواد أو أعمال يتطلبها إنهاء العمل حسب المواصفات والمخططات وتعليمات المهندس المشرف. Ref drawing: 07-MRA-DD-(as per floor number)-AR-600 to 07-MRA-DD-(as  per floor number)-AR-604كسوة من خشب الـ) Mdf(  ،  بدهان رمادي   مع غروف وفتحات إضاءة مخفية مغلفة من الداخل بطبقة Acrylic مغشى  حسب الرسومات والمناظير وتعليمات المهندس المشرف.Code: WDP5,,53.0,,,,,,الملخص التراكمي,33,CMH_01_SMART.xlsx,sheet الملخص التراكمي (header re-detected),high,
CMH_01-C01,32,تصنيع وتركيب كسوة من الخشب للجدران ويكون النمط والحجم كما هو موضح بالرسومات ويشمل السعر أي مواد أو أعمال يتطلبها إنهاء العمل حسب المواصفات والمخططات وتعليمات المهندس المشرف. Ref drawing: 07-MRA-DD-(as per floor number)-AR-600 to 07-MRA-DD-(as  per floor number)-AR-604كسوة من خشب الـ) Mdf(  ، المطلي بدهان رمادي  Code: WDP6,,29.0,,,,,,الملخص التراكمي,34,CMH_01_SMART.xlsx,sheet الملخص التراكمي (header re-detected),high,
CMH_01-C01,33,تصنيع وتركيب كسوة من الخشب للجدران ويكون النمط والحجم كما هو موضح بالرسومات ويشمل السعر أي مواد أو أعمال يتطلبها إنهاء العمل حسب المواصفات والمخططات وتعليمات المهندس المشرف.Ref drawing: 07-MRA-DD-(as per floor number)-AR-600 to 07-MRA-DD (as per floor number)-AR-604كسوة من خشب الـ) Mdf(  ، مع قشرة  )walnut( لمدخل كبار الشخصيات ومكتب مدير مكتب معالي الوزير     حسب الرسومات والمناظير وتعليمات المهندس المشرف.Code: WDP7,,118.0,,,,,,الملخص التراكمي,35,CMH_01_SMART.xlsx,sheet الملخص التراكمي (header re-detected),high,
CMH_01-C01,34,تصنيع وتركيب كسوة من الخشب للجدران ويكون النمط والحجم كما هو موضح بالرسومات ويشمل السعر أي مواد أو أعمال يتطلبها إنهاء العمل حسب المواصفات والمخططات وتعليمات المهندس المشرف. Ref drawing: 07-MRA-DD-(as per floor number)-AR-600 to 07-MRA-DD-(as  per floor number)-AR-604كسوة من خشب الـ)Mdf( ، مع قشرة صناعية بلون رمادي بيج لمنطقة معالي الوزير   حسب الرسومات والمناظير وتعليمات المهندس المشرف.Code: WDP8,,758.0,,,,,,الملخص التراكمي,36,CMH_01_SMART.xlsx,sheet الملخص التراكمي (header re-detected),high,
CMH_01-C01,35,تصنيع وتركيب كسوة من الخشب للجدران ويكون النمط والحجم كما هو موضح بالرسومات ويشمل السعر أي مواد أو أعمال يتطلبها إنهاء العمل حسب المواصفات والمخططات وتعليمات المهندس المشرف. Ref drawing: 07-MRA-DD-(as per floor number)-AR-600 to 07-MRA-DD-(as  per floor number)-AR-604كسوة من خشب الـ)Mdf( ،  مع قشرة ال )wenge( بشكل pattern مفرغة من الداخل مع ايطار خشبي ملبس بجلد لون بيج ومثبتة على الجدار الخشبي  لمنطقة معالي الوزير  حسب الرسومات والمناظير  وتعليمات المهندس المشرف.Code: P1,,60.0,,,,,,الملخص التراكمي,37,CMH_01_SMART.xlsx,sheet الملخص التراكمي (header re-detected),high,
CMH_01-C01,36,تصنيع وتركيب كسوة من الخشب للجدران ويكون النمط والحجم كما هو موضح بالرسومات ويشمل السعر أي مواد أو أعمال يتطلبها إنهاء العمل حسب المواصفات والمخططات وتعليمات المهندس المشرف. Ref drawing: 07-MRA-DD-(as per floor number)-AR-600 to 07-MRA-DD-(as  per floor number)-AR-604كسوة من خشب الـ)Mdf(  ،  مع قشرة ال )wenge( بشكل pattern مفرغة من الداخل مع ايطار خشبي ومثبتة على الجدار الخشبي  لمنطقة التنفيذيين حسب الرسومات والمناظير وتعليمات المهندس المشرف.Code: P2,,75.0,,,,,,الملخص التراكمي,38,CMH_01_SMART.xlsx,sheet الملخص التراكمي (header re-detected),high,
CMH_01-C01,37,تصنيع وتركيب كسوة من الخشب للاسقف ويكون النمط والحجم كما هو موضح بالرسومات ويشمل السعر أي مواد أو أعمال يتطلبها إنهاء العمل حسب المواصفات والمخططات وتعليمات المهندس المشرف.]Ref drawing: 07-MRA-DD-(as per floor number)-AR-200 سقف من خشب الـ)Mdf( ،  مطلي بدهان أبيض بشكل pattern مفرغة من الداخل  ومثبتة على ألواح خشبية مع قشرة الجوز مثبتة بنظام تعليق متصلة بالسقف الخرساني  لمنطقة معالي الوزير حسب الرسومات والمناظير وتعليمات المهندس المشرف.Code: WDC-04,,162.0,,,,,,الملخص التراكمي,39,CMH_01_SMART.xlsx,sheet الملخص التراكمي (header re-detected),high,
CMH_01-C01,38,صنيع وتركيب كسوة من الخشب للاسقف ويكون النمط والحجم كما هو موضح بالرسومات ويشمل السعر أي مواد أو أعمال يتطلبها إنهاء العمل حسب المواصفات والمخططات وتعليمات المهندس المشرف.Ref drawing: 07-MRA-DD-(as per floor number)-AR-200سطح خشبي من من خشب الـ)Mdf(  مع قشرة صناعية بحسب العينة الموافق عليها وغروف مثبتة بنظام تعليق متصلة بالسقف الخرساني حسب الرسومات والمناظير وتعليمات المهندس المشرف.Code: WDC-01 & WDC-02,,684.0,,,,,,الملخص التراكمي,40,CMH_01_SMART.xlsx,sheet الملخص التراكمي (header re-detected),high,
CMH_01-C01,39,تصنيع وتركيب كسوة من الخشب للاسقف ويكون النمط والحجم كما هو موضح بالرسومات ويشمل السعر أي مواد أو أعمال يتطلبها إنهاء العمل حسب المواصفات والمخططات وتعليمات المهندس المشرف.Ref drawing: 07-MRA-DD-(as per floor number)-AR-200سطح خشبي03-WDC من من خشب الـ)Mdf( على شكل مربعات بسماكة تصميم  5سم، وفتحات على شكل مثلث مع اضاءة مخفية مغلفة من الاعلى بطبقة Acrylic شفاف مغشى سماكة 4مم مثبتة بنظام تعليق متصلة بالسقف الخرساني حسب الرسومات والمناظير وتعليمات المهندس المشرف.Code: WDC-03,,64.0,,,,,,الملخص التراكمي,41,CMH_01_SMART.xlsx,sheet الملخص التراكمي (header re-detected),high,
CMH_01-C01,40,تصنيع وتركيب خزائن خشبية ويكون النمط والحجم كما هو موضح بالرسومات ويشمل السعر أي مواد أو أعمال يتطلبها إنهاء العمل حسب المواصفات والمخططات وتعليمات المهندس المشرف.Ref drawing: 07-MRA-DD-(as per floor number)-AR-605خزانة خشبية01-WDC و 02-WDC من خشب الـ ) Mdf ( متداخلة الالوان من قشرة صناعية بحسب  العينة الموافق عليها والدهان الرمادي  على شكل وهيئة الاسطح الاسمنتية مثبتة على القواطع الجبسية مع اضاءة مخفية ومفصلات ومقابض مخفية وتصميم حسب الرسومات والمناظير وتعليمات المهندس المشرف.,,72.0,,,,,,الملخص التراكمي,42,CMH_01_SMART.xlsx,sheet الملخص التراكمي (header re-detected),high,
CMH_01-C01,41,تصنيع وتركيب خزائن خشبية ويكون النمط والحجم كما هو موضح بالرسومات ويشمل السعر أي مواد أو أعمال يتطلبها إنهاء العمل حسب المواصفات والمخططات وتعليمات المهندس المشرفRef drawing: 07-MRA-DD-(as per floor number)-AR-605خزانة خشبية03-WDC  من خشب الـ ) Mdf (  مع قشرة صناعية بحسب العينة الموافق عليها مثبتة على القواطع الجبسية  مع غروف ومفصلات ومقابض مخفية ،  حسب الرسومات والمناظير,,78.0,,,,,,الملخص التراكمي,43,CMH_01_SMART.xlsx,sheet الملخص التراكمي (header re-detected),high,
CMH_01-C01,42,تصنيع وتركيب خزائن خشبية ويكون النمط والحجم كما هو موضح بالرسومات ويشمل السعر أي مواد أو أعمال يتطلبها إنهاء العمل حسب المواصفات والمخططات وتعليمات المهندس المشرف.Ref drawing: 07-MRA-DD-(as per floor number)-AR-605خزانة خشبية04-WDC   من خشب الـ ) Mdf (  مطلية بدهان رمادي على شكل وهيئة الاسطح الاسمنتية مع غروف ومفصلات ومقابض مخفية ، وارفف مفتوحة من قشرة الجوز ،واضاءة مخفية ، مثبتة على الجدار الخارجي حسب الرسومات والمناظير  وتعليمات المهندس المشرف.,,297.0,,,,,,الملخص التراكمي,44,CMH_01_SMART.xlsx,sheet الملخص التراكمي (header re-detected),high,
CMH_01-C01,43,تصنيع وتركيب خزائن خشبية ويكون النمط والحجم كما هو موضح بالرسومات ويشمل السعر أي مواد أو أعمال يتطلبها إنهاء العمل حسب المواصفات والمخططات وتعليمات المهندس المشرف.Ref drawing: 07-MRA-DD-(as per floor number)-AR-605 خزانة خشبية05-WDC  من خشب الـ ) Mdf (  مع قشرة الوينغي الداكنة مع أرفف وإضاءة مخفية، أبواب الخزائن زجاجية   ribbed glass(مع إيطار خشبي وغروف ومفصلات ومقابض مخفية لمنطقة معالي الوزير حسب الرسومات والمناظير وتعليمات المهندس المشرف.,,69.0,,,,,,الملخص التراكمي,45,CMH_01_SMART.xlsx,sheet الملخص التراكمي (header re-detected),high,
CMH_01-C01,44,تصنيع وتركيب خزائن خشبية ويكون النمط والحجم كما هو موضح بالرسومات ويشمل السعر أي مواد أو أعمال يتطلبها إنهاء العمل حسب المواصفات والمخططات وتعليمات المهندس المشرف.Ref drawing: 07-MRA-DD-(as per floor number)-AR-605خزانة خشبية06-WDC   من خشب الـ ) Mdf (  مع قشرة الوينغي الداكنة مع أرفف وإضاءة مخفية، أبواب الخزائن زجاجية )black tinted clear glass(مع إيطار خشبي وغروف ومفصلات ومقابض مخفية لمنطقة معالي الوزير حسب الرسومات والمناظير وتعليمات المهندس المشرف. ,,62.0,,,,,,الملخص التراكمي,46,CMH_01_SMART.xlsx,sheet الملخص التراكمي (header re-detected),high,
CMH_01-C01,45, توريد وتنفيذ طبقتين من غشاء عازل للمياه من الـبيتومين ثخانة 4 مم للأماكن الرطبة وحتى ارتفاع 10   سم على الجدران المحيطة ويشمل تحضير السطوح ومواد حشو الزوايا وطبقات الحماية جيوتكستايل الأفُقية والعمودية. ويشمل السعر أي مواد وأعمال مطلوبة لاستكمال العمل حسب المواصفات والمخططات.وتعليمات المهندس المشرف,,1345.0,,,,,,الملخص التراكمي,47,CMH_01_SMART.xlsx,sheet الملخص التراكمي (header re-detected),high,
CMH_01-C01,46,توريد وتركيب باب زجاجي من نوع سيكوريت بسمك 12مم ويشمل السعر التثبيت والاطار من الالمنيوم الأسود المطلي بدهان بودرة بالفرن والخردوات وماكينة دفاش للإغلاق الذاتي مع ملصقات بحسب التصميم. ويشمل السعر أي مواد أو أعمال يتطلبها استكمال العمل حسب المواصفات والمخططات وتعليمات االمهندس المشرف.Ref drawing: 07-MRA-DD-(as per floor number)-AR-801 بعرض 1000 مم وارتفاع 2700 مم  GD01باب ضلفة واحدة  نموذج,,238.0,,,,,,الملخص التراكمي,48,CMH_01_SMART.xlsx,sheet الملخص التراكمي (header re-detected),high,
CMH_01-C01,47,توريد وتركيب باب زجاجي من نوع سيكوريت بسمك 12مم ويشمل السعر التثبيت والاطار من الالمنيوم الأسود المطلي بدهان بودرة بالفرن والخردوات وماكينة دفاش للإغلاق الذاتي مع ملصقات بحسب التصميم. ويشمل السعر أي مواد أو أعمال يتطلبها استكمال العمل حسب المواصفات والمخططات وتعليمات االمهندس المشرف. Ref drawing: 07-MRA-DD-(as per floor number)-AR-801   بعرض 1800 مم وارتفاع 2600 مم  GD02باب ضلفتين  نموذج ,,37.0,,,,,,الملخص التراكمي,49,CMH_01_SMART.xlsx,sheet الملخص التراكمي (header re-detected),high,
CMH_01-C01,48,توريد وتركيب باب زجاجي من نوع سيكوريت بسمك 12مم ويشمل السعر التثبيت والاطار من الالمنيوم الأسود المطلي بدهان بودرة بالفرن والخردوات وماكينة دفاش للإغلاق الذاتي مع ملصقات بحسب التصميم. ويشمل السعر أي مواد أو أعمال يتطلبها استكمال العمل حسب المواصفات والمخططات وتعليمات االمهندس المشرف. Ref drawing: 07-MRA-DD-(as per floor number)-AR-801 بعرض 1800 مم وارتفاع 2100 مم  GD03باب ضلفتين  نموذج ,,5.0,,,,,,الملخص التراكمي,50,CMH_01_SMART.xlsx,sheet الملخص التراكمي (header re-detected),high,
CMH_01-C01,49,توريد وتركيب باب من قطاعات الخشب شبه المصمت بسمك 44مم مكون من قواطيع خشب داخليه بحشو  mdf مع قشرة الجوز  والحلق من الخشب السويدي المسطم المقاوم للرطوبة مع تشطيب نهائي من قشرة الجوز والبند يشمل جميع الإكسسوارات اللازمه من مفصلات ودفاش من النوع المخفي ومقابض وربل كاتم لصوت الإغلاق ودهانات  و إنهاء جميع الأعمال على الوجه الأكمل طبقا للمخططات واصول الصناعة  والمواصفات الفنية وتعليمات االمهندس المشرف. Ref drawing: 07-MRA-DD-(as per floor number)-AR-800 بعرض 2000 مم وارتفاع 2200 مم  WD07باب مروحة ضلفتين  نموذج ,,13.0,,,,,,الملخص التراكمي,51,CMH_01_SMART.xlsx,sheet الملخص التراكمي (header re-detected),high,
CMH_01-C01,50,توريد وتركيب باب من قطاعات الخشب شبه المصمت بسمك 44مم مكون من قواطيع خشب داخليه بحشو  mdf مع قشرة الجوز  والحلق من الخشب السويدي المسطم المقاوم للرطوبة مع تشطيب نهائي من قشرة الجوز والبند يشمل جميع الإكسسوارات اللازمه من مفصلات ودفاش من النوع المخفي ومقابض وربل كاتم لصوت الإغلاق ودهانات  و إنهاء جميع الأعمال على الوجه الأكمل طبقا للمخططات واصول الصناعة  والمواصفات الفنية وتعليمات االمهندس المشرف. Ref drawing: 07-MRA-DD-(as per floor number)-AR-800 بعرض1000 مم وارتفاع 2200 مم  WD06باب مروحة ضلفة واحدة  نموذج ,,13.0,,,,,,الملخص التراكمي,52,CMH_01_SMART.xlsx,sheet الملخص التراكمي (header re-detected),high,
CMH_01-C01,51,توريد وتركيب باب من قطاعات الخشب شبه المصمت بسمك 44مم مكون من قواطيع خشب داخليه بحشو  mdf مع قشرة الجوز  والحلق من الخشب السويدي المسطم المقاوم للرطوبة مع تشطيب نهائي من قشرة الجوز والبند يشمل جميع الإكسسوارات اللازمه من مفصلات ودفاش من النوع المخفي ومقابض وربل كاتم لصوت الإغلاق ودهانات  و إنهاء جميع الأعمال على الوجه الأكمل طبقا للمخططات واصول الصناعة  والمواصفات الفنية وتعليمات االمهندس المشرف. Ref drawing: 07-MRA-DD-(as per floor number)-AR-800 بعرض 900 مم وارتفاع 2200 مم  WD05باب مروحة ضلفة واحدة  نموذج ,,47.0,,,,,,الملخص التراكمي,53,CMH_01_SMART.xlsx,sheet الملخص التراكمي (header re-detected),high,
CMH_01-C01,52,توريد وتركيب باب من قطاعات الخشب شبه المصمت بسمك 44مم مكون من قواطيع خشب داخليه بحشو  mdf مع قشرة الجوز  والحلق من الخشب السويدي المسطم المقاوم للرطوبة مع تشطيب نهائي من قشرة الجوز والبند يشمل جميع الإكسسوارات اللازمه من مفصلات ودفاش من النوع المخفي ومقابض وربل كاتم لصوت الإغلاق ودهانات  و إنهاء جميع الأعمال على الوجه الأكمل طبقا للمخططات واصول الصناعة  والمواصفات الفنية وتعليمات االمهندس المشرف. Ref drawing: 07-MRA-DD-(as per floor number)-AR-800 بعرض 800 مم وارتفاع 2200 مم  WD04باب مروحة ضلفة واحدة  نموذج ,,48.0,,,,,,الملخص التراكمي,54,CMH_01_SMART.xlsx,sheet الملخص التراكمي (header re-detected),high,
CMH_01-C01,53,توريد وتركيب باب من قطاعات الخشب شبه المصمت بسمك 44مم مكون من قواطيع خشب داخليه بحشو  mdf مع قشرة الجوز  والحلق من الخشب السويدي المسطم المقاوم للرطوبة مع تشطيب نهائي من قشرة الجوز والبند يشمل جميع الإكسسوارات اللازمه من مفصلات ودفاش من النوع المخفي ومقابض وربل كاتم لصوت الإغلاق ودهانات  و إنهاء جميع الأعمال على الوجه الأكمل طبقا للمخططات واصول الصناعة  والمواصفات الفنية وتعليمات االمهندس المشرف. Ref drawing: 07-MRA-DD-(as per floor number)-AR-800 بعرض 1000 مم وارتفاع 3000 مم  WD015باب مروحة ضلفة واحدة  نموذج ,,1.0,,,,,,الملخص التراكمي,55,CMH_01_SMART.xlsx,sheet الملخص التراكمي (header re-detected),high,
CMH_01-C01,54,توريد وتركيب باب من قطاعات الخشب شبه المصمت بسمك 44مم مكون من قواطيع خشب داخليه بحشو  mdf مع قشرة السنديان المطلية بدهان أبيض  والحلق من الخشب السويدي المسطم المقاوم للرطوبة مخفي داخل الواجهة الخشبية والبند يشمل جميع الإكسسوارات اللازمه من مفصلات ودفاش من النوع المخفي ومقابض، ربل كاتم لصوت الإغلاق ودهانات و إنهاء جميع الأعمال على الوجه الأكمل طبقا للمخططات واصول الصناعة  والمواصفات الفنية وتعليمات االمهندس المشرف. Ref drawing: 07-MRA-DD-(as per floor number)-AR-800 بعرض 1000 مم وارتفاع 2200 مم  WD02باب مروحة ضلفة واحدة  نموذج ,,14.0,,,,,,الملخص التراكمي,56,CMH_01_SMART.xlsx,sheet الملخص التراكمي (header re-detected),high,
CMH_01-C01,55,توريد وتركيب باب من قطاعات الخشب شبه المصمت بسمك 44مم مكون من قواطيع خشب داخليه بحشو خفيف mdfوالمطلي بدهان رمادي على هيئة الأسطح الاسمنتية والحلق من الخشب السويدي المسطم المقاوم للرطوبة مخفي داخل الواجهة القواطع الجبسية والبند يشمل جميع الإكسسوارات اللازمه من مفصلات ودفاش من النوع المخفي ومقابض وربل كاتم لصوت الإغلاق ودهانات و إنهاء جميع الأعمال على الوجه الأكمل طبقا للمخططات واصول الصناعة  والمواصفات الفنية وتعليمات االمهندس المشرف. Ref drawing: 07-MRA-DD-(as per floor number)-AR-800 بعرض 900 مم وارتفاع 2200 مم  WD01باب مروحة ضلفة واحدة  نموذج ,,14.0,,,,,,الملخص التراكمي,57,CMH_01_SMART.xlsx,sheet الملخص التراكمي (header re-detected),high,
CMH_01-C01,56,توريد وتركيب باب من قطاعات الخشب شبه المصمت بسمك 44مم مكون من قواطيع خشب داخليه بحشو  mdfوالمطلي بدهان رمادي بيج والحلق من الخشب السويدي المسطم المقاوم للرطوبة مخفي داخل الواجهة القواطع الجبسية والبند يشمل جميع الإكسسوارات اللازمه من مفصلات ودفاش من النوع المخفي ومقابض، ربل كاتم لصوت الإغلاق ودهانات .و إنهاء جميع الأعمال على الوجه الأكمل طبقا للمخططات واصول الصناعة  والمواصفات الفنية وتعليمات االمهندس المشرف. Ref drawing: 07-MRA-DD-(as per floor number)-AR-800 بعرض900 مم وارتفاع 2200 مم  WD03باب مروحة ضلفة واحدة  نموذج ,,32.0,,,,,,الملخص التراكمي,58,CMH_01_SMART.xlsx,sheet الملخص التراكمي (header re-detected),high,
CMH_01-C01,57,توريد وتركيب باب من قطاعات الخشب شبه المصمت بسمك 44مم مكون من قواطيع خشب داخليه بحشو خفيف mdfوالمطلي بدهان أزرق بترولي والحلق من الخشب السويدي المسطم المقاوم للرطوبة مخفي داخل الواجهة القواطع الجبسية والبند يشمل جميع الإكسسوارات اللازمه من مفصلات ودفاش من النوع المخفي ومقابض وربل كاتم لصوت الإغلاق ودهانات و إنهاء جميع الأعمال على الوجه الأكمل طبقا للمخططات واصول الصناعة  والمواصفات الفنية. Ref drawing: 07-MRA-DD-(as per floor number)-AR-800 بعرض 900 مم وارتفاع 2200 مم  WD08 باب مروحة ضلفة واحدة  نموذج,,1.0,,,,,,الملخص التراكمي,59,CMH_01_SMART.xlsx,sheet الملخص التراكمي (header re-detected),high,
CMH_01-C01,58,توريد وتركيب باب من قطاعات الخشب شبه المصمت بسمك 44مم مكون من قواطيع خشب داخليه بحشو خفيف mdfوالمطلي بدهان رمادي فاتح والحلق من الخشب السويدي المسطم المقاوم للرطوبة مخفي داخل الواجهة القواطع الجبسية والبند يشمل جميع الإكسسوارات اللازمه من مفصلات ودفاش من النوع المخفي ومقابض وربل كاتم لصوت الإغلاق ودهانات و إنهاء جميع الأعمال على الوجه الأكمل طبقا للمخططات واصول الصناعة  والمواصفات الفنية وتعليمات االمهندس المشرف. Ref drawing: 07-MRA-DD-(as per floor number)-AR-800 بعرض 900 مم وارتفاع 2200 مم  WD09 باب مروحة ضلفة واحدة  نموذج,,1.0,,,,,,الملخص التراكمي,60,CMH_01_SMART.xlsx,sheet الملخص التراكمي (header re-detected),high,
CMH_01-C01,59,توريد وتركيب باب من قطاعات الخشب شبه المصمت بسمك 44مم مكون من قواطيع خشب داخليه بحشو  mdf مع قشرة السنديان المطلية بدهان بيج  والحلق من الخشب السويدي المسطم المقاوم للرطوبة مخفي داخل الواجهة الخشبية والبند يشمل جميع الإكسسوارات اللازمه من مفصلات ودفاش من النوع المخفي ومقابض، ربل كاتم لصوت الإغلاق ودهانات و إنهاء جميع الأعمال على الوجه الأكمل طبقا للمخططات واصول الصناعة  والمواصفات الفنية وتعليمات االمهندس المشرف Ref drawing: 07-MRA-DD-(as per floor number)-AR-800 بعرض 1000 مم وارتفاع 2600 مم  WD010باب مروحة ضلفة واحدة  نموذج ,,6.0,,,,,,الملخص التراكمي,61,CMH_01_SMART.xlsx,sheet الملخص التراكمي (header re-detected),high,
CMH_01-C01,60,توريد وتركيب باب من الزجاج المضلّع )ribbed glass( بأيطارات من الخشب المصمت سماكة 44 ملم مع قشرة الجوز الداكنة. والبند يشمل جميع الإكسسوارات اللازمه من مفصلات ودفاش من النوع المخفي ومقابض وربل كاتم لصوت الإغلاق ودهانات و إنهاء جميع الأعمال على الوجه الأكمل طبقا للمخططات واصول الصناعة  والمواصفات الفنية وتعليمات االمهندس المشرف.  باب مروحة ضلفتين  نموذج 12WD  بعرض 2000 مم وارتفاع 3000 مم )VIP Zone (Ref drawing: 07-MRA-DD-sixth floor-AR-800,,7.0,,,,,,الملخص التراكمي,62,CMH_01_SMART.xlsx,sheet الملخص التراكمي (header re-detected),high,
CMH_01-C01,61,توريد وتركيب باب من الزجاج المضلعّ )ribbed glass( بأيطارات من الخشب المصمت سماكة 44 ملم مع قشرة الجوز الداكنة. والبند يشمل جميع الإكسسوارات اللازمه من مفصلات ودفاش من النوع المخفي ومقابض وربل كاتم لصوت الإغلاق ودهانات و إنهاء جميع الأعمال على الوجه الأكمل طبقا للمخططات واصول الصناعة  والمواصفات الفنية وتعليمات االمهندس المشرف. Ref drawing: 07-MRA-DD-sixth floor-AR-800  باب مروحة ضلفة واحدة  نموذج 11WD  بعرض 1000 مم وارتفاع 3000 مم )VIP Zone(,,8.0,,,,,,الملخص التراكمي,63,CMH_01_SMART.xlsx,sheet الملخص التراكمي (header re-detected),high,
CMH_01-C01,62,توريد وتركيب باب من الزجاج المضلعّ )ribbed glass( بأيطارات من الخشب المصمت سماكة 44 ملم مع قشرة الجوز الداكنة. والبند يشمل جميع الإكسسوارات اللازمه من مفصلات ودفاش من النوع المخفي ومقابض وربل كاتم لصوت الإغلاق ودهانات و إنهاء جميع الأعمال على الوجه الأكمل طبقا للمخططات واصول الصناعة  والمواصفات الفنية وتعليمات االمهندس المشرف. Ref drawing: 07-MRA-DD-sixth floor-AR-800  تصميم على شكل وهيئة الباب   نموذج  WD11 A  بعرض 1000 مم وارتفاع 3000 مم )VIP  )Zone,,2.0,,,,,,الملخص التراكمي,64,CMH_01_SMART.xlsx,sheet الملخص التراكمي (header re-detected),high,
CMH_01-C01,63,توريد وتركيب باب من الزجاج المضلعّ )ribbed glass( بأيطارات من الخشب المصمت سماكة 44 ملم مع قشرة الجوز الداكنة. والبند يشمل جميع الإكسسوارات اللازمه من مفصلات ودفاش من النوع المخفي ومقابض وربل كاتم لصوت الإغلاق ودهانات و إنهاء جميع الأعمال على الوجه الأكمل طبقا للمخططات واصول الصناعة  والمواصفات الفنية وتعليمات االمهندس المشرف. Ref drawing: 07-MRA-DD-sixth floor-AR-800  باب مروحة ضلفة واحدة  نموذج 13WD  بعرض 1000 مم وارتفاع 4000 مم )VIP Zone(,,1.0,,,,,,الملخص التراكمي,65,CMH_01_SMART.xlsx,sheet الملخص التراكمي (header re-detected),high,
CMH_01-C01,64,توريد وتركيب باب من الزجاج المضلعّ )ribbed glass( بأيطارات من الخشب المصمت سماكة 44 ملم مع قشرة الجوز الداكنة. والبند يشمل جميع الإكسسوارات اللازمه من مفصلات ودفاش من النوع المخفي ومقابض وربل كاتم لصوت الإغلاق ودهانات و إنهاء جميع الأعمال على الوجه الأكمل طبقا للمخططات واصول الصناعة  والمواصفات الفنية وتعليمات االمهندس المشرف. Ref drawing: 07-MRA-DD-sixth floor-AR-800  تصميم على شكل وهيئة الباب   نموذج  WD13 A  بعرض 1000 مم وارتفاع 4000 مم )VIP )Zone,,1.0,,,,,,الملخص التراكمي,66,CMH_01_SMART.xlsx,sheet الملخص التراكمي (header re-detected),high,
CMH_01-C01,65,توريد وتركيب باب من الزجاج المضلعّ )ribbed glass( بأيطارات من الخشب المصمت سماكة 44 ملم مع قشرة الجوز الداكنة. والبند يشمل جميع الإكسسوارات اللازمه من مفصلات ودفاش من النوع المخفي ومقابض وربل كاتم لصوت الإغلاق ودهانات و إنهاء جميع الأعمال على الوجه الأكمل طبقا للمخططات واصول الصناعة  والمواصفات الفنية وتعليمات االمهندس المشرف. Ref drawing: 07-MRA-DD-sixth floor-AR-800  باب مروحة ضلفة واحدة  نموذج 14WD  بعرض 900 مم وارتفاع 2400 مم )VIP Zone(,,4.0,,,,,,الملخص التراكمي,67,CMH_01_SMART.xlsx,sheet الملخص التراكمي (header re-detected),high,
CMH_01-C01,66,توريد وتركيب قواطع زجاجيه داخليه من زجاج  سيكوريت عازل للصوت ثخانة 12مم مركّبة على مقاطع من  الألمنيوم )لون اسود 9005RAL (  مثبتة  بالسقف والأرض بإرتفاع 2700مم .ويشمل العمل الاطار والقوائم  والتثبيت بتيوب حديد ابعاد 4*8 سم وسماكة 2ملم  والملصقات بأماكن محددة حسب التصميم ، وفواصل البوليكاربونيت الجاف بين الألواح الزجاجية وقطع الإكسسوار ومانع التسرب والمواد الأخُرى المطلوبة لاستكمال التركيب حسب المخططات وتعليمات االمهندس المشرف.,,4000.0,,,,,,الملخص التراكمي,68,CMH_01_SMART.xlsx,sheet الملخص التراكمي (header re-detected),high,
CMH_01-C01,67,توريد وتركيب باب من قطاعات الحديد  بسمك 45 مم مقاوم للحريق 90 دقيقة،  مع طبقة من الصاج سماكة 2مم من الجهتين على اطار معدنى مجوف والسعر يشمل التكسية الخشبية بقشرة الجوز لضلفة الباب والإطار من جهة واحدة..ويشمل التوريد والتركيب والتثبيت  والمفصلات والمقابض   والدفاش والاكسسوارت من اجود الانواع  وكل مايلزم لانهاء العمل على اكمل وجه ة حسب المخططات وتعليمات االمهندس المشرف. Ref. drawing: 07-MRA-DD-(as per floor number)-AR-804 ضلفة واحدة عرض1000مم وإرتفاع 2200مم SD01 باب نموذج ,,58.0,,,,,,الملخص التراكمي,69,CMH_01_SMART.xlsx,sheet الملخص التراكمي (header re-detected),high,
CMH_01-C01,68,توريد وتركيب باب من قطاعات الحديد  بسمك 45 مم مقاوم للحريق 90 دقيقة،  مع طبقة من الصاج سماكة 2مم من الجهتين على اطار معدنى مجوف والسعر يشمل التكسية الخشبية بقشرة الجوز لضلفة الباب والإطار من جهة واحدة..ويشمل التوريد والتركيب والتثبيت  والمفصلات والمقابض   والدفاش والاكسسوارت من اجود الانواع  وكل مايلزم لانهاء العمل على اكمل وجه ة حسب المخططات وتعليمات االمهندس المشرف. Ref. drawing: 07-MRA-DD-(as per floor number)-AR-804 ضلفة واحدة عرض1100مم وإرتفاع 2200مم SD02 باب نموذج,,1.0,,,,,,الملخص التراكمي,70,CMH_01_SMART.xlsx,sheet الملخص التراكمي (header re-detected),high,
CMH_01-C01,69,تجديد وترميم الأبواب الحديدية وتشمل الأعمال ما يلي: ــ  تجديد وترميم أبواب الحديد، سنفرة الأبواب، عمل طبقة تأسيس ناري للأبواب،  دهان وتلميع الأجزاء  + تلميع خارجي بمادة البوليريثان، المحافظة على نظافة المكان وإزالة المخلفات. حسب الاصول الفنيه وتعليمات المهندس المشرف. باب  ضلفتين عرض2000مم,,46.0,,,,,,الملخص التراكمي,71,CMH_01_SMART.xlsx,sheet الملخص التراكمي (header re-detected),high,
CMH_01-C01,70,تجديد وترميم أبواب الحديد، سنفرة الأبواب، عمل طبقة تأسيس ناري للأبواب،  دهان وتلميع الأجزاء  + تلميع خارجي بمادة البوليريثان، المحافظة على نظافة المكان وإزالة المخلفات. حسب الاصول الفنيه وتعليمات المهندس المشرف. باب  ضلفة واحدة عرض1000مم,,52.0,,,,,,الملخص التراكمي,72,CMH_01_SMART.xlsx,sheet الملخص التراكمي (header re-detected),high,
CMH_01-C01,71,تجديد وترميم أبواب الحديد، سنفرة الأبواب، عمل طبقة تأسيس ناري للأبواب،  دهان وتلميع الأجزاء  + تلميع خارجي بمادة البوليريثان، المحافظة على نظافة المكان وإزالة المخلفات. حسب الاصول الفنيه وتعليمات المهندس المشرف. باب  ضلفة واحدة عرض800مم,,23.0,,,,,,الملخص التراكمي,73,CMH_01_SMART.xlsx,sheet الملخص التراكمي (header re-detected),high,
CMH_01-C01,72,طبقة من اللياسة الأسمنتية فوق الأسطح الخرسانية والجدران الداخلية  بسمك متوسط 20 مم على طبقات  طرطشة بسمك 5 مم وضهارة 15 مم حسب المواصفات مع المعالجة اليومية  بالمياه لمنع التنميلات ويتم عمل افريز بين البلوك والخرسانة يملئ بمواد قابلة للدهان والسعر يشمل كامل الأكسسوارات اللازمة من شبك معدني ممدد وزوايا ونهايات معدنية  ومواد الترابط  وعمل تجاويف في طبقة اللياسة بعمق 10مم عرض 10مم  في الاعمدة  وفي الجدران ان وجدت حسب الرسومات والمناظير وتعليمات المهندس المشرف ذلك حسب الاصول الفنية وتعليمات المهندس المشرف. لياسة الجدران والأعمدة الداخلية  وتشمل جميع الإكسسوارات بإرتفاع 20 سم أعلي الأسقف الجبسيه لزوم الجدران الداخلية,,758.0,,,,,,الملخص التراكمي,74,CMH_01_SMART.xlsx,sheet الملخص التراكمي (header re-detected),high,
CMH_01-C01,73,توريد وتركيب قاطع جداري ثخانة 100مم ذو الواح اسمنتية مقاوم للحريق  ثخانة 12مم تركب من الجهتين )طبقات مزدوجة(  لدورات المياه والأوفيس ويشمل المسامير المعدنية و المزالج / الأعضاء المعدنية الساندة والسكك والغطاء العازل للصوت )صوف صخري( وكل الاكسسوارات حسب المخطط والمواصفات وتعليمات المهندس المشرف. ,,3507.0,,,,,,الملخص التراكمي,75,CMH_01_SMART.xlsx,sheet الملخص التراكمي (header re-detected),high,
CMH_01-C01,74,توريد وتركيب قاطع جداري ثخانة 100مم ذو الواح جبسية مقاومه للحريق  ثخانة 5.12مم تركب من الجهتين )طبقات مزدوجة( يشمل المسامير المعدنية و المزالج / الأعضاء المعدنية الساندة والسكك والغطاء العازل للصوت )صوف صخري( وكل الإكسسوارات حسب المخطط والمواصفات وتعليمات المهندس المشرف.,,12526.0,,,,,,الملخص التراكمي,76,CMH_01_SMART.xlsx,sheet الملخص التراكمي (header re-detected),high,
CMH_01-C01,75,توريد وتركيب أسقف معلقة من الالواح الجبسيه )01-GBC( ثخانة 12 مم المقاومة للحريق شاملة نظام التعليق وضبط الحواف والزوايا وأبواب لفتحات الكشف بالأسقف لأعمال الصيانة )أبواب جاهزة من النوع السهل الاستعمال والمزود بمفصلات مخفية( والإكسسوارات. ويشمل السعر أي مواد أو أعمال يتطلبها استكمال العمل حسب المواصفات والمخططات.,,24468.0,,,,,,الملخص التراكمي,77,CMH_01_SMART.xlsx,sheet الملخص التراكمي (header re-detected),high,
CMH_01-C01,76,توريد وتركيب أسقف معلقة من الالواح الجبسيه  )02-GBC( ثخانة 12 مم المقاومة للرطوبة شاملة نظام التعليق وضبط الحواف والزوايا وأبواب لفتحات الكشف بالأسقف لأعمال الصيانة )أبواب جاهزة من النوع السهل الاستعمال والمزود بمفصلات مخفية( واالإكسسوارات. ويشمل السعر أي مواد أو أعمال يتطلبها استكمال العمل حسب المواصفات والمخططات وتعليمات المهندس المشرف.,,1091.0,,,,,,الملخص التراكمي,78,CMH_01_SMART.xlsx,sheet الملخص التراكمي (header re-detected),high,
CMH_01-C01,77,600×600مم توريد وتركيب اسقف اصطناعية  والسعر يشمل نظام التعليق من الحديد المجفلن مع جميع الاكسسوارات وكل مايلزم حسب المواصفات والمخططات وتعليمات الشركة المصنعة .,,3323.0,,,,,,الملخص التراكمي,79,CMH_01_SMART.xlsx,sheet الملخص التراكمي (header re-detected),high,
CMH_01-C01,78,توريد وتركيب اسقف معدنية على شكل مربعات بشكل سماكة 5سم)grey color powder coated( ، وفتحات على شكل مثلث مع اضاءة مخفية مغلفة من الاعلى بطبقة Acrylic شفاف مغشى سماكة 4مم مثبتة بنظام تعليق متصلة بالسقف الخرساني حسب الرسومات والمناظير.01-Code MTL,,278.0,,,,,,الملخص التراكمي,80,CMH_01_SMART.xlsx,sheet الملخص التراكمي (header re-detected),high,
CMH_01-C01,79, أرضيات بورسلان 01-PT مقاس 600×600×12مم فرز اول بالمقاسات والالوان المطلوبة لدورات المياه الخاصة بمكاتب الوكلاء ومساعدين الوكلاء العامة ومنطقة التنفيذيين بالدور السادس  طبقاً للمخططات والمواصفات.,,140.0,,,,,,الملخص التراكمي,81,CMH_01_SMART.xlsx,sheet الملخص التراكمي (header re-detected),high,
CMH_01-C01,80, أرضيات بورسلان 02-PTمقاس 600×600×12مم فرز اول بالمقاسات والالوان المطلوبة لدورات المياه الخاصة بمكاتب المدراء العامين  طبقاً للمخططات والمواصفات.,,246.0,,,,,,الملخص التراكمي,82,CMH_01_SMART.xlsx,sheet الملخص التراكمي (header re-detected),high,
CMH_01-C01,81, أرضيات بورسلان03-PT مقاس 600×600×12مم فرز ثاني بالمقاسات والالوان المطلوبة لدورات المياة العامة  طبقاً للمخططات والمواصفات.,,1407.0,,,,,,الملخص التراكمي,83,CMH_01_SMART.xlsx,sheet الملخص التراكمي (header re-detected),high,
CMH_01-C01,82, أرضيات بورسلان04-PT مقاس 600×600×12مم فرز ثاني بالمقاسات والالوان المطلوبة لغرف الأرشيف والمخازن والمطبخ طبقاً للمخططات والمواصفات.,,735.0,,,,,,الملخص التراكمي,84,CMH_01_SMART.xlsx,sheet الملخص التراكمي (header re-detected),high,
CMH_01-C01,83," جدران بورسلان(PW-01(type A,B &C مقاس 600×300×12مم فرز اول بالمقاسات والالوان المطلوبة لدورات المياه الخاصة بمكاتب الوكلاء ومساعدين الوكلاء العامة ومنطقة التنفيذيين بالدور السادس  طبقاً للمخططات والمواصفات.",,571.0,,,,,,الملخص التراكمي,85,CMH_01_SMART.xlsx,sheet الملخص التراكمي (header re-detected),high,
CMH_01-C01,84, جدران بورسلان(PW-02(type A&B مقاس 600×300×12مم فرز اول بالمقاسات والالوان المطلوبة لدورات المياه الخاصة بمكاتب المدراء العامين  طبقاً للمخططات والمواصفات.,,791.0,,,,,,الملخص التراكمي,86,CMH_01_SMART.xlsx,sheet الملخص التراكمي (header re-detected),high,
CMH_01-C01,85, جدران بورسلان (PW-03(type A&B  مقاس 600×300×12مم فرز ثاني بالمقاسات والالوان المطلوبة لدورات المياة العامة  طبقاً للمخططات والمواصفات.,,2648.0,,,,,,الملخص التراكمي,87,CMH_01_SMART.xlsx,sheet الملخص التراكمي (header re-detected),high,
CMH_01-C01,86, وزرة من بورسلان بسماكة 12مم  100*600 مم والسعر يشمل التثبيت  بالغراء والشطف وكل ما يلزم لانهاء العمل حسب الاصول الفنية وتعليمات المهندس المشرف.Ref. Drawings: 07-MRA-DD-(as per floor number)-AR-300,,567.0,,,,,,الملخص التراكمي,88,CMH_01_SMART.xlsx,sheet الملخص التراكمي (header re-detected),high,
CMH_01-C01,87,توريد وتركيب بلاط سيراميك مزجج للجدران يلصق بمادة الغراء يتم إعتمادها على اللياسة المنفذه أسفل اوعلى القواطع الاسمنتية هويكون السيراميك المزجج من النوع الجيد والمتوفر  والسعر يشمل المادة اللاصقه ومادة السقاية  والديكور المطلوب ويتم التنفيذ طبقا للمخططات  واصول الصناعة وتعليمات المهندس المشرف.,,60.0,,,,,,الملخص التراكمي,89,CMH_01_SMART.xlsx,sheet الملخص التراكمي (header re-detected),high,
CMH_01-C01,88,رخام 01-MT رمادي غامق تندر غراي مقاس  1200× 300 مم لمنطقة القهوة و المدخل سماكة 20مم .,,1933.0,,,,,,الملخص التراكمي,90,CMH_01_SMART.xlsx,sheet الملخص التراكمي (header re-detected),high,
CMH_01-C01,89,رخام 02-MT رمادي فاتح تندر غراي مقاس 1200× 300 مم لمنطقة القهوة و المدخل سماكة 20مم,,214.0,,,,,,الملخص التراكمي,91,CMH_01_SMART.xlsx,sheet الملخص التراكمي (header re-detected),high,
CMH_01-C01,90,رخام 03-MT رمادي بيترا غراي غراي مقاس 1200× 300 مم لمنطقة القهوة في الدور السادس سماكة 20مم,,213.0,,,,,,الملخص التراكمي,92,CMH_01_SMART.xlsx,sheet الملخص التراكمي (header re-detected),high,
CMH_01-C01,91,رخام رمادي فاتح تندر غراي الواح مقاس 1000× 1000 مم بحسب اعتماد المهندس المشرف للممرات  سماكة 20مم,,100.0,,,,,,الملخص التراكمي,93,CMH_01_SMART.xlsx,sheet الملخص التراكمي (header re-detected),high,
CMH_01-C01,92,رخام رمادي بيترا غراي للدور السادس ألواح مقاس 1000× 1000 مم بحسب اعتماد المهندس سماكة 20مم,,750.0,,,,,,الملخص التراكمي,94,CMH_01_SMART.xlsx,sheet الملخص التراكمي (header re-detected),high,
CMH_01-C01,93,رخام 03-MR ثاسوس ابيض لحمام معالي الوزير مقاس 900×900 مم  بحسب اعتماد المهندس سماكة 20مم,,12.0,,,,,,الملخص التراكمي,95,CMH_01_SMART.xlsx,sheet الملخص التراكمي (header re-detected),high,
CMH_01-C01,94,رخام تندر غراي فاتح للدرج في الفناء الوسطي ب عرض 30 سم وارتفاع 15 سم وطول 800 سم.,,16.0,,,,,,الملخص التراكمي,96,CMH_01_SMART.xlsx,sheet الملخص التراكمي (header re-detected),high,
CMH_01-C01,95,معالجة وتنظيف وصقل وجلاء بلاط رخام الأرضيات والدرج مع بودرة الرخام المستخدم والتلميع 4 أوجه وملو الفواصل بمادة مقاومة للرطوبة والبكتيريا  والسعر يشمل جميع المواد والأعمال اللازمة لإتمام العمل المطلوب طبقا للمخططات والمواصفات الفنية وبحسب توجيهات واعتماد المهندس المشرف. رخام الأرضيات في المداخل و الممرات الرئيسية وبسطات الدرج.,,4800.0,,,,,,الملخص التراكمي,97,CMH_01_SMART.xlsx,sheet الملخص التراكمي (header re-detected),high,
CMH_01-C01,96,معالجة وتنظيف وصقل وجلاء بلاط رخام الأرضيات والدرج مع بودرة الرخام المستخدم والتلميع 4 أوجه وملو الفواصل بمادة مقاومة للرطوبة والبكتيريا  والسعر يشمل جميع المواد والأعمال اللازمة لإتمام العمل المطلوب طبقا للمخططات والمواصفات الفنية وبحسب توجيهات واعتماد المهندس المشرف. رخام الدرج )قائمة والسعر يشمل النائمة والحبسة,,300.0,,,,,,الملخص التراكمي,98,CMH_01_SMART.xlsx,sheet الملخص التراكمي (header re-detected),high,
CMH_01-C01,97,رخام رمادي غامق تندر غراي مقاس 600×900 مم  سماكة  20مم  كإطار حول المصاعد,,101.0,,,,,,الملخص التراكمي,99,CMH_01_SMART.xlsx,sheet الملخص التراكمي (header re-detected),high,
CMH_01-C01,98,رخام ابيض ثاسوس  سماكة 20مم على جدران دورات مياه منطقة معالي الوزير,,43.0,,,,,,الملخص التراكمي,100,CMH_01_SMART.xlsx,sheet الملخص التراكمي (header re-detected),high,
CMH_01-C01,99,رخام أخضر داكن مثبت على قواطع السيمنت خلف مكاتب السكرتاريا وفي المدخل الرئيسي في منطقة معالي الوزير.,,43.0,,,,,,الملخص التراكمي,101,CMH_01_SMART.xlsx,sheet الملخص التراكمي (header re-detected),high,
CMH_01-C01,100,رخام  الحوائط والأعمدة والكمر والوزرات لمدخل كبار الشخصيات ومدخل الموظفين وعلى المصاعد وفي الممرات الرئيسية والوجهات الداخلية للفناء الوسطي.,,6000.0,,,,,,الملخص التراكمي,102,CMH_01_SMART.xlsx,sheet الملخص التراكمي (header re-detected),high,
CMH_01-C01,101,توريد وتركيب وزرة من الرخام  رمادي فاتح تندر غراي بسماكة 20مم 100*1000 مم والسعر يشمل التثبيت  بالغراء والشطف وكل ما يلزم لانهاء العمل حسب الاصول الفنية وتعليمات المهندس المشرف.,,400.0,,,,,,الملخص التراكمي,103,CMH_01_SMART.xlsx,sheet الملخص التراكمي (header re-detected),high,
CMH_01-C01,102,معالجة وتنظيف و الصقل والجلاء  لبلاط  الموزايك للأرضيات والدرج ومحمل على البند الوزر  والبند يشمل معالجة اللحامات والسقاية وملو الفواصل بمادة مقاومة للرطوبة والبكتيريا  طبقا للمخططات والمواصفات الفنية وبحسب توجيهات واعتماد المهندس المشرف. الأرضيات الموزايكو في سلالم الخدمة وبسطات الدرج.,,4800.0,,,,,,الملخص التراكمي,104,CMH_01_SMART.xlsx,sheet الملخص التراكمي (header re-detected),high,
CMH_01-C01,103,معالجة وتنظيف و الصقل والجلاء  لبلاط  الموزايك للأرضيات والدرج ومحمل على البند الوزر  والبند يشمل معالجة اللحامات والسقاية وملو الفواصل بمادة مقاومة للرطوبة والبكتيريا  طبقا للمخططات والمواصفات الفنية وبحسب توجيهات واعتماد المهندس المشرف. موزايكو الدرج )قائمة والسعر يشمل النائمة والحبسة,,300.0,,,,,,الملخص التراكمي,105,CMH_01_SMART.xlsx,sheet الملخص التراكمي (header re-detected),high,
CMH_01-C01,104,Ref drawing: 07-MRA-DD-(as per floor number)-AR-300 مقاس 500×500 مم  لون رمادي لمنطقة المرور CT-01بلاط - سجاد,,3600.0,,,,,,الملخص التراكمي,106,CMH_01_SMART.xlsx,sheet الملخص التراكمي (header re-detected),high,
CMH_01-C01,105,بلاط - سجاد 02-CT مقاس 500× 500 مم لون أزرق فاتح لمحطة العمل وغرفة الاجتماعات,,6705.0,,,,,,الملخص التراكمي,107,CMH_01_SMART.xlsx,sheet الملخص التراكمي (header re-detected),high,
CMH_01-C01,106,Ref drawing: 07-MRA-DD-(as per floor number)-AR-300 مقاس 500×500 مم لون بيج لمكتب المدير CT-03بلاط - سجاد,,1213.0,,,,,,الملخص التراكمي,108,CMH_01_SMART.xlsx,sheet الملخص التراكمي (header re-detected),high,
CMH_01-C01,107,Ref drawing: 07-MRA-DD-(as per floor number)-AR-300 مقاس 500×500 مم لمنطقة الاستقبال الرئيسية CT-04بلاط - سجاد,,543.0,,,,,,الملخص التراكمي,109,CMH_01_SMART.xlsx,sheet الملخص التراكمي (header re-detected),high,
CMH_01-C01,108,بلاط - سجاد05-CT مقاس 500×500 مم لغرف خدمة العملاء مع تصميم بشكل مثلث وألوان مختلفة,,735.0,,,,,,الملخص التراكمي,110,CMH_01_SMART.xlsx,sheet الملخص التراكمي (header re-detected),high,
CMH_01-C01,109,Ref drawing: 07-MRA-DD-(as per floor number)-AR-300 مقاس 500×500 مم لمركز الأعمال CT-06بلاط - سجاد,,109.0,,,,,,الملخص التراكمي,111,CMH_01_SMART.xlsx,sheet الملخص التراكمي (header re-detected),high,
CMH_01-C01,110,بلاط - سجاد 01-CR مقاس 500×500 مم لمكتب الرئيس ونائب الرئيس والصالة والسكرتارية وغرفة الاجتماعات الكبيرة.,,2140.0,,,,,,الملخص التراكمي,112,CMH_01_SMART.xlsx,sheet الملخص التراكمي (header re-detected),high,
CMH_01-C01,111,بلاط - سجاد 02-CR مقاس 500×500 مم لمكتب الرئيس ونائب الرئيس على شكل مثلثات لون بيج، رمادي فاتح ورمادي غامق.,,303.0,,,,,,الملخص التراكمي,113,CMH_01_SMART.xlsx,sheet الملخص التراكمي (header re-detected),high,
CMH_01-C01,112,300-Ref drawing: 07-MRA-DD-(as per floor number)-ARبلاط - سجاد 03-CR مقاس 500×500 مم للمدير العام ومنطقة السكرتارية,,1550.0,,,,,,الملخص التراكمي,114,CMH_01_SMART.xlsx,sheet الملخص التراكمي (header re-detected),high,
CMH_01-C01,113,Ref drawing: 07-MRA-DD-(as per floor number)-AR-300 لمنطقة الصلاة CR-04 رولات السجاد,,129.0,,,,,,الملخص التراكمي,115,CMH_01_SMART.xlsx,sheet الملخص التراكمي (header re-detected),high,
CMH_01-C01,114,رولات السجاد 05-CR لمدخل معالي الوزير في الدور الارضي، سجادة المراسم الملكية لون بنفسجي مع إضافة إطار بنقشة مزخرفة حسب المناظير الداخلية.,,85.0,,,,,,الملخص التراكمي,116,CMH_01_SMART.xlsx,sheet الملخص التراكمي (header re-detected),high,
CMH_01-C01,115,رولات السجاد 06-CR للمدخل الرئيسي والثانوي في الدور الأرضي بلون بيج مع تصميم على شكل مثلثات حسب المناظير الداخلية.,,174.0,,,,,,الملخص التراكمي,117,CMH_01_SMART.xlsx,sheet الملخص التراكمي (header re-detected),high,
CMH_01-C01,116,رولات السجاد 07-CR لمختصر معالي الوزير، غرفة الاجتماعات الخاصة بمعالي الوزير، غرفة الاجتماعات الرئيسية ومدير مكتب معالي الوزير.,,215.0,,,,,,الملخص التراكمي,118,CMH_01_SMART.xlsx,sheet الملخص التراكمي (header re-detected),high,
CMH_01-C01,117,300-Ref drawing: 07-MRA-DD-(as per floor number)-ARرولات السجاد 08-CR لمنطقة انتظار كبار الشخصيات في الدور السادس,,37.0,,,,,,الملخص التراكمي,119,CMH_01_SMART.xlsx,sheet الملخص التراكمي (header re-detected),high,
CMH_01-C01,118,300-Ref drawing: 07-MRA-DD-(as per floor number)-ARرولات السجاد 09-CR  لمكتب معالي الوزير، السكرتاريا ومنطقة الانتظار,,203.0,,,,,,الملخص التراكمي,120,CMH_01_SMART.xlsx,sheet الملخص التراكمي (header re-detected),high,
CMH_01-C01,119,300-Ref drawing: 07-MRA-DD-(as per floor number)-ARرولات السجاد 10-CR  لغرفة اللاونج في منطقة التنفيذين في الدور السادس,,18.0,,,,,,الملخص التراكمي,121,CMH_01_SMART.xlsx,sheet الملخص التراكمي (header re-detected),high,
CMH_01-C01,120,بلاط laminated HDF باركيه01-PQ  لمركز الأعمال والفناء الوسطي,,178.0,,,,,,الملخص التراكمي,122,CMH_01_SMART.xlsx,sheet الملخص التراكمي (header re-detected),high,
CMH_01-C01,121,عمل صبة خرسانية من السرك سماكة 10 سم مع طبقة واحدة من شبك الحديد قطر 6مم. على أن تكون طبقة التشطيب النهائية بلون رمادي غامق على شكل الأسطح الاسمنتية  بحسب اللون والملمس المعتمد. ,,110.0,,,,,,الملخص التراكمي,123,CMH_01_SMART.xlsx,sheet الملخص التراكمي (header re-detected),high,
CMH_01-C01,122,عمل صبة خرسانية من السرك سماكة 10 سم مع طبقة واحدة من شبك الحديد قطر 6مم. على أن تكون طبقة التشطيب النهائية بلون رمادي فاتح على شكل الأسطح الاسمنتية  بحسب اللون والملمس المعتمد وبحسب تعليمات المهندس المشرف.,,160.0,,,,,,الملخص التراكمي,124,CMH_01_SMART.xlsx,sheet الملخص التراكمي (header re-detected),high,
CMH_01-C01,123,حجر جرانيت اسود مع تشكيلات مثلثات من لون فاتح للنافورة الداخلية   01-ST حسب الموضح بالمخطط ,,170.0,,,,,,الملخص التراكمي,125,CMH_01_SMART.xlsx,sheet الملخص التراكمي (header re-detected),high,
CMH_01-C01,124,300-Ref. Drawings: 07-MRA-DD-(as per floor number)-AR حجر رياض ابيض كإطار حول الجلسات في الفناء الوسطي الاساسي 02-ST,,118.0,,,,,,الملخص التراكمي,126,CMH_01_SMART.xlsx,sheet الملخص التراكمي (header re-detected),high,
CMH_01-C01,125,دهان بلون رمادي بيج على الألواح الجبسية والألواح الاسمنتية 100-WPF,,12700.0,,,,,,الملخص التراكمي,127,CMH_01_SMART.xlsx,sheet الملخص التراكمي (header re-detected),high,
CMH_01-C01,126,دهان بلون رمادي خشن على هيئة الاسطح الاسمنتية مع غرووف  على الأعمدة,,2288.0,,,,,,الملخص التراكمي,128,CMH_01_SMART.xlsx,sheet الملخص التراكمي (header re-detected),high,
CMH_01-C01,127,دهان لجدران وأسقف السلالم والجدران الداخلية بالمبنى.,,6173.0,,,,,,الملخص التراكمي,129,CMH_01_SMART.xlsx,sheet الملخص التراكمي (header re-detected),high,
CMH_01-C01,128,.دهان بلون رمادي اسمنتي على الألواح الجبسية والألواح الاسمنتية 200-WPF,,2088.0,,,,,,الملخص التراكمي,130,CMH_01_SMART.xlsx,sheet الملخص التراكمي (header re-detected),high,
CMH_01-C01,129,.دهان بلون رمادي فاتح  على الألواح الجبسية والألواح الاسمنتية 300-WPF,,174.0,,,,,,الملخص التراكمي,131,CMH_01_SMART.xlsx,sheet الملخص التراكمي (header re-detected),high,
CMH_01-C01,130,.دهان بلون اصفر خردلي  على الألواح الجبسية والألواح الاسمنتية 400-WPF,,30.0,,,,,,الملخص التراكمي,132,CMH_01_SMART.xlsx,sheet الملخص التراكمي (header re-detected),high,
CMH_01-C01,131,.دهان بلون ازرق أخضر  على الألواح الجبسية والألواح الاسمنتية 500-WPF,,23.0,,,,,,الملخص التراكمي,133,CMH_01_SMART.xlsx,sheet الملخص التراكمي (header re-detected),high,
CMH_01-C01,132,.دهان بلون رمادي خشن على هيئة الاسطح الاسمنتية مع تجويف  على جدار البلوك 600-WPF,,32.0,,,,,,الملخص التراكمي,134,CMH_01_SMART.xlsx,sheet الملخص التراكمي (header re-detected),high,
CMH_01-C01,133,تحضير وتنفيذ وعمل دهان عالي الجودة للأسقف الجبسية يشمل الوجه التحضيرى أساس ومعالجة الفواصل  بالمعجـون والشاش والمواد المخصص لتسكير فواصل الالواح الجبسية والاسمنتية وان يكون نوع  دهان  بلون ابيض,,25559.0,,,,,,الملخص التراكمي,135,CMH_01_SMART.xlsx,sheet الملخص التراكمي (header re-detected),high,
CMH_01-C01,134,تحضير وتنفيذ وعمل دهان عالي الجودة للأسقف الجبسية يشمل الوجه التحضيرى أساس ومعالجة الفواصل  بالمعجـون والشاش والمواد المخصص لتسكير فواصل الالواح الجبسية والاسمنتية وان يكون نوع دهان  بلون اصفر خردلي,,9.0,,,,,,الملخص التراكمي,136,CMH_01_SMART.xlsx,sheet الملخص التراكمي (header re-detected),high,
CMH_01-C01,135,تحضير وتنفيذ وعمل دهان عالي الجودة للأسقف الجبسية يشمل الوجه التحضيرى أساس ومعالجة الفواصل  بالمعجـون والشاش والمواد المخصص لتسكير فواصل الالواح الجبسية والاسمنتية وان يكون نوع دهان  بلون ازرق تيل,,3.0,,,,,,الملخص التراكمي,137,CMH_01_SMART.xlsx,sheet الملخص التراكمي (header re-detected),high,
CMH_01-C01,136,تحضير وتنفيذ وعمل دهان عالي الجودة للأسقف الجبسية يشمل الوجه التحضيرى أساس ومعالجة الفواصل  بالمعجـون والشاش والمواد المخصص لتسكير فواصل الالواح الجبسية والاسمنتية وان يكون نوع دهان  بلون ازرق فاتح,,4.0,,,,,,الملخص التراكمي,138,CMH_01_SMART.xlsx,sheet الملخص التراكمي (header re-detected),high,
CMH_01-C01,137,بالمتر المسطح عمل دهان اكريليك مائي مرن عالي المتانة علي الاسطح الخرسانية وعلى الجدران  الظاهرة على السقف المفتوح  وكل التجهيزات الخاصة بالأعمال الميكانيكية والكهربائية باستثناء نظام الحريق. يشمل الوجه التحضيرى أساس  ثم  الدهان وجهين باللون المطلوب  مع نظافة الاسطح وازالة اى بروز بالخرسانات بالسقف ويتم التنفيذ طبقا للمخططات والمواصفاتة الفنية وعلي حسب تعليمات المهندس المشرف. دهان  بلون اسود,,9442.0,,,,,,الملخص التراكمي,139,CMH_01_SMART.xlsx,sheet الملخص التراكمي (header re-detected),high,
CMH_01-C01,138,بالمتر المسطح عمل دهان اكريليك مائي مرن عالي المتانة علي الاسطح الخرسانية وعلى الجدران  الظاهرة على السقف المفتوح  وكل التجهيزات الخاصة بالأعمال الميكانيكية والكهربائية باستثناء نظام الحريق. يشمل الوجه التحضيرى أساس  ثم  الدهان وجهين باللون المطلوب  مع نظافة الاسطح وازالة اى بروز بالخرسانات بالسقف ويتم التنفيذ طبقا للمخططات والمواصفاتة الفنية وعلي حسب تعليمات المهندس المشرف.  دهان رمادي غامق,,835.0,,,,,,الملخص التراكمي,140,CMH_01_SMART.xlsx,sheet الملخص التراكمي (header re-detected),high,
CMH_01-C01,139,معالجة و دهان سقف الفناء الوسطى والبند يشمل أعمال ترميم  ودهان الألواح الجبسية مع تغيير التالف منها وفك ألواح التغطية الشفافة )ألواح اللكسان( الحالية وتوريد وتركيب ألواح جديدة ومحمل على البند فك وحدات الانارة الحالية وتوريد وتركيب ،حدات إنارة جديدة مناسبة على ان يقدم المقاول مقترح كامل لطريقة التنفيذ وعينات المواد للاعتماد من المهندس المشرف  قبل البدء بالاعمال والسعر يشمل كافة المواد والاعمال اللازمة لتنفيذ البند طبقاً لتوصيات المهندس المشرف,,680.0,,,,,,الملخص التراكمي,141,CMH_01_SMART.xlsx,sheet الملخص التراكمي (header re-detected),high,
CMH_01-C01,140,توريد وتثبيت ورق جدران عالي الجودة على الألواح الجبسية بعد تأسيس الجدران واغلاق الفواصل والفتحات وتاسيس الجدار بدهان مناسب لاعمال ورق الجدران  حسب النوع . في منطقة التنفيذيين ومكتب مدير مكتب معالي الوزير في الدور السادس  ويتم التنفيذ طبقا للمخططات والمواصفات الفنية وبحسب تعليمات المهندس المشرف.,,758.0,,,,,,الملخص التراكمي,142,CMH_01_SMART.xlsx,sheet الملخص التراكمي (header re-detected),high,
CMH_01-C01,141,جهاز تجفيف للأيدي كهربائي,,47.0,,,,,,الملخص التراكمي,143,CMH_01_SMART.xlsx,sheet الملخص التراكمي (header re-detected),high,
CMH_01-C01,142,جهاز مناديل كهربائي,,47.0,,,,,,الملخص التراكمي,144,CMH_01_SMART.xlsx,sheet الملخص التراكمي (header re-detected),high,
CMH_01-C01,143,موزع صابون سائل,,115.0,,,,,,الملخص التراكمي,145,CMH_01_SMART.xlsx,sheet الملخص التراكمي (header re-detected),high,
CMH_01-C01,144,حاملة لفة ورق توليت,,138.0,,,,,,الملخص التراكمي,146,CMH_01_SMART.xlsx,sheet الملخص التراكمي (header re-detected),high,
CMH_01-C01,145,مقابض لذوي الاحتياجات الخاصة  مكونه من مقبض خلفي 900 مم,,23.0,,,,,,الملخص التراكمي,147,CMH_01_SMART.xlsx,sheet الملخص التراكمي (header re-detected),high,
CMH_01-C01,146,مقابض لذوي الاحتياجات الخاصة   مكونه من مقبض جانبي1100 مم,,23.0,,,,,,الملخص التراكمي,148,CMH_01_SMART.xlsx,sheet الملخص التراكمي (header re-detected),high,
CMH_01-C01,147,طقم اكسسوارات لمكتب معالي الوزير شاملة اكسسوارات حوض المغسلة، ماسورة تعليق المناشف وحوامل المناشف، فرشاة الحمام، حامل ورق التواليت,,1.0,,,,,,الملخص التراكمي,149,CMH_01_SMART.xlsx,sheet الملخص التراكمي (header re-detected),high,
CMH_01-C01,148,طقم اكسسوارات لمكتب الوكيل ومساعد الوكيل ومكاتب التنفيذيين في الدور السادس شاملة اكسسوارات حوض المغسلة، ماسورة تعليق المناشف وحوامل المناشف، فرش الحمام، حامل ورق التواليت,,20.0,,,,,,الملخص التراكمي,150,CMH_01_SMART.xlsx,sheet الملخص التراكمي (header re-detected),high,
CMH_01-C01,149,طقم اكسسوارات لمكاتب المدراء العامين شاملة اكسسوارات حوض المغسلة، ماسورة تعليق المناشف وحوامل المناشف، فرش الحمام، حامل ورق التواليت,,32.0,,,,,,الملخص التراكمي,151,CMH_01_SMART.xlsx,sheet الملخص التراكمي (header re-detected),high,
CMH_01-C01,150,توريد وتركيب مرآة وجه 6 مم ترُكّب بارزة عن الجدار مع شطف على كل الجهات طبقا للمواصفات وبحسب تعليمات المهندس المشرف. مقاس 1100 × 900 مم,,1.0,,,,,,الملخص التراكمي,152,CMH_01_SMART.xlsx,sheet الملخص التراكمي (header re-detected),high,
CMH_01-C01,151,توريد وتركيب مرآة وجه 6 مم ترُكّب بارزة عن الجدار مع شطف على كل الجهات طبقا للمواصفات وبحسب تعليمات المهندس المشرف. مقاس 1200 × 800 مم,,75.0,,,,,,الملخص التراكمي,153,CMH_01_SMART.xlsx,sheet الملخص التراكمي (header re-detected),high,
CMH_01-C01,152,توريد وتركيب مرآة وجه 6 مم ترُكّب بارزة عن الجدار مع شطف على كل الجهات طبقا للمواصفات وبحسب تعليمات المهندس المشرف. مقاس 1200 × 700 مم,,92.0,,,,,,الملخص التراكمي,154,CMH_01_SMART.xlsx,sheet الملخص التراكمي (header re-detected),high,
CMH_01-C01,153,توريد وتركيب كاونتر لوحي للمغاسل كوريان عالي الكثافة سماكة 20 مم، يشمل الجزء الأمامي واللوح الواقي الخلفي  سماكة 20 مم حسب المحدد في المخططات والأقواس وأدوات التثبيت من الحديد المجلفن. و يشمل السعر أي مواد أو أعمال يتطلبها انهاء العمل طبقاً للموضح بالمواصفات والرسومات. ويشمل الأعمال الخشبية اللازمة للخزائن المرتبطة بالكاونتر حسب التصميم المطلوب وبحسب تعليمات المهندس المشرف. Ref drawing: 07-MRA-DD-(as per floor number)-AR-700 to 703 مقاس: 1250طول × عرض600 مم ,,32.0,,,,,,الملخص التراكمي,155,CMH_01_SMART.xlsx,sheet الملخص التراكمي (header re-detected),high,
CMH_01-C01,154,توريد وتركيب كاونتر لوحي للمغاسل كوريان عالي الكثافة سماكة 20 مم، يشمل الجزء الأمامي واللوح الواقي الخلفي  سماكة 20 مم حسب المحدد في المخططات والأقواس وأدوات التثبيت من الحديد المجلفن. و يشمل السعر أي مواد أو أعمال يتطلبها انهاء العمل طبقاً للموضح بالمواصفات والرسومات. ويشمل الأعمال الخشبية اللازمة للخزائن المرتبطة بالكاونتر حسب التصميم المطلوب وبحسب تعليمات المهندس المشرف. Ref drawing: 07-MRA-DD-(as per floor number)-AR-700 to 703 مقاس: 1200طول × عرض600 مم ,,20.0,,,,,,الملخص التراكمي,156,CMH_01_SMART.xlsx,sheet الملخص التراكمي (header re-detected),high,
CMH_01-C01,155,توريد وتركيب كاونتر لوحي للمغاسل كوريان عالي الكثافة سماكة 20 مم، يشمل الجزء الأمامي واللوح الواقي الخلفي  سماكة 20 مم حسب المحدد في المخططات والأقواس وأدوات التثبيت من الحديد المجلفن. و يشمل السعر أي مواد أو أعمال يتطلبها انهاء العمل طبقاً للموضح بالمواصفات والرسومات. ويشمل الأعمال الخشبية اللازمة للخزائن المرتبطة بالكاونتر حسب التصميم المطلوب وبحسب تعليمات المهندس المشرف.  مقاس: 1000طولRef drawing: 07-MRA-DD-(as per floor number)-AR-700 to 703 عرض600 مم × ,,22.0,,,,,,الملخص التراكمي,157,CMH_01_SMART.xlsx,sheet الملخص التراكمي (header re-detected),high,
CMH_01-C01,156,توريد وتركيب كاونتر لوحي للمغاسل كوريان عالي الكثافة سماكة 20 مم، يشمل الجزء الأمامي واللوح الواقي الخلفي  سماكة 20 مم حسب المحدد في المخططات والأقواس وأدوات التثبيت من الحديد المجلفن.و يشمل السعر أي مواد أو أعمال يتطلبها انهاء العمل طبقاً للموضح بالمواصفات والرسومات. ويشمل الأعمال الخشبية اللازمة للخزائن المرتبطة بالكاونتر حسب التصميم المطلوب وبحسب تعليمات المهندس المشرف.Ref drawing: 07-MRA-DD-(as per floor number)-AR-700 to 703 مقاس: 3800طول × عرض600 مم ,,23.0,,,,,,الملخص التراكمي,158,CMH_01_SMART.xlsx,sheet الملخص التراكمي (header re-detected),high,
CMH_01-C01,157,توريد وتركيب كاونتر لوحي للمغاسل كوريان عالي الكثافة سماكة 20 مم، يشمل الجزء الأمامي واللوح الواقي الخلفي  سماكة 20 مم حسب المحدد في المخططات والأقواس وأدوات التثبيت من الحديد المجلفن.و يشمل السعر أي مواد أو أعمال يتطلبها انهاء العمل طبقاً للموضح بالمواصفات والرسومات. ويشمل الأعمال الخشبية اللازمة للخزائن المرتبطة بالكاونتر حسب التصميم المطلوب وبحسب تعليمات المهندس المشرف. Ref drawing: 07-MRA-DD-(as per floor number)-AR-700 to 703 مقاس: 1340طول × عرض600 مم ,,1.0,,,,,,الملخص التراكمي,159,CMH_01_SMART.xlsx,sheet الملخص التراكمي (header re-detected),high,
CMH_01-C01,158,توريد وتركيب كاونتر لوحي للمغاسل كوريان عالي الكثافة سماكة 20 مم، يشمل الجزء الأمامي واللوح الواقي الخلفي  سماكة 20 مم حسب المحدد في المخططات والأقواس وأدوات التثبيت من الحديد المجلفن. و يشمل السعر أي مواد أو أعمال يتطلبها انهاء العمل طبقاً للموضح بالمواصفات والرسومات. ويشمل الأعمال الخشبية اللازمة للخزائن المرتبطة بالكاونتر حسب التصميم المطلوب وبحسب تعليمات المهندس المشرف. Ref drawing: 07-MRA-DD-(as per floor number)-AR-700 to 703 مقاس: 1620طول × عرض600 مم,,4.0,,,,,,الملخص التراكمي,160,CMH_01_SMART.xlsx,sheet الملخص التراكمي (header re-detected),high,
CMH_01-C01,159,توريد وتركيب كاونتر لوحي للمغاسل كوريان عالي الكثافة سماكة 20 مم، يشمل الجزء الأمامي واللوح الواقي الخلفي  سماكة 20 مم حسب المحدد في المخططات والأقواس وأدوات التثبيت من الحديد المجلفن.و يشمل السعر أي مواد أو أعمال يتطلبها انهاء العمل طبقاً للموضح بالمواصفات والرسومات. ويشمل الأعمال الخشبية اللازمة للخزائن المرتبطة بالكاونتر حسب التصميم المطلوب وبحسب تعليمات المهندس المشرف. Ref drawing: 07-MRA-DD-(as per floor number)-AR-700 to 703 مقاس: 1200طول × عرض500 مم ,,1.0,,,,,,الملخص التراكمي,161,CMH_01_SMART.xlsx,sheet الملخص التراكمي (header re-detected),high,
CMH_01-C01,160,خزانة مغسلة خشبية مقاومة للرطوبة من خشب الـ ) Mdf ( بسماكة 18 مم وارتفاع 400 مم من قشرة الجوز أو ما يتناسب مع العينة الموافق عليها  مثبتة على القواطع الجبسية مع اضاءة مخفية ومفصلات ومقابض مخفية وتصميم حسب الرسومات والمناظير وبحسب تعليمات المهندس المشرف. Ref drawing: 07-MRA-DD-(as per floor number)-AR-700 to 703 مقاس: 1250طول × عرض600 مم,,32.0,,,,,,الملخص التراكمي,162,CMH_01_SMART.xlsx,sheet الملخص التراكمي (header re-detected),high,
CMH_01-C01,161,خزانة مغسلة خشبية مقاومة للرطوبة من خشب الـ ) Mdf ( بسماكة 18 مم وارتفاع 400 مم من قشرة الجوز أو ما يتناسب مع العينة الموافق عليها  مثبتة على القواطع الجبسية مع اضاءة مخفية ومفصلات ومقابض مخفية وتصميم حسب الرسومات والمناظير وبحسب تعليمات المهندس المشرف. Ref drawing: 07-MRA-DD-(as per floor number)-AR-700 to 703 مقاس: 1200طول × عرض600 مم,,20.0,,,,,,الملخص التراكمي,163,CMH_01_SMART.xlsx,sheet الملخص التراكمي (header re-detected),high,
CMH_01-C01,162,خزانة مغسلة خشبية مقاومة للرطوبة من خشب الـ ) Mdf ( بسماكة 18 مم وارتفاع 400 مم من قشرة الجوز أو ما يتناسب مع العينة الموافق عليها  مثبتة على القواطع الجبسية مع اضاءة مخفية ومفصلات ومقابض مخفية وتصميم حسب الرسومات والمناظير وبحسب تعليمات المهندس المشرف.Ref drawing: 07-MRA-DD-(as per floor number)-AR-700 to 703 مقاس: 1000طول × عرض600 مم,,22.0,,,,,,الملخص التراكمي,164,CMH_01_SMART.xlsx,sheet الملخص التراكمي (header re-detected),high,
CMH_01-C01,163,خزانة مغسلة خشبية مقاومة للرطوبة من خشب الـ ) Mdf ( بسماكة 18 مم وارتفاع 400 مم من قشرة الجوز أو ما يتناسب مع العينة الموافق عليها  مثبتة على القواطع الجبسية مع اضاءة مخفية ومفصلات ومقابض مخفية وتصميم حسب الرسومات والمناظير وبحسب تعليمات المهندس المشرف. Ref drawing: 07-MRA-DD-(as per floor number)-AR-700 to 703 مقاس: 3800طول × عرض600 مم,,23.0,,,,,,الملخص التراكمي,165,CMH_01_SMART.xlsx,sheet الملخص التراكمي (header re-detected),high,
CMH_01-C01,164,خزانة مغسلة خشبية مقاومة للرطوبة من خشب الـ ) Mdf ( بسماكة 18 مم وارتفاع 400 مم من قشرة الجوز أو ما يتناسب مع العينة الموافق عليها  مثبتة على القواطع الجبسية مع اضاءة مخفية ومفصلات ومقابض مخفية وتصميم حسب الرسومات والمناظير وبحسب تعليمات المهندس المشرف. Ref drawing: 07-MRA-DD-(as per floor number)-AR-700 to 703 مقاس: 1340طول × عرض600 مم,,1.0,,,,,,الملخص التراكمي,166,CMH_01_SMART.xlsx,sheet الملخص التراكمي (header re-detected),high,
CMH_01-C01,165,خزانة مغسلة خشبية مقاومة للرطوبة من خشب الـ ) Mdf ( بسماكة 18 مم وارتفاع 400 مم من قشرة الجوز أو ما يتناسب مع العينة الموافق عليها  مثبتة على القواطع الجبسية مع اضاءة مخفية ومفصلات ومقابض مخفية وتصميم حسب الرسومات والمناظير وبحسب تعليمات المهندس المشرف. Ref drawing: 07-MRA-DD-(as per floor number)-AR-700 to 703 مقاس: 1620طول × عرض600 مم,,4.0,,,,,,الملخص التراكمي,167,CMH_01_SMART.xlsx,sheet الملخص التراكمي (header re-detected),high,
CMH_01-C01,166,خزانة مغسلة خشبية مقاومة للرطوبة من خشب الـ ) Mdf ( بسماكة 18 مم وارتفاع 400 مم من قشرة الجوز أو ما يتناسب مع العينة الموافق عليها  مثبتة على القواطع الجبسية مع اضاءة مخفية ومفصلات ومقابض مخفية وتصميم حسب الرسومات والمناظير وبحسب تعليمات المهندس المشرف. Ref drawing: 07-MRA-DD-(as per floor number)-AR-700 to 703 مقاس: 1200طول × عرض500 مم,,1.0,,,,,,الملخص التراكمي,168,CMH_01_SMART.xlsx,sheet الملخص التراكمي (header re-detected),high,
CMH_01-C01,167, توريد وتركيب بار كاونتر للمطعم من الرخام الأسود والوجه مطلي باللون الرمادي على شكل وهيئة.الأسطح الاسمنتية  4400mm -طول x 1100mm - ارتفاع x 600mm -عرض,,1.0,,,,,,الملخص التراكمي,169,CMH_01_SMART.xlsx,sheet الملخص التراكمي (header re-detected),high,
CMH_01-C01,168, توريد وتركيب بار كاونتر للمطعم من الرخام الأسود والوجه مطلي باللون الرمادي على شكل وهيئة.الأسطح الاسمنتية  3100mm -طول x 1100mm - ارتفاع x 600mm -عرض,,1.0,,,,,,الملخص التراكمي,170,CMH_01_SMART.xlsx,sheet الملخص التراكمي (header re-detected),high,
CMH_01-C01,169,توريد وتركيب لوحات/لافتات داخلية حسب الأنظمة القياسية  للصانع وحسب الكتيّبات القياسية للّوحات، ويشمل السعر الأشكال البيانية )graphics( والمعلومات المكتوبة ونظام الأطُر وكل المواد والمكمّلات ذات الصلة المحددة في المخططات والمواصفات التفصيلية وبحسب تعليمات المهندس المشرف. لوحات إرشاديه للإستقبال نوع  101ID,,22.0,,,,,,الملخص التراكمي,171,CMH_01_SMART.xlsx,sheet الملخص التراكمي (header re-detected),high,
CMH_01-C01,170,توريد وتركيب لوحات/لافتات داخلية حسب الأنظمة القياسية  للصانع وحسب الكتيّبات القياسية للّوحات، ويشمل السعر الأشكال البيانية )graphics( والمعلومات المكتوبة ونظام الأطُر وكل المواد والمكمّلات ذات الصلة المحددة في المخططات والمواصفات التفصيلية وبحسب تعليمات المهندس المشرف. لوحات إرشاديه للمكاتب نوع  102ID,,190.0,,,,,,الملخص التراكمي,172,CMH_01_SMART.xlsx,sheet الملخص التراكمي (header re-detected),high,
CMH_01-C01,171,توريد وتركيب لوحات/لافتات داخلية حسب الأنظمة القياسية  للصانع وحسب الكتيّبات القياسية للّوحات، ويشمل السعر الأشكال البيانية )graphics( والمعلومات المكتوبة ونظام الأطُر وكل المواد والمكمّلات ذات الصلة المحددة في المخططات والمواصفات التفصيلية وبحسب تعليمات المهندس المشرف. لوحات إرشاديه لحجرة الإجتماعات نوع  103ID,,36.0,,,,,,الملخص التراكمي,173,CMH_01_SMART.xlsx,sheet الملخص التراكمي (header re-detected),high,
CMH_01-C01,172,توريد وتركيب لوحات/لافتات داخلية حسب الأنظمة القياسية  للصانع وحسب الكتيّبات القياسية للّوحات، ويشمل السعر الأشكال البيانية )graphics( والمعلومات المكتوبة ونظام الأطُر وكل المواد والمكمّلات ذات الصلة المحددة في المخططات والمواصفات التفصيلية وبحسب تعليمات المهندس المشرف. لوحات إرشاديه للحمامات نوع  104ID,,46.0,,,,,,الملخص التراكمي,174,CMH_01_SMART.xlsx,sheet الملخص التراكمي (header re-detected),high,
CMH_01-C01,173,توريد وتركيب لوحات/لافتات داخلية حسب الأنظمة القياسية  للصانع وحسب الكتيّبات القياسية للّوحات، ويشمل السعر الأشكال البيانية )graphics( والمعلومات المكتوبة ونظام الأطُر وكل المواد والمكمّلات ذات الصلة المحددة في المخططات والمواصفات التفصيلية وبحسب تعليمات المهندس المشرف. لوحات إرشاديه لمستوي السلالم نوع  105ID,,30.0,,,,,,الملخص التراكمي,175,CMH_01_SMART.xlsx,sheet الملخص التراكمي (header re-detected),high,
CMH_01-C01,174,توريد وتركيب لوحات/لافتات داخلية حسب الأنظمة القياسية  للصانع وحسب الكتيّبات القياسية للّوحات، ويشمل السعر الأشكال البيانية )graphics( والمعلومات المكتوبة ونظام الأطُر وكل المواد والمكمّلات ذات الصلة المحددة في المخططات والمواصفات التفصيلية وبحسب تعليمات المهندس المشرف. لوحات إرشاديه لسلالم الخروج نوع  106ID,,30.0,,,,,,الملخص التراكمي,176,CMH_01_SMART.xlsx,sheet الملخص التراكمي (header re-detected),high,
CMH_01-C01,175,قواطع الحمامات مكونة من ألواح الفينوليك المضغوط ارتفاع 2 متر ذو المقاومة الشديدة للماء مع طبقة ميلامين بلون رمادي غامق مقاومة للخدش وسهلة التنظيف ، سمك الألواح هو  19 ملم ،. قواطع الحمامات تشمل إكسسوارات عالية الجودة ) مفصلات ذاتية الإغلاق وقفل ( والأبواب والاكسسوارات والعلاقات من الستانلس ستيل brushed finish وكل ما يلزم لانهاء العمل حسب الأصول الفنية والمواصفلت وتعليمات المهندس المشرف .,,611.0,,,,,,الملخص التراكمي,177,CMH_01_SMART.xlsx,sheet الملخص التراكمي (header re-detected),high,
CMH_01-C01,176,للمواسير داخل المبنى من مواسير متعددة الطبقات بولي بروبلين كما هو موصف تشمل كافة القطع التركيبية )مثل القارنات من الحديد الصلب الغير قابل للصدأ والأكواع /المنحنيات والتفريعات والدعامات( والصمامات ومخمدات الصدمة ومنافس الهواء الآلية و المحابس  وكافة الاكسسوارات اللازمة، كما هو مبين في المخططات لتركيب مايلي من الأقطار الخارجية مع ربطه بالشبكة الحالية لاقرب نقطة و على المقاول تقديم المخططات التنفيذية و الحسابات الهيدروليكية و اعتمادها قبل البدا بالتنفيذ الاعمال من المهندس المشرف للاقطار  الداخلية قطر 20 مم,,532.0,,,,,,الملخص التراكمي,178,CMH_01_SMART.xlsx,sheet الملخص التراكمي (header re-detected),high,
CMH_01-C01,177,للمواسير داخل المبنى من مواسير متعددة الطبقات بولي بروبلين كما هو موصف تشمل كافة القطع التركيبية )مثل القارنات من الحديد الصلب الغير قابل للصدأ والأكواع /المنحنيات والتفريعات والدعامات( والصمامات ومخمدات الصدمة ومنافس الهواء الآلية و المحابس  وكافة الاكسسوارات اللازمة، كما هو مبين في المخططات لتركيب مايلي من الأقطار الخارجية مع ربطه بالشبكة الحالية لاقرب نقطة و على المقاول تقديم المخططات التنفيذية و الحسابات الهيدروليكية و اعتمادها قبل البدا بالتنفيذ الاعمال من المهندس المشرف للاقطار  الداخلية قطر 25 مم,,221.0,,,,,,الملخص التراكمي,179,CMH_01_SMART.xlsx,sheet الملخص التراكمي (header re-detected),high,
CMH_01-C01,178,للمواسير داخل المبنى من مواسير متعددة الطبقات بولي بروبلين كما هو موصف تشمل كافة القطع التركيبية )مثل القارنات من الحديد الصلب الغير قابل للصدأ والأكواع /المنحنيات والتفريعات والدعامات( والصمامات ومخمدات الصدمة ومنافس الهواء الآلية و المحابس  وكافة الاكسسوارات اللازمة، كما هو مبين في المخططات لتركيب مايلي من الأقطار الخارجية مع ربطه بالشبكة الحالية لاقرب نقطة و على المقاول تقديم المخططات التنفيذية و الحسابات الهيدروليكية و اعتمادها قبل البدا بالتنفيذ الاعمال من المهندس المشرف للاقطار  الداخلية :قطر 32مم,,207.0,,,,,,الملخص التراكمي,180,CMH_01_SMART.xlsx,sheet الملخص التراكمي (header re-detected),high,
CMH_01-C01,179,للمواسير داخل المبنى من مواسير متعددة الطبقات بولي بروبلين كما هو موصف تشمل كافة القطع التركيبية )مثل القارنات من الحديد الصلب الغير قابل للصدأ والأكواع /المنحنيات والتفريعات والدعامات( والصمامات ومخمدات الصدمة ومنافس الهواء الآلية و المحابس  وكافة الاكسسوارات اللازمة، كما هو مبين في المخططات لتركيب مايلي من الأقطار الخارجية مع ربطه بالشبكة الحالية لاقرب نقطة و على المقاول تقديم المخططات التنفيذية و الحسابات الهيدروليكية و اعتمادها قبل البدا بالتنفيذ الاعمال من المهندس المشرف للاقطار  الداخلية :قطر 40 مم,,103.0,,,,,,الملخص التراكمي,181,CMH_01_SMART.xlsx,sheet الملخص التراكمي (header re-detected),high,
CMH_01-C01,180,للمواسير داخل المبنى من مواسير متعددة الطبقات بولي بروبلين كما هو موصف تشمل كافة القطع التركيبية )مثل القارنات من الحديد الصلب الغير قابل للصدأ والأكواع /المنحنيات والتفريعات والدعامات( والصمامات ومخمدات الصدمة ومنافس الهواء الآلية و المحابس  وكافة الاكسسوارات اللازمة، كما هو مبين في المخططات لتركيب مايلي من الأقطار الخارجية مع ربطه بالشبكة الحالية لاقرب نقطة و على المقاول تقديم المخططات التنفيذية و الحسابات الهيدروليكية و اعتمادها قبل البدا بالتنفيذ الاعمال من المهندس المشرف للاقطار  الداخلية:قطر 50 مم,,218.0,,,,,,الملخص التراكمي,182,CMH_01_SMART.xlsx,sheet الملخص التراكمي (header re-detected),high,
CMH_01-C01,181,مواسير المياه الساخنة مؤلفة من عدة طبقات )بولي بروبلين معزولة( كما هو موصف مع العزل وتشمل كافة القطع التركيبية )مثل القارنات من الحديد الصلب الغير قابل للصدأ والأكواع / المنحنيات والتفريعات والدعامات( والصمامات ومخمدات الصدمة وكافة الاكسسوارات و المحابس  اللازمة لإنجاز تركيب مايلي من الأقطار الخارجية مع ربطه بالشبكة الحالية لاقرب نقطة و على المقاول تقديم المخططات التنفيذية و الحسابات الهيدروليكية و اعتمادها قبل البدا بالتنفيذ الاعمال من المهندس المشرف للاقطار  الداخلية :قطر 20 مم,,150.0,,,,,,الملخص التراكمي,183,CMH_01_SMART.xlsx,sheet الملخص التراكمي (header re-detected),high,
CMH_01-C01,182,مواسير المياه الساخنة مؤلفة من عدة طبقات )بولي بروبلين معزولة( كما هو موصف مع العزل وتشمل كافة القطع التركيبية )مثل القارنات من الحديد الصلب الغير قابل للصدأ والأكواع / المنحنيات والتفريعات والدعامات( والصمامات ومخمدات الصدمة وكافة الاكسسوارات و المحابس  اللازمة لإنجاز تركيب مايلي من الأقطار الخارجية مع ربطه بالشبكة الحالية لاقرب نقطة و على المقاول تقديم المخططات التنفيذية و الحسابات الهيدروليكية و اعتمادها قبل البدا بالتنفيذ الاعمال من المهندس المشرف للاقطار  الداخلية :قطر 25 مم,,100.0,,,,,,الملخص التراكمي,184,CMH_01_SMART.xlsx,sheet الملخص التراكمي (header re-detected),high,
CMH_01-C01,183,سخان مياه كهربائي فردي من الحديد المعزول بالزجاج من النوع الأفقي الذي يركب أعلى السقف المستعار يشمل كافة الإكسسوارات و التوصيلات و المحابس كما هو موصف وكما هو مبين في تفاصيل المشروع العامة وبالإستطاعات التالية:توريد و تركيب و اختبار سخان بسعة 30 لتر، وقدرة 2.1  كيلو وات، مرجع     1-EWH,,77.0,,,,,,الملخص التراكمي,185,CMH_01_SMART.xlsx,sheet الملخص التراكمي (header re-detected),high,
CMH_01-C01,184,سخان مياه كهربائي فردي من الحديد المعزول بالزجاج من النوع الأفقي الذي يركب أعلى السقف المستعار يشمل كافة الإكسسوارات و التوصيلات و المحابس كما هو موصف وكما هو مبين في تفاصيل المشروع العامة وبالإستطاعات التالية:اعادة تركيب و اختبار السخان الحالي بسعة 100 ليتر   بعد الكشف و المعاينة و الفحص حسب تعليمات مهندس المشرف,,24.0,,,,,,الملخص التراكمي,186,CMH_01_SMART.xlsx,sheet الملخص التراكمي (header re-detected),high,
CMH_01-C01,185,مواسير صرف وتهوية مصنوعة من 4UPVC class  ذات وصلات انضغاطية ومطاط كما هو موصف وتشمل التهوية من خلال السطح مع الغطاء و طبات التسليك، وكافة قطع التركيبات والعلاقات اللازمة لإستكمال تركيب مايلي من الأقطار الداخلية:قطر 50 مم,,426.0,,,,,,الملخص التراكمي,187,CMH_01_SMART.xlsx,sheet الملخص التراكمي (header re-detected),high,
CMH_01-C01,186,مواسير صرف وتهوية مصنوعة من 4UPVC class  ذات وصلات انضغاطية ومطاط كما هو موصف وتشمل التهوية من خلال السطح مع الغطاء و طبات التسليك، وكافة قطع التركيبات والعلاقات اللازمة لإستكمال تركيب مايلي من الأقطار الداخلية:قطر 75 مم,,934.0,,,,,,الملخص التراكمي,188,CMH_01_SMART.xlsx,sheet الملخص التراكمي (header re-detected),high,
CMH_01-C01,187,مواسير صرف وتهوية مصنوعة من 4UPVC class  ذات وصلات انضغاطية ومطاط كما هو موصف وتشمل التهوية من خلال السطح مع الغطاء و طبات التسليك، وكافة قطع التركيبات والعلاقات اللازمة لإستكمال تركيب مايلي من الأقطار الداخلية:قطر 110 مم,,961.0,,,,,,الملخص التراكمي,189,CMH_01_SMART.xlsx,sheet الملخص التراكمي (header re-detected),high,
CMH_01-C01,188,صفاية أرضية )FD(، من PVC مع مصفاة معدنية  مطلية بالكروم شاملة سيفون كما هو موصف بالمقاسات التالية:مخرج قطر 75 مم,,161.0,,,,,,الملخص التراكمي,190,CMH_01_SMART.xlsx,sheet الملخص التراكمي (header re-detected),high,
CMH_01-C01,189,صفاية أرضية )FD(، من PVC مع مصفاة معدنية  مطلية بالكروم شاملة سيفون كما هو موصف بالمقاسات التالية:صفاية' طولية أرضية )SD(،مع مصفاة  معدنية مطلية بالكروم شاملة سيفون مخرج قطر 50 مم,,20.0,,,,,,الملخص التراكمي,191,CMH_01_SMART.xlsx,sheet الملخص التراكمي (header re-detected),high,
CMH_01-C01,190,الأدوات والتركيبات الصحية كما هو موصف وتشمل صمامات الزاوية والخلاطات و المصائد والوصلات المرنة و الانابيب القصيرة للتغذية والصرف والتهوية وكافة قطع الإكسسوار لإتمام تركيب ، علي ان تكون الاجهزة والتركيبات من النوع المرشد لاستهلاك المياه :حوض وجه على رخامة )مرجع 1-LAV ( من نفس نوع الرخام الصناعي كوريان للكاونتر والكاونتر محسوب في بند منفصل,,68.0,,,,,,الملخص التراكمي,192,CMH_01_SMART.xlsx,sheet الملخص التراكمي (header re-detected),high,
CMH_01-C01,191,الأدوات والتركيبات الصحية كما هو موصف وتشمل صمامات الزاوية والخلاطات و المصائد والوصلات المرنة و الانابيب القصيرة للتغذية والصرف والتهوية وكافة قطع الإكسسوار لإتمام تركيب ، علي ان تكون الاجهزة والتركيبات من النوع المرشد لاستهلاك المياه :حوض وجه كامل مع العامود، )مرجع 2-LAV(,,48.0,,,,,,الملخص التراكمي,193,CMH_01_SMART.xlsx,sheet الملخص التراكمي (header re-detected),high,
CMH_01-C01,192,الأدوات والتركيبات الصحية كما هو موصف وتشمل صمامات الزاوية والخلاطات و المصائد والوصلاتالمرنة و الانابيب القصيرة للتغذية والصرف والتهوية وكافة قطع الإكسسوار لإتمام تركيب ، علي ان تكونالاجهزة والتركيبات من النوع المرشد لاستهلاك المياه :حوض غسيل أواني للمطبخ بعين واحدة )مرجع 1-KS,,16.0,,,,,,الملخص التراكمي,194,CMH_01_SMART.xlsx,sheet الملخص التراكمي (header re-detected),high,
CMH_01-C01,193,الأدوات والتركيبات الصحية كما هو موصف وتشمل صمامات الزاوية والخلاطات و المصائد والوصلاتالمرنة و الانابيب القصيرة للتغذية والصرف والتهوية وكافة قطع الإكسسوار لإتمام تركيب ، علي ان تكونالاجهزة والتركيبات من النوع المرشد لاستهلاك المياه :حوض وجه يركب على الكاونتر )مرجع 3-LAV (,,92.0,,,,,,الملخص التراكمي,195,CMH_01_SMART.xlsx,sheet الملخص التراكمي (header re-detected),high,
CMH_01-C01,194,الأدوات والتركيبات الصحية كما هو موصف وتشمل صمامات الزاوية والخلاطات و المصائد والوصلات المرنة و الانابيب القصيرة للتغذية والصرف والتهوية وكافة قطع الإكسسوار لإتمام تركيب ، علي ان تكون الاجهزة والتركيبات من النوع المرشد لاستهلاك المياه :مرحاض افرنجي )مرجع 1-WWC  ( مثبت على الارض  مع خزان  طرد  مع زر دفق من الصلب الذي لا يصدأ ، مع غطاء للمرحاض مقاوم للبكتريا من نوع soft closing,,113.0,,,,,,الملخص التراكمي,196,CMH_01_SMART.xlsx,sheet الملخص التراكمي (header re-detected),high,
CMH_01-C01,195,الأدوات والتركيبات الصحية كما هو موصف وتشمل صمامات الزاوية والخلاطات و المصائد والوصلات المرنة و الانابيب القصيرة للتغذية والصرف والتهوية وكافة قطع الإكسسوار لإتمام تركيب ، علي ان تكون الاجهزة والتركيبات من النوع المرشد لاستهلاك المياه :مرحاض افرنجي ) مرجع 2-WWC (  مثبت على الحائط بخزان  طرد مخفي مع زر دفق من الصلب الذي لا يصدأ - مع غطاء للمرحاض مقاوم للبكتريا من نوع soft closing,,55.0,,,,,,الملخص التراكمي,197,CMH_01_SMART.xlsx,sheet الملخص التراكمي (header re-detected),high,
CMH_01-C01,196,الأدوات والتركيبات الصحية كما هو موصف وتشمل صمامات الزاوية والخلاطات و المصائد والوصلات المرنة و الانابيب القصيرة للتغذية والصرف والتهوية وكافة قطع الإكسسوار لإتمام تركيب ، علي ان تكون الاجهزة والتركيبات من النوع المرشد لاستهلاك المياه :مرحاض شرقي )مرجع EWC( مثبت على الحائط بخزان  طرد مخفي مع زر دفق من الصلب الذي لا يصدأ،,,23.0,,,,,,الملخص التراكمي,198,CMH_01_SMART.xlsx,sheet الملخص التراكمي (header re-detected),high,
CMH_01-C01,197,الأدوات والتركيبات الصحية كما هو موصف وتشمل صمامات الزاوية والخلاطات و المصائد والوصلات المرنة و الانابيب القصيرة للتغذية والصرف والتهوية وكافة قطع الإكسسوار لإتمام تركيب ، علي ان تكون الاجهزة والتركيبات من النوع المرشد لاستهلاك المياه :مقبض رشاش مع الخرطوم وأداة التعليق، مرجع PS,,191.0,,,,,,الملخص التراكمي,199,CMH_01_SMART.xlsx,sheet الملخص التراكمي (header re-detected),high,
CMH_01-C01,198,الأدوات والتركيبات الصحية كما هو موصف وتشمل صمامات الزاوية والخلاطات و المصائد والوصلات المرنة و الانابيب القصيرة للتغذية والصرف والتهوية وكافة قطع الإكسسوار لإتمام تركيب ، علي ان تكون الاجهزة والتركيبات من النوع المرشد لاستهلاك المياه :خلاط مياة  يركب على الحوض,,208.0,,,,,,الملخص التراكمي,200,CMH_01_SMART.xlsx,sheet الملخص التراكمي (header re-detected),high,
CMH_01-C01,199, يشمل العمل كافة قطع التركيبات مثل الأكواع  والتيهات ، 40. schتوريد و تركيب انابيب فولاذية سوداء والوصلات والقارنات والنقاصات/المخفضات ومنافس الهواء الآلية وتكون الوصلات من نوع  فيكتوليك او ما يماثلها للأقطار 50 مم أو أكبر، و تكون الوصلات قلووظ للأقطار أقل من 50 مم، والبند يشمل  العلاقات والدعامات للمواسير و المحابس  و الصرف ان لزم والدهان  لكامل الشبكة كما يلزم لاتمام العمل. و بناء على توجيهات مهندس المشرف  ومتطلبات الدفاعNFPA  ويشمل البند جميع ما يلزم لاتمام الأعمال طبقا للمواصفات و طبقا لمتطلبات ال المدني من الكشف على الشبكة الحالية وفحصها كما هو موضح على المخططات و على المقاول تقديم:المخططات التنفيذية و اعتمادها قبل بدء بالتنفيذ من المهندس المشرف كما هو موصف للأقطار التالية 25 mm dia.,,3900.0,,,,,,الملخص التراكمي,201,CMH_01_SMART.xlsx,sheet الملخص التراكمي (header re-detected),high,
CMH_01-C01,200,توريد و تركيب انابيب فولاذية سوداء 40.sch ، يشمل العمل كافة قطع التركيبات مثل الأكواع  والتيهات والوصلات والقارنات والنقاصات/المخفضات ومنافس الهواء الآلية وتكون الوصلات من نوع  فيكتوليك او ما يماثلها للأقطار 50 مم أو أكبر، و تكون الوصلات قلووظ للأقطار أقل من 50 مم، والبند يشمل العلاقات والدعامات للمواسير و المحابس  و الصرف ان لزم والدهان  لكامل الشبكة كما يلزم لاتمام العمل و بناء على توجيهات مهندس المشرف .ويشمل البند جميع ما يلزم لاتمام الأعمال طبقا للمواصفات و طبقا لمتطلبات الNFPA  ومتطلبات الدفاع المدني من الكشف على الشبكة الحالية وفحصها كما هو موضح على المخططات و على المقاول تقديم المخططات التنفيذية و اعتمادها قبل بدء بالتنفيذ من المهندس المشرف كما هو موصف للأقطار التالية:.mm dia 28,,323.0,,,,,,الملخص التراكمي,202,CMH_01_SMART.xlsx,sheet الملخص التراكمي (header re-detected),high,
CMH_01-C01,201,توريد و تركيب انابيب فولاذية سوداء 40.sch ، يشمل العمل كافة قطع التركيبات مثل الأكواع  والتيهات والوصلات والقارنات والنقاصات/المخفضات ومنافس الهواء الآلية وتكون الوصلات من نوع  فيكتوليك او ما يماثلها للأقطار 50 مم أو أكبر، و تكون الوصلات قلووظ للأقطار أقل من 50 مم، والبند يشمل العلاقات والدعامات للمواسير و المحابس  و الصرف ان لزم والدهان  لكامل الشبكة كما يلزم لاتمام العمل و بناء على توجيهات مهندس المشرف .ويشمل البند جميع ما يلزم لاتمام الأعمال طبقا للمواصفات و طبقا لمتطلبات الNFPA  ومتطلبات الدفاع المدني من الكشف على الشبكة الحالية وفحصها كما هو موضح على المخططات و على المقاول تقديم المخططات التنفيذية و اعتمادها قبل بدء بالتنفيذ من المهندس المشرف كما هو موصف للأقطار التالية:.mm dia 33,,660.0,,,,,,الملخص التراكمي,203,CMH_01_SMART.xlsx,sheet الملخص التراكمي (header re-detected),high,
CMH_01-C01,202,توريد و تركيب انابيب فولاذية سوداء 40.sch ، يشمل العمل كافة قطع التركيبات مثل الأكواع  والتيهات والوصلات والقارنات والنقاصات/المخفضات ومنافس الهواء الآلية وتكون الوصلات من نوع  فيكتوليك او ما يماثلها للأقطار 50 مم أو أكبر، و تكون الوصلات قلووظ للأقطار أقل من 50 مم، والبند يشمل العلاقات والدعامات للمواسير و المحابس  و الصرف ان لزم والدهان  لكامل الشبكة كما يلزم لاتمام العمل و بناء على توجيهات مهندس المشرف .ويشمل البند جميع ما يلزم لاتمام الأعمال طبقا للمواصفات و طبقا لمتطلبات الNFPA  ومتطلبات الدفاع المدني من الكشف على الشبكة الحالية وفحصها كما هو موضح على المخططات و على المقاول تقديم المخططات التنفيذية و اعتمادها قبل بدء بالتنفيذ من المهندس المشرف كما هو موصف للأقطار التالية:.mm dia 40,,600.0,,,,,,الملخص التراكمي,204,CMH_01_SMART.xlsx,sheet الملخص التراكمي (header re-detected),high,
CMH_01-C01,203,توريد و تركيب انابيب فولاذية سوداء 40.sch ، يشمل العمل كافة قطع التركيبات مثل الأكواع  والتيهات والوصلات والقارنات والنقاصات/المخفضات ومنافس الهواء الآلية وتكون الوصلات من نوع  فيكتوليك او ما يماثلها للأقطار 50 مم أو أكبر، و تكون الوصلات قلووظ للأقطار أقل من 50 مم، والبند يشمل العلاقات والدعامات للمواسير و المحابس  و الصرف ان لزم والدهان  لكامل الشبكة كما يلزم لاتمام العمل و بناء على توجيهات مهندس المشرف .ويشمل البند جميع ما يلزم لاتمام الأعمال طبقا للمواصفات و طبقا لمتطلبات الNFPA  ومتطلبات الدفاع المدني من الكشف على الشبكة الحالية وفحصها كما هو موضح على المخططات و على المقاول تقديم المخططات التنفيذية و اعتمادها قبل بدء بالتنفيذ من المهندس المشرف كما هو موصف للأقطار التالية:.mm dia 63,,646.0,,,,,,الملخص التراكمي,205,CMH_01_SMART.xlsx,sheet الملخص التراكمي (header re-detected),high,
CMH_01-C01,204,توريد و تركيب انابيب فولاذية سوداء 40.sch ، يشمل العمل كافة قطع التركيبات مثل الأكواع  والتيهات والوصلات والقارنات والنقاصات/المخفضات ومنافس الهواء الآلية وتكون الوصلات من نوع  فيكتوليك او ما يماثلها للأقطار 50 مم أو أكبر، و تكون الوصلات قلووظ للأقطار أقل من 50 مم، والبند يشمل العلاقات والدعامات للمواسير و المحابس  و الصرف ان لزم والدهان  لكامل الشبكة كما يلزم لاتمام العمل و بناء على توجيهات مهندس المشرف .ويشمل البند جميع ما يلزم لاتمام الأعمال طبقا للمواصفات و طبقا لمتطلبات الNFPA  ومتطلبات الدفاع المدني من الكشف على الشبكة الحالية وفحصها كما هو موضح على المخططات و على المقاول تقديم المخططات التنفيذية و اعتمادها قبل بدء بالتنفيذ من المهندس المشرف كما هو موصف للأقطار التالية:.mm dia 77,,110.0,,,,,,الملخص التراكمي,206,CMH_01_SMART.xlsx,sheet الملخص التراكمي (header re-detected),high,
CMH_01-C01,205,توريد و تركيب انابيب فولاذية سوداء 40.sch ، يشمل العمل كافة قطع التركيبات مثل الأكواع  والتيهات والوصلات والقارنات والنقاصات/المخفضات ومنافس الهواء الآلية وتكون الوصلات من نوع  فيكتوليك او ما يماثلها للأقطار 50 مم أو أكبر، و تكون الوصلات قلووظ للأقطار أقل من 50 مم، والبند يشمل العلاقات والدعامات للمواسير و المحابس  و الصرف ان لزم والدهان  لكامل الشبكة كما يلزم لاتمام العمل و بناء على توجيهات مهندس المشرف .ويشمل البند جميع ما يلزم لاتمام الأعمال طبقا للمواصفات و طبقا لمتطلبات الNFPA  ومتطلبات الدفاع المدني من الكشف على الشبكة الحالية وفحصها كما هو موضح على المخططات و على المقاول تقديم المخططات التنفيذية و اعتمادها قبل بدء بالتنفيذ من المهندس المشرف كما هو موصف للأقطار التالية:.mm dia 94,,314.0,,,,,,الملخص التراكمي,207,CMH_01_SMART.xlsx,sheet الملخص التراكمي (header re-detected),high,
CMH_01-C01,206,توريد و تركيب انابيب فولاذية سوداء 40.sch ، يشمل العمل كافة قطع التركيبات مثل الأكواع  والتيهات والوصلات والقارنات والنقاصات/المخفضات ومنافس الهواء الآلية وتكون الوصلات من نوع  فيكتوليك او ما يماثلها للأقطار 50 مم أو أكبر، و تكون الوصلات قلووظ للأقطار أقل من 50 مم، والبند يشمل العلاقات والدعامات للمواسير و المحابس  و الصرف ان لزم والدهان  لكامل الشبكة كما يلزم لاتمام العمل و بناء على توجيهات مهندس المشرف .ويشمل البند جميع ما يلزم لاتمام الأعمال طبقا للمواصفات و طبقا لمتطلبات الNFPA  ومتطلبات الدفاع المدني من الكشف على الشبكة الحالية وفحصها كما هو موضح على المخططات و على المقاول تقديم المخططات التنفيذية و اعتمادها قبل بدء بالتنفيذ من المهندس المشرف كما هو موصف للأقطار التالية:.mm dia 141,,200.0,,,,,,الملخص التراكمي,208,CMH_01_SMART.xlsx,sheet الملخص التراكمي (header re-detected),high,
CMH_01-C01,207, يشمل العمل كافة قطع التركيبات مثل الأكواع  والتيهات ، 40. schتوريد و تركيب انابيب فولاذية سوداء والوصلات والقارنات والنقاصات/المخفضات ومنافس الهواء الآلية وتكون الوصلات من نوع  فيكتوليك او ما يماثلها للأقطار 50 مم أو أكبر، و تكون الوصلات قلووظ للأقطار أقل من 50 مم، والبند يشمل  العلاقات والدعامات للمواسير و المحابس  و الصرف ان لزم والدهان  لكامل الشبكة كما يلزم لاتمام العمل. و بناء على توجيهات مهندس المشرف  ومتطلبات الدفاعNFPA  ويشمل البند جميع ما يلزم لاتمام الأعمال طبقا للمواصفات و طبقا لمتطلبات ال المدني من الكشف على الشبكة الحالية وفحصها كما هو موضح على المخططات و على المقاول تقديم:المخططات التنفيذية و اعتمادها قبل بدء بالتنفيذ من المهندس المشرف كما هو موصف للأقطار التالية 25 mm dia.,,1938.0,,,,,,الملخص التراكمي,209,CMH_01_SMART.xlsx,sheet الملخص التراكمي (header re-detected),high,
CMH_01-C01,208, يشمل العمل كافة قطع التركيبات مثل الأكواع  والتيهات ، 40. schتوريد و تركيب انابيب فولاذية سوداء والوصلات والقارنات والنقاصات/المخفضات ومنافس الهواء الآلية وتكون الوصلات من نوع  فيكتوليك او ما يماثلها للأقطار 50 مم أو أكبر، و تكون الوصلات قلووظ للأقطار أقل من 50 مم، والبند يشمل  العلاقات والدعامات للمواسير و المحابس  و الصرف ان لزم والدهان  لكامل الشبكة كما يلزم لاتمام العمل. و بناء على توجيهات مهندس المشرف  ومتطلبات الدفاعNFPA  ويشمل البند جميع ما يلزم لاتمام الأعمال طبقا للمواصفات و طبقا لمتطلبات ال المدني من الكشف على الشبكة الحالية وفحصها كما هو موضح على المخططات و على المقاول تقديم:المخططات التنفيذية و اعتمادها قبل بدء بالتنفيذ من المهندس المشرف كما هو موصف للأقطار التالية 32 mm dia.,,100.0,,,,,,الملخص التراكمي,210,CMH_01_SMART.xlsx,sheet الملخص التراكمي (header re-detected),high,
CMH_01-C01,209, يشمل العمل كافة قطع التركيبات مثل الأكواع  والتيهات ، 40. schتوريد و تركيب انابيب فولاذية سوداء والوصلات والقارنات والنقاصات/المخفضات ومنافس الهواء الآلية وتكون الوصلات من نوع  فيكتوليك او ما يماثلها للأقطار 50 مم أو أكبر، و تكون الوصلات قلووظ للأقطار أقل من 50 مم، والبند يشمل  العلاقات والدعامات للمواسير و المحابس  و الصرف ان لزم والدهان  لكامل الشبكة كما يلزم لاتمام العمل. و بناء على توجيهات مهندس المشرف ومتطلبات الدفاعNFPA  ويشمل البند جميع ما يلزم لاتمام الأعمال طبقا للمواصفات و طبقا لمتطلبات ال المدني من الكشف على الشبكة الحالية وفحصها كما هو موضح على المخططات و على المقاول تقديم:المخططات التنفيذية و اعتمادها قبل بدء بالتنفيذ من المهندس المشرف كما هو موصف للأقطار التالية 40 mm dia.,,397.0,,,,,,الملخص التراكمي,211,CMH_01_SMART.xlsx,sheet الملخص التراكمي (header re-detected),high,
CMH_01-C01,210, يشمل العمل كافة قطع التركيبات مثل الأكواع  والتيهات ، 40. schتوريد و تركيب انابيب فولاذية سوداء والوصلات والقارنات والنقاصات/المخفضات ومنافس الهواء الآلية وتكون الوصلات من نوع  فيكتوليك او ما يماثلها للأقطار 50 مم أو أكبر، و تكون الوصلات قلووظ للأقطار أقل من 50 مم، والبند يشمل  العلاقات والدعامات للمواسير و المحابس  و الصرف ان لزم والدهان  لكامل الشبكة كما يلزم لاتمام العمل. و بناء على توجيهات مهندس المشرف  ومتطلبات الدفاعNFPA  ويشمل البند جميع ما يلزم لاتمام الأعمال طبقا للمواصفات و طبقا لمتطلبات ال المدني من الكشف على الشبكة الحالية وفحصها كما هو موضح على المخططات و على المقاول تقديم:المخططات التنفيذية و اعتمادها قبل بدء بالتنفيذ من المهندس المشرف كما هو موصف للأقطار التالية 50 mm dia.,,111.0,,,,,,الملخص التراكمي,212,CMH_01_SMART.xlsx,sheet الملخص التراكمي (header re-detected),high,
CMH_01-C01,211, يشمل العمل كافة قطع التركيبات مثل الأكواع  والتيهات ، 40. schتوريد و تركيب انابيب فولاذية سوداء والوصلات والقارنات والنقاصات/المخفضات ومنافس الهواء الآلية وتكون الوصلات من نوع  فيكتوليك او ما يماثلها للأقطار 50 مم أو أكبر، و تكون الوصلات قلووظ للأقطار أقل من 50 مم، والبند يشمل  العلاقات والدعامات للمواسير و المحابس  و الصرف ان لزم والدهان  لكامل الشبكة كما يلزم لاتمام العمل. و بناء على توجيهات مهندس المشرف  ومتطلبات الدفاعNFPA  ويشمل البند جميع ما يلزم لاتمام الأعمال طبقا للمواصفات و طبقا لمتطلبات ال المدني من الكشف على الشبكة الحالية وفحصها كما هو موضح على المخططات و على المقاول تقديم:المخططات التنفيذية و اعتمادها قبل بدء بالتنفيذ من المهندس المشرف كما هو موصف للأقطار التالية 63 mm dia.,,100.0,,,,,,الملخص التراكمي,213,CMH_01_SMART.xlsx,sheet الملخص التراكمي (header re-detected),high,
CMH_01-C01,212, يشمل العمل كافة قطع التركيبات مثل الأكواع  والتيهات ، 40. schتوريد و تركيب انابيب فولاذية سوداء والوصلات والقارنات والنقاصات/المخفضات ومنافس الهواء الآلية وتكون الوصلات من نوع  فيكتوليك او ما يماثلها للأقطار 50 مم أو أكبر، و تكون الوصلات قلووظ للأقطار أقل من 50 مم، والبند يشمل  العلاقات والدعامات للمواسير و المحابس  و الصرف ان لزم والدهان  لكامل الشبكة كما يلزم لاتمام العمل. و بناء على توجيهات مهندس المشرف  ومتطلبات الدفاعNFPA  ويشمل البند جميع ما يلزم لاتمام الأعمال طبقا للمواصفات و طبقا لمتطلبات ال المدني من الكشف على الشبكة الحالية وفحصها كما هو موضح على المخططات و على المقاول تقديم:المخططات التنفيذية و اعتمادها قبل بدء بالتنفيذ من المهندس المشرف كما هو موصف للأقطار التالية 80 mm dia.,,50.0,,,,,,الملخص التراكمي,214,CMH_01_SMART.xlsx,sheet الملخص التراكمي (header re-detected),high,
CMH_01-C01,213, يشمل العمل كافة قطع التركيبات مثل الأكواع  والتيهات ، 40. schتوريد و تركيب انابيب فولاذية سوداء والوصلات والقارنات والنقاصات/المخفضات ومنافس الهواء الآلية وتكون الوصلات من نوع  فيكتوليك او ما يماثلها للأقطار 50 مم أو أكبر، و تكون الوصلات قلووظ للأقطار أقل من 50 مم، والبند يشمل  العلاقات والدعامات للمواسير و المحابس  و الصرف ان لزم والدهان  لكامل الشبكة كما يلزم لاتمام العمل. و بناء على توجيهات مهندس المشرف 100 mm dia.,,40.0,,,,,,الملخص التراكمي,215,CMH_01_SMART.xlsx,sheet الملخص التراكمي (header re-detected),high,
CMH_01-C01,214,توريد و تركيب و اختبار رشاشات آلية اوتوماتيكية كما هو موصف رشاشات معلقة، ذات فتحة 2/1 بوصة، ومعامل 5.6 =K   ودرجة حرارة تشغيل 68 درجة مئوية,,1048.0,,,,,,الملخص التراكمي,216,CMH_01_SMART.xlsx,sheet الملخص التراكمي (header re-detected),high,
CMH_01-C01,215,توريد و تركيب و اختبار رشاشات آلية اوتوماتيكية كما هو موصف رشاشات من النوع المخفي، ذات فتحة 2/1 بوصة، ومعامل 5.6 =K   ودرجة حرارة تشغيل 68 درجة مئوية,,1000.0,,,,,,الملخص التراكمي,217,CMH_01_SMART.xlsx,sheet الملخص التراكمي (header re-detected),high,
CMH_01-C01,216,توريد و تركيب و اختبار رشاشات آلية اوتوماتيكية كما هو موصف رشاشات عامودية، ذات فتحة 2/1 بوصة، ومعامل 5.6 =K   ودرجة حرارة تشغيل 68 درجة مئوية,,508.0,,,,,,الملخص التراكمي,218,CMH_01_SMART.xlsx,sheet الملخص التراكمي (header re-detected),high,
CMH_01-C01,217,توريد و تركيب طفايات حريق قابلة للحمل كما هو محددنوع ABC ، سعة 6 كغ ، بودرة جافّة مرجع 1-FE,,48.0,,,,,,الملخص التراكمي,219,CMH_01_SMART.xlsx,sheet الملخص التراكمي (header re-detected),high,
CMH_01-C01,218,توريد و تركيب نظام  غازي200FM لغرف الكهرباء و السنترال و ما يتطلبه النظام من تعديلاتمعمارية على ان يتم تقديمها للاعتماد من قبل مهندس المشرف  ،  مرجع 3-FE,,36.0,,,,,,الملخص التراكمي,220,CMH_01_SMART.xlsx,sheet الملخص التراكمي (header re-detected),high,
CMH_01-C01,219,توريد و تركيب كبائن مكافحة الحريق class II مزوده بمحبس 5.1 بوصة و خرطوم قماشي من مادةمعتمدة و ايضا بها طفاية حريق ABC  سعة 6 كيلو,,30.0,,,,,,الملخص التراكمي,221,CMH_01_SMART.xlsx,sheet الملخص التراكمي (header re-detected),high,
CMH_01-C01,220, توريد و تركيب طفايات حريق  نوع 2Co ، سعة 6 كغ ، بودرة جافّة,,5.0,,,,,,الملخص التراكمي,222,CMH_01_SMART.xlsx,sheet الملخص التراكمي (header re-detected),high,
CMH_01-C01,221,وحدات VAV من أعلى العلامات التجارية جودة )BYPASS TYPE( مع سخان كهربائي ، ترموستات إلكتروني رقمي للغرفة ، فليكس. توصيلات ، تثبيت ، دعم ، عازل اهتزاز مع كافة الملحقات المطلوبة حسب المواصفات والرسومات. 01-VAV ، اجمالي الهواء 0-250 ) ق/د( استطاعة التخزين 5.1 )ك/و(,,9.0,,,,,,الملخص التراكمي,223,CMH_01_SMART.xlsx,sheet الملخص التراكمي (header re-detected),high,
CMH_01-C01,222,وحدات VAV من أعلى العلامات التجارية جودة )BYPASS TYPE( مع سخان كهربائي ، ترموستات إلكتروني رقمي للغرفة ، فليكس. توصيلات ، تثبيت ، دعم ، عازل اهتزاز مع كافة الملحقات المطلوبة حسب المواصفات والرسومات. 02-VAV ، اجمالي الهواء 0-500 ) ق/د( استطاعة التخزين 2 )ك/و(,,127.0,,,,,,الملخص التراكمي,224,CMH_01_SMART.xlsx,sheet الملخص التراكمي (header re-detected),high,
CMH_01-C01,223,وحدات VAV من أعلى العلامات التجارية جودة )BYPASS TYPE( مع سخان كهربائي ، ترموستات إلكتروني رقمي للغرفة ، فليكس. توصيلات ، تثبيت ، دعم ، عازل اهتزاز مع كافة الملحقات المطلوبة حسب المواصفات والرسومات. 03-VAV ، اجمالي الهواء 0-750 ) ق/د( استطاعة التخزين 3 )ك/و( ,,51.0,,,,,,الملخص التراكمي,225,CMH_01_SMART.xlsx,sheet الملخص التراكمي (header re-detected),high,
CMH_01-C01,224,وحدات VAV من أعلى العلامات التجارية جودة )BYPASS TYPE( مع سخان كهربائي ، ترموستات إلكتروني رقمي للغرفة ، فليكس. توصيلات ، تثبيت ، دعم ، عازل اهتزاز مع كافة الملحقات المطلوبة حسب المواصفات والرسومات. 04-VAV ، اجمالي الهواء 0-1000 ) ق/د( استطاعة التخزين 5.3 )ك/و(,,24.0,,,,,,الملخص التراكمي,226,CMH_01_SMART.xlsx,sheet الملخص التراكمي (header re-detected),high,
CMH_01-C01,225,وحدات VAV من أعلى العلامات التجارية جودة )BYPASS TYPE( مع سخان كهربائي ، ترموستات إلكتروني رقمي للغرفة ، فليكس. توصيلات ، تثبيت ، دعم ، عازل اهتزاز مع كافة الملحقات المطلوبة حسب المواصفات والرسومات. 05-VAV ، اجمالي الهواء 0-1500 ) ق/د( استطاعة التخزين 5.3 )ك/و(,,44.0,,,,,,الملخص التراكمي,227,CMH_01_SMART.xlsx,sheet الملخص التراكمي (header re-detected),high,
CMH_01-C01,226,وحدات VAV من أعلى العلامات التجارية جودة )BYPASS TYPE( مع سخان كهربائي ، ترموستات إلكتروني رقمي للغرفة ، فليكس. توصيلات ، تثبيت ، دعم ، عازل اهتزاز مع كافة الملحقات المطلوبة حسب المواصفات والرسومات. 06-VAV ، اجمالي الهواء 0-2000 ) ق/د( استطاعة التخزين 6.3 )ك/و(,,49.0,,,,,,الملخص التراكمي,228,CMH_01_SMART.xlsx,sheet الملخص التراكمي (header re-detected),high,
CMH_01-C01,227,وحدات VAV من أعلى العلامات التجارية جودة )BYPASS TYPE( مع سخان كهربائي ، ترموستات إلكتروني رقمي للغرفة ، فليكس. توصيلات ، تثبيت ، دعم ، عازل اهتزاز مع كافة الملحقات المطلوبة حسب المواصفات والرسومات. 07-VAV ، اجمالي الهواء 0-2500 ) ق/د( استطاعة التخزين 7.3 )ك/و(,,24.0,,,,,,الملخص التراكمي,229,CMH_01_SMART.xlsx,sheet الملخص التراكمي (header re-detected),high,
CMH_01-C01,228,فك و ترحيل VAV الموجودة حاليا  و تركيبها حسب المخطط  المعدل و حسب تعليمات المهندس المشرف. على المقاول معاينة الوحدات الموجودة و الاستفادة بإعادة تركيبها بعد عمل الفحوصات و الاختبارات المناسبة لحسن ضمان عملها و حسب تعليمات المهندس المشرف,,100.0,,,,,,الملخص التراكمي,230,CMH_01_SMART.xlsx,sheet الملخص التراكمي (header re-detected),high,
CMH_01-C01,229,فك وإعادة تهيئة و اصلاح أعمال مجاري  من الصفائح المعدنية المجلفنه )90G( للهواء الداخل والراجع والهواء النقي وقناة السحب حسب المواصفات القياسية SMACNA وتشمل التيهات/القطعة التائية والكوع/المرفق والتفريعات والتحويلة والدعامة وحمالة التعليق. ويجب أخذ الطول على امتداد خط المركز فوق كل قطع التركيبات، ومن المفهوم بأن السعر الإفرادي لأعمال مجاري الهواء/الأقنية محمل عليه كل دعامات حامل التعليق ومخمّد الصوت والحريق وكل قطع الإكسسوار عزل الحراري )فايبرغلاس( ثخانة 25 مم وبكثافة 24 كغ/م3 مع مانع تبخر من الألمنيوم المقوّى حسب المخططات والمواصفات و حسب تعليمات مهندس المشرف.,,2000.0,,,,,,الملخص التراكمي,231,CMH_01_SMART.xlsx,sheet الملخص التراكمي (header re-detected),high,
CMH_01-C01,230,توريد و تصنيع و تركيب أعمال مجاري  من الصفائح المعدنية المجلفنه )90G( للهواء الداخل والراجع والهواء النقي وقناة السحب حسب المواصفات القياسية SMACNA وتشمل التيهات/القطعة التائية والكوع/المرفق والتفريعات والتحويلة والدعامة وحمالة التعليق. ويجب أخذ الطول على امتداد خط المركز فوق كل قطع التركيبات، ومن المفهوم بأن السعر الإفرادي لأعمال مجاري الهواء/الأقنية محمل عليه كل دعامات حامل التعليق ومخمّد الصوت والحريق وكل قطع الإكسسوار عزل الحراري )فايبرغلاس( ثخانة 25 مم وبكثافة 24 كغ/م3 مع مانع تبخر من الألمنيوم المقوّى حسب المخططات والمواصفات و حسب تعليمات مهندس المشرف.,,7000.0,,,,,,الملخص التراكمي,232,CMH_01_SMART.xlsx,sheet الملخص التراكمي (header re-detected),high,
CMH_01-C01,231,ناشرة هواء ذات فتحات طولية  للهواء الداخل مصنعة من الألمنيوم المشكل بالبثق ومطلية بمسحوق البولستركاملة، مخمدات صوت ذات أرياش متضادّة ،وصندوق حجمى معزول من الداخل بعازل صوتى وميكانيزم للتحكم فى الهواء من واجهة الناشر وكل قطع الأكسسوار حسب المواصفات والمخططات مع توفير عينات للاعتماد من مهندس المشرف. ثلاثة فتحات / ثقب 25مم عرض,,1925.0,,,,,,الملخص التراكمي,233,CMH_01_SMART.xlsx,sheet الملخص التراكمي (header re-detected),high,
CMH_01-C01,232,ناشرة هواء ذات فتحات طولية للهواء الراجع مصنعة من الألمنيوم المشكل بالبثق ومطلية بمسحوق البولستركاملة، وكل قطع الأكسسوار حسب المواصفات والمخططات مع توفير عينات للاعتماد من مهندس المشرف. ثلاثة فتحات / ثقب 25مم عرض,,1925.0,,,,,,الملخص التراكمي,234,CMH_01_SMART.xlsx,sheet الملخص التراكمي (header re-detected),high,
CMH_01-C01,233, جريلات تغذية من الالومينيوم مغطاة ببودرة البوليستر كاملة وجميع الملحقات حسب المخططات..والمواصفات مع توفير عينات للاعتماد من مهندس المشرف 600mm X 600mm,,724.0,,,,,,الملخص التراكمي,235,CMH_01_SMART.xlsx,sheet الملخص التراكمي (header re-detected),high,
CMH_01-C01,234, جريلات رجوع من الالومينيوم مغطاة ببودرة البوليستر كاملة وجميع الملحقات حسب المخططات.والمواصفات مع توفير عينات للاعتماد من مهندس المشرف 600mm X 600mm,,724.0,,,,,,الملخص التراكمي,236,CMH_01_SMART.xlsx,sheet الملخص التراكمي (header re-detected),high,
CMH_01-C01,235, جريلات لسحب الهواء من الالمونيوم مغطاة ببودرة البوليستر كاملة بجميع ملحقات التركيب وحسب.المخططات والمواصفات مع توفير عينات للاعتماد من مهندس المشرف 150mm X 150MM,,102.0,,,,,,الملخص التراكمي,237,CMH_01_SMART.xlsx,sheet الملخص التراكمي (header re-detected),high,
CMH_01-C01,236,وصلات هواء مرنة مع الكلبسات المعدنية، والبراغي، والملحقات الضرورية. العزل يجب أن يكون بسماكة 25 مم وكثافة 16 كغ/م3 لناشرات الهواء الخطية ويجب ان يطابق كود الحريق NFPA 90A حسب المواصفات والمخططات مع توفير عينات للاعتماد من مهندس المشرف.Dia 150 mm,,240.0,,,,,,الملخص التراكمي,238,CMH_01_SMART.xlsx,sheet الملخص التراكمي (header re-detected),high,
CMH_01-C01,237,وصلات هواء مرنة مع الكلبسات المعدنية، والبراغي، والملحقات الضرورية. العزل يجب أن يكون بسماكة 25 مم وكثافة 16 كغ/م3 لناشرات الهواء الخطية ويجب ان يطابق كود الحريق NFPA 90A حسب المواصفات والمخططات مع توفير عينات للاعتماد من مهندس المشرف. Dia 200 mm,,2964.0,,,,,,الملخص التراكمي,239,CMH_01_SMART.xlsx,sheet الملخص التراكمي (header re-detected),high,
CMH_01-C01,238,وصلات هواء مرنة مع الكلبسات المعدنية، والبراغي، والملحقات الضرورية. العزل يجب أن يكون بسماكة 25 مم وكثافة 16 كغ/م3 لناشرات الهواء الخطية ويجب ان يطابق كود الحريق NFPA 90A حسب المواصفات والمخططات مع توفير عينات للاعتماد من مهندس المشرف. Dia 250 mm,,60.0,,,,,,الملخص التراكمي,240,CMH_01_SMART.xlsx,sheet الملخص التراكمي (header re-detected),high,
CMH_01-C01,239, توريد و تركيب مراوح سحب الهواء )طرد مركزي فوق السطح ( تشمل عمليات الاختبار و الموازنة : تشمل عمليات التوريد و التركيب و الاختبار و التثبيت مراوح سحب الهواء )طرد مركزي فوق السطح ( سعة 6500 قدم مكعب بالدقيقة,,1.0,,,,,,الملخص التراكمي,241,CMH_01_SMART.xlsx,sheet الملخص التراكمي (header re-detected),high,
CMH_01-C01,240, توريد و تركيب مراوح سحب الهواء )طرد مركزي فوق السطح ( تشمل عمليات الاختبار و الموازنة : تشمل عمليات التوريد و التركيب و الاختبار و التثبيت مراوح سحب الهواء )طرد مركزي فوق السطح ( سعة 7500 قدم مكعب بالدقيقة,,1.0,,,,,,الملخص التراكمي,242,CMH_01_SMART.xlsx,sheet الملخص التراكمي (header re-detected),high,
CMH_01-C01,241, توريد و تركيب مراوح سحب الهواء )طرد مركزي فوق السطح ( تشمل عمليات الاختبار و الموازنة : تشمل عمليات التوريد و التركيب و الاختبار و التثبيت مراوح سحب الهواء )طرد مركزي فوق السطح ( سعة9000  قدم مكعب بالدقيقة,,2.0,,,,,,الملخص التراكمي,243,CMH_01_SMART.xlsx,sheet الملخص التراكمي (header re-detected),high,
CMH_01-C01,242,الموازنة والضبط والتهيئة لتشغيل أنظمة تكييف الهواء ،و يجب ان تحتوي على جميع التجهيزات والادوات المطلوبة لإجراء الاختبار والتهيئة للتشغيل والتشغيل مع ضبط كميات الهواء وموازنة الهواء  لنظام التكييف، ويجب ايضا ان تكون مد ة الاختبار حسب متطلبات المنظمات العالمية مثل )NEBB( كما هو  مطلوب بالكود السعودي و اشري ASHREE ويجب ان يكون المقاول المختص عضوا فى احد المنظمات مع تقديم الشهادة لذلك.,,1.0,,,,,,الملخص التراكمي,244,CMH_01_SMART.xlsx,sheet الملخص التراكمي (header re-detected),high,
CMH_01-C01,243,نظام إدارة المبنى BMS    تصميم وتوريد وتركيب نظام لإدارة المبنى أتوماتيكياً على أن يكون نظام التشغيل )OPEN PROTOCOL ( حسب توصيات الاستشارى المشرف وذلك للتحكم في تشغيل ومراقبة الانظمة الميكانيكية والكهربائية التالية :                                                  ـ التشلرات والمراوح ووحدات مناولة الهواء ووحدات ملف المروحة ومضخات المياه ووحدة ضخ الهواء وإنظمة الحريق والتحكم في الأنظمة والمعدات الميكانيكية بالمبنى - والتحكم في تشغيل ومتابعة حالة اللوحات الكهربائية الرئيسية والثانوية والمصاعد وكل الأنظمة التي يراها الاستشاري لأزمة مع الأخذ في الاعتبار قابلية التوسع في المباني المستقبلية .توريد وتركيب وتوصيل نظام إدارة المباني ) BMS ( لأنظمة HVAC ، وأنظمة السباكة ، ونظام الحريق ، والأنظمة الكهربائية والخدمات الخارجية ، كاملة بما في ذلك وحدات التحكم ونقاط التحكم والأسلاك والقنوات وصناديق السحب وصناديق التوصيل الثانوية وجميع عمليات التثبيت الضرورية مستلزمات؛ كل ما هو محدد ومفصل على الرسومات والموصوفة في المواصفات. والنظام يجب ان يتضمن البرامج واجهزة التحكم واجهزة المواقع ونقاط التحكم والاسلاك المتصلة بباقي الانظمة والمواسير وعلب السحب وعلب التوصيل الثانوية وجميع اكسسوارات ومتطلبات التركيبات الضرورية وهذه الاجهزة يجب ان يتم توصيلها مع جميع انظمة شبكة IP سواء من خلال تمكين اجهزة IP او من خلال بوابة IP او الموزع ويجب ان تشمل وحدات التحكم الطرفية التركيبات الضرورية والبرمجة والدمج عند اللزوم لتأسيس الاتصال والتعامل بين اجهزة التركيبات الالكتروميكانيكية وانظمة السلامة وانظمة الامن حسب اوامر ونظام التشغيل ووفقا لنظام وحسب تعليمات مهندس المشرف و يجب ان يتوافق النظام مع الانظمة الحالية للترشيد و المراقبة و يكون النظام لكامل المبني,,1.0,,,,,,الملخص التراكمي,245,CMH_01_SMART.xlsx,sheet الملخص التراكمي (header re-detected),high,
CMH_01-C01,244,"توريد وتركيب واختبار لوحات إنارة وتغذية، 380 فولت، 3 أطوار، 60 هيرتز، مركبة على الحائط وموصّلة بالكامل، مختبرة وموضوعة في التشغيل حسب المواصفات والمخططات وتشمل خطوط النقل الأرضية وأجهزة الحماية وتوصيل نهايات الكابلات والأعمال المدنية اللازمة.PP-1,  200 A ,MCCB",,6.0,,,,,,الملخص التراكمي,246,CMH_01_SMART.xlsx,sheet الملخص التراكمي (header re-detected),high,
CMH_01-C01,245,"توريد وتركيب واختبار لوحات إنارة وتغذية، 380 فولت، 3 أطوار، 60 هيرتز، مركبة على الحائط وموصّلة بالكامل، مختبرة وموضوعة في التشغيل حسب المواصفات والمخططات وتشمل خطوط النقل الأرضية وأجهزة الحماية وتوصيل نهايات الكابلات والأعمال المدنية اللازمة. PP-2, 200 A , MCCB",,6.0,,,,,,الملخص التراكمي,247,CMH_01_SMART.xlsx,sheet الملخص التراكمي (header re-detected),high,
CMH_01-C01,246,"توريد وتركيب واختبار لوحات إنارة وتغذية، 380 فولت، 3 أطوار، 60 هيرتز، مركبة على الحائط  وموصّلة بالكامل، مختبرة وموضوعة في التشغيل حسب المواصفات والمخططات وتشمل خطوط النقل الأرضية وأجهزة الحماية وتوصيل نهايات الكابلات والأعمال المدنية اللازمة. PP-3, 200 A , MCCB",,6.0,,,,,,الملخص التراكمي,248,CMH_01_SMART.xlsx,sheet الملخص التراكمي (header re-detected),high,
CMH_01-C01,247,"توريد وتركيب واختبار لوحات إنارة وتغذية، 380 فولت، 3 أطوار، 60 هيرتز، مركبة على الحائط وموصّلة بالكامل، مختبرة وموضوعة في التشغيل حسب المواصفات والمخططات وتشمل خطوط النقل الأرضية وأجهزة الحماية وتوصيل نهايات الكابلات والأعمال المدنية اللازمة.PP-4, 200 A , MCCB",,6.0,,,,,,الملخص التراكمي,249,CMH_01_SMART.xlsx,sheet الملخص التراكمي (header re-detected),high,
CMH_01-C01,248,توريد وتركيب مقابس طاقة مربوطة بأسلاك 4 مم2 كحد أدنى وتشمل الأجهزة و والأسلاك والمواسير والعلب ودعامات التثبيت ، من اللوحات الى نقاط المقابس وحسب المواصفات. على المقاول المعاينة و فحص الشبكة الحالية و الاستفادة من التمديدات الحالية و دمجها مع التركيبات الجديدة بعد عمل الاختبارات اللازمة و بعد الموافقة من مهندس المشرف .مقبس أحادي، مركب على الجدار، من النوع المؤرض، 15 أمبير، 230 فولت، طور واحد، قطبين، 3 أسلاك.,,282.0,,,,,,الملخص التراكمي,250,CMH_01_SMART.xlsx,sheet الملخص التراكمي (header re-detected),high,
CMH_01-C01,249,توريد وتركيب مقابس طاقة مربوطة بأسلاك 4 مم2 كحد أدنى وتشمل الأجهزة و والأسلاك والمواسير والعلب ودعامات التثبيت ، من اللوحات الى نقاط المقابس وحسب المواصفات. على المقاول المعاينة و فحص الشبكة الحالية و الاستفادة من التمديدات الحالية و دمجها مع التركيبات الجديدة بعد عمل الاختبارات اللازمة و بعد الموافقة من مهندس المشرف . مقبس ثنائي سقفى، من النوع المؤرض، 15 أمبير، 230 فولت، طور واحد، قطبين، 3 أسلاك.,,126.0,,,,,,الملخص التراكمي,251,CMH_01_SMART.xlsx,sheet الملخص التراكمي (header re-detected),high,
CMH_01-C01,250,توريد وتركيب مقابس طاقة مربوطة بأسلاك 4 مم2 كحد أدنى وتشمل الأجهزة و والأسلاك والمواسير والعلب ودعامات التثبيت ، من اللوحات الى نقاط المقابس وحسب المواصفات. على المقاول المعاينة و فحص الشبكة الحالية و الاستفادة من التمديدات الحالية و دمجها مع التركيبات الجديدة بعد عمل الاختبارات اللازمة و بعد الموافقة من مهندس المشرف .مقبس أحادي، مركب على الارض، من النوع المؤرض، 15 أمبير، 230 فولت، طور واحد، قطبين، 3 أسلاك.,,120.0,,,,,,الملخص التراكمي,252,CMH_01_SMART.xlsx,sheet الملخص التراكمي (header re-detected),high,
CMH_01-C01,251,"توريد وتركيب مقابس طاقة مربوطة بأسلاك 4 مم2 كحد أدنى وتشمل الأجهزة و والأسلاك والمواسير والعلب ودعامات التثبيت ، من اللوحات الى نقاط المقابس وحسب المواصفات. على المقاول المعاينة و فحص الشبكة الحالية و الاستفادة من التمديدات الحالية و دمجها مع التركيبات الجديدة بعد عمل الاختبارات اللازمة و بعد الموافقة من مهندس المشرف .مقبس أحادي، مركب على الجدار، من النوع المؤرض، 15 أمبير، 230 فولت، طور واحد، قطبين، 3 أسلاك. RESIDUAL CURRENT DEVICE, 30mA TRIPPING( ",,50.0,,,,,,الملخص التراكمي,253,CMH_01_SMART.xlsx,sheet الملخص التراكمي (header re-detected),high,
CMH_01-C01,252, توريد وتركيب واختبار وفحص نقاط قوى للمقابس الكهربائية المتعددة الاستخدام بأسلاك نحاسية معزولة وذات مقطع لا يقل عن 6 مم2  في مواسير ويشتمل على المقبس و الاسلاك و PVC بمادة البلاستيك العلب وأعمال التثبيت والدعائم وكل الملحقات من لوحة التوزيع حتى المخارج وفقا للمخططات.والمواصفات الفنية  على المقاول المعاينة و فحص الشبكة الحالية و الاستفادة من التمديدات الحالية و دمجها مع التركيبات. الجديدة بعد عمل الاختبارات اللازمة و بعد الموافقة من مهندس المشرف مخرج مقبس متعدد الاستخدام ومؤرض 30 أمبير ، 230 فولت 3 أسلاك ، 1 فاز ، للمطبخ,,32.0,,,,,,الملخص التراكمي,254,CMH_01_SMART.xlsx,sheet الملخص التراكمي (header re-detected),high,
CMH_01-C01,253, توريد وتركيب واختبار وفحص نقاط قوى للمقابس الكهربائية المتعددة الاستخدام بأسلاك نحاسية معزولة وذات مقطع لا يقل عن 6 مم2  في مواسير ويشتمل على المقبس و الاسلاك و PVC بمادة البلاستيك العلب وأعمال التثبيت والدعائم وكل الملحقات من لوحة التوزيع حتى المخارج وفقا للمخططات.والمواصفات الفنية  على المقاول المعاينة و فحص الشبكة الحالية و الاستفادة من التمديدات الحالية و دمجها مع التركيبات. الجديدة بعد عمل الاختبارات اللازمة و بعد الموافقة من مهندس المشرفمخرج  ومؤرض 30 أمبير ، 230 فولت 3 أسلاك ، 1 فاز لمجفف الأيدي,,72.0,,,,,,الملخص التراكمي,255,CMH_01_SMART.xlsx,sheet الملخص التراكمي (header re-detected),high,
CMH_01-C01,254,توريد وتركيب وإختبار وفحص علبة خدمة من نوعية ممتازة تحتوى على  ) أ ( مقابس تغذية أرضية مزدوجة ذات أسلاك 4 مم2 كحد أدنى مركبة على الأرض وتشمل أسلاك التأريض من اللوحة حتى المقابس + )ب( مآخذ للهاتف والبيانات ذات كابلات CAT 6A UTP وحتى كابينة الداتا  وحسب مواصفات إدارة الـ IT  بالوزارة. على المقاول المعاينة و فحص الشبكة الحالية و الاستفادة من التمديدات الحالية و دمجها مع التركيبات الجديدة بعد عمل الاختبارات اللازمة و بعد الموافقة من مهندس المشرف . النوع  )A(  )تحتوى على  4 قوى & 4 داتا (,,286.0,,,,,,الملخص التراكمي,256,CMH_01_SMART.xlsx,sheet الملخص التراكمي (header re-detected),high,
CMH_01-C01,255,توريد وتركيب وإختبار وفحص علبة خدمة من نوعية ممتازة تحتوى على  ) أ ( مقابس تغذية أرضية مزدوجة ذات أسلاك 4 مم2 كحد أدنى مركبة على الأرض وتشمل أسلاك التأريض من اللوحة حتى المقابس + )ب( مآخذ للهاتف والبيانات ذات كابلات CAT 6A UTP وحتى كابينة الداتا  وحسب مواصفات إدارة الـ IT  بالوزارة. على المقاول المعاينة و فحص الشبكة الحالية و الاستفادة من التمديدات الحالية و دمجها مع التركيبات الجديدة بعد عمل الاختبارات اللازمة و بعد الموافقة من مهندس المشرف . النوع )B(   )تحتوى على 2 قوى & 2 داتا (,,20.0,,,,,,الملخص التراكمي,257,CMH_01_SMART.xlsx,sheet الملخص التراكمي (header re-detected),high,
CMH_01-C01,256,توريد وتركيب وإختبار وفحص علبة خدمة من نوعية ممتازة تحتوى على  ) أ ( مقابس تغذية أرضية مزدوجة ذات أسلاك 4 مم2 كحد أدنى مركبة على الأرض وتشمل أسلاك التأريض من اللوحة حتى المقابس + )ب( مآخذ للهاتف والبيانات ذات كابلات CAT 6A UTP وحتى كابينة الداتا  وحسب مواصفات إدارة الـ IT  بالوزارة. على المقاول المعاينة و فحص الشبكة الحالية و الاستفادة من التمديدات الحالية و دمجها مع التركيبات الجديدة بعد عمل الاختبارات اللازمة و بعد الموافقة من مهندس المشرف . النوع )1FB(   )تحتوى على 1 قوى (,,141.0,,,,,,الملخص التراكمي,258,CMH_01_SMART.xlsx,sheet الملخص التراكمي (header re-detected),high,
CMH_01-C01,257,توريد وتركيب وإختبار وفحص علبة خدمة من نوعية ممتازة تحتوى على  ) أ ( مقابس تغذية أرضية مزدوجة ذات أسلاك 4 مم2 كحد أدنى مركبة على الأرض وتشمل أسلاك التأريض من اللوحة حتى المقابس + )ب( مآخذ للهاتف والبيانات ذات كابلات CAT 6A UTP وحتى كابينة الداتا  وحسب مواصفات إدارة الـ IT  بالوزارة. على المقاول المعاينة و فحص الشبكة الحالية و الاستفادة من التمديدات الحالية و دمجها مع التركيبات الجديدة بعد عمل الاختبارات اللازمة و بعد الموافقة من مهندس المشرف . النوع )2FB(   )تحتوى على 2 قوى (,,4.0,,,,,,الملخص التراكمي,259,CMH_01_SMART.xlsx,sheet الملخص التراكمي (header re-detected),high,
CMH_01-C01,258, توريد وتركيب وإختبار وفحص علبة خدمة من نوعية ممتازة تحتوى على  ) أ ( مقابس تغذية أرضية مزدوجة ذات أسلاك 4 مم2 كحد أدنى مركبة على الأرض وتشمل أسلاك التأريض من اللوحة حتى وحتى كابينة الداتا  وحسب CAT 6A UTP المقابس + )ب( مآخذ للهاتف والبيانات ذات كابلات .بالوزارة IT  مواصفات إدارة الـ على المقاول المعاينة و فحص الشبكة الحالية و الاستفادة من التمديدات الحالية و دمجها مع التركيبات. الجديدة بعد عمل الاختبارات اللازمة و بعد الموافقة من مهندس المشرف Type JB 1U  ( 2 power & 1 data ),,119.0,,,,,,الملخص التراكمي,260,CMH_01_SMART.xlsx,sheet الملخص التراكمي (header re-detected),high,
CMH_01-C01,259, توريد وتركيب وإختبار وفحص علبة خدمة من نوعية ممتازة تحتوى على  ) أ ( مقابس تغذية أرضية مزدوجة ذات أسلاك 4 مم2 كحد أدنى مركبة على الأرض وتشمل أسلاك التأريض من اللوحة حتى وحتى كابينة الداتا  وحسب CAT 6A UTP المقابس + )ب( مآخذ للهاتف والبيانات ذات كابلات .بالوزارة IT  مواصفات إدارة الـ  على المقاول المعاينة و فحص الشبكة الحالية و الاستفادة من التمديدات الحالية و دمجها مع التركيبات. الجديدة بعد عمل الاختبارات اللازمة و بعد الموافقة من مهندس المشرف Type JB 2U  ( 4 power & 2 data ),,75.0,,,,,,الملخص التراكمي,261,CMH_01_SMART.xlsx,sheet الملخص التراكمي (header re-detected),high,
CMH_01-C01,260, توريد وتركيب وإختبار وفحص علبة خدمة من نوعية ممتازة تحتوى على  ) أ ( مقابس تغذية أرضية مزدوجة ذات أسلاك 4 مم2 كحد أدنى مركبة على الأرض وتشمل أسلاك التأريض من اللوحة حتى وحتى كابينة الداتا  وحسب CAT 6A UTP المقابس + )ب( مآخذ للهاتف والبيانات ذات كابلات .بالوزارة IT  مواصفات إدارة الـ  على المقاول المعاينة و فحص الشبكة الحالية و الاستفادة من التمديدات الحالية و دمجها مع التركيبات. الجديدة بعد عمل الاختبارات اللازمة و بعد الموافقة من مهندس المشرف Type JB 4U ( 8 power & 4 data ),,324.0,,,,,,الملخص التراكمي,262,CMH_01_SMART.xlsx,sheet الملخص التراكمي (header re-detected),high,
CMH_01-C01,261," توريد وتركيب واختبار والتشغيل التجريبي لمفاتيح فصل على الحمل من النوع عالية التحمل مع ماسورة  التثبيت المعدنية المرنة والمانعة لنفاذ السوائل، وقطع الإكسسوارعلى المقاول المعاينة و فحص الشبكة الحالية و الاستفادة من التمديدات الحالية و دمجها مع التركيبات الجديدة بعد عمل الاختبارات اللازمة و بعدالموافقة من مهندس المشرف  وبالإستطاعات التالية 30 A, 250 V, 2P",,445.0,,,,,,الملخص التراكمي,263,CMH_01_SMART.xlsx,sheet الملخص التراكمي (header re-detected),high,
CMH_01-C01,262,توريد وتركيب وتوصيل وإختبار وفحص اجهزة الإنارة ويشمل اللمبات وأقواس التركيب وحبال التعليق وقطع الأكسسوار و ايضا نقاط الانارة متضمنة مواسير/أقنية قاسية عالية التحمل PVC  أوEMT وعلب ذات أسلاك لاتقل عن 0.4 مم2 لنقطة الإنارة وتوصيل أطراف أسلاك التأريض،وكل الأعمال المساعدة كما هو محدد وموضح في المخططات. على المقاول المعاينة و فحص الشبكة الحالية و الاستفادة من التمديدات الحالية و دمجها  علما بان البند يشمل جميع الوصلات و الاسلاك و الكابلات اللازمة لنهو العمل  بعد عمل الاختبارات اللازمة و بعد الموافقة من مهندس المشرف . Type A1,,530.0,,,,,,الملخص التراكمي,264,CMH_01_SMART.xlsx,sheet الملخص التراكمي (header re-detected),high,
CMH_01-C01,263,توريد وتركيب وتوصيل وإختبار وفحص اجهزة الإنارة ويشمل اللمبات وأقواس التركيب وحبال التعليق وقطع الأكسسوار و ايضا نقاط الانارة متضمنة مواسير/أقنية قاسية عالية التحمل PVC  أوEMT وعلب ذات أسلاك لاتقل عن 0.4 مم2 لنقطة الإنارة وتوصيل أطراف أسلاك التأريض،وكل الأعمال المساعدة كما هو محدد وموضح في المخططات. على المقاول المعاينة و فحص الشبكة الحالية و الاستفادة من التمديدات الحالية و دمجها  علما بان البند يشمل جميع الوصلات و الاسلاك و الكابلات اللازمة لنهو العمل  بعد عمل الاختبارات اللازمة و بعد الموافقة من مهندس المشرف . Type A1E,,241.0,,,,,,الملخص التراكمي,265,CMH_01_SMART.xlsx,sheet الملخص التراكمي (header re-detected),high,
CMH_01-C01,264,توريد وتركيب وتوصيل وإختبار وفحص اجهزة الإنارة ويشمل اللمبات وأقواس التركيب وحبال التعليق وقطع الأكسسوار و ايضا نقاط الانارة متضمنة مواسير/أقنية قاسية عالية التحمل PVC  أوEMT وعلب ذات أسلاك لاتقل عن 0.4 مم2 لنقطة الإنارة وتوصيل أطراف أسلاك التأريض،وكل الأعمال المساعدة كما هو محدد وموضح في المخططات. على المقاول المعاينة و فحص الشبكة الحالية و الاستفادة من التمديدات الحالية و دمجها  علما بان البند يشمل جميع الوصلات و الاسلاك و الكابلات اللازمة لنهو العمل  بعد عمل الاختبارات اللازمة و بعد الموافقة من مهندس المشرف . Type A2,,1113.0,,,,,,الملخص التراكمي,266,CMH_01_SMART.xlsx,sheet الملخص التراكمي (header re-detected),high,
CMH_01-C01,265,توريد وتركيب وتوصيل وإختبار وفحص اجهزة الإنارة ويشمل اللمبات وأقواس التركيب وحبال التعليق وقطع الأكسسوار و ايضا نقاط الانارة متضمنة مواسير/أقنية قاسية عالية التحمل PVC  أوEMT وعلب ذات أسلاك لاتقل عن 0.4 مم2 لنقطة الإنارة وتوصيل أطراف أسلاك التأريض،وكل الأعمال المساعدة كما هو محدد وموضح في المخططات. على المقاول المعاينة و فحص الشبكة الحالية و الاستفادة من التمديدات الحالية و دمجها  علما بان البند يشمل جميع الوصلات و الاسلاك و الكابلات اللازمة لنهو العمل  بعد عمل الاختبارات اللازمة و بعد الموافقة من مهندس المشرف . Type A3,,8.0,,,,,,الملخص التراكمي,267,CMH_01_SMART.xlsx,sheet الملخص التراكمي (header re-detected),high,
CMH_01-C01,266,توريد وتركيب وتوصيل وإختبار وفحص اجهزة الإنارة ويشمل اللمبات وأقواس التركيب وحبال التعليق وقطع الأكسسوار و ايضا نقاط الانارة متضمنة مواسير/أقنية قاسية عالية التحمل PVC  أوEMT وعلب ذات أسلاك لاتقل عن 0.4 مم2 لنقطة الإنارة وتوصيل أطراف أسلاك التأريض،وكل الأعمال المساعدة كما هو محدد وموضح في المخططات. على المقاول المعاينة و فحص الشبكة الحالية و الاستفادة من التمديدات الحالية و دمجها  علما بان البند يشمل جميع الوصلات و الاسلاك و الكابلات اللازمة لنهو العمل  بعد عمل الاختبارات اللازمة و بعد الموافقة من مهندس المشرف . Type A4,,1.0,,,,,,الملخص التراكمي,268,CMH_01_SMART.xlsx,sheet الملخص التراكمي (header re-detected),high,
CMH_01-C01,267,توريد وتركيب وتوصيل وإختبار وفحص اجهزة الإنارة ويشمل اللمبات وأقواس التركيب وحبال التعليق وقطع الأكسسوار و ايضا نقاط الانارة متضمنة مواسير/أقنية قاسية عالية التحمل PVC  أوEMT وعلب ذات أسلاك لاتقل عن 0.4 مم2 لنقطة الإنارة وتوصيل أطراف أسلاك التأريض،وكل الأعمال المساعدة كما هو محدد وموضح في المخططات. على المقاول المعاينة و فحص الشبكة الحالية و الاستفادة من التمديدات الحالية و دمجها  علما بان البند يشمل جميع الوصلات و الاسلاك و الكابلات اللازمة لنهو العمل  بعد عمل الاختبارات اللازمة و بعد الموافقة من مهندس المشرف . Type A5,,4.0,,,,,,الملخص التراكمي,269,CMH_01_SMART.xlsx,sheet الملخص التراكمي (header re-detected),high,
CMH_01-C01,268,توريد وتركيب وتوصيل وإختبار وفحص اجهزة الإنارة ويشمل اللمبات وأقواس التركيب وحبال التعليق وقطع الأكسسوار و ايضا نقاط الانارة متضمنة مواسير/أقنية قاسية عالية التحمل PVC  أوEMT وعلب ذات أسلاك لاتقل عن 0.4 مم2 لنقطة الإنارة وتوصيل أطراف أسلاك التأريض،وكل الأعمال المساعدة كما هو محدد وموضح في المخططات. على المقاول المعاينة و فحص الشبكة الحالية و الاستفادة من التمديدات الحالية و دمجها  علما بان البند يشمل جميع الوصلات و الاسلاك و الكابلات اللازمة لنهو العمل  بعد عمل الاختبارات اللازمة و بعد الموافقة من مهندس المشرف .Type A6,,1.0,,,,,,الملخص التراكمي,270,CMH_01_SMART.xlsx,sheet الملخص التراكمي (header re-detected),high,
CMH_01-C01,269,توريد وتركيب وتوصيل وإختبار وفحص اجهزة الإنارة ويشمل اللمبات وأقواس التركيب وحبال التعليق وقطع الأكسسوار و ايضا نقاط الانارة متضمنة مواسير/أقنية قاسية عالية التحمل PVC  أوEMT وعلب ذات أسلاك لاتقل عن 0.4 مم2 لنقطة الإنارة وتوصيل أطراف أسلاك التأريض،وكل الأعمال المساعدة كما هو محدد وموضح في المخططات. على المقاول المعاينة و فحص الشبكة الحالية و الاستفادة من التمديدات الحالية و دمجها  علما بان البند يشمل جميع الوصلات و الاسلاك و الكابلات اللازمة لنهو العمل  بعد عمل الاختبارات اللازمة و بعد الموافقة من مهندس المشرف . Type A7,,2.0,,,,,,الملخص التراكمي,271,CMH_01_SMART.xlsx,sheet الملخص التراكمي (header re-detected),high,
CMH_01-C01,270,توريد وتركيب وتوصيل وإختبار وفحص اجهزة الإنارة ويشمل اللمبات وأقواس التركيب وحبال التعليق وقطع الأكسسوار و ايضا نقاط الانارة متضمنة مواسير/أقنية قاسية عالية التحمل PVC  أوEMT وعلب ذات أسلاك لاتقل عن 0.4 مم2 لنقطة الإنارة وتوصيل أطراف أسلاك التأريض،وكل الأعمال المساعدة كما هو محدد وموضح في المخططات. على المقاول المعاينة و فحص الشبكة الحالية و الاستفادة من التمديدات الحالية و دمجها  علما بان البند يشمل جميع الوصلات و الاسلاك و الكابلات اللازمة لنهو العمل  بعد عمل الاختبارات اللازمة و بعد الموافقة من مهندس المشرف .Type A8,,12.0,,,,,,الملخص التراكمي,272,CMH_01_SMART.xlsx,sheet الملخص التراكمي (header re-detected),high,
CMH_01-C01,271,توريد وتركيب وتوصيل وإختبار وفحص اجهزة الإنارة ويشمل اللمبات وأقواس التركيب وحبال التعليق وقطع الأكسسوار و ايضا نقاط الانارة متضمنة مواسير/أقنية قاسية عالية التحمل PVC  أوEMT وعلب ذات أسلاك لاتقل عن 0.4 مم2 لنقطة الإنارة وتوصيل أطراف أسلاك التأريض،وكل الأعمال المساعدة كما هو محدد وموضح في المخططات. على المقاول المعاينة و فحص الشبكة الحالية و الاستفادة من التمديدات الحالية و دمجها  علما بان البند يشمل جميع الوصلات و الاسلاك و الكابلات اللازمة لنهو العمل  بعد عمل الاختبارات اللازمة و بعد الموافقة من مهندس المشرف .,,4.0,,,,,,الملخص التراكمي,273,CMH_01_SMART.xlsx,sheet الملخص التراكمي (header re-detected),high,
CMH_01-C01,272,توريد وتركيب وتوصيل وإختبار وفحص اجهزة الإنارة ويشمل اللمبات وأقواس التركيب وحبال التعليق وقطع الأكسسوار و ايضا نقاط الانارة متضمنة مواسير/أقنية قاسية عالية التحمل PVC  أوEMT وعلب ذات أسلاك لاتقل عن 0.4 مم2 لنقطة الإنارة وتوصيل أطراف أسلاك التأريض،وكل الأعمال المساعدة كما هو محدد وموضح في المخططات. على المقاول المعاينة و فحص الشبكة الحالية و الاستفادة من التمديدات الحالية و دمجها  علما بان البند يشمل جميع الوصلات و الاسلاك و الكابلات اللازمة لنهو العمل  بعد عمل الاختبارات اللازمة و بعد الموافقة من مهندس المشرف .Type B1,,343.0,,,,,,الملخص التراكمي,274,CMH_01_SMART.xlsx,sheet الملخص التراكمي (header re-detected),high,
CMH_01-C01,273,توريد وتركيب وتوصيل وإختبار وفحص اجهزة الإنارة ويشمل اللمبات وأقواس التركيب وحبال التعليق وقطع الأكسسوار و ايضا نقاط الانارة متضمنة مواسير/أقنية قاسية عالية التحمل PVC  أوEMT وعلب ذات أسلاك لاتقل عن 0.4 مم2 لنقطة الإنارة وتوصيل أطراف أسلاك التأريض،وكل الأعمال المساعدة كما هو محدد وموضح في المخططات. على المقاول المعاينة و فحص الشبكة الحالية و الاستفادة من التمديدات الحالية و دمجها  علما بان البند يشمل جميع الوصلات و الاسلاك و الكابلات اللازمة لنهو العمل  بعد عمل الاختبارات اللازمة و بعد الموافقة من مهندس المشرف .Type B2,,54.0,,,,,,الملخص التراكمي,275,CMH_01_SMART.xlsx,sheet الملخص التراكمي (header re-detected),high,
CMH_01-C01,274,توريد وتركيب وتوصيل وإختبار وفحص اجهزة الإنارة ويشمل اللمبات وأقواس التركيب وحبال التعليق وقطع الأكسسوار و ايضا نقاط الانارة متضمنة مواسير/أقنية قاسية عالية التحمل PVC  أوEMT وعلب ذات أسلاك لاتقل عن 0.4 مم2 لنقطة الإنارة وتوصيل أطراف أسلاك التأريض،وكل الأعمال المساعدة كما هو محدد وموضح في المخططات.على المقاول المعاينة و فحص الشبكة الحالية و الاستفادة من التمديدات الحالية و دمجها  علما بان البند يشمل جميع الوصلات و الاسلاك و الكابلات اللازمة لنهو العمل  بعد عمل الاختبارات اللازمة و بعد الموافقة من مهندس المشرف .Type C1,,172.0,,,,,,الملخص التراكمي,276,CMH_01_SMART.xlsx,sheet الملخص التراكمي (header re-detected),high,
CMH_01-C01,275,توريد وتركيب وتوصيل وإختبار وفحص اجهزة الإنارة ويشمل اللمبات وأقواس التركيب وحبال التعليق وقطع الأكسسوار و ايضا نقاط الانارة متضمنة مواسير/أقنية قاسية عالية التحمل PVC  أوEMT وعلب ذات أسلاك لاتقل عن 0.4 مم2 لنقطة الإنارة وتوصيل أطراف أسلاك التأريض،وكل الأعمال المساعدة كما هو محدد وموضح في المخططات. على المقاول المعاينة و فحص الشبكة الحالية و الاستفادة من التمديدات الحالية و دمجها  علما بان البند يشمل جميع الوصلات و الاسلاك و الكابلات اللازمة لنهو العمل  بعد عمل الاختبارات اللازمة و بعد الموافقة من مهندس المشرف .Type C2,,1422.0,,,,,,الملخص التراكمي,277,CMH_01_SMART.xlsx,sheet الملخص التراكمي (header re-detected),high,
CMH_01-C01,276,توريد وتركيب وتوصيل وإختبار وفحص اجهزة الإنارة ويشمل اللمبات وأقواس التركيب وحبال التعليق وقطع الأكسسوار و ايضا نقاط الانارة متضمنة مواسير/أقنية قاسية عالية التحمل PVC  أوEMT وعلب ذات أسلاك لاتقل عن 0.4 مم2 لنقطة الإنارة وتوصيل أطراف أسلاك التأريض،وكل الأعمال المساعدة كما هو محدد وموضح في المخططات. على المقاول المعاينة و فحص الشبكة الحالية و الاستفادة من التمديدات الحالية و دمجها  علما بان البند يشمل جميع الوصلات و الاسلاك و الكابلات اللازمة لنهو العمل  بعد عمل الاختبارات اللازمة و بعد الموافقة من مهندس المشرف .Type C3,,1062.0,,,,,,الملخص التراكمي,278,CMH_01_SMART.xlsx,sheet الملخص التراكمي (header re-detected),high,
CMH_01-C01,277,توريد وتركيب وتوصيل وإختبار وفحص اجهزة الإنارة ويشمل اللمبات وأقواس التركيب وحبال التعليق وقطع الأكسسوار و ايضا نقاط الانارة متضمنة مواسير/أقنية قاسية عالية التحمل PVC  أوEMT وعلب ذات أسلاك لاتقل عن 0.4 مم2 لنقطة الإنارة وتوصيل أطراف أسلاك التأريض،وكل الأعمال المساعدة كما هو محدد وموضح في المخططات. على المقاول المعاينة و فحص الشبكة الحالية و الاستفادة من التمديدات الحالية و دمجها  علما بان البند يشمل جميع الوصلات و الاسلاك و الكابلات اللازمة لنهو العمل  بعد عمل الاختبارات اللازمة و بعد الموافقة من مهندس المشرف .Type C4,,284.0,,,,,,الملخص التراكمي,279,CMH_01_SMART.xlsx,sheet الملخص التراكمي (header re-detected),high,
CMH_01-C01,278,توريد وتركيب وتوصيل وإختبار وفحص اجهزة الإنارة ويشمل اللمبات وأقواس التركيب وحبال التعليق وقطع الأكسسوار و ايضا نقاط الانارة متضمنة مواسير/أقنية قاسية عالية التحمل PVC  أوEMT وعلب ذات أسلاك لاتقل عن 0.4 مم2 لنقطة الإنارة وتوصيل أطراف أسلاك التأريض،وكل الأعمال المساعدة كما هو محدد وموضح في المخططات. على المقاول المعاينة و فحص الشبكة الحالية و الاستفادة من التمديدات الحالية و دمجها  علما بان البند يشمل جميع الوصلات و الاسلاك و الكابلات اللازمة لنهو العمل  بعد عمل الاختبارات اللازمة و بعد الموافقة من مهندس المشرف .Type C5,,149.0,,,,,,الملخص التراكمي,280,CMH_01_SMART.xlsx,sheet الملخص التراكمي (header re-detected),high,
CMH_01-C01,279,توريد وتركيب وتوصيل وإختبار وفحص اجهزة الإنارة ويشمل اللمبات وأقواس التركيب وحبال التعليق وقطع الأكسسوار و ايضا نقاط الانارة متضمنة مواسير/أقنية قاسية عالية التحمل PVC  أوEMT وعلب ذات أسلاك لاتقل عن 0.4 مم2 لنقطة الإنارة وتوصيل أطراف أسلاك التأريض،وكل الأعمال المساعدة كما هو محدد وموضح في المخططات.على المقاول المعاينة و فحص الشبكة الحالية و الاستفادة من التمديدات الحالية و دمجها  علما بان البند يشمل جميع الوصلات و الاسلاك و الكابلات اللازمة لنهو العمل  بعد عمل الاختبارات اللازمة و بعد الموافقة من مهندس المشرف .Type C6,,158.0,,,,,,الملخص التراكمي,281,CMH_01_SMART.xlsx,sheet الملخص التراكمي (header re-detected),high,
CMH_01-C01,280,توريد وتركيب وتوصيل وإختبار وفحص اجهزة الإنارة ويشمل اللمبات وأقواس التركيب وحبال التعليق وقطع الأكسسوار و ايضا نقاط الانارة متضمنة مواسير/أقنية قاسية عالية التحمل PVC  أوEMT وعلب ذات أسلاك لاتقل عن 0.4 مم2 لنقطة الإنارة وتوصيل أطراف أسلاك التأريض،وكل الأعمال المساعدة كما هو محدد وموضح في المخططات. على المقاول المعاينة و فحص الشبكة الحالية و الاستفادة من التمديدات الحالية و دمجها  علما بان البند يشمل جميع الوصلات و الاسلاك و الكابلات اللازمة لنهو العمل  بعد عمل الاختبارات اللازمة و بعد الموافقة من مهندس المشرف .Type C7,,27.0,,,,,,الملخص التراكمي,282,CMH_01_SMART.xlsx,sheet الملخص التراكمي (header re-detected),high,
CMH_01-C01,281,توريد وتركيب وتوصيل وإختبار وفحص اجهزة الإنارة ويشمل اللمبات وأقواس التركيب وحبال التعليق وقطع الأكسسوار و ايضا نقاط الانارة متضمنة مواسير/أقنية قاسية عالية التحمل PVC  أوEMT وعلب ذات أسلاك لاتقل عن 0.4 مم2 لنقطة الإنارة وتوصيل أطراف أسلاك التأريض،وكل الأعمال المساعدة كما هو محدد وموضح في المخططات. على المقاول المعاينة و فحص الشبكة الحالية و الاستفادة من التمديدات الحالية و دمجها  علما بان البند يشمل جميع الوصلات و الاسلاك و الكابلات اللازمة لنهو العمل  بعد عمل الاختبارات اللازمة و بعد الموافقة من مهندس المشرف . Type D1,,56.0,,,,,,الملخص التراكمي,283,CMH_01_SMART.xlsx,sheet الملخص التراكمي (header re-detected),high,
CMH_01-C01,282,توريد وتركيب وتوصيل وإختبار وفحص اجهزة الإنارة ويشمل اللمبات وأقواس التركيب وحبال التعليق وقطع الأكسسوار و ايضا نقاط الانارة متضمنة مواسير/أقنية قاسية عالية التحمل PVC  أوEMT وعلب ذات أسلاك لاتقل عن 0.4 مم2 لنقطة الإنارة وتوصيل أطراف أسلاك التأريض،وكل الأعمال المساعدة كما هو محدد وموضح في المخططات. على المقاول المعاينة و فحص الشبكة الحالية و الاستفادة من التمديدات الحالية و دمجها  علما بان البند يشمل جميع الوصلات و الاسلاك و الكابلات اللازمة لنهو العمل  بعد عمل الاختبارات اللازمة و بعد الموافقة من مهندس المشرف . Type D2,,20.0,,,,,,الملخص التراكمي,284,CMH_01_SMART.xlsx,sheet الملخص التراكمي (header re-detected),high,
CMH_01-C01,283,توريد وتركيب وتوصيل وإختبار وفحص اجهزة الإنارة ويشمل اللمبات وأقواس التركيب وحبال التعليق وقطع الأكسسوار و ايضا نقاط الانارة متضمنة مواسير/أقنية قاسية عالية التحمل PVC  أوEMT وعلب ذات أسلاك لاتقل عن 0.4 مم2 لنقطة الإنارة وتوصيل أطراف أسلاك التأريض،وكل الأعمال المساعدة كما هو محدد وموضح في المخططات. على المقاول المعاينة و فحص الشبكة الحالية و الاستفادة من التمديدات الحالية و دمجها  علما بان البند يشمل جميع الوصلات و الاسلاك و الكابلات اللازمة لنهو العمل  بعد عمل الاختبارات اللازمة و بعد الموافقة من مهندس المشرف .Type D3,,179.0,,,,,,الملخص التراكمي,285,CMH_01_SMART.xlsx,sheet الملخص التراكمي (header re-detected),high,
CMH_01-C01,284,توريد وتركيب وتوصيل وإختبار وفحص اجهزة الإنارة ويشمل اللمبات وأقواس التركيب وحبال التعليق وقطع الأكسسوار و ايضا نقاط الانارة متضمنة مواسير/أقنية قاسية عالية التحمل PVC  أوEMT وعلب ذات أسلاك لاتقل عن 0.4 مم2 لنقطة الإنارة وتوصيل أطراف أسلاك التأريض،وكل الأعمال المساعدة كما هو محدد وموضح في المخططات. على المقاول المعاينة و فحص الشبكة الحالية و الاستفادة من التمديدات الحالية و دمجها  علما بان البند يشمل جميع الوصلات و الاسلاك و الكابلات اللازمة لنهو العمل  بعد عمل الاختبارات اللازمة و بعد الموافقة من مهندس المشرف .Type D4,,6.0,,,,,,الملخص التراكمي,286,CMH_01_SMART.xlsx,sheet الملخص التراكمي (header re-detected),high,
CMH_01-C01,285,توريد وتركيب وتوصيل وإختبار وفحص اجهزة الإنارة ويشمل اللمبات وأقواس التركيب وحبال التعليق وقطع الأكسسوار و ايضا نقاط الانارة متضمنة مواسير/أقنية قاسية عالية التحمل PVC  أوEMT وعلب ذات أسلاك لاتقل عن 0.4 مم2 لنقطة الإنارة وتوصيل أطراف أسلاك التأريض،وكل الأعمال المساعدة كما هو محدد وموضح في المخططات على المقاول المعاينة و فحص الشبكة الحالية و الاستفادة من التمديدات الحالية و دمجها  علما بان البند يشمل جميع الوصلات و الاسلاك و الكابلات اللازمة لنهو العمل  بعد عمل الاختبارات اللازمة و بعد الموافقة من مهندس المشرف . Type E1,,12.0,,,,,,الملخص التراكمي,287,CMH_01_SMART.xlsx,sheet الملخص التراكمي (header re-detected),high,
CMH_01-C01,286,توريد وتركيب وتوصيل وإختبار وفحص اجهزة الإنارة ويشمل اللمبات وأقواس التركيب وحبال التعليق وقطع الأكسسوار و ايضا نقاط الانارة متضمنة مواسير/أقنية قاسية عالية التحمل PVC  أوEMT وعلب ذات أسلاك لاتقل عن 0.4 مم2 لنقطة الإنارة وتوصيل أطراف أسلاك التأريض،وكل الأعمال المساعدة كما هو محدد وموضح في المخططات. على المقاول المعاينة و فحص الشبكة الحالية و الاستفادة من التمديدات الحالية و دمجها  علما بان البند يشمل جميع الوصلات و الاسلاك و الكابلات اللازمة لنهو العمل  بعد عمل الاختبارات اللازمة و بعد الموافقة من مهندس المشرف . Type E2,,186.0,,,,,,الملخص التراكمي,288,CMH_01_SMART.xlsx,sheet الملخص التراكمي (header re-detected),high,
CMH_01-C01,287,توريد وتركيب وتوصيل وإختبار وفحص اجهزة الإنارة ويشمل اللمبات وأقواس التركيب وحبال التعليق وقطع الأكسسوار و ايضا نقاط الانارة متضمنة مواسير/أقنية قاسية عالية التحمل PVC  أوEMT وعلب ذات أسلاك لاتقل عن 0.4 مم2 لنقطة الإنارة وتوصيل أطراف أسلاك التأريض،وكل الأعمال المساعدة كما هو محدد وموضح في المخططات. على المقاول المعاينة و فحص الشبكة الحالية و الاستفادة من التمديدات الحالية و دمجها  علما بان البند يشمل جميع الوصلات و الاسلاك و الكابلات اللازمة لنهو العمل  بعد عمل الاختبارات اللازمة و بعد الموافقة من مهندس المشرف .Type E3,,260.0,,,,,,الملخص التراكمي,289,CMH_01_SMART.xlsx,sheet الملخص التراكمي (header re-detected),high,
CMH_01-C01,288,توريد وتركيب وتوصيل وإختبار وفحص اجهزة الإنارة ويشمل اللمبات وأقواس التركيب وحبال التعليق وقطع الأكسسوار و ايضا نقاط الانارة متضمنة مواسير/أقنية قاسية عالية التحمل PVC  أوEMT وعلب ذات أسلاك لاتقل عن 0.4 مم2 لنقطة الإنارة وتوصيل أطراف أسلاك التأريض،وكل الأعمال المساعدة كما هو محدد وموضح في المخططات. على المقاول المعاينة و فحص الشبكة الحالية و الاستفادة من التمديدات الحالية و دمجها  علما بان البند يشمل جميع الوصلات و الاسلاك و الكابلات اللازمة لنهو العمل  بعد عمل الاختبارات اللازمة و بعد الموافقة من مهندس المشرف .Type LB1,,5772.0,,,,,,الملخص التراكمي,290,CMH_01_SMART.xlsx,sheet الملخص التراكمي (header re-detected),high,
CMH_01-C01,289,توريد وتركيب وتوصيل وإختبار وفحص اجهزة الإنارة ويشمل اللمبات وأقواس التركيب وحبال التعليق وقطع الأكسسوار و ايضا نقاط الانارة متضمنة مواسير/أقنية قاسية عالية التحمل PVC  أوEMT وعلب ذات أسلاك لاتقل عن 0.4 مم2 لنقطة الإنارة وتوصيل أطراف أسلاك التأريض،وكل الأعمال المساعدة كما هو محدد وموضح في المخططات. على المقاول المعاينة و فحص الشبكة الحالية و الاستفادة من التمديدات الحالية و دمجها  علما بان البند يشمل جميع الوصلات و الاسلاك و الكابلات اللازمة لنهو العمل  بعد عمل الاختبارات اللازمة و بعد الموافقة من مهندس المشرف . Type LB2,,14.0,,,,,,الملخص التراكمي,291,CMH_01_SMART.xlsx,sheet الملخص التراكمي (header re-detected),high,
CMH_01-C01,290,توريد وتركيب وتوصيل وإختبار وفحص اجهزة الإنارة ويشمل اللمبات وأقواس التركيب وحبال التعليق وقطع الأكسسوار و ايضا نقاط الانارة متضمنة مواسير/أقنية قاسية عالية التحمل PVC  أوEMT وعلب ذات أسلاك لاتقل عن 0.4 مم2 لنقطة الإنارة وتوصيل أطراف أسلاك التأريض،وكل الأعمال المساعدة كما هو محدد وموضح في المخططات. على المقاول المعاينة و فحص الشبكة الحالية و الاستفادة من التمديدات الحالية و دمجها  علما بان البند يشمل جميع الوصلات و الاسلاك و الكابلات اللازمة لنهو العمل  بعد عمل الاختبارات اللازمة و بعد الموافقة من مهندس المشرف . Type LB3,,237.0,,,,,,الملخص التراكمي,292,CMH_01_SMART.xlsx,sheet الملخص التراكمي (header re-detected),high,
CMH_01-C01,291,توريد وتركيب وتوصيل وإختبار وفحص اجهزة الإنارة ويشمل اللمبات وأقواس التركيب وحبال التعليق وقطع الأكسسوار و ايضا نقاط الانارة متضمنة مواسير/أقنية قاسية عالية التحمل PVC  أوEMT وعلب ذات أسلاك لاتقل عن 0.4 مم2 لنقطة الإنارة وتوصيل أطراف أسلاك التأريض،وكل الأعمال المساعدة كما هو محدد وموضح في المخططات. على المقاول المعاينة و فحص الشبكة الحالية و الاستفادة من التمديدات الحالية و دمجها  علما بان البند يشمل جميع الوصلات و الاسلاك و الكابلات اللازمة لنهو العمل  بعد عمل الاختبارات اللازمة و بعد الموافقة من مهندس المشرف .Type LB4,,132.0,,,,,,الملخص التراكمي,293,CMH_01_SMART.xlsx,sheet الملخص التراكمي (header re-detected),high,
CMH_01-C01,292, توريد وتركيب وتوصيل وإختبار وفحص اجهزة الإنارة ويشمل اللمبات وأقواس التركيب وحبال التعليق وعلبEMT أو PVC  وقطع الأكسسوار و ايضا نقاط الانارة متضمنة مواسير/أقنية قاسية عالية التحمل ذات أسلاك لاتقل عن 0.4 مم2 لنقطة الإنارة وتوصيل أطراف أسلاك التأريض،وكل الأعمال المساعدة كما.هو محدد وموضح في المخططات  على المقاول المعاينة و فحص الشبكة الحالية و الاستفادة من التمديدات الحالية و دمجها  علما بان البند يشمل جميع الوصلات و الاسلاك و الكابلات اللازمة لنهو العمل  بعد عمل الاختبارات اللازمة و بعد. الموافقة من مهندس المشرف Type LB5,,263.0,,,,,,الملخص التراكمي,294,CMH_01_SMART.xlsx,sheet الملخص التراكمي (header re-detected),high,
CMH_01-C01,293,توريد وتركيب وتوصيل وإختبار وفحص اجهزة الإنارة ويشمل اللمبات وأقواس التركيب وحبال التعليق وقطع الأكسسوار و ايضا نقاط الانارة متضمنة مواسير/أقنية قاسية عالية التحمل PVC  أوEMT وعلب ذات أسلاك لاتقل عن 0.4 مم2 لنقطة الإنارة وتوصيل أطراف أسلاك التأريض،وكل الأعمال المساعدة كما هو محدد وموضح في المخططات. على المقاول المعاينة و فحص الشبكة الحالية و الاستفادة من التمديدات الحالية و دمجها  علما بان البند يشمل جميع الوصلات و الاسلاك و الكابلات اللازمة لنهو العمل  بعد عمل الاختبارات اللازمة و بعد الموافقة من مهندس المشرف .Type LB6,,25.0,,,,,,الملخص التراكمي,295,CMH_01_SMART.xlsx,sheet الملخص التراكمي (header re-detected),high,
CMH_01-C01,294,توريد وتركيب وتوصيل وإختبار وفحص اجهزة الإنارة ويشمل اللمبات وأقواس التركيب وحبال التعليق وقطع الأكسسوار و ايضا نقاط الانارة متضمنة مواسير/أقنية قاسية عالية التحمل PVC  أوEMT وعلب ذات أسلاك لاتقل عن 0.4 مم2 لنقطة الإنارة وتوصيل أطراف أسلاك التأريض،وكل الأعمال المساعدة كما هو محدد وموضح في المخططات. على المقاول المعاينة و فحص الشبكة الحالية و الاستفادة من التمديدات الحالية و دمجها  علما بان البند يشمل جميع الوصلات و الاسلاك و الكابلات اللازمة لنهو العمل  بعد عمل الاختبارات اللازمة و بعد الموافقة من مهندس المشرف .Type LB7,,2.0,,,,,,الملخص التراكمي,296,CMH_01_SMART.xlsx,sheet الملخص التراكمي (header re-detected),high,
CMH_01-C01,295,توريد وتركيب وتوصيل وإختبار وفحص اجهزة الإنارة ويشمل اللمبات وأقواس التركيب وحبال التعليق وقطع الأكسسوار و ايضا نقاط الانارة متضمنة مواسير/أقنية قاسية عالية التحمل PVC  أوEMT وعلب ذات أسلاك لاتقل عن 0.4 مم2 لنقطة الإنارة وتوصيل أطراف أسلاك التأريض،وكل الأعمال المساعدة كما هو محدد وموضح في المخططات. على المقاول المعاينة و فحص الشبكة الحالية و الاستفادة من التمديدات الحالية و دمجها  علما بان البند يشمل جميع الوصلات و الاسلاك و الكابلات اللازمة لنهو العمل  بعد عمل الاختبارات اللازمة و بعد الموافقة من مهندس المشرف .Type ES-1,,430.0,,,,,,الملخص التراكمي,297,CMH_01_SMART.xlsx,sheet الملخص التراكمي (header re-detected),high,
CMH_01-C01,296,توريد وتركيب وتوصيل وإختبار وفحص اجهزة الإنارة ويشمل اللمبات وأقواس التركيب وحبال التعليق وقطع الأكسسوار و ايضا نقاط الانارة متضمنة مواسير/أقنية قاسية عالية التحمل PVC  أوEMT وعلب ذات أسلاك لاتقل عن 0.4 مم2 لنقطة الإنارة وتوصيل أطراف أسلاك التأريض،وكل الأعمال المساعدة كما هو محدد وموضح في المخططات. على المقاول المعاينة و فحص الشبكة الحالية و الاستفادة من التمديدات الحالية و دمجها  علما بان البند يشمل جميع الوصلات و الاسلاك و الكابلات اللازمة لنهو العمل  بعد عمل الاختبارات اللازمة و بعد الموافقة من مهندس المشرف . Type E2,,248.0,,,,,,الملخص التراكمي,298,CMH_01_SMART.xlsx,sheet الملخص التراكمي (header re-detected),high,
CMH_01-C01,297,توريد وتركيب وتوصيل وإختبار وفحص اجهزة الإنارة ويشمل اللمبات وأقواس التركيب وحبال التعليق وقطع الأكسسوار و ايضا نقاط الانارة متضمنة مواسير/أقنية قاسية عالية التحمل PVC  أوEMT وعلب ذات أسلاك لاتقل عن 0.4 مم2 لنقطة الإنارة وتوصيل أطراف أسلاك التأريض،وكل الأعمال المساعدة كما هو محدد وموضح في المخططات. على المقاول المعاينة و فحص الشبكة الحالية و الاستفادة من التمديدات الحالية و دمجها  علما بان البند يشمل جميع الوصلات و الاسلاك و الكابلات اللازمة لنهو العمل  بعد عمل الاختبارات اللازمة و بعد الموافقة من مهندس المشرف . Type E3,,260.0,,,,,,الملخص التراكمي,299,CMH_01_SMART.xlsx,sheet الملخص التراكمي (header re-detected),high,
CMH_01-C01,298,توريد وتركيب وتوصيل وإختبار وفحص اجهزة الإنارة ويشمل اللمبات وأقواس التركيب وحبال التعليق وقطع الأكسسوار و ايضا نقاط الانارة متضمنة مواسير/أقنية قاسية عالية التحمل PVC  أوEMT وعلب ذات أسلاك لاتقل عن 0.4 مم2 لنقطة الإنارة وتوصيل أطراف أسلاك التأريض،وكل الأعمال المساعدة كما هو محدد وموضح في المخططات. على المقاول المعاينة و فحص الشبكة الحالية و الاستفادة من التمديدات الحالية و دمجها  علما بان البند يشمل جميع الوصلات و الاسلاك و الكابلات اللازمة لنهو العمل  بعد عمل الاختبارات اللازمة و بعد الموافقة من مهندس المشرف . Type P1,,75.0,,,,,,الملخص التراكمي,300,CMH_01_SMART.xlsx,sheet الملخص التراكمي (header re-detected),high,
CMH_01-C01,299,توريد وتركيب وتوصيل وإختبار وفحص اجهزة الإنارة ويشمل اللمبات وأقواس التركيب وحبال التعليق وقطع الأكسسوار و ايضا نقاط الانارة متضمنة مواسير/أقنية قاسية عالية التحمل PVC  أوEMT وعلب ذات أسلاك لاتقل عن 0.4 مم2 لنقطة الإنارة وتوصيل أطراف أسلاك التأريض،وكل الأعمال المساعدة كما هو محدد وموضح في المخططات. على المقاول المعاينة و فحص الشبكة الحالية و الاستفادة من التمديدات الحالية و دمجها  علما بان البند يشمل جميع الوصلات و الاسلاك و الكابلات اللازمة لنهو العمل  بعد عمل الاختبارات اللازمة و بعد الموافقة من مهندس المشرف . Type T1,,1146.0,,,,,,الملخص التراكمي,301,CMH_01_SMART.xlsx,sheet الملخص التراكمي (header re-detected),high,
CMH_01-C01,300,توريد وتركيب وتوصيل وإختبار وفحص اجهزة الإنارة ويشمل اللمبات وأقواس التركيب وحبال التعليق وقطع الأكسسوار و ايضا نقاط الانارة متضمنة مواسير/أقنية قاسية عالية التحمل PVC  أوEMT وعلب ذات أسلاك لاتقل عن 0.4 مم2 لنقطة الإنارة وتوصيل أطراف أسلاك التأريض،وكل الأعمال المساعدة كما هو محدد وموضح في المخططات. على المقاول المعاينة و فحص الشبكة الحالية و الاستفادة من التمديدات الحالية و دمجها  علما بان البند يشمل جميع الوصلات و الاسلاك و الكابلات اللازمة لنهو العمل  بعد عمل الاختبارات اللازمة و بعد الموافقة من مهندس المشرف . Type CH-1,,4.0,,,,,,الملخص التراكمي,302,CMH_01_SMART.xlsx,sheet الملخص التراكمي (header re-detected),high,
CMH_01-C01,301,توريد وتركيب وتوصيل وإختبار وفحص اجهزة الإنارة ويشمل اللمبات وأقواس التركيب وحبال التعليق وقطع الأكسسوار و ايضا نقاط الانارة متضمنة مواسير/أقنية قاسية عالية التحمل PVC  أوEMT وعلب ذات أسلاك لاتقل عن 0.4 مم2 لنقطة الإنارة وتوصيل أطراف أسلاك التأريض،وكل الأعمال المساعدة كما هو محدد وموضح في المخططات. على المقاول المعاينة و فحص الشبكة الحالية و الاستفادة من التمديدات الحالية و دمجها  علما بان البند يشمل جميع الوصلات و الاسلاك و الكابلات اللازمة لنهو العمل  بعد عمل الاختبارات اللازمة و بعد الموافقة من مهندس المشرف . Type CH-2,,6.0,,,,,,الملخص التراكمي,303,CMH_01_SMART.xlsx,sheet الملخص التراكمي (header re-detected),high,
CMH_01-C01,302,توريد وتركيب وتوصيل وإختبار وفحص اجهزة الإنارة ويشمل اللمبات وأقواس التركيب وحبال التعليق وقطع الأكسسوار و ايضا نقاط الانارة متضمنة مواسير/أقنية قاسية عالية التحمل PVC  أوEMT وعلب ذات أسلاك لاتقل عن 0.4 مم2 لنقطة الإنارة وتوصيل أطراف أسلاك التأريض،وكل الأعمال المساعدة كما هو محدد وموضح في المخططات. على المقاول المعاينة و فحص الشبكة الحالية و الاستفادة من التمديدات الحالية و دمجها  علما بان البند يشمل جميع الوصلات و الاسلاك و الكابلات اللازمة لنهو العمل  بعد عمل الاختبارات اللازمة و بعد الموافقة من مهندس المشرف .Type CH-3,,3.0,,,,,,الملخص التراكمي,304,CMH_01_SMART.xlsx,sheet الملخص التراكمي (header re-detected),high,
CMH_01-C01,303,توريد وتركيب وتوصيل واختبار مفاتيح التحكم بالإنارة / أزرار كبس 10 أمبير، 230 فولت، وتشمل كل المواسير معزولة ب  PVC وأسلاك نحاس  0.4 مم2 حتى وحدات الانارة حسب الموضح على المخططات وحسب المواصفات على المقاول المعاينة و فحص الشبكة الحالية و الاستفادة من التمديدات الحالية و دمجها مع التركيبات الجديدة بعد عمل الاختبارات اللازمة و بعد الموافقة من مهندس المشرف . مفتاح أحادي ، أحادي الكباّس، 10 أمبير,,226.0,,,,,,الملخص التراكمي,305,CMH_01_SMART.xlsx,sheet الملخص التراكمي (header re-detected),high,
CMH_01-C01,304,توريد وتركيب وتوصيل واختبار مفاتيح التحكم بالإنارة / أزرار كبس 10 أمبير، 230 فولت، وتشمل كل المواسير معزولة ب  PVC وأسلاك نحاس  0.4 مم2 حتى وحدات الانارة حسب الموضح على المخططات وحسب المواصفات. على المقاول المعاينة و فحص الشبكة الحالية و الاستفادة من التمديدات الحالية و دمجها مع التركيبات الجديدة بعد عمل الاختبارات اللازمة و بعد الموافقة من مهندس المشرف .مفتاح أحادي ، ثنائي الكباّس، 10 أمبير,,490.0,,,,,,الملخص التراكمي,306,CMH_01_SMART.xlsx,sheet الملخص التراكمي (header re-detected),high,
CMH_01-C01,305,توريد وتركيب وتوصيل واختبار مفاتيح التحكم بالإنارة / أزرار كبس 10 أمبير، 230 فولت، وتشمل كل المواسير معزولة ب  PVC وأسلاك نحاس  0.4 مم2 حتى وحدات الانارة حسب الموضح على المخططات وحسب المواصفات. على المقاول المعاينة و فحص الشبكة الحالية و الاستفادة من التمديدات الحالية و دمجها مع التركيبات الجديدة بعد عمل الاختبارات اللازمة و بعد الموافقة من مهندس المشرف .مفتاح ثلاثي ، ثلاثي الكباّس، 10 أمبير,,108.0,,,,,,الملخص التراكمي,307,CMH_01_SMART.xlsx,sheet الملخص التراكمي (header re-detected),high,
CMH_01-C01,306,توريد وتركيب وتوصيل واختبار مفاتيح التحكم بالإنارة / أزرار كبس 10 أمبير، 230 فولت، وتشمل كل المواسير معزولة ب  PVC وأسلاك نحاس  0.4 مم2 حتى وحدات الانارة حسب الموضح على المخططات وحسب المواصفات. على المقاول المعاينة و فحص الشبكة الحالية و الاستفادة من التمديدات الحالية و دمجها مع التركيبات الجديدة بعد عمل الاختبارات اللازمة و بعد الموافقة من مهندس المشرف .مفتاح ثنائي ، ثنائي الكباّس، 10 أمبير,,66.0,,,,,,الملخص التراكمي,308,CMH_01_SMART.xlsx,sheet الملخص التراكمي (header re-detected),high,
CMH_01-C01,307," توريد وتركيب وتوصيل وتجريب مفاتيح ذات أضواء دليلية وتشمل الماسورة والأسلاك حسب المبيّن على.المخططات و ذلك لسخانات المياه  وحسب المواصفات 20 Amp., 230 V, 1PH",,77.0,,,,,,الملخص التراكمي,309,CMH_01_SMART.xlsx,sheet الملخص التراكمي (header re-detected),high,
CMH_01-C01,308,توريد وتركيب و فحص وتسليم نظام انذار حريق معنون  يتضمن لوحة إنذار رئيسية مرتبطة بحاسب مع طابعة  مزود  ببرنامج مصنع خصيصاً لهذا النوع من الأنظمة  قادر على التوافق مع نظام المراقبة التلفزيونية  و التحكم بالدخول و المراقبة . و ذلك باستخدام كوابل مخصصة لأنظمة إنذار الحريق ذات غلاف خارجي من نوع LSOH و يجب أن لا يقل الناقل عن Cx1.5mm2   و يتم التركيب ضمن مواسير من النوع EMT    و تشمل اعمال المدنية إن لزم ذلك  وكل ما يلزم لإتمام العمل على اكمل وجه. على المقاول المعاينة و فحص الشبكة الحالية و الاستفادة من التمديدات الحالية و دمجها مع التركيبات الجديدة بعد عمل الاختبارات اللازمة و بعد الموافقة من مهندس المشرف . على المقاول عمل ربط  انذار الحريق مع نظام ادارة المبنى BMS,,1.0,,,,,,الملخص التراكمي,310,CMH_01_SMART.xlsx,sheet الملخص التراكمي (header re-detected),high,
CMH_01-C01,309, كاشف انذار دخان من النوع المعنون طبقا للمخططات  ومواصفات المشروع,,715.0,,,,,,الملخص التراكمي,311,CMH_01_SMART.xlsx,sheet الملخص التراكمي (header re-detected),high,
CMH_01-C01,310,كاشف إنذار حراري من النوع المعنون طبقا للمخططات  ومواصفات المشروع,,13.0,,,,,,الملخص التراكمي,312,CMH_01_SMART.xlsx,sheet الملخص التراكمي (header re-detected),high,
CMH_01-C01,311, وحدة إنذار حريق يدوية من النوع المعنون طبقا للمخططات  ومواصفات المشروع,,54.0,,,,,,الملخص التراكمي,313,CMH_01_SMART.xlsx,sheet الملخص التراكمي (header re-detected),high,
CMH_01-C01,312,وحدة عزل )fault isolator( من النوع المعنون طبقا للمخططات  ومواصفات المشروع,,46.0,,,,,,الملخص التراكمي,314,CMH_01_SMART.xlsx,sheet الملخص التراكمي (header re-detected),high,
CMH_01-C01,313,وحدة تحكم  )Control module( من النوع المعنون طبقا للمخططات  ومواصفات المشروع,,69.0,,,,,,الملخص التراكمي,315,CMH_01_SMART.xlsx,sheet الملخص التراكمي (header re-detected),high,
CMH_01-C01,314,وحدة جرس إنذار حريق داخلى طبقا للمخططات  ومواصفات المشروع,,24.0,,,,,,الملخص التراكمي,316,CMH_01_SMART.xlsx,sheet الملخص التراكمي (header re-detected),high,
CMH_01-C01,315,وحدة هاتف رجل الاطفاء حريق داخلى )fireman telephone Jack ( طبقا للمخططات  ومواصفات المشروع,,24.0,,,,,,الملخص التراكمي,317,CMH_01_SMART.xlsx,sheet الملخص التراكمي (header re-detected),high,
CMH_01-C01,316,وحدات لاسلكية لتوفير خدمة شبكة المعلومات )Wireless Access Points(,,181.0,,,,,,الملخص التراكمي,318,CMH_01_SMART.xlsx,sheet الملخص التراكمي (header re-detected),high,
CMH_01-C01,317,عن طريق مقاول متخصص ذو خبرة كبيرة في هذا المجال ويقدم للاعتماد من إدارة الـ IT بالوزارة و يربط النظام مع الانظمة المعنية بالتحكم و الموازنة و يشمل البند جميع الوصلات و الكابلات و غيرها من المتطلبات الخاصة بنهو النظام كاملا توريد وتركيب واختبارنقاط كاميرا مراقبة داخلية سقفية و جميع ما يلزم من توصيلات و تركيبات و خلافة  لنهو النظام .,,258.0,,,,,,الملخص التراكمي,319,CMH_01_SMART.xlsx,sheet الملخص التراكمي (header re-detected),high,
CMH_01-C01,318,توريد وتركيب واختبار نظام التحكم فى الدخول بروتوكول IP  مع البرامج الخاصة بنظام التحكم بتقنية dual RFID integration ، مع المواسير والكابلات وكل الملحقات لضمان عمل النظام على الوجه الاكمل وحسب المواصفات والمخططات وتعليمات الشركة المصنعة وتعليمات ومواصفات إدارة الـ IT بالوزارة و كل ما يلزم من مواد وأعمال كهربائية و مدنية مع تقديم ضمان من المصنع لمدة )3 سنوات( لكافة مكونات النظام وخدمة الصيانة من مراكز المصنع بالمملكة ، ويحتوي النظام علي البنود التالية :  لوحة التحكم الرئيسية فى الابواب )IASC( ذات دارة خرج  )poE - ( IP,,120.0,,,,,,الملخص التراكمي,320,CMH_01_SMART.xlsx,sheet الملخص التراكمي (header re-detected),high,
CMH_01-C01,319,"وريد وتركيب واختبار نظام التحكم فى الدخول بروتوكول IP مع البرامج الخاصة بنظام التحكم بتقنية integration RFID dual ، مع المواسير والكابالت وكل الملحقات لضمان عمل النظام على الوجه االكمل وحسب المواصفات والمخططات وتعليمات الشركة المصنعة وتعليمات ومواصفات إدارة الـ IT
بالوزارة و كل ما يلزم من مواد وأعمال كهربائية و مدنية مع تقديم ضمان من المصنع لمدة 3( سنوات)
لكافة مكونات النظام وخدمة الصيانة من مراكز المصنع بالمملكة ، ويحتوي النظام علي البنود التالية :
وحدة قارىء من النوع التقاربى      ( reader card Proximity )",,182.0,,,,,,الملخص التراكمي,321,CMH_01_SMART.xlsx,sheet الملخص التراكمي (header re-detected),high,
CMH_01-C01,320,"توريد وتركيب واختبار نظام التحكم فى الدخول بروتوكول IP مع البرامج الخاصة بنظام التحكم بتقنية integration RFID dual ، مع المواسير والكابالت وكل الملحقات لضمان عمل النظام على الوجه االكمل وحسب المواصفات والمخططات وتعليمات الشركة المصنعة وتعليمات ومواصفات إدارة الـ IT
بالوزارة و كل ما يلزم من مواد وأعمال كهربائية و مدنية مع تقديم ضمان من المصنع لمدة 3( سنوات)
لكافة مكونات النظام وخدمة الصيانة من مراكز المصنع بالمملكة ، ويحتوي النظام علي البنود التالية :
بطاقات تعريف ذكية",,500.0,,,,,,الملخص التراكمي,322,CMH_01_SMART.xlsx,sheet الملخص التراكمي (header re-detected),high,
CMH_01-C01,321,"توريد وتركيب واختبار نظام التحكم فى الدخول بروتوكول IP مع البرامج الخاصة بنظام التحكم بتقنية integration RFID dual ، مع المواسير والكابالت وكل الملحقات لضمان عمل النظام على الوجه االكمل وحسب المواصفات والمخططات وتعليمات الشركة المصنعة وتعليمات ومواصفات إدارة الـ IT
بالوزارة و كل ما يلزم من مواد وأعمال كهربائية و مدنية مع تقديم ضمان من المصنع لمدة 3( سنوات)
لكافة مكونات النظام وخدمة الصيانة من مراكز المصنع بالمملكة ، ويحتوي النظام علي البنود التالية :
وحدة قفل كهربائى       locks( door magnetic )Electro",,116.0,,,,,,الملخص التراكمي,323,CMH_01_SMART.xlsx,sheet الملخص التراكمي (header re-detected),high,
CMH_01-C01,322,"توريد وتركيب واختبار نظام التحكم فى الدخول بروتوكول IP مع البرامج الخاصة بنظام التحكم بتقنية integration RFID dual ، مع المواسير والكابالت وكل الملحقات لضمان عمل النظام على الوجه االكمل وحسب المواصفات والمخططات وتعليمات الشركة المصنعة وتعليمات ومواصفات إدارة الـ IT
بالوزارة و كل ما يلزم من مواد وأعمال كهربائية و مدنية مع تقديم ضمان من المصنع لمدة 3( سنوات)
لكافة مكونات النظام وخدمة الصيانة من مراكز المصنع بالمملكة ، ويحتوي النظام علي البنود التالية :
وحدة قفل كهربائى لبابين      locks( door magnetic )Electro",,95.0,,,,,,الملخص التراكمي,324,CMH_01_SMART.xlsx,sheet الملخص التراكمي (header re-detected),high,
CMH_01-C01,323,"توريد وتركيب واختبار نظام التحكم فى الدخول بروتوكول IP مع البرامج الخاصة بنظام التحكم بتقنية integration RFID dual ، مع المواسير والكابالت وكل الملحقات لضمان عمل النظام على الوجه االكمل وحسب المواصفات والمخططات وتعليمات الشركة المصنعة وتعليمات ومواصفات إدارة الـ IT
بالوزارة و كل ما يلزم من مواد وأعمال كهربائية و مدنية مع تقديم ضمان من المصنع لمدة 3( سنوات)
لكافة مكونات النظام وخدمة الصيانة من مراكز المصنع بالمملكة ، ويحتوي النظام علي البنود التالية :
وحدة زر خروج من النوع button( )Push",,218.0,,,,,,الملخص التراكمي,325,CMH_01_SMART.xlsx,sheet الملخص التراكمي (header re-detected),high,
CMH_01-C01,324,"توريد وتركيب وإختبار نظام النداء الصوتي العام يتضمن كافة الكابالت و المواسير و العلب و النهايات مع كامل اكسسوارات التركيب الالزمة وتشغيل تجهيزات الصوت و تركيب المعدات الرئيسية بغرفة التحكم حسب المخططات و المواصفات وتعليمات الشركة المصنعة مشتمال على كل ما يلزم التمام العمل
و ربطه مع نظام الحريق و ادارة المبنى و يتكون من االتي -:
سماعة سقفية 6 وات
",,252.0,,,,,,الملخص التراكمي,326,CMH_01_SMART.xlsx,sheet الملخص التراكمي (header re-detected),high,
CMH_01-C01,325,"انة معدنية مع باب زجاجي مع قفل قياس 19 بوصة شاملة للمراوح وجميع االكسسوارات مع جهاز مكبر صوت و مكرفون لنظام النداء
الصوتي و جهاز التجميع والتحكم بنظام الصوت الرقمي متضمنا 8 مدخل يشمل التوصيالت و التركيبات
الالزمة لنهو العمل - 8 مخرج، مرتبط بنظام االنذار من الحريق ، ثنائي المراقبة ، مرتبط
بنظام التحكم بااللي للمبنى شامال لجميع المعدات و التوصيالت الالزمة.",,1.0,,,,,,الملخص التراكمي,327,CMH_01_SMART.xlsx,sheet الملخص التراكمي (header re-detected),high,
CMH_01-C01,326,"هيز وتركيب وإختبار لنظام الصوت و الصورة بغرفة اإلجتماعات conferance( )video ويتضمن كافة الكابالت و المواسير و العلب و النهايات مع كامل اكسسوارات التركيب الالزمة شامال و الملحقات
الالزمة ا لتعليمات ومواصفات إدارة الـ IT ، وعلى أن يحتوي لتجهيزات التالية:
تمديدات لكاميرا (FHD) IP سقفية عدد 2
سماعات سففية عدد 4
وحدة نداء (ميكرفون)
محطة عمل",,15.0,,,,,,الملخص التراكمي,328,CMH_01_SMART.xlsx,sheet الملخص التراكمي (header re-detected),high,
CMH_01-C01,327,"توريد وتركيب وإختبار المخارج اآلتية شاملة الكابالت 6A( )CAT والمواسير وعلب التوصيل وعلب السحب واألغطية و الوصالت cords Patch وخالفه حسب المواصفات ووفقا لما هو موضح بالمخططات مع جميع االكسسوارات لعمل النظام على أكمل وجه ومن أجود األنواع األصلية وحسب تعليمات ومواصفات إدارة الــ IT بالوزارة وكل ما يلزم من المخرج وحتى rack IT
على المقاول المعاينة و فحص الشبكة الحالية و االستفادة من التمديدات الحالية و دمجها مع التركيبات
الجديدة بعد عمل االختبارات الالزمة و بعد الموافقة من مهندس المشرف -:.
مخرج فردي حائطي مزود بعدد واحد مأخذ RJ-45
",,206.0,,,,,,الملخص التراكمي,329,CMH_01_SMART.xlsx,sheet الملخص التراكمي (header re-detected),high,
CMH_01-C01,328,"توريد وتركيب وإختبار المخارج اآلتية شاملة الكابالت 6A( )CAT والمواسير وعلب التوصيل وعلب السحب واألغطية و الوصالت cords Patch وخالفه حسب المواصفات ووفقا لما هو موضح بالمخططات مع جميع االكسسوارات لعمل النظام على أكمل وجه ومن أجود األنواع األصلية وحسب تعليمات ومواصفات إدارة الــ IT بالوزارة وكل ما يلزم من المخرج وحتى rack IT
على المقاول المعاينة و فحص الشبكة الحالية و االستفادة من التمديدات الحالية و دمجها مع التركيبات
الجديدة بعد عمل االختبارات الالزمة و بعد الموافقة من مهندس المشرف -:.
مخرج HDMI مع الكوابل اللازمة",,33.0,,,,,,الملخص التراكمي,330,CMH_01_SMART.xlsx,sheet الملخص التراكمي (header re-detected),high,
CMH_01-C01,329," وتركيب وإختبار المخارج اآلتية شاملة الكابالت 6A( )CAT والمواسير وعلب التوصيل وعلب السحب واألغطية و الوصالت cords Patch وخالفه حسب المواصفات ووفقا لما هو موضح بالمخططات مع جميع االكسسوارات لعمل النظام على أكمل وجه ومن أجود الانواع األصلية وحسب تعليمات ومواصفات إدارة الــ IT بالوزارة وكل ما يلزم من المخرج وحتى rack IT
على المقاول المعاينة و فحص الشبكة الحالية و االستفادة من التمديدات الحالية و دمجها مع التركيبات
الجديدة بعد عمل االختبارات الالزمة و بعد الموافقة من مهندس المشرف -:.
مخرج فردي سقفى مزود بعدد واحد مأخذ RJ-45",,1.0,,,,,,الملخص التراكمي,331,CMH_01_SMART.xlsx,sheet الملخص التراكمي (header re-detected),high,
CMH_01-C01,330,"خزانة تجهيزات 42 U مقاس 2000×1000×800 ملم من أجود األنواع العالمية مع جميع االكسسوارات الالزمة من قاطع رئيسي 32( أمبير) وموزعات و مراوح و منظمات مسير الكوابل و كل
ما يلزم التمام العمل وحسب مواصفات وتعليمات إدارة الـ IT بالوزارة.",,12.0,,,,,,الملخص التراكمي,332,CMH_01_SMART.xlsx,sheet الملخص التراكمي (header re-detected),high,
CMH_01-C01,331,"لوحة توزيع رئيسية لنظام كابالت األلياف الضوئية Panel Patch Optical مزودة بعدد )12( موصل
من النوع Multimode",,12.0,,,,,,الملخص التراكمي,333,CMH_01_SMART.xlsx,sheet الملخص التراكمي (header re-detected),high,
CMH_01-C01,332,لوحات توزيع كابالت نحاسية Panel Patch a 6 CAT مع الوصالت لعدد 24 مخرج,,55.0,,,,,,الملخص التراكمي,334,CMH_01_SMART.xlsx,sheet الملخص التراكمي (header re-detected),high,
CMH_01-C01,333,"توريد وتركيب وتوصيل جميع تمديدات كابالت األلياف الضوئية ( الفايبر) من نوع 12core - multimode من الموزعات الفرعية بكبائن األدوارإلى الموزع الرئيسى بغرفة الداتا الرئيسية وذلك حسب المواصفات القياسية والبند يشمل كافة وسائل وإكسسوارات التركيب والتثبيت و على المقاول تقديم
الحسابات لالعتمادها من قبل المهندس المشرف
",,6.0,,,,,,الملخص التراكمي,335,CMH_01_SMART.xlsx,sheet الملخص التراكمي (header re-detected),high,
CMH_01-C01,334,فك و تقطيع وتنزيل و ترحيل مواسير شبكة الصرف و التغذية القائمة و البند يشمل فك القطع والترحيل خارج الموقع وتسليم جميع مكونات شبكة الصرف و التغذية للجهة مالكة المشروع ,,,,,,,,الملخص التراكمي,336,CMH_01_SMART.xlsx,sheet الملخص التراكمي (header re-detected),high,
CMH_01-C01,335, توريد و تركيب خرسانة مسلحة ، لا يقل إجهاد كسرها عن 35 ميجا باسكال لزوم خرسانات  الأسقف ، بأسمنت من النوع (أ)، طبقاً للمخططات . ويشمل السعر القوالب  وحديد التسليح  و الربط مع الكمرات الحالية بالتكسير و المضافات الخرسانية و الخلط والنقل والصب والمعالجة والاختبار حسب المخططات لإنهاء الأعمال حسب اصول الصنع وتوجيهات المهندس المشرف ,,,,,,,,الملخص التراكمي,337,CMH_01_SMART.xlsx,sheet الملخص التراكمي (header re-detected),high,
CMH_01-C01,336,ازالة واعادة انشاء مبنى غرفة الحراسة   أعمال الإزالة و الحفر والردم ,,,,,,,,الملخص التراكمي,338,CMH_01_SMART.xlsx,sheet الملخص التراكمي (header re-detected),high,
CMH_01-C01,337,أعمال الهيكل الخرساني و المباني والتشطيبات المعمارية لغرفة الحارس ,,,,,,,,الملخص التراكمي,339,CMH_01_SMART.xlsx,sheet الملخص التراكمي (header re-detected),high,
CMH_01-C01,338,الأعمال الميكانيكية لغرفة الحارس  ,,,,,,,,الملخص التراكمي,340,CMH_01_SMART.xlsx,sheet الملخص التراكمي (header re-detected),high,
CMH_01-C01,339,الأعمال الكهربائية لغرفة الحارس ,,,,,,,,الملخص التراكمي,341,CMH_01_SMART.xlsx,sheet الملخص التراكمي (header re-detected),high,
CMH_01-C01,340,ازالة وتكسير وترحيل ارضيات الخرسانة,,,,,,,,الملخص التراكمي,342,CMH_01_SMART.xlsx,sheet الملخص التراكمي (header re-detected),high,
CMH_01-C01,341,فك و تقطيع وتنزيل و ترحيل مواسير شبكة مكافحة الحريق القائمة و البند يشمل فك الرشاشات والترحيل خارج الموقع وتسليم جميع مكونات شبكة الحريق للجهة مالكة المشروع ,,,,,,,,الملخص التراكمي,343,CMH_01_SMART.xlsx,sheet الملخص التراكمي (header re-detected),high,
CMH_01-C01,342,فك وفحص و إختبار وحدات VAV القائمة بالمبنى و البند يشمل  الترحيل لمستودعات الجهة مالكة المشروع بمدينة الرياض ,,,,,,,,الملخص التراكمي,344,CMH_01_SMART.xlsx,sheet الملخص التراكمي (header re-detected),high,
CMH_01-C01,343,فك و إزالة  مجاري الهواء من الصفائح المعدنية المجلفنة شامل الاكواع و التفريعات و التحويله و العامة وحاملة التعليق و الترحيل إلى مستودعات الجهة مالكة المشروع بمدينة الرياض  ,,,,,,,,الملخص التراكمي,345,CMH_01_SMART.xlsx,sheet الملخص التراكمي (header re-detected),high,
CMH_01-C01,344,"تصنيع و توريد و تركيب شباك دبل أكشن (Tilt &turn)مقاس
 (1.0متر *3.0متر ) ثابت مع مفصلات ",,,,,,,,الملخص التراكمي,346,CMH_01_SMART.xlsx,sheet الملخص التراكمي (header re-detected),high,
CMH_01-C01,345,"تصنيع و توريد و تركيب شباك دبل أكشن (Tilt &turn)مقاس
 1.0 متر * 4.40متر ) ثابت مع مفصلات ",,,,,,,,الملخص التراكمي,347,CMH_01_SMART.xlsx,sheet الملخص التراكمي (header re-detected),high,
CMH_01-C01,346,"
توريد وتركيب مرحاض افرنجي مثبت على الحائط  مع محبس دفق (Flush valve)  مع زر دفق من الكروم ، مع غطاء للمرحاض مقاوم للبكتريا من نوع soft closing",,,,,,,,الملخص التراكمي,348,CMH_01_SMART.xlsx,sheet الملخص التراكمي (header re-detected),high,
CMH_01-C01,347,"
توريد وتركيب مرحاض افرنجي مثبت على الحائط  مع محبس دفق (Flush valve) مزود بحساس مع زر دفق من الكروم، مع غطاء للمرحاض مقاوم للبكتريا من نوع soft closing",,,,,,,,الملخص التراكمي,349,CMH_01_SMART.xlsx,sheet الملخص التراكمي (header re-detected),high,
CMH_01-C01,348,توريد وتركيب برادات مياة حسب العينة المعتمدة ويتم التركيب طبقاً للمخططات والمواصفات الفنية وبحسب توجيهات واعتماد المهندس المشرف.,,,,,,,,الملخص التراكمي,350,CMH_01_SMART.xlsx,sheet الملخص التراكمي (header re-detected),high,
CMH_01-C01,349, توريد و تركيب مراوح سحب الهواء (AXIAL INLINE FAN)  تشمل عمليات التوريد و التركيب و الاختبار و التثبيت  سعة 100 قدم مكعب بالدقيقة بالدور الثالث والرابع والخامس,,,,,,,,الملخص التراكمي,351,CMH_01_SMART.xlsx,sheet الملخص التراكمي (header re-detected),high,
CMH_01-C01,350,"توريد وتركيب  
سماعة معلقة 6 وات لون اسود مع الكابلات والتمديدات  حسب المخططات   والبند يشمل جميع التمديدات المواسير للسماعات قطر 3/4  بوصة من الEMT  وسحب الاسلاك  الخاصة بنظام الصوت. ",,,,,,,,الملخص التراكمي,352,CMH_01_SMART.xlsx,sheet الملخص التراكمي (header re-detected),high,
CMH_01-C01,351,توريد وتركيب وفرد دهان ايبوكسي لزوم الدربزينات بالفناء الوسطي و البهو الداخلي بين الادوار و المدخل ويتم التركيب طبقاً للمخططات والمواصفات الفنية و المواد المعتمدة  .,,,,,,,,الملخص التراكمي,353,CMH_01_SMART.xlsx,sheet الملخص التراكمي (header re-detected),high,
CMH_01-C01,352,توريد وتركيب ابواب خشبيةWD02 حسب العينة المعتمدة ويتم التركيب طبقاً للمخططات والمواصفات الفنية وبحسب توجيهات واعتماد المهندس المشرف.,,,,,,,,الملخص التراكمي,354,CMH_01_SMART.xlsx,sheet الملخص التراكمي (header re-detected),high,
CMH_01-C01,353,"للمواسير داخل المبنى من مواسير متعددة الطبقات بولي بروبلين كما هو موصف تشمل كافة القطع التركيبية مثل القارنات من الحديد الصلب الغير قابل للصدأ والأكواع والمنحنيات والتفريعات والدعامات ، كما هو مبين في المخططات لتركيب مايلي من الأقطار الداخلية مع ربطه بالشبكة الحالية لاقرب نقطة و على المقاول تقديم المخططات التنفيذية و الحسابات الهيدروليكية و اعتمادها قبل البدأ بتنفيذ الاعمال من المهندس المشرف للاقطار  الداخلية :
قطر 75 مم",,,,,,,,الملخص التراكمي,355,CMH_01_SMART.xlsx,sheet الملخص التراكمي (header re-detected),high,
CMH_01-C01,354,"للمواسير داخل المبنى من مواسير متعددة الطبقات بولي بروبلين كما هو موصف تشمل كافة القطع التركيبية مثل القارنات من الحديد الصلب الغير قابل للصدأ والأكواع والمنحنيات والتفريعات والدعامات ، كما هو مبين في المخططات لتركيب مايلي من الأقطار الداخلية مع ربطه بالشبكة الحالية لاقرب نقطة و على المقاول تقديم المخططات التنفيذية و الحسابات الهيدروليكية و اعتمادها قبل البدأ بتنفيذ الاعمال من المهندس المشرف للاقطار  الداخلية :
قطر 63 مم",,,,,,,,الملخص التراكمي,356,CMH_01_SMART.xlsx,sheet الملخص التراكمي (header re-detected),high,
CMH_01-C01,355,"توريد وتركيب محبس بوابة (GATE VALVE) يركب علي شبكة المواسير داخل المبني ، والبند يشمل جميع القطع والتوصيلات اللازمة للتركيب وذلك للأقطار التالية:
قطر 3 بوصة",,,,,,,,الملخص التراكمي,357,CMH_01_SMART.xlsx,sheet الملخص التراكمي (header re-detected),high,
CMH_01-C01,356,"توريد وتركيب محبس بوابة (GATE VALVE) يركب علي شبكة المواسير داخل المبني ، والبند يشمل جميع القطع والتوصيلات اللازمة للتركيب وذلك للأقطار التالية:
قطر 2.5 بوصة",,,,,,,,الملخص التراكمي,358,CMH_01_SMART.xlsx,sheet الملخص التراكمي (header re-detected),high,
CMH_01-C01,357,"توريد وتركيب محبس بوابة (GATE VALVE) يركب علي شبكة المواسير داخل المبني ، والبند يشمل جميع القطع والتوصيلات اللازمة للتركيب وذلك للأقطار التالية:
قطر 1.25 بوصة",,,,,,,,الملخص التراكمي,359,CMH_01_SMART.xlsx,sheet الملخص التراكمي (header re-detected),high,
CMH_01-C01,358,"توريد وتركيب محبس تخفيض ضغط (PRV) يركب علي شبكة المواسير داخل المبني ، والبند يشمل جميع القطع والتوصيلات اللازمة للتركيب وذلك للأقطار التالية:
قطر 2 بوصة",,,,,,,,الملخص التراكمي,360,CMH_01_SMART.xlsx,sheet الملخص التراكمي (header re-detected),high,
CMH_01-C01,359,"توريد وتركيب محبس تخفيض ضغط (PRV) يركب علي شبكة المواسير داخل المبني ، والبند يشمل جميع القطع والتوصيلات اللازمة للتركيب وذلك للأقطار التالية:
قطر 1.25 بوصة",,,,,,,,الملخص التراكمي,361,CMH_01_SMART.xlsx,sheet الملخص التراكمي (header re-detected),high,
CMH_01-C01,360,"توريد وتركيب محبس تنفيس الهواء (AUTOMATIC AIR VENT) يركب علي شبكة المواسير داخل المبني ، والبند يشمل جميع القطع والتوصيلات اللازمة للتركيب وذلك للأقطار التالية:
قطر 1 بوصة",,,,,,,,الملخص التراكمي,362,CMH_01_SMART.xlsx,sheet الملخص التراكمي (header re-detected),high,
CMH_01-C01,361,"01-MT 02& MT رخام مون ستون غراي رمادي فاتح و رمادي غامق 
مقاس  1200× 300 مم لمنطقة القهوة و المدخل سماكة 16مم .",,,,,,,,الملخص التراكمي,363,CMH_01_SMART.xlsx,sheet الملخص التراكمي (header re-detected),high,
CMH_01-C01,362,"01-MT 02& MT رخام مون ستون غراي رمادي فاتح و رمادي غامق 
مقاس  1200× 300 مم لمنطقة القهوة و المدخل سماكة 30مم .",,,,,,,,الملخص التراكمي,364,CMH_01_SMART.xlsx,sheet الملخص التراكمي (header re-detected),high,
CMH_01-C01,363,رخام مون ستون غراي رمادي فاتح  الواح مقاس 1000× 1000 مم بحسب اعتماد المهندس المشرف للممرات  سماكة 30مم,,,,,,,,الملخص التراكمي,365,CMH_01_SMART.xlsx,sheet الملخص التراكمي (header re-detected),high,
CMH_01-C01,364,رخام رمادي بيترا غراي للدور السادس ألواح مقاس 1000× 1000 مم بحسب اعتماد المهندس سماكة 30مم,,,,,,,,الملخص التراكمي,366,CMH_01_SMART.xlsx,sheet الملخص التراكمي (header re-detected),high,
CMH_01-C01,365,رخام مون ستون غراي فاتح للدرج في الفناء الوسطي ب عرض 30 سم وارتفاع 15 سم وطول 800 سم.,,,,,,,,الملخص التراكمي,367,CMH_01_SMART.xlsx,sheet الملخص التراكمي (header re-detected),high,
CMH_01-C01,366,رخام مقله  ألواح مقاس 600× 600 مم بحسب اعتماد المهندس سماكة 20مم,,,,,,,,الملخص التراكمي,368,CMH_01_SMART.xlsx,sheet الملخص التراكمي (header re-detected),high,
CMH_01-C01,367, توريد و تركيب حوض خدمة  (JANITOR SINK) والبند يشمل كوع الصرف والخلاط وجميع ما يلزم للتركيب والتثبيت,,,,,,,,الملخص التراكمي,369,CMH_01_SMART.xlsx,sheet الملخص التراكمي (header re-detected),high,
CMH_01-C01,368,توريد وتركيب واختبار محبس LANDING VALVE مزود بمخفض ضغط داخلي قطر 2.5 بوصة,,,,,,,,الملخص التراكمي,370,CMH_01_SMART.xlsx,sheet الملخص التراكمي (header re-detected),high,
CMH_01-C01,369,"توريد وتركيب صندوق غاطس يوضع بداخله محبس 
LANDING VALVE ",,,,,,,,الملخص التراكمي,371,CMH_01_SMART.xlsx,sheet الملخص التراكمي (header re-detected),high,
CMH_01-C01,370,توريد وتركيب جدار خشبى مقاوم للحريق ,,,,,,,,الملخص التراكمي,372,CMH_01_SMART.xlsx,sheet الملخص التراكمي (header re-detected),high,
CMH_01-C01,371,توريد وتركيب باب خشبى مقاوم للحريق ,,,,,,,,الملخص التراكمي,373,CMH_01_SMART.xlsx,sheet الملخص التراكمي (header re-detected),high,
CMH_01-C01,372,توريد وتركيب بورسلان للمبنى PW-01(A)-SUTILEGRIS PULIDO,,,,,,,,الملخص التراكمي,374,CMH_01_SMART.xlsx,sheet الملخص التراكمي (header re-detected),high,
CMH_01-C01,373,توريد وتركيب بورسلان للمبنى PW-02-A(VANGLISH PULIDO),,,,,,,,الملخص التراكمي,375,CMH_01_SMART.xlsx,sheet الملخص التراكمي (header re-detected),high,
CMH_01-C01,374,توريد وتركيب بورسلان للمبنى PW-03-B(ATLANTIDA),,,,,,,,الملخص التراكمي,376,CMH_01_SMART.xlsx,sheet الملخص التراكمي (header re-detected),high,
CMH_01-C01,375,توريد وتركيب  SHOWER SET ,,,,,,,,الملخص التراكمي,377,CMH_01_SMART.xlsx,sheet الملخص التراكمي (header re-detected),high,
CMH_01-C01,376,توريد وتركيب واختبار وتشغيل DUCT SMOKE DEECTORS,,,,,,,,الملخص التراكمي,378,CMH_01_SMART.xlsx,sheet الملخص التراكمي (header re-detected),high,
CMH_01-C01,377,توريد وتركيب واختبار وتشغيل MULTIDEECTORS,,,,,,,,الملخص التراكمي,379,CMH_01_SMART.xlsx,sheet الملخص التراكمي (header re-detected),high,
CMH_01-C01,378,بالمتر المسطح توريد وتركيب قماش ستائر(Roller Blind)والسعر يشمل التوريد والتركيب ,,,,,,,,الملخص التراكمي,380,CMH_01_SMART.xlsx,sheet الملخص التراكمي (header re-detected),high,
CMH_01-C01,379,بالعدد توريد موتور سومفي فرنسي والسعر يشعمل التوريد والتركيب ,,,,,,,,الملخص التراكمي,381,CMH_01_SMART.xlsx,sheet الملخص التراكمي (header re-detected),high,
CMH_01-C01,380,بالعدد توريدریموت سومفي  5قناه والسعر يشعمل التوريد والتركيب ,,,,,,,,الملخص التراكمي,382,CMH_01_SMART.xlsx,sheet الملخص التراكمي (header re-detected),high,
CMH_01-C01,381,بالعدد توريدریموت سومفي  1قناه والسعر يشعمل التوريد والتركيب  ,,,,,,,,الملخص التراكمي,383,CMH_01_SMART.xlsx,sheet الملخص التراكمي (header re-detected),high,
CMH_01-C01,382,توريد وتركيب كوريان للمطابخ للدور الثالث ,,,,,,,,الملخص التراكمي,384,CMH_01_SMART.xlsx,sheet الملخص التراكمي (header re-detected),high,
CMH_01-C01,383,توريد وتركيب رخام بيترا جراى للمينى سماكة 20 مم ,,,,,,,,الملخص التراكمي,385,CMH_01_SMART.xlsx,sheet الملخص التراكمي (header re-detected),high,
CMH_01-C01,384,توريد وتركيب واختبار كابل 4*10 مم2 مع عزل حرارى بلاستيك PVC/PVC,,,,,,,,الملخص التراكمي,386,CMH_01_SMART.xlsx,sheet الملخص التراكمي (header re-detected),high,
CMH_01-C01,385,"توريد وتركيب ,واستبدال القواطع الخاصة بلوحة ال UPS ",,,,,,,,الملخص التراكمي,387,CMH_01_SMART.xlsx,sheet الملخص التراكمي (header re-detected),high,
CMH_01-C01,386,توريد وتركيب فيش صناعى 32 أمبير 2P+E,,,,,,,,الملخص التراكمي,388,CMH_01_SMART.xlsx,sheet الملخص التراكمي (header re-detected),high,
