contract_no,order_no,operation_ar,item_no,description_ar,unit,unit_price,qty,duration_days,financial_impact,discipline,item_code,notes,source_sheet,source_row,source_file,extraction_method,confidence_level,data_quality_notes
CMH_01-C01,1,تقليل كمية,1,تشتمل على أعمال الهدم وإلإزالة والترحيل داخل أدوار المبنى والسعر يشمل نقل المخلفات الغير صالحه للمقالب العموميه ونقل المخلفات الصالحه لمخازن الجهه المالكه.Ref drawing: 07-MRA-DD-(as per floor number)-AR-001هدم وإزالة الجدران وتشمل  جميع أنواع جدران الطوب  والقواطع الجبسية و الخشبية و الزجاجية  بحسب المخططات المعتمدة وتعليمات المهندس المشرف.,م2,18.0,-2819.43,120.0,-50749.74,معماري,CMH_01-A-001,,بنود أوامر التغيير,3,CMH_01_SMART.xlsx,sheet بنود أوامر التغيير,high,
CMH_01-C01,1,تقليل كمية,2,تشتمل على أعمال الهدم وإلإزالة والترحيل داخل أدوار المبنى والسعر يشمل نقل المخلفات الغير صالحه للمقالب العموميه ونقل المخلفات الصالحه لمخازن الجهه المالكه.Ref drawing: 07-MRA-DD-(as per floor number)-AR-هدم وإزالة تشطيبات رخام أو بلاط بورسلان أو سيراميك  للأرضيات والجدران الحالية  بحسب المخططات المعتمدة وتعليمات المهندس المشرف.,م2,14.5,-4837.28,120.0,-70140.56,معماري,CMH_01-A-002,,بنود أوامر التغيير,4,CMH_01_SMART.xlsx,sheet بنود أوامر التغيير,high,
CMH_01-C01,1,تقليل كمية,3,تشتمل على أعمال الهدم وإلإزالة والترحيل داخل أدوار المبنى والسعر يشمل نقل المخلفات الغير صالحه للمقالب العموميه ونقل المخلفات الصالحه لمخازن الجهه المالكهRef drawing: 07-MRA-DD-(as per floor number)-AR-001هدم وإزالة تشطيبات الأسقف المستعارة الحالية بما تشمل أسقف جبسية وبلاطات صناعية وأسقف معدنية  بحسب المخططات المعتمدة وتعليمات المهندس المشرف.,م2,8.5,-2602.66,120.0,-22122.61,معماري,CMH_01-A-003,,بنود أوامر التغيير,5,CMH_01_SMART.xlsx,sheet بنود أوامر التغيير,high,
CMH_01-C01,1,زيادة كمية,4,صبة خرسانية مع شبكة حديد بقطر 8 مم  بأبعاد 10*10 سم  مخدومة بالمسطرين والقدة لتعطي سطحا ناعما في الفناء الوسطي. ويشمل السعر الدفان وأي مواد أو أعمال يتطلبها تنفيذ العمل حسب المواصفات والمخططات وتعليمات المهندس المشرف.,م3,540.0,0.34,120.0,183.60000000000002,مدني,CMH_01-C-004,,بنود أوامر التغيير,6,CMH_01_SMART.xlsx,sheet بنود أوامر التغيير,high,
CMH_01-C01,1,تقليل كمية,5,صبة أسمنتية كطبقة حماية للعزل في الأماكن الرطبة. ويشمل السعر وأي مواد أو أعمال يتطلبها تنفيذ العمل حسب المواصفات والمخططات وتعليمات المهندس المشرف.,م3,366.0,-1149.68,120.0,-420782.88,مدني,CMH_01-C-005,,بنود أوامر التغيير,7,CMH_01_SMART.xlsx,sheet بنود أوامر التغيير,high,
CMH_01-C01,1,زيادة كمية,6,توريد وبناء مباني من البلوك  مقاوم للحريق شاملا المونة والفواصل وأربطة التثبيت والتسليح الرأسي وعتبات جميع الفتحات وعزل الجدران المزدوجة المفرّغة والمكملات ويتم توريد البلوك بالموقع على قواعد خشبية مغطاه بالبلاستيك ويستمر على هذه الحالة حتى يبدأ استخدامه للبناء على أن يكون ذو ابعاد بطول 40سم وسماكة حسب المطلوب وارتفاع 20سم وان تكون صلد سليم نظيف وذو زوايا خارجية قائمة يستعمل لبناء الحوائط حسب ما هو موضح بالمخططات مع التكحيل ويكون  مطابق للمواصفات حسب النوعيه المطلوبة والسعر يشمل كل مايلزم للبناء من البلوك الكامل والقطع الخاصة سواء 5.0 أو 25.0 ، كذلك القطع الخاصة بتمديد المواسير بحيث لا يتم تكسير البلوك أثناء الاستخدام للبناء على الأطلاق ، بالإضافة إلى كافة المواد والاكسسوارات والسقايل واستعمال الشبك الممدد والتسليح بواسطة خوابير معدنية والمرابط المعدنية ويشمل السعر أي مواد أو أعمال يتطلبها استكمال العمل حسب المواصفات  القسم Ref drawing: 07-MRA-DD-(as per floor number) وتعليمات المهندس المشرف 04200Ar-100,م2,150.0,3230.51,120.0,484576.50000000006,معماري,CMH_01-A-006,,بنود أوامر التغيير,8,CMH_01_SMART.xlsx,sheet بنود أوامر التغيير,high,
CMH_01-C01,1,زيادة كمية,7,توريد وبناء مباني من البلوك  مقاوم للحريق شاملا المونة والفواصل وأربطة التثبيت والتسليح الرأسي وعتبات جميع الفتحات وعزل الجدران المزدوجة المفرّغة والمكملات ويتم توريد البلوك بالموقع علىقواعد خشبية مغطاه بالبلاستيك ويستمر على هذه الحالة حتى يبدأ استخدامه للبناء على أن يكون ذو ابعاد بطول 40سم وسماكة حسب المطلوب وارتفاع 20سم وان تكون صلد سليم نظيف وذو زوايا خارجية قائمة يستعمل لبناء الحوائط حسب ما هو موضح بالمخططات مع التكحيل ويكون  مطابق للمواصفات حسب النوعيه المطلوبة والسعر يشمل كل مايلزم للبناء من البلوك الكامل والقطع الخاصة سواء 5.0 أو 25.0 ، كذلك القطع الخاصة بتمديد المواسير بحيث لا يتم تكسير البلوك أثناء الاستخدام للبناء على الأطلاق ، بالإضافة إلى كافة المواد والاكسسوارات والسقايل واستعمال الشبك الممدد والتسليح بواسطة خوابير معدنية والمرابط المعدنية ويشمل السعر أي مواد أو أعمال يتطلبها استكمال العمل حسب المواصفات  القسمRef drawing: 07-MRA-DD-(as per floor number) وتعليمات المهندس المشرف 04200-Ar-100,م2,150.0,313.43,120.0,47014.5,معماري,CMH_01-A-007,,بنود أوامر التغيير,9,CMH_01_SMART.xlsx,sheet بنود أوامر التغيير,high,
CMH_01-C01,1,تقليل كمية,8,توريد وتركيب درابزين من الزجاج السيكوريت سمك 12 مم مثبت بالارضيات للفناء الداخلي المفتوح بارتفاع 600مم شاملاً إطار الدرابزين من الالمنيوم )u-channel( مقاس 40مم × 30مم ثخانة2مم )لون اسود 9005RAL ( ويشمل السعر الاكسسوارات وأي مواد أو أعمال يتطلبها تشطيب العمل حسب المواصفات والمخططات. ,م.ط,540.0,-20.0,120.0,-10800.0,معماري,CMH_01-A-008,,بنود أوامر التغيير,10,CMH_01_SMART.xlsx,sheet بنود أوامر التغيير,high,
CMH_01-C01,1,تقليل كمية,9,توريد وتركيب درابزين من الزجاج السيكوريت سمك 12 مم مثبت بالارضيات للفناء الوسطي الاساسي 1100 مم شاملاإًطار الدرابزين من الالمنيوم )u-channel(  مقاس80مم × 40مم )لون اسود 9005RAL ( ويشمل السعر الاكسسوارات وأي مواد أو أعمال يتطلبها تشطيب العمل حسب المواصفات والمخططات وتعليمات المهندس المشرف,م.ط,540.0,-20.0,120.0,-10800.0,معماري,CMH_01-A-009,,بنود أوامر التغيير,11,CMH_01_SMART.xlsx,sheet بنود أوامر التغيير,high,
CMH_01-C01,1,زيادة كمية,10,إعادة دهان هاندرايل من الحديد  بالايبوكسي ويشمل ازالة الدهان القديم  بالترميل )Sand Plasting( حسب  المواصفات والاصول الفنيه وتعليمات المهندس المشرف.,م.ط,42.0,188.96,120.0,7936.320000000001,معماري,CMH_01-A-010,,بنود أوامر التغيير,12,CMH_01_SMART.xlsx,sheet بنود أوامر التغيير,high,
CMH_01-C01,1,تقليل كمية,12,توريد وتركيب اسقف شبكة حديد مش )طلاء بودرة بالفرن لون اسود( سماكة 2 ملم مع تيوب حديد ابعاد 4*8 سم وسماكة 3ملم  ، مثبتة بنظام تعليق متصلة بالسقف الخرساني حسب الرسومات والمناظير وتعليمات المهندس المشرف.Ref drawing: 07-MRA-DD-G.F-AR-200,م2,360.0,-4.81,120.0,-1731.6,معماري,CMH_01-A-012,,بنود أوامر التغيير,13,CMH_01_SMART.xlsx,sheet بنود أوامر التغيير,high,
CMH_01-C01,1,تقليل كمية,13,توريد وتركيب اسقف شبكة حديد مش )طلاء بودرة بالفرن لون ابيض(سماكة 2 ملم مع تيوب حديد ابعاد 4*8 سم وسماكة 3ملم  ، مثبتة بنظام تعليق متصلة بالسقف الخرساني حسب الرسومات والمناظير وتعليمات المهندس المشرفRef drawing: 07-MRA-DD-G.F-AR-200,م2,360.0,-6.69,120.0,-2408.4,معماري,CMH_01-A-013,,بنود أوامر التغيير,14,CMH_01_SMART.xlsx,sheet بنود أوامر التغيير,high,
CMH_01-C01,1,تقليل كمية,22,توريد وتركيب وزرات خشب )Mdf( مع قشرة جوز بارتفاع 100مم وسمك 12مم شاملا التثبيت والدهانات والتشطيب والتلميع. ويشمل السعر أي مواد أو أعمال يتطلبها انهاء العمل طبقا للموضح بالمواصفات والمخططات وتعليمات المهندس المشرف .Ref drawing: 07-MRA-DD-(as per floor number)-AR-301,م.ط,42.0,-1888.65,120.0,-79323.3,معماري,CMH_01-A-022,,بنود أوامر التغيير,15,CMH_01_SMART.xlsx,sheet بنود أوامر التغيير,high,
CMH_01-C01,1,زيادة كمية,23,توريد وتركيب وزرات خشب )Mdf( مع قشرة ،وينغي بارتفاع 100مم وسمك 12مم شاملا التثبيت والدهانات والتشطيب والتلميع. ويشمل السعر أي مواد أو أعمال يتطلبها انهاء العمل طبقا للموضح بالمواصفات والمخططات وتعليمات المهندس المشرفRef drawing: 07-MRA-DD-(as per floor number)-AR-301,م.ط,42.0,18.54,120.0,778.68,معماري,CMH_01-A-023,,بنود أوامر التغيير,16,CMH_01_SMART.xlsx,sheet بنود أوامر التغيير,high,
CMH_01-C01,1,تقليل كمية,24,"تصنيع وتركيب جدار خشبي ) Mdf(  مع قشرة السنديان المطلي بدهان ابيض تثبت على هيكل معدني، مع تصميم  فتحات على شكل مثلثات مضاءة من الداخل واحجام بمستويات مختلفة، حسب المناظير والرسومات وتعليمات المهندس المشرف.Code: WDP1-01,WDP1-02,WDP1-02.A",م2,714.0,-431.0,120.0,-307734.0,معماري,CMH_01-A-024,,بنود أوامر التغيير,17,CMH_01_SMART.xlsx,sheet بنود أوامر التغيير,high,
CMH_01-C01,1,تقليل كمية,25,تصنيع وتركيب لوح خشبي بشكل طولي من  الـ )Mdf(  مع قشرة الجوز او ما يتناسب مع العينة المتفق عليها طول 25سم وعرض 10سم وارتفاع 270 سم الى جانب الابواب الزجاجية حسب المناظير والرسومات وتعليمات المهندس المشرف.Code: WDP2-08,عدد,240.0,-25.0,120.0,-6000.0,معماري,CMH_01-A-025,,بنود أوامر التغيير,18,CMH_01_SMART.xlsx,sheet بنود أوامر التغيير,high,
CMH_01-C01,1,تقليل كمية,26,تصنيع وتركيب كسوة من الخشب للجدران ويكون النمط والحجم كما هو موضح بالرسومات ويشمل السعر أي مواد أو أعمال يتطلبها إنهاء العمل حسب المواصفات والمخططات وتعليمات المهندس المشرف. Ref drawing: 07-MRA-DD-(as per floor number)-AR-600 to 07-MRA-DD-(as  per floor number)-AR-604كسوة من خشب الـ)Mdf(  ، مثبتة على العامود الخرساني بدهان رمادي على شكل وهيئة الأسطح الاسمنتية )matt( بتصميم مع غروف حسب الرسومات والمناظير وتعليمات المهندس المشرف.Code: WDP3-04,م2,528.0,-22.4,120.0,-11827.199999999999,معماري,CMH_01-A-026,,بنود أوامر التغيير,19,CMH_01_SMART.xlsx,sheet بنود أوامر التغيير,high,
CMH_01-C01,1,زيادة كمية,27,"تصنيع وتركيب كسوة من الخشب للجدران ويكون النمط والحجم كما هو موضح بالرسومات ويشمل السعر أي مواد أو أعمال يتطلبها إنهاء العمل حسب المواصفات والمخططات وتعليمات المهندس المشرف. Ref drawing: 07-MRA-DD-(as per floor number)-AR-600 to 07-MRA-DD-(as per floor number)-AR-604كسوة من خشب الـ)Mdf( ، مثبتة على القواطع الجبسية بدهان رمادي بيج  )matt( ، وبتصميم مع غروف حسب الرسومات والمناظير وتعليمات المهندس المشرف.Code: WPD4-01,WDP4-01.A",م2,528.0,125.9,120.0,66475.2,معماري,CMH_01-A-027,,بنود أوامر التغيير,20,CMH_01_SMART.xlsx,sheet بنود أوامر التغيير,high,
CMH_01-C01,1,زيادة كمية,28,تصنيع وتركيب كسوة من الخشب للجدران ويكون النمط والحجم كما هو موضح بالرسومات ويشمل السعر أي مواد أو أعمال يتطلبها إنهاء العمل حسب المواصفات والمخططات وتعليمات المهندس المشرف. Ref drawing: 07-MRA-DD-(as per floor number)-AR-600 to 07-MRA-DD-(as  per floor number)-AR-604كسوة من خشب الـ)Mdf(، مثبتة على القواطع الجبسية مع قشرة صناعية بحسب العينة الموافق عليها وغروف حسب الرسومات والمناظير وتعليمات المهندس المشرفCode: WDP2,م2,528.0,300.24,120.0,158526.72,معماري,CMH_01-A-028,,بنود أوامر التغيير,21,CMH_01_SMART.xlsx,sheet بنود أوامر التغيير,high,
CMH_01-C01,1,زيادة كمية,29,"تصنيع وتركيب كسوة من الخشب للجدران ويكون النمط والحجم كما هو موضح بالرسومات ويشمل السعر أي مواد أو أعمال يتطلبها إنهاء العمل حسب المواصفات والمخططات وتعليمات المهندس المشرف. Ref drawing: 07-MRA-DD-(as per floor number)-AR-600 to 07-MRA-DD-(as  per floor number)-AR-604كسوة من خشب الـ)Mdf(  ، مثبتة على االقواطع الجبسية بدهان رمادي على شكل وهيئة الأسطح الاسمنتية ) matt( مع تصميم بفتحات حسب الرسومات والمناظير وتعليمات المهندس المشرف.Code: WDP3-01, WDP3-02, WDP3-03",م2,528.0,64.16,120.0,33876.479999999996,معماري,CMH_01-A-029,,بنود أوامر التغيير,22,CMH_01_SMART.xlsx,sheet بنود أوامر التغيير,high,
CMH_01-C01,1,زيادة كمية,30,"تصنيع وتركيب كسوة من الخشب للجدران ويكون النمط والحجم كما هو موضح بالرسومات ويشمل السعر أي مواد أو أعمال يتطلبها إنهاء العمل حسب المواصفات والمخططات وتعليمات المهندس المشرف. Ref drawing: 07-MRA-DD-(as per floor number)-AR-600 to 07-MRA-DD-(as  per floor number)-AR-604كسوة من خشب الـ) Mdf(  ، مع قشرة السنديان المطلي بدهان ابيض  مع غروف وفتحات إضاءة مخفية مغلفة من الداخل بطبقة Acrylic مغشى  حسب الرسومات والمناظير وتعليمات المهندس المشرف.Code: WDP1-03, WDP1-04, WDP1-05, WDP1-06",م2,570.0,1.98,120.0,1128.6,معماري,CMH_01-A-030,,بنود أوامر التغيير,23,CMH_01_SMART.xlsx,sheet بنود أوامر التغيير,high,
CMH_01-C01,1,زيادة كمية,31,تصنيع وتركيب كسوة من الخشب للجدران ويكون النمط والحجم كما هو موضح بالرسومات ويشمل السعر أي مواد أو أعمال يتطلبها إنهاء العمل حسب المواصفات والمخططات وتعليمات المهندس المشرف. Ref drawing: 07-MRA-DD-(as per floor number)-AR-600 to 07-MRA-DD-(as  per floor number)-AR-604كسوة من خشب الـ) Mdf(  ،  بدهان رمادي   مع غروف وفتحات إضاءة مخفية مغلفة من الداخل بطبقة Acrylic مغشى  حسب الرسومات والمناظير وتعليمات المهندس المشرف.Code: WDP5,م2,720.0,0.256,120.0,184.32,معماري,CMH_01-A-031,,بنود أوامر التغيير,24,CMH_01_SMART.xlsx,sheet بنود أوامر التغيير,high,
CMH_01-C01,1,تقليل كمية,32,تصنيع وتركيب كسوة من الخشب للجدران ويكون النمط والحجم كما هو موضح بالرسومات ويشمل السعر أي مواد أو أعمال يتطلبها إنهاء العمل حسب المواصفات والمخططات وتعليمات المهندس المشرف. Ref drawing: 07-MRA-DD-(as per floor number)-AR-600 to 07-MRA-DD-(as  per floor number)-AR-604كسوة من خشب الـ) Mdf(  ، المطلي بدهان رمادي  Code: WDP6,م2,468.0,-5.68,120.0,-2658.24,معماري,CMH_01-A-032,,بنود أوامر التغيير,25,CMH_01_SMART.xlsx,sheet بنود أوامر التغيير,high,
CMH_01-C01,1,تقليل كمية,33,تصنيع وتركيب كسوة من الخشب للجدران ويكون النمط والحجم كما هو موضح بالرسومات ويشمل السعر أي مواد أو أعمال يتطلبها إنهاء العمل حسب المواصفات والمخططات وتعليمات المهندس المشرف.Ref drawing: 07-MRA-DD-(as per floor number)-AR-600 to 07-MRA-DD (as per floor number)-AR-604كسوة من خشب الـ) Mdf(  ، مع قشرة  )walnut( لمدخل كبار الشخصيات ومكتب مدير مكتب معالي الوزير     حسب الرسومات والمناظير وتعليمات المهندس المشرف.Code: WDP7,م2,570.0,-37.87,120.0,-21585.899999999998,معماري,CMH_01-A-033,,بنود أوامر التغيير,26,CMH_01_SMART.xlsx,sheet بنود أوامر التغيير,high,
CMH_01-C01,1,زيادة كمية,34,تصنيع وتركيب كسوة من الخشب للجدران ويكون النمط والحجم كما هو موضح بالرسومات ويشمل السعر أي مواد أو أعمال يتطلبها إنهاء العمل حسب المواصفات والمخططات وتعليمات المهندس المشرف. Ref drawing: 07-MRA-DD-(as per floor number)-AR-600 to 07-MRA-DD-(as  per floor number)-AR-604كسوة من خشب الـ)Mdf( ، مع قشرة صناعية بلون رمادي بيج لمنطقة معالي الوزير   حسب الرسومات والمناظير وتعليمات المهندس المشرف.Code: WDP8,م2,870.0,522.88,120.0,454905.6,معماري,CMH_01-A-034,,بنود أوامر التغيير,27,CMH_01_SMART.xlsx,sheet بنود أوامر التغيير,high,
CMH_01-C01,1,تقليل كمية,36,تصنيع وتركيب كسوة من الخشب للجدران ويكون النمط والحجم كما هو موضح بالرسومات ويشمل السعر أي مواد أو أعمال يتطلبها إنهاء العمل حسب المواصفات والمخططات وتعليمات المهندس المشرف. Ref drawing: 07-MRA-DD-(as per floor number)-AR-600 to 07-MRA-DD-(as  per floor number)-AR-604كسوة من خشب الـ)Mdf(  ،  مع قشرة ال )wenge( بشكل pattern مفرغة من الداخل مع ايطار خشبي ومثبتة على الجدار الخشبي  لمنطقة التنفيذيين حسب الرسومات والمناظير وتعليمات المهندس المشرف.Code: P2,م2,960.0,-3.0,120.0,-2880.0,معماري,CMH_01-A-036,,بنود أوامر التغيير,28,CMH_01_SMART.xlsx,sheet بنود أوامر التغيير,high,
CMH_01-C01,1,زيادة كمية,37,تصنيع وتركيب كسوة من الخشب للاسقف ويكون النمط والحجم كما هو موضح بالرسومات ويشمل السعر أي مواد أو أعمال يتطلبها إنهاء العمل حسب المواصفات والمخططات وتعليمات المهندس المشرف.]Ref drawing: 07-MRA-DD-(as per floor number)-AR-200 سقف من خشب الـ)Mdf( ،  مطلي بدهان أبيض بشكل pattern مفرغة من الداخل  ومثبتة على ألواح خشبية مع قشرة الجوز مثبتة بنظام تعليق متصلة بالسقف الخرساني  لمنطقة معالي الوزير حسب الرسومات والمناظير وتعليمات المهندس المشرف.Code: WDC-04,م2,1080.0,5.57,120.0,6015.6,معماري,CMH_01-A-037,,بنود أوامر التغيير,29,CMH_01_SMART.xlsx,sheet بنود أوامر التغيير,high,
CMH_01-C01,1,تقليل كمية,38,صنيع وتركيب كسوة من الخشب للاسقف ويكون النمط والحجم كما هو موضح بالرسومات ويشمل السعر أي مواد أو أعمال يتطلبها إنهاء العمل حسب المواصفات والمخططات وتعليمات المهندس المشرف.Ref drawing: 07-MRA-DD-(as per floor number)-AR-200سطح خشبي من من خشب الـ)Mdf(  مع قشرة صناعية بحسب العينة الموافق عليها وغروف مثبتة بنظام تعليق متصلة بالسقف الخرساني حسب الرسومات والمناظير وتعليمات المهندس المشرف.Code: WDC-01 & WDC-02,م2,840.0,-44.59,120.0,-37455.600000000006,معماري,CMH_01-A-038,,بنود أوامر التغيير,30,CMH_01_SMART.xlsx,sheet بنود أوامر التغيير,high,
CMH_01-C01,1,تقليل كمية,39,تصنيع وتركيب كسوة من الخشب للاسقف ويكون النمط والحجم كما هو موضح بالرسومات ويشمل السعر أي مواد أو أعمال يتطلبها إنهاء العمل حسب المواصفات والمخططات وتعليمات المهندس المشرف.Ref drawing: 07-MRA-DD-(as per floor number)-AR-200سطح خشبي03-WDC من من خشب الـ)Mdf( على شكل مربعات بسماكة تصميم  5سم، وفتحات على شكل مثلث مع اضاءة مخفية مغلفة من الاعلى بطبقة Acrylic شفاف مغشى سماكة 4مم مثبتة بنظام تعليق متصلة بالسقف الخرساني حسب الرسومات والمناظير وتعليمات المهندس المشرف.Code: WDC-03,م2,780.0,-5.27,120.0,-4110.599999999999,معماري,CMH_01-A-039,,بنود أوامر التغيير,31,CMH_01_SMART.xlsx,sheet بنود أوامر التغيير,high,
CMH_01-C01,1,تقليل كمية,40,تصنيع وتركيب خزائن خشبية ويكون النمط والحجم كما هو موضح بالرسومات ويشمل السعر أي مواد أو أعمال يتطلبها إنهاء العمل حسب المواصفات والمخططات وتعليمات المهندس المشرف.Ref drawing: 07-MRA-DD-(as per floor number)-AR-605خزانة خشبية01-WDC و 02-WDC من خشب الـ ) Mdf ( متداخلة الالوان من قشرة صناعية بحسب  العينة الموافق عليها والدهان الرمادي  على شكل وهيئة الاسطح الاسمنتية مثبتة على القواطع الجبسية مع اضاءة مخفية ومفصلات ومقابض مخفية وتصميم حسب الرسومات والمناظير وتعليمات المهندس المشرف.,م2,1440.0,-36.15,120.0,-52056.0,معماري,CMH_01-A-040,,بنود أوامر التغيير,32,CMH_01_SMART.xlsx,sheet بنود أوامر التغيير,high,
CMH_01-C01,1,تقليل كمية,41,تصنيع وتركيب خزائن خشبية ويكون النمط والحجم كما هو موضح بالرسومات ويشمل السعر أي مواد أو أعمال يتطلبها إنهاء العمل حسب المواصفات والمخططات وتعليمات المهندس المشرفRef drawing: 07-MRA-DD-(as per floor number)-AR-605خزانة خشبية03-WDC  من خشب الـ ) Mdf (  مع قشرة صناعية بحسب العينة الموافق عليها مثبتة على القواطع الجبسية  مع غروف ومفصلات ومقابض مخفية ،  حسب الرسومات والمناظير,م2,1440.0,-16.68,120.0,-24019.2,معماري,CMH_01-A-041,,بنود أوامر التغيير,33,CMH_01_SMART.xlsx,sheet بنود أوامر التغيير,high,
CMH_01-C01,1,تقليل كمية,42,تصنيع وتركيب خزائن خشبية ويكون النمط والحجم كما هو موضح بالرسومات ويشمل السعر أي مواد أو أعمال يتطلبها إنهاء العمل حسب المواصفات والمخططات وتعليمات المهندس المشرف.Ref drawing: 07-MRA-DD-(as per floor number)-AR-605خزانة خشبية04-WDC   من خشب الـ ) Mdf (  مطلية بدهان رمادي على شكل وهيئة الاسطح الاسمنتية مع غروف ومفصلات ومقابض مخفية ، وارفف مفتوحة من قشرة الجوز ،واضاءة مخفية ، مثبتة على الجدار الخارجي حسب الرسومات والمناظير  وتعليمات المهندس المشرف.,م2,1200.0,-72.24,120.0,-86688.0,معماري,CMH_01-A-042,,بنود أوامر التغيير,34,CMH_01_SMART.xlsx,sheet بنود أوامر التغيير,high,
CMH_01-C01,1,زيادة كمية,43,تصنيع وتركيب خزائن خشبية ويكون النمط والحجم كما هو موضح بالرسومات ويشمل السعر أي مواد أو أعمال يتطلبها إنهاء العمل حسب المواصفات والمخططات وتعليمات المهندس المشرف.Ref drawing: 07-MRA-DD-(as per floor number)-AR-605 خزانة خشبية05-WDC  من خشب الـ ) Mdf (  مع قشرة الوينغي الداكنة مع أرفف وإضاءة مخفية، أبواب الخزائن زجاجية   ribbed glass(مع إيطار خشبي وغروف ومفصلات ومقابض مخفية لمنطقة معالي الوزير حسب الرسومات والمناظير وتعليمات المهندس المشرف.,م2,1440.0,30.7,120.0,44208.0,معماري,CMH_01-A-043,,بنود أوامر التغيير,35,CMH_01_SMART.xlsx,sheet بنود أوامر التغيير,high,
CMH_01-C01,1,زيادة كمية,44,تصنيع وتركيب خزائن خشبية ويكون النمط والحجم كما هو موضح بالرسومات ويشمل السعر أي مواد أو أعمال يتطلبها إنهاء العمل حسب المواصفات والمخططات وتعليمات المهندس المشرف.Ref drawing: 07-MRA-DD-(as per floor number)-AR-605خزانة خشبية06-WDC   من خشب الـ ) Mdf (  مع قشرة الوينغي الداكنة مع أرفف وإضاءة مخفية، أبواب الخزائن زجاجية )black tinted clear glass(مع إيطار خشبي وغروف ومفصلات ومقابض مخفية لمنطقة معالي الوزير حسب الرسومات والمناظير وتعليمات المهندس المشرف. ,م2,1440.0,55.83,120.0,80395.2,معماري,CMH_01-A-044,,بنود أوامر التغيير,36,CMH_01_SMART.xlsx,sheet بنود أوامر التغيير,high,
CMH_01-C01,1,تقليل كمية,45, توريد وتنفيذ طبقتين من غشاء عازل للمياه من الـبيتومين ثخانة 4 مم للأماكن الرطبة وحتى ارتفاع 10   سم على الجدران المحيطة ويشمل تحضير السطوح ومواد حشو الزوايا وطبقات الحماية جيوتكستايل الأفُقية والعمودية. ويشمل السعر أي مواد وأعمال مطلوبة لاستكمال العمل حسب المواصفات والمخططات.وتعليمات المهندس المشرف,م2,78.0,-216.86,120.0,-16915.08,معماري,CMH_01-A-045,,بنود أوامر التغيير,37,CMH_01_SMART.xlsx,sheet بنود أوامر التغيير,high,
CMH_01-C01,1,زيادة كمية,46,توريد وتركيب باب زجاجي من نوع سيكوريت بسمك 12مم ويشمل السعر التثبيت والاطار من الالمنيوم الأسود المطلي بدهان بودرة بالفرن والخردوات وماكينة دفاش للإغلاق الذاتي مع ملصقات بحسب التصميم. ويشمل السعر أي مواد أو أعمال يتطلبها استكمال العمل حسب المواصفات والمخططات وتعليمات االمهندس المشرف.Ref drawing: 07-MRA-DD-(as per floor number)-AR-801 بعرض 1000 مم وارتفاع 2700 مم  GD01باب ضلفة واحدة  نموذج,عدد,2580.0,2.0,120.0,5160.0,معماري,CMH_01-A-046,,بنود أوامر التغيير,38,CMH_01_SMART.xlsx,sheet بنود أوامر التغيير,high,
CMH_01-C01,1,تقليل كمية,47,توريد وتركيب باب زجاجي من نوع سيكوريت بسمك 12مم ويشمل السعر التثبيت والاطار من الالمنيوم الأسود المطلي بدهان بودرة بالفرن والخردوات وماكينة دفاش للإغلاق الذاتي مع ملصقات بحسب التصميم. ويشمل السعر أي مواد أو أعمال يتطلبها استكمال العمل حسب المواصفات والمخططات وتعليمات االمهندس المشرف. Ref drawing: 07-MRA-DD-(as per floor number)-AR-801   بعرض 1800 مم وارتفاع 2600 مم  GD02باب ضلفتين  نموذج ,عدد,4020.0,-2.0,120.0,-8040.0,معماري,CMH_01-A-047,,بنود أوامر التغيير,39,CMH_01_SMART.xlsx,sheet بنود أوامر التغيير,high,
CMH_01-C01,1,تقليل كمية,51,توريد وتركيب باب من قطاعات الخشب شبه المصمت بسمك 44مم مكون من قواطيع خشب داخليه بحشو  mdf مع قشرة الجوز  والحلق من الخشب السويدي المسطم المقاوم للرطوبة مع تشطيب نهائي من قشرة الجوز والبند يشمل جميع الإكسسوارات اللازمه من مفصلات ودفاش من النوع المخفي ومقابض وربل كاتم لصوت الإغلاق ودهانات  و إنهاء جميع الأعمال على الوجه الأكمل طبقا للمخططات واصول الصناعة  والمواصفات الفنية وتعليمات االمهندس المشرف. Ref drawing: 07-MRA-DD-(as per floor number)-AR-800 بعرض 900 مم وارتفاع 2200 مم  WD05باب مروحة ضلفة واحدة  نموذج ,عدد,2400.0,-5.0,120.0,-12000.0,معماري,CMH_01-A-051,,بنود أوامر التغيير,40,CMH_01_SMART.xlsx,sheet بنود أوامر التغيير,high,
CMH_01-C01,1,زيادة كمية,52,توريد وتركيب باب من قطاعات الخشب شبه المصمت بسمك 44مم مكون من قواطيع خشب داخليه بحشو  mdf مع قشرة الجوز  والحلق من الخشب السويدي المسطم المقاوم للرطوبة مع تشطيب نهائي من قشرة الجوز والبند يشمل جميع الإكسسوارات اللازمه من مفصلات ودفاش من النوع المخفي ومقابض وربل كاتم لصوت الإغلاق ودهانات  و إنهاء جميع الأعمال على الوجه الأكمل طبقا للمخططات واصول الصناعة  والمواصفات الفنية وتعليمات االمهندس المشرف. Ref drawing: 07-MRA-DD-(as per floor number)-AR-800 بعرض 800 مم وارتفاع 2200 مم  WD04باب مروحة ضلفة واحدة  نموذج ,عدد,2400.0,3.0,120.0,7200.0,معماري,CMH_01-A-052,,بنود أوامر التغيير,41,CMH_01_SMART.xlsx,sheet بنود أوامر التغيير,high,
CMH_01-C01,1,تقليل كمية,54,توريد وتركيب باب من قطاعات الخشب شبه المصمت بسمك 44مم مكون من قواطيع خشب داخليه بحشو  mdf مع قشرة السنديان المطلية بدهان أبيض  والحلق من الخشب السويدي المسطم المقاوم للرطوبة مخفي داخل الواجهة الخشبية والبند يشمل جميع الإكسسوارات اللازمه من مفصلات ودفاش من النوع المخفي ومقابض، ربل كاتم لصوت الإغلاق ودهانات و إنهاء جميع الأعمال على الوجه الأكمل طبقا للمخططات واصول الصناعة  والمواصفات الفنية وتعليمات االمهندس المشرف. Ref drawing: 07-MRA-DD-(as per floor number)-AR-800 بعرض 1000 مم وارتفاع 2200 مم  WD02باب مروحة ضلفة واحدة  نموذج ,عدد,2640.0,-14.0,120.0,-36960.0,معماري,CMH_01-A-054,,بنود أوامر التغيير,42,CMH_01_SMART.xlsx,sheet بنود أوامر التغيير,high,
CMH_01-C01,1,زيادة كمية,60,توريد وتركيب باب من الزجاج المضلّع )ribbed glass( بأيطارات من الخشب المصمت سماكة 44 ملم مع قشرة الجوز الداكنة. والبند يشمل جميع الإكسسوارات اللازمه من مفصلات ودفاش من النوع المخفي ومقابض وربل كاتم لصوت الإغلاق ودهانات و إنهاء جميع الأعمال على الوجه الأكمل طبقا للمخططات واصول الصناعة  والمواصفات الفنية وتعليمات االمهندس المشرف.  باب مروحة ضلفتين  نموذج 12WD  بعرض 2000 مم وارتفاع 3000 مم )VIP Zone (Ref drawing: 07-MRA-DD-sixth floor-AR-800,عدد,5700.0,2.0,120.0,11400.0,معماري,CMH_01-A-060,,بنود أوامر التغيير,43,CMH_01_SMART.xlsx,sheet بنود أوامر التغيير,high,
CMH_01-C01,1,تقليل كمية,61,توريد وتركيب باب من الزجاج المضلعّ )ribbed glass( بأيطارات من الخشب المصمت سماكة 44 ملم مع قشرة الجوز الداكنة. والبند يشمل جميع الإكسسوارات اللازمه من مفصلات ودفاش من النوع المخفي ومقابض وربل كاتم لصوت الإغلاق ودهانات و إنهاء جميع الأعمال على الوجه الأكمل طبقا للمخططات واصول الصناعة  والمواصفات الفنية وتعليمات االمهندس المشرف. Ref drawing: 07-MRA-DD-sixth floor-AR-800  باب مروحة ضلفة واحدة  نموذج 11WD  بعرض 1000 مم وارتفاع 3000 مم )VIP Zone(,عدد,6000.0,-2.0,120.0,-12000.0,معماري,CMH_01-A-061,,بنود أوامر التغيير,44,CMH_01_SMART.xlsx,sheet بنود أوامر التغيير,high,
CMH_01-C01,1,زيادة كمية,66,توريد وتركيب قواطع زجاجيه داخليه من زجاج  سيكوريت عازل للصوت ثخانة 12مم مركّبة على مقاطع من  الألمنيوم )لون اسود 9005RAL (  مثبتة  بالسقف والأرض بإرتفاع 2700مم .ويشمل العمل الاطار والقوائم  والتثبيت بتيوب حديد ابعاد 4*8 سم وسماكة 2ملم  والملصقات بأماكن محددة حسب التصميم ، وفواصل البوليكاربونيت الجاف بين الألواح الزجاجية وقطع الإكسسوار ومانع التسرب والمواد الأخُرى المطلوبة لاستكمال التركيب حسب المخططات وتعليمات االمهندس المشرف.,م²,900.0,635.94,120.0,572346.0,معماري,CMH_01-A-066,,بنود أوامر التغيير,45,CMH_01_SMART.xlsx,sheet بنود أوامر التغيير,high,
CMH_01-C01,1,تقليل كمية,67,توريد وتركيب باب من قطاعات الحديد  بسمك 45 مم مقاوم للحريق 90 دقيقة،  مع طبقة من الصاج سماكة 2مم من الجهتين على اطار معدنى مجوف والسعر يشمل التكسية الخشبية بقشرة الجوز لضلفة الباب والإطار من جهة واحدة..ويشمل التوريد والتركيب والتثبيت  والمفصلات والمقابض   والدفاش والاكسسوارت من اجود الانواع  وكل مايلزم لانهاء العمل على اكمل وجه ة حسب المخططات وتعليمات االمهندس المشرف. Ref. drawing: 07-MRA-DD-(as per floor number)-AR-804 ضلفة واحدة عرض1000مم وإرتفاع 2200مم SD01 باب نموذج ,م²,3000.0,-12.0,120.0,-36000.0,معماري,CMH_01-A-067,,بنود أوامر التغيير,46,CMH_01_SMART.xlsx,sheet بنود أوامر التغيير,high,
CMH_01-C01,1,زيادة كمية,72,طبقة من اللياسة الأسمنتية فوق الأسطح الخرسانية والجدران الداخلية  بسمك متوسط 20 مم على طبقات  طرطشة بسمك 5 مم وضهارة 15 مم حسب المواصفات مع المعالجة اليومية  بالمياه لمنع التنميلات ويتم عمل افريز بين البلوك والخرسانة يملئ بمواد قابلة للدهان والسعر يشمل كامل الأكسسوارات اللازمة من شبك معدني ممدد وزوايا ونهايات معدنية  ومواد الترابط  وعمل تجاويف في طبقة اللياسة بعمق 10مم عرض 10مم  في الاعمدة  وفي الجدران ان وجدت حسب الرسومات والمناظير وتعليمات المهندس المشرف ذلك حسب الاصول الفنية وتعليمات المهندس المشرف. لياسة الجدران والأعمدة الداخلية  وتشمل جميع الإكسسوارات بإرتفاع 20 سم أعلي الأسقف الجبسيه لزوم الجدران الداخلية,م²,42.0,7509.0,120.0,315378.0,معماري,CMH_01-A-072,,بنود أوامر التغيير,47,CMH_01_SMART.xlsx,sheet بنود أوامر التغيير,high,
CMH_01-C01,1,تقليل كمية,73,توريد وتركيب قاطع جداري ثخانة 100مم ذو الواح اسمنتية مقاوم للحريق  ثخانة 12مم تركب من الجهتين )طبقات مزدوجة(  لدورات المياه والأوفيس ويشمل المسامير المعدنية و المزالج / الأعضاء المعدنية الساندة والسكك والغطاء العازل للصوت )صوف صخري( وكل الاكسسوارات حسب المخطط والمواصفات وتعليمات المهندس المشرف. ,م²,180.0,-3507.0,120.0,-631260.0,معماري,CMH_01-A-073,,بنود أوامر التغيير,48,CMH_01_SMART.xlsx,sheet بنود أوامر التغيير,high,
CMH_01-C01,1,تقليل كمية,74,توريد وتركيب قاطع جداري ثخانة 100مم ذو الواح جبسية مقاومه للحريق  ثخانة 5.12مم تركب من الجهتين )طبقات مزدوجة( يشمل المسامير المعدنية و المزالج / الأعضاء المعدنية الساندة والسكك والغطاء العازل للصوت )صوف صخري( وكل الإكسسوارات حسب المخطط والمواصفات وتعليمات المهندس المشرف.,م²,180.0,-1794.0,120.0,-322920.0,معماري,CMH_01-A-074,,بنود أوامر التغيير,49,CMH_01_SMART.xlsx,sheet بنود أوامر التغيير,high,
CMH_01-C01,1,زيادة كمية,75,توريد وتركيب أسقف معلقة من الالواح الجبسيه )01-GBC( ثخانة 12 مم المقاومة للحريق شاملة نظام التعليق وضبط الحواف والزوايا وأبواب لفتحات الكشف بالأسقف لأعمال الصيانة )أبواب جاهزة من النوع السهل الاستعمال والمزود بمفصلات مخفية( والإكسسوارات. ويشمل السعر أي مواد أو أعمال يتطلبها استكمال العمل حسب المواصفات والمخططات.,م²,150.0,511.11,120.0,76666.5,معماري,CMH_01-A-075,,بنود أوامر التغيير,50,CMH_01_SMART.xlsx,sheet بنود أوامر التغيير,high,
CMH_01-C01,1,زيادة كمية,76,توريد وتركيب أسقف معلقة من الالواح الجبسيه  )02-GBC( ثخانة 12 مم المقاومة للرطوبة شاملة نظام التعليق وضبط الحواف والزوايا وأبواب لفتحات الكشف بالأسقف لأعمال الصيانة )أبواب جاهزة من النوع السهل الاستعمال والمزود بمفصلات مخفية( واالإكسسوارات. ويشمل السعر أي مواد أو أعمال يتطلبها استكمال العمل حسب المواصفات والمخططات وتعليمات المهندس المشرف.,م²,150.0,32.19,120.0,4828.5,معماري,CMH_01-A-076,,بنود أوامر التغيير,51,CMH_01_SMART.xlsx,sheet بنود أوامر التغيير,high,
CMH_01-C01,1,تقليل كمية,77,600×600مم توريد وتركيب اسقف اصطناعية  والسعر يشمل نظام التعليق من الحديد المجفلن مع جميع الاكسسوارات وكل مايلزم حسب المواصفات والمخططات وتعليمات الشركة المصنعة .,م²,150.0,-188.73,120.0,-28309.5,معماري,CMH_01-A-077,,بنود أوامر التغيير,52,CMH_01_SMART.xlsx,sheet بنود أوامر التغيير,high,
CMH_01-C01,1,تقليل كمية,78,توريد وتركيب اسقف معدنية على شكل مربعات بشكل سماكة 5سم)grey color powder coated( ، وفتحات على شكل مثلث مع اضاءة مخفية مغلفة من الاعلى بطبقة Acrylic شفاف مغشى سماكة 4مم مثبتة بنظام تعليق متصلة بالسقف الخرساني حسب الرسومات والمناظير.01-Code MTL,م²,150.0,-97.0,120.0,-14550.0,معماري,CMH_01-A-078,,بنود أوامر التغيير,53,CMH_01_SMART.xlsx,sheet بنود أوامر التغيير,high,
CMH_01-C01,1,تقليل كمية,79, أرضيات بورسلان 01-PT مقاس 600×600×12مم فرز اول بالمقاسات والالوان المطلوبة لدورات المياه الخاصة بمكاتب الوكلاء ومساعدين الوكلاء العامة ومنطقة التنفيذيين بالدور السادس  طبقاً للمخططات والمواصفات.,م²,120.0,-44.2,120.0,-5304.0,معماري,CMH_01-A-079,,بنود أوامر التغيير,54,CMH_01_SMART.xlsx,sheet بنود أوامر التغيير,high,
CMH_01-C01,1,تقليل كمية,80, أرضيات بورسلان 02-PTمقاس 600×600×12مم فرز اول بالمقاسات والالوان المطلوبة لدورات المياه الخاصة بمكاتب المدراء العامين  طبقاً للمخططات والمواصفات.,م²,120.0,-23.62,120.0,-2834.4,معماري,CMH_01-A-080,,بنود أوامر التغيير,55,CMH_01_SMART.xlsx,sheet بنود أوامر التغيير,high,
CMH_01-C01,1,زيادة كمية,81, أرضيات بورسلان03-PT مقاس 600×600×12مم فرز ثاني بالمقاسات والالوان المطلوبة لدورات المياة العامة  طبقاً للمخططات والمواصفات.,م²,120.0,1930.58,120.0,231669.59999999998,معماري,CMH_01-A-081,,بنود أوامر التغيير,56,CMH_01_SMART.xlsx,sheet بنود أوامر التغيير,high,
CMH_01-C01,1,تقليل كمية,82, أرضيات بورسلان04-PT مقاس 600×600×12مم فرز ثاني بالمقاسات والالوان المطلوبة لغرف الأرشيف والمخازن والمطبخ طبقاً للمخططات والمواصفات.,م²,120.0,-503.71,120.0,-60445.2,معماري,CMH_01-A-082,,بنود أوامر التغيير,57,CMH_01_SMART.xlsx,sheet بنود أوامر التغيير,high,
CMH_01-C01,1,تقليل كمية,83," جدران بورسلان(PW-01(type A,B &C مقاس 600×300×12مم فرز اول بالمقاسات والالوان المطلوبة لدورات المياه الخاصة بمكاتب الوكلاء ومساعدين الوكلاء العامة ومنطقة التنفيذيين بالدور السادس  طبقاً للمخططات والمواصفات.",م²,120.0,-571.0,120.0,-68520.0,معماري,CMH_01-A-083,,بنود أوامر التغيير,58,CMH_01_SMART.xlsx,sheet بنود أوامر التغيير,high,
CMH_01-C01,1,تقليل كمية,84, جدران بورسلان(PW-02(type A&B مقاس 600×300×12مم فرز اول بالمقاسات والالوان المطلوبة لدورات المياه الخاصة بمكاتب المدراء العامين  طبقاً للمخططات والمواصفات.,م²,120.0,-791.0,120.0,-94920.0,معماري,CMH_01-A-084,,بنود أوامر التغيير,59,CMH_01_SMART.xlsx,sheet بنود أوامر التغيير,high,
CMH_01-C01,1,تقليل كمية,85, جدران بورسلان (PW-03(type A&B  مقاس 600×300×12مم فرز ثاني بالمقاسات والالوان المطلوبة لدورات المياة العامة  طبقاً للمخططات والمواصفات.,م²,96.0,-904.49,120.0,-86831.04000000001,معماري,CMH_01-A-085,,بنود أوامر التغيير,60,CMH_01_SMART.xlsx,sheet بنود أوامر التغيير,high,
CMH_01-C01,1,تقليل كمية,86, وزرة من بورسلان بسماكة 12مم  100*600 مم والسعر يشمل التثبيت  بالغراء والشطف وكل ما يلزم لانهاء العمل حسب الاصول الفنية وتعليمات المهندس المشرف.Ref. Drawings: 07-MRA-DD-(as per floor number)-AR-300,م.ط,120.0,-219.85,120.0,-26382.0,معماري,CMH_01-A-086,,بنود أوامر التغيير,61,CMH_01_SMART.xlsx,sheet بنود أوامر التغيير,high,
CMH_01-C01,1,تقليل كمية,88,رخام 01-MT رمادي غامق تندر غراي مقاس  1200× 300 مم لمنطقة القهوة و المدخل سماكة 20مم .,م²,222.0,-1933.0,120.0,-429126.0,معماري,CMH_01-A-088,,بنود أوامر التغيير,62,CMH_01_SMART.xlsx,sheet بنود أوامر التغيير,high,
CMH_01-C01,1,تقليل كمية,89,رخام 02-MT رمادي فاتح تندر غراي مقاس 1200× 300 مم لمنطقة القهوة و المدخل سماكة 20مم,م²,222.0,-214.0,120.0,-47508.0,معماري,CMH_01-A-089,,بنود أوامر التغيير,63,CMH_01_SMART.xlsx,sheet بنود أوامر التغيير,high,
CMH_01-C01,1,تقليل كمية,90,رخام 03-MT رمادي بيترا غراي غراي مقاس 1200× 300 مم لمنطقة القهوة في الدور السادس سماكة 20مم,م²,222.0,-213.0,120.0,-47286.0,معماري,CMH_01-A-090,,بنود أوامر التغيير,64,CMH_01_SMART.xlsx,sheet بنود أوامر التغيير,high,
CMH_01-C01,1,تقليل كمية,91,رخام رمادي فاتح تندر غراي الواح مقاس 1000× 1000 مم بحسب اعتماد المهندس المشرف للممرات  سماكة 20مم,م²,222.0,-100.0,120.0,-22200.0,معماري,CMH_01-A-091,,بنود أوامر التغيير,65,CMH_01_SMART.xlsx,sheet بنود أوامر التغيير,high,
CMH_01-C01,1,تقليل كمية,92,رخام رمادي بيترا غراي للدور السادس ألواح مقاس 1000× 1000 مم بحسب اعتماد المهندس سماكة 20مم,م²,222.0,-750.0,120.0,-166500.0,معماري,CMH_01-A-092,,بنود أوامر التغيير,66,CMH_01_SMART.xlsx,sheet بنود أوامر التغيير,high,
CMH_01-C01,1,تقليل كمية,94,رخام تندر غراي فاتح للدرج في الفناء الوسطي ب عرض 30 سم وارتفاع 15 سم وطول 800 سم.,عدد,222.0,-16.0,120.0,-3552.0,معماري,CMH_01-A-094,,بنود أوامر التغيير,67,CMH_01_SMART.xlsx,sheet بنود أوامر التغيير,high,
CMH_01-C01,1,تقليل كمية,95,معالجة وتنظيف وصقل وجلاء بلاط رخام الأرضيات والدرج مع بودرة الرخام المستخدم والتلميع 4 أوجه وملو الفواصل بمادة مقاومة للرطوبة والبكتيريا  والسعر يشمل جميع المواد والأعمال اللازمة لإتمام العمل المطلوب طبقا للمخططات والمواصفات الفنية وبحسب توجيهات واعتماد المهندس المشرف. رخام الأرضيات في المداخل و الممرات الرئيسية وبسطات الدرج.,م²,42.0,-1267.0,120.0,-53214.0,معماري,CMH_01-A-095,,بنود أوامر التغيير,68,CMH_01_SMART.xlsx,sheet بنود أوامر التغيير,high,
CMH_01-C01,1,تقليل كمية,96,معالجة وتنظيف وصقل وجلاء بلاط رخام الأرضيات والدرج مع بودرة الرخام المستخدم والتلميع 4 أوجه وملو الفواصل بمادة مقاومة للرطوبة والبكتيريا  والسعر يشمل جميع المواد والأعمال اللازمة لإتمام العمل المطلوب طبقا للمخططات والمواصفات الفنية وبحسب توجيهات واعتماد المهندس المشرف. رخام الدرج )قائمة والسعر يشمل النائمة والحبسة,م.ط,42.0,-53.04,120.0,-2227.68,معماري,CMH_01-A-096,,بنود أوامر التغيير,69,CMH_01_SMART.xlsx,sheet بنود أوامر التغيير,high,
CMH_01-C01,1,زيادة كمية,97,رخام رمادي غامق تندر غراي مقاس 600×900 مم  سماكة  20مم  كإطار حول المصاعد,م²,300.0,17.0,120.0,5100.0,معماري,CMH_01-A-097,,بنود أوامر التغيير,70,CMH_01_SMART.xlsx,sheet بنود أوامر التغيير,high,
CMH_01-C01,1,تقليل كمية,98,رخام ابيض ثاسوس  سماكة 20مم على جدران دورات مياه منطقة معالي الوزير,م²,300.0,-2.81,120.0,-843.0,معماري,CMH_01-A-098,,بنود أوامر التغيير,71,CMH_01_SMART.xlsx,sheet بنود أوامر التغيير,high,
CMH_01-C01,1,تقليل كمية,100,رخام  الحوائط والأعمدة والكمر والوزرات لمدخل كبار الشخصيات ومدخل الموظفين وعلى المصاعد وفي الممرات الرئيسية والوجهات الداخلية للفناء الوسطي.,م²,60.0,-440.29,120.0,-26417.4,معماري,CMH_01-A-100,,بنود أوامر التغيير,72,CMH_01_SMART.xlsx,sheet بنود أوامر التغيير,high,
CMH_01-C01,1,زيادة كمية,101,توريد وتركيب وزرة من الرخام  رمادي فاتح تندر غراي بسماكة 20مم 100*1000 مم والسعر يشمل التثبيت  بالغراء والشطف وكل ما يلزم لانهاء العمل حسب الاصول الفنية وتعليمات المهندس المشرف.,م.ط,90.0,552.5,120.0,49725.0,معماري,CMH_01-A-101,,بنود أوامر التغيير,73,CMH_01_SMART.xlsx,sheet بنود أوامر التغيير,high,
CMH_01-C01,1,تقليل كمية,102,معالجة وتنظيف و الصقل والجلاء  لبلاط  الموزايك للأرضيات والدرج ومحمل على البند الوزر  والبند يشمل معالجة اللحامات والسقاية وملو الفواصل بمادة مقاومة للرطوبة والبكتيريا  طبقا للمخططات والمواصفات الفنية وبحسب توجيهات واعتماد المهندس المشرف. الأرضيات الموزايكو في سلالم الخدمة وبسطات الدرج.,م²,90.0,-4385.28,120.0,-394675.19999999995,معماري,CMH_01-A-102,,بنود أوامر التغيير,74,CMH_01_SMART.xlsx,sheet بنود أوامر التغيير,high,
CMH_01-C01,1,زيادة كمية,103,معالجة وتنظيف و الصقل والجلاء  لبلاط  الموزايك للأرضيات والدرج ومحمل على البند الوزر  والبند يشمل معالجة اللحامات والسقاية وملو الفواصل بمادة مقاومة للرطوبة والبكتيريا  طبقا للمخططات والمواصفات الفنية وبحسب توجيهات واعتماد المهندس المشرف. موزايكو الدرج )قائمة والسعر يشمل النائمة والحبسة,م.ط,90.0,1268.0,120.0,114120.0,معماري,CMH_01-A-103,,بنود أوامر التغيير,75,CMH_01_SMART.xlsx,sheet بنود أوامر التغيير,high,
CMH_01-C01,1,تقليل كمية,104,Ref drawing: 07-MRA-DD-(as per floor number)-AR-300 مقاس 500×500 مم  لون رمادي لمنطقة المرور CT-01بلاط - سجاد,م²,156.0,-330.8,120.0,-51604.8,معماري,CMH_01-A-104,,بنود أوامر التغيير,76,CMH_01_SMART.xlsx,sheet بنود أوامر التغيير,high,
CMH_01-C01,1,تقليل كمية,105,بلاط - سجاد 02-CT مقاس 500× 500 مم لون أزرق فاتح لمحطة العمل وغرفة الاجتماعات,م²,156.0,-775.2,120.0,-120931.20000000001,معماري,CMH_01-A-105,,بنود أوامر التغيير,77,CMH_01_SMART.xlsx,sheet بنود أوامر التغيير,high,
CMH_01-C01,1,زيادة كمية,106,Ref drawing: 07-MRA-DD-(as per floor number)-AR-300 مقاس 500×500 مم لون بيج لمكتب المدير CT-03بلاط - سجاد,م²,156.0,454.13,120.0,70844.28,معماري,CMH_01-A-106,,بنود أوامر التغيير,78,CMH_01_SMART.xlsx,sheet بنود أوامر التغيير,high,
CMH_01-C01,1,تقليل كمية,107,Ref drawing: 07-MRA-DD-(as per floor number)-AR-300 مقاس 500×500 مم لمنطقة الاستقبال الرئيسية CT-04بلاط - سجاد,م²,15.6,-543.0,120.0,-8470.8,معماري,CMH_01-A-107,,بنود أوامر التغيير,79,CMH_01_SMART.xlsx,sheet بنود أوامر التغيير,high,
CMH_01-C01,1,تقليل كمية,108,بلاط - سجاد05-CT مقاس 500×500 مم لغرف خدمة العملاء مع تصميم بشكل مثلث وألوان مختلفة,م²,156.0,-101.51,120.0,-15835.560000000001,معماري,CMH_01-A-108,,بنود أوامر التغيير,80,CMH_01_SMART.xlsx,sheet بنود أوامر التغيير,high,
CMH_01-C01,1,تقليل كمية,109,Ref drawing: 07-MRA-DD-(as per floor number)-AR-300 مقاس 500×500 مم لمركز الأعمال CT-06بلاط - سجاد,م²,156.0,-4.42,120.0,-689.52,معماري,CMH_01-A-109,,بنود أوامر التغيير,81,CMH_01_SMART.xlsx,sheet بنود أوامر التغيير,high,
CMH_01-C01,1,تقليل كمية,110,بلاط - سجاد 01-CR مقاس 500×500 مم لمكتب الرئيس ونائب الرئيس والصالة والسكرتارية وغرفة الاجتماعات الكبيرة.,م²,156.0,-100.97,120.0,-15751.32,معماري,CMH_01-A-110,,بنود أوامر التغيير,82,CMH_01_SMART.xlsx,sheet بنود أوامر التغيير,high,
CMH_01-C01,1,تقليل كمية,111,بلاط - سجاد 02-CR مقاس 500×500 مم لمكتب الرئيس ونائب الرئيس على شكل مثلثات لون بيج، رمادي فاتح ورمادي غامق.,م²,156.0,-35.51,120.0,-5539.5599999999995,معماري,CMH_01-A-111,,بنود أوامر التغيير,83,CMH_01_SMART.xlsx,sheet بنود أوامر التغيير,high,
CMH_01-C01,1,زيادة كمية,112,300-Ref drawing: 07-MRA-DD-(as per floor number)-ARبلاط - سجاد 03-CR مقاس 500×500 مم للمدير العام ومنطقة السكرتارية,م²,156.0,199.59,120.0,31136.04,معماري,CMH_01-A-112,,بنود أوامر التغيير,84,CMH_01_SMART.xlsx,sheet بنود أوامر التغيير,high,
CMH_01-C01,1,تقليل كمية,113,Ref drawing: 07-MRA-DD-(as per floor number)-AR-300 لمنطقة الصلاة CR-04 رولات السجاد,م²,156.0,-3.57,120.0,-556.92,معماري,CMH_01-A-113,,بنود أوامر التغيير,85,CMH_01_SMART.xlsx,sheet بنود أوامر التغيير,high,
CMH_01-C01,1,تقليل كمية,114,رولات السجاد 05-CR لمدخل معالي الوزير في الدور الارضي، سجادة المراسم الملكية لون بنفسجي مع إضافة إطار بنقشة مزخرفة حسب المناظير الداخلية.,م²,228.0,-10.54,120.0,-2403.12,معماري,CMH_01-A-114,,بنود أوامر التغيير,86,CMH_01_SMART.xlsx,sheet بنود أوامر التغيير,high,
CMH_01-C01,1,تقليل كمية,115,رولات السجاد 06-CR للمدخل الرئيسي والثانوي في الدور الأرضي بلون بيج مع تصميم على شكل مثلثات حسب المناظير الداخلية.,م²,216.0,-31.68,120.0,-6842.88,معماري,CMH_01-A-115,,بنود أوامر التغيير,87,CMH_01_SMART.xlsx,sheet بنود أوامر التغيير,high,
CMH_01-C01,1,زيادة كمية,116,رولات السجاد 07-CR لمختصر معالي الوزير، غرفة الاجتماعات الخاصة بمعالي الوزير، غرفة الاجتماعات الرئيسية ومدير مكتب معالي الوزير.,م²,228.0,23.38,120.0,5330.639999999999,معماري,CMH_01-A-116,,بنود أوامر التغيير,88,CMH_01_SMART.xlsx,sheet بنود أوامر التغيير,high,
CMH_01-C01,1,زيادة كمية,117,300-Ref drawing: 07-MRA-DD-(as per floor number)-ARرولات السجاد 08-CR لمنطقة انتظار كبار الشخصيات في الدور السادس,م²,156.0,96.4,120.0,15038.400000000001,معماري,CMH_01-A-117,,بنود أوامر التغيير,89,CMH_01_SMART.xlsx,sheet بنود أوامر التغيير,high,
CMH_01-C01,1,تقليل كمية,118,300-Ref drawing: 07-MRA-DD-(as per floor number)-ARرولات السجاد 09-CR  لمكتب معالي الوزير، السكرتاريا ومنطقة الانتظار,م²,228.0,-83.9,120.0,-19129.2,معماري,CMH_01-A-118,,بنود أوامر التغيير,90,CMH_01_SMART.xlsx,sheet بنود أوامر التغيير,high,
CMH_01-C01,1,زيادة كمية,119,300-Ref drawing: 07-MRA-DD-(as per floor number)-ARرولات السجاد 10-CR  لغرفة اللاونج في منطقة التنفيذين في الدور السادس,م²,156.0,50.89,120.0,7938.84,معماري,CMH_01-A-119,,بنود أوامر التغيير,91,CMH_01_SMART.xlsx,sheet بنود أوامر التغيير,high,
CMH_01-C01,1,تقليل كمية,120,بلاط laminated HDF باركيه01-PQ  لمركز الأعمال والفناء الوسطي,م²,156.0,-15.0,120.0,-2340.0,معماري,CMH_01-A-120,,بنود أوامر التغيير,92,CMH_01_SMART.xlsx,sheet بنود أوامر التغيير,high,
CMH_01-C01,1,زيادة كمية,121,عمل صبة خرسانية من السرك سماكة 10 سم مع طبقة واحدة من شبك الحديد قطر 6مم. على أن تكون طبقة التشطيب النهائية بلون رمادي غامق على شكل الأسطح الاسمنتية  بحسب اللون والملمس المعتمد. ,م²,72.0,414.61,120.0,29851.920000000002,معماري,CMH_01-A-121,,بنود أوامر التغيير,93,CMH_01_SMART.xlsx,sheet بنود أوامر التغيير,high,
CMH_01-C01,1,تقليل كمية,122,عمل صبة خرسانية من السرك سماكة 10 سم مع طبقة واحدة من شبك الحديد قطر 6مم. على أن تكون طبقة التشطيب النهائية بلون رمادي فاتح على شكل الأسطح الاسمنتية  بحسب اللون والملمس المعتمد وبحسب تعليمات المهندس المشرف.,م²,72.0,-8.0,120.0,-576.0,معماري,CMH_01-A-122,,بنود أوامر التغيير,94,CMH_01_SMART.xlsx,sheet بنود أوامر التغيير,high,
CMH_01-C01,1,تقليل كمية,123,حجر جرانيت اسود مع تشكيلات مثلثات من لون فاتح للنافورة الداخلية   01-ST حسب الموضح بالمخطط ,م²,120.0,-127.76,120.0,-15331.2,معماري,CMH_01-A-123,,بنود أوامر التغيير,95,CMH_01_SMART.xlsx,sheet بنود أوامر التغيير,high,
CMH_01-C01,1,تقليل كمية,125,دهان بلون رمادي بيج على الألواح الجبسية والألواح الاسمنتية 100-WPF,م²,25.2,-2859.14,120.0,-72050.328,معماري,CMH_01-A-125,,بنود أوامر التغيير,96,CMH_01_SMART.xlsx,sheet بنود أوامر التغيير,high,
CMH_01-C01,1,تقليل كمية,126,دهان بلون رمادي خشن على هيئة الاسطح الاسمنتية مع غرووف  على الأعمدة,م²,30.0,-2288.0,120.0,-68640.0,معماري,CMH_01-A-126,,بنود أوامر التغيير,97,CMH_01_SMART.xlsx,sheet بنود أوامر التغيير,high,
CMH_01-C01,1,تقليل كمية,127,دهان لجدران وأسقف السلالم والجدران الداخلية بالمبنى.,م²,30.0,-1103.51,120.0,-33105.3,معماري,CMH_01-A-127,,بنود أوامر التغيير,98,CMH_01_SMART.xlsx,sheet بنود أوامر التغيير,high,
CMH_01-C01,1,تقليل كمية,128,.دهان بلون رمادي اسمنتي على الألواح الجبسية والألواح الاسمنتية 200-WPF,م²,30.0,-693.03,120.0,-20790.899999999998,معماري,CMH_01-A-128,,بنود أوامر التغيير,99,CMH_01_SMART.xlsx,sheet بنود أوامر التغيير,high,
CMH_01-C01,1,تقليل كمية,129,.دهان بلون رمادي فاتح  على الألواح الجبسية والألواح الاسمنتية 300-WPF,م²,30.0,-26.46,120.0,-793.8000000000001,معماري,CMH_01-A-129,,بنود أوامر التغيير,100,CMH_01_SMART.xlsx,sheet بنود أوامر التغيير,high,
CMH_01-C01,1,تقليل كمية,130,.دهان بلون اصفر خردلي  على الألواح الجبسية والألواح الاسمنتية 400-WPF,م²,24.0,-5.09,120.0,-122.16,معماري,CMH_01-A-130,,بنود أوامر التغيير,101,CMH_01_SMART.xlsx,sheet بنود أوامر التغيير,high,
CMH_01-C01,1,تقليل كمية,131,.دهان بلون ازرق أخضر  على الألواح الجبسية والألواح الاسمنتية 500-WPF,م²,24.0,-5.44,120.0,-130.56,معماري,CMH_01-A-131,,بنود أوامر التغيير,102,CMH_01_SMART.xlsx,sheet بنود أوامر التغيير,high,
CMH_01-C01,1,تقليل كمية,132,.دهان بلون رمادي خشن على هيئة الاسطح الاسمنتية مع تجويف  على جدار البلوك 600-WPF,م²,24.0,-4.36,120.0,-104.64000000000001,معماري,CMH_01-A-132,,بنود أوامر التغيير,103,CMH_01_SMART.xlsx,sheet بنود أوامر التغيير,high,
CMH_01-C01,1,زيادة كمية,133,تحضير وتنفيذ وعمل دهان عالي الجودة للأسقف الجبسية يشمل الوجه التحضيرى أساس ومعالجة الفواصل  بالمعجـون والشاش والمواد المخصص لتسكير فواصل الالواح الجبسية والاسمنتية وان يكون نوع  دهان  بلون ابيض,م²,24.0,319.84,120.0,7676.16,معماري,CMH_01-A-133,,بنود أوامر التغيير,104,CMH_01_SMART.xlsx,sheet بنود أوامر التغيير,high,
CMH_01-C01,1,تقليل كمية,134,تحضير وتنفيذ وعمل دهان عالي الجودة للأسقف الجبسية يشمل الوجه التحضيرى أساس ومعالجة الفواصل  بالمعجـون والشاش والمواد المخصص لتسكير فواصل الالواح الجبسية والاسمنتية وان يكون نوع دهان  بلون اصفر خردلي,م²,24.0,-3.68,120.0,-88.32000000000001,معماري,CMH_01-A-134,,بنود أوامر التغيير,105,CMH_01_SMART.xlsx,sheet بنود أوامر التغيير,high,
CMH_01-C01,1,زيادة كمية,135,تحضير وتنفيذ وعمل دهان عالي الجودة للأسقف الجبسية يشمل الوجه التحضيرى أساس ومعالجة الفواصل  بالمعجـون والشاش والمواد المخصص لتسكير فواصل الالواح الجبسية والاسمنتية وان يكون نوع دهان  بلون ازرق تيل,م²,24.0,3.64,120.0,87.36,معماري,CMH_01-A-135,,بنود أوامر التغيير,106,CMH_01_SMART.xlsx,sheet بنود أوامر التغيير,high,
CMH_01-C01,1,تقليل كمية,136,تحضير وتنفيذ وعمل دهان عالي الجودة للأسقف الجبسية يشمل الوجه التحضيرى أساس ومعالجة الفواصل  بالمعجـون والشاش والمواد المخصص لتسكير فواصل الالواح الجبسية والاسمنتية وان يكون نوع دهان  بلون ازرق فاتح,م²,20.0,-0.82,120.0,-16.4,معماري,CMH_01-A-136,,بنود أوامر التغيير,107,CMH_01_SMART.xlsx,sheet بنود أوامر التغيير,high,
CMH_01-C01,1,تقليل كمية,137,بالمتر المسطح عمل دهان اكريليك مائي مرن عالي المتانة علي الاسطح الخرسانية وعلى الجدران  الظاهرة على السقف المفتوح  وكل التجهيزات الخاصة بالأعمال الميكانيكية والكهربائية باستثناء نظام الحريق. يشمل الوجه التحضيرى أساس  ثم  الدهان وجهين باللون المطلوب  مع نظافة الاسطح وازالة اى بروز بالخرسانات بالسقف ويتم التنفيذ طبقا للمخططات والمواصفاتة الفنية وعلي حسب تعليمات المهندس المشرف. دهان  بلون اسود,م²,30.0,-711.68,120.0,-21350.399999999998,معماري,CMH_01-A-137,,بنود أوامر التغيير,108,CMH_01_SMART.xlsx,sheet بنود أوامر التغيير,high,
CMH_01-C01,1,تقليل كمية,138,بالمتر المسطح عمل دهان اكريليك مائي مرن عالي المتانة علي الاسطح الخرسانية وعلى الجدران  الظاهرة على السقف المفتوح  وكل التجهيزات الخاصة بالأعمال الميكانيكية والكهربائية باستثناء نظام الحريق. يشمل الوجه التحضيرى أساس  ثم  الدهان وجهين باللون المطلوب  مع نظافة الاسطح وازالة اى بروز بالخرسانات بالسقف ويتم التنفيذ طبقا للمخططات والمواصفاتة الفنية وعلي حسب تعليمات المهندس المشرف.  دهان رمادي غامق,م²,30.0,-99.9,120.0,-2997.0,معماري,CMH_01-A-138,,بنود أوامر التغيير,109,CMH_01_SMART.xlsx,sheet بنود أوامر التغيير,high,
CMH_01-C01,1,زيادة كمية,139,معالجة و دهان سقف الفناء الوسطى والبند يشمل أعمال ترميم  ودهان الألواح الجبسية مع تغيير التالف منها وفك ألواح التغطية الشفافة )ألواح اللكسان( الحالية وتوريد وتركيب ألواح جديدة ومحمل على البند فك وحدات الانارة الحالية وتوريد وتركيب ،حدات إنارة جديدة مناسبة على ان يقدم المقاول مقترح كامل لطريقة التنفيذ وعينات المواد للاعتماد من المهندس المشرف  قبل البدء بالاعمال والسعر يشمل كافة المواد والاعمال اللازمة لتنفيذ البند طبقاً لتوصيات المهندس المشرف,م²,30.0,11.82,120.0,354.6,معماري,CMH_01-A-139,,بنود أوامر التغيير,110,CMH_01_SMART.xlsx,sheet بنود أوامر التغيير,high,
CMH_01-C01,1,زيادة كمية,141,جهاز تجفيف للأيدي كهربائي,عدد,990.0,50.0,120.0,49500.0,معماري,CMH_01-A-141,,بنود أوامر التغيير,111,CMH_01_SMART.xlsx,sheet بنود أوامر التغيير,high,
CMH_01-C01,1,زيادة كمية,142,جهاز مناديل كهربائي,عدد,900.0,50.0,120.0,45000.0,معماري,CMH_01-A-142,,بنود أوامر التغيير,112,CMH_01_SMART.xlsx,sheet بنود أوامر التغيير,high,
CMH_01-C01,1,زيادة كمية,143,موزع صابون سائل,عدد,192.0,5.0,120.0,960.0,معماري,CMH_01-A-143,,بنود أوامر التغيير,113,CMH_01_SMART.xlsx,sheet بنود أوامر التغيير,high,
CMH_01-C01,1,زيادة كمية,144,حاملة لفة ورق توليت,عدد,192.0,7.0,120.0,1344.0,معماري,CMH_01-A-144,,بنود أوامر التغيير,114,CMH_01_SMART.xlsx,sheet بنود أوامر التغيير,high,
CMH_01-C01,1,زيادة كمية,145,مقابض لذوي الاحتياجات الخاصة  مكونه من مقبض خلفي 900 مم,عدد,720.0,1.0,120.0,720.0,معماري,CMH_01-A-145,,بنود أوامر التغيير,115,CMH_01_SMART.xlsx,sheet بنود أوامر التغيير,high,
CMH_01-C01,1,زيادة كمية,146,مقابض لذوي الاحتياجات الخاصة   مكونه من مقبض جانبي1100 مم,عدد,840.0,1.0,120.0,840.0,معماري,CMH_01-A-146,,بنود أوامر التغيير,116,CMH_01_SMART.xlsx,sheet بنود أوامر التغيير,high,
CMH_01-C01,1,تقليل كمية,148,طقم اكسسوارات لمكتب الوكيل ومساعد الوكيل ومكاتب التنفيذيين في الدور السادس شاملة اكسسوارات حوض المغسلة، ماسورة تعليق المناشف وحوامل المناشف، فرش الحمام، حامل ورق التواليت,عدد,6000.0,-5.0,120.0,-30000.0,معماري,CMH_01-A-148,,بنود أوامر التغيير,117,CMH_01_SMART.xlsx,sheet بنود أوامر التغيير,high,
CMH_01-C01,1,تقليل كمية,151,توريد وتركيب مرآة وجه 6 مم ترُكّب بارزة عن الجدار مع شطف على كل الجهات طبقا للمواصفات وبحسب تعليمات المهندس المشرف. مقاس 1200 × 800 مم,عدد,1200.0,-3.0,120.0,-3600.0,معماري,CMH_01-A-151,,بنود أوامر التغيير,118,CMH_01_SMART.xlsx,sheet بنود أوامر التغيير,high,
CMH_01-C01,1,زيادة كمية,152,توريد وتركيب مرآة وجه 6 مم ترُكّب بارزة عن الجدار مع شطف على كل الجهات طبقا للمواصفات وبحسب تعليمات المهندس المشرف. مقاس 1200 × 700 مم,عدد,1200.0,4.0,120.0,4800.0,معماري,CMH_01-A-152,,بنود أوامر التغيير,119,CMH_01_SMART.xlsx,sheet بنود أوامر التغيير,high,
CMH_01-C01,1,تقليل كمية,153,توريد وتركيب كاونتر لوحي للمغاسل كوريان عالي الكثافة سماكة 20 مم، يشمل الجزء الأمامي واللوح الواقي الخلفي  سماكة 20 مم حسب المحدد في المخططات والأقواس وأدوات التثبيت من الحديد المجلفن. و يشمل السعر أي مواد أو أعمال يتطلبها انهاء العمل طبقاً للموضح بالمواصفات والرسومات. ويشمل الأعمال الخشبية اللازمة للخزائن المرتبطة بالكاونتر حسب التصميم المطلوب وبحسب تعليمات المهندس المشرف. Ref drawing: 07-MRA-DD-(as per floor number)-AR-700 to 703 مقاس: 1250طول × عرض600 مم ,عدد,1800.0,-6.0,120.0,-10800.0,معماري,CMH_01-A-153,,بنود أوامر التغيير,120,CMH_01_SMART.xlsx,sheet بنود أوامر التغيير,high,
CMH_01-C01,1,تقليل كمية,154,توريد وتركيب كاونتر لوحي للمغاسل كوريان عالي الكثافة سماكة 20 مم، يشمل الجزء الأمامي واللوح الواقي الخلفي  سماكة 20 مم حسب المحدد في المخططات والأقواس وأدوات التثبيت من الحديد المجلفن. و يشمل السعر أي مواد أو أعمال يتطلبها انهاء العمل طبقاً للموضح بالمواصفات والرسومات. ويشمل الأعمال الخشبية اللازمة للخزائن المرتبطة بالكاونتر حسب التصميم المطلوب وبحسب تعليمات المهندس المشرف. Ref drawing: 07-MRA-DD-(as per floor number)-AR-700 to 703 مقاس: 1200طول × عرض600 مم ,عدد,1800.0,-9.0,120.0,-16200.0,معماري,CMH_01-A-154,,بنود أوامر التغيير,121,CMH_01_SMART.xlsx,sheet بنود أوامر التغيير,high,
CMH_01-C01,1,زيادة كمية,155,توريد وتركيب كاونتر لوحي للمغاسل كوريان عالي الكثافة سماكة 20 مم، يشمل الجزء الأمامي واللوح الواقي الخلفي  سماكة 20 مم حسب المحدد في المخططات والأقواس وأدوات التثبيت من الحديد المجلفن. و يشمل السعر أي مواد أو أعمال يتطلبها انهاء العمل طبقاً للموضح بالمواصفات والرسومات. ويشمل الأعمال الخشبية اللازمة للخزائن المرتبطة بالكاونتر حسب التصميم المطلوب وبحسب تعليمات المهندس المشرف.  مقاس: 1000طولRef drawing: 07-MRA-DD-(as per floor number)-AR-700 to 703 عرض600 مم × ,عدد,1200.0,3.0,120.0,3600.0,معماري,CMH_01-A-155,,بنود أوامر التغيير,122,CMH_01_SMART.xlsx,sheet بنود أوامر التغيير,high,
CMH_01-C01,1,زيادة كمية,157,توريد وتركيب كاونتر لوحي للمغاسل كوريان عالي الكثافة سماكة 20 مم، يشمل الجزء الأمامي واللوح الواقي الخلفي  سماكة 20 مم حسب المحدد في المخططات والأقواس وأدوات التثبيت من الحديد المجلفن.و يشمل السعر أي مواد أو أعمال يتطلبها انهاء العمل طبقاً للموضح بالمواصفات والرسومات. ويشمل الأعمال الخشبية اللازمة للخزائن المرتبطة بالكاونتر حسب التصميم المطلوب وبحسب تعليمات المهندس المشرف. Ref drawing: 07-MRA-DD-(as per floor number)-AR-700 to 703 مقاس: 1340طول × عرض600 مم ,عدد,6000.0,2.0,120.0,12000.0,معماري,CMH_01-A-157,,بنود أوامر التغيير,123,CMH_01_SMART.xlsx,sheet بنود أوامر التغيير,high,
CMH_01-C01,1,زيادة كمية,158,توريد وتركيب كاونتر لوحي للمغاسل كوريان عالي الكثافة سماكة 20 مم، يشمل الجزء الأمامي واللوح الواقي الخلفي  سماكة 20 مم حسب المحدد في المخططات والأقواس وأدوات التثبيت من الحديد المجلفن. و يشمل السعر أي مواد أو أعمال يتطلبها انهاء العمل طبقاً للموضح بالمواصفات والرسومات. ويشمل الأعمال الخشبية اللازمة للخزائن المرتبطة بالكاونتر حسب التصميم المطلوب وبحسب تعليمات المهندس المشرف. Ref drawing: 07-MRA-DD-(as per floor number)-AR-700 to 703 مقاس: 1620طول × عرض600 مم,عدد,3000.0,3.0,120.0,9000.0,معماري,CMH_01-A-158,,بنود أوامر التغيير,124,CMH_01_SMART.xlsx,sheet بنود أوامر التغيير,high,
CMH_01-C01,1,زيادة كمية,159,توريد وتركيب كاونتر لوحي للمغاسل كوريان عالي الكثافة سماكة 20 مم، يشمل الجزء الأمامي واللوح الواقي الخلفي  سماكة 20 مم حسب المحدد في المخططات والأقواس وأدوات التثبيت من الحديد المجلفن.و يشمل السعر أي مواد أو أعمال يتطلبها انهاء العمل طبقاً للموضح بالمواصفات والرسومات. ويشمل الأعمال الخشبية اللازمة للخزائن المرتبطة بالكاونتر حسب التصميم المطلوب وبحسب تعليمات المهندس المشرف. Ref drawing: 07-MRA-DD-(as per floor number)-AR-700 to 703 مقاس: 1200طول × عرض500 مم ,عدد,1800.0,1.0,120.0,1800.0,معماري,CMH_01-A-159,,بنود أوامر التغيير,125,CMH_01_SMART.xlsx,sheet بنود أوامر التغيير,high,
CMH_01-C01,1,تقليل كمية,160,خزانة مغسلة خشبية مقاومة للرطوبة من خشب الـ ) Mdf ( بسماكة 18 مم وارتفاع 400 مم من قشرة الجوز أو ما يتناسب مع العينة الموافق عليها  مثبتة على القواطع الجبسية مع اضاءة مخفية ومفصلات ومقابض مخفية وتصميم حسب الرسومات والمناظير وبحسب تعليمات المهندس المشرف. Ref drawing: 07-MRA-DD-(as per floor number)-AR-700 to 703 مقاس: 1250طول × عرض600 مم,عدد,1800.0,-3.0,120.0,-5400.0,معماري,CMH_01-A-160,,بنود أوامر التغيير,126,CMH_01_SMART.xlsx,sheet بنود أوامر التغيير,high,
CMH_01-C01,1,تقليل كمية,161,خزانة مغسلة خشبية مقاومة للرطوبة من خشب الـ ) Mdf ( بسماكة 18 مم وارتفاع 400 مم من قشرة الجوز أو ما يتناسب مع العينة الموافق عليها  مثبتة على القواطع الجبسية مع اضاءة مخفية ومفصلات ومقابض مخفية وتصميم حسب الرسومات والمناظير وبحسب تعليمات المهندس المشرف. Ref drawing: 07-MRA-DD-(as per floor number)-AR-700 to 703 مقاس: 1200طول × عرض600 مم,عدد,1800.0,-11.0,120.0,-19800.0,معماري,CMH_01-A-161,,بنود أوامر التغيير,127,CMH_01_SMART.xlsx,sheet بنود أوامر التغيير,high,
CMH_01-C01,1,زيادة كمية,162,خزانة مغسلة خشبية مقاومة للرطوبة من خشب الـ ) Mdf ( بسماكة 18 مم وارتفاع 400 مم من قشرة الجوز أو ما يتناسب مع العينة الموافق عليها  مثبتة على القواطع الجبسية مع اضاءة مخفية ومفصلات ومقابض مخفية وتصميم حسب الرسومات والمناظير وبحسب تعليمات المهندس المشرف.Ref drawing: 07-MRA-DD-(as per floor number)-AR-700 to 703 مقاس: 1000طول × عرض600 مم,عدد,1800.0,6.0,120.0,10800.0,معماري,CMH_01-A-162,,بنود أوامر التغيير,128,CMH_01_SMART.xlsx,sheet بنود أوامر التغيير,high,
CMH_01-C01,1,تقليل كمية,163,خزانة مغسلة خشبية مقاومة للرطوبة من خشب الـ ) Mdf ( بسماكة 18 مم وارتفاع 400 مم من قشرة الجوز أو ما يتناسب مع العينة الموافق عليها  مثبتة على القواطع الجبسية مع اضاءة مخفية ومفصلات ومقابض مخفية وتصميم حسب الرسومات والمناظير وبحسب تعليمات المهندس المشرف. Ref drawing: 07-MRA-DD-(as per floor number)-AR-700 to 703 مقاس: 3800طول × عرض600 مم,عدد,6000.0,-23.0,120.0,-138000.0,معماري,CMH_01-A-163,,بنود أوامر التغيير,129,CMH_01_SMART.xlsx,sheet بنود أوامر التغيير,high,
CMH_01-C01,1,زيادة كمية,164,خزانة مغسلة خشبية مقاومة للرطوبة من خشب الـ ) Mdf ( بسماكة 18 مم وارتفاع 400 مم من قشرة الجوز أو ما يتناسب مع العينة الموافق عليها  مثبتة على القواطع الجبسية مع اضاءة مخفية ومفصلات ومقابض مخفية وتصميم حسب الرسومات والمناظير وبحسب تعليمات المهندس المشرف. Ref drawing: 07-MRA-DD-(as per floor number)-AR-700 to 703 مقاس: 1340طول × عرض600 مم,عدد,2100.0,2.0,120.0,4200.0,معماري,CMH_01-A-164,,بنود أوامر التغيير,130,CMH_01_SMART.xlsx,sheet بنود أوامر التغيير,high,
CMH_01-C01,1,زيادة كمية,166,خزانة مغسلة خشبية مقاومة للرطوبة من خشب الـ ) Mdf ( بسماكة 18 مم وارتفاع 400 مم من قشرة الجوز أو ما يتناسب مع العينة الموافق عليها  مثبتة على القواطع الجبسية مع اضاءة مخفية ومفصلات ومقابض مخفية وتصميم حسب الرسومات والمناظير وبحسب تعليمات المهندس المشرف. Ref drawing: 07-MRA-DD-(as per floor number)-AR-700 to 703 مقاس: 1200طول × عرض500 مم,عدد,2400.0,1.0,120.0,2400.0,معماري,CMH_01-A-166,,بنود أوامر التغيير,131,CMH_01_SMART.xlsx,sheet بنود أوامر التغيير,high,
CMH_01-C01,1,زيادة كمية,169,توريد وتركيب لوحات/لافتات داخلية حسب الأنظمة القياسية  للصانع وحسب الكتيّبات القياسية للّوحات، ويشمل السعر الأشكال البيانية )graphics( والمعلومات المكتوبة ونظام الأطُر وكل المواد والمكمّلات ذات الصلة المحددة في المخططات والمواصفات التفصيلية وبحسب تعليمات المهندس المشرف. لوحات إرشاديه للإستقبال نوع  101ID,عدد,258.0,2.0,120.0,516.0,معماري,CMH_01-A-169,,بنود أوامر التغيير,132,CMH_01_SMART.xlsx,sheet بنود أوامر التغيير,high,
CMH_01-C01,1,زيادة كمية,170,توريد وتركيب لوحات/لافتات داخلية حسب الأنظمة القياسية  للصانع وحسب الكتيّبات القياسية للّوحات، ويشمل السعر الأشكال البيانية )graphics( والمعلومات المكتوبة ونظام الأطُر وكل المواد والمكمّلات ذات الصلة المحددة في المخططات والمواصفات التفصيلية وبحسب تعليمات المهندس المشرف. لوحات إرشاديه للمكاتب نوع  102ID,عدد,258.0,82.0,120.0,21156.0,معماري,CMH_01-A-170,,بنود أوامر التغيير,133,CMH_01_SMART.xlsx,sheet بنود أوامر التغيير,high,
CMH_01-C01,1,تقليل كمية,171,توريد وتركيب لوحات/لافتات داخلية حسب الأنظمة القياسية  للصانع وحسب الكتيّبات القياسية للّوحات، ويشمل السعر الأشكال البيانية )graphics( والمعلومات المكتوبة ونظام الأطُر وكل المواد والمكمّلات ذات الصلة المحددة في المخططات والمواصفات التفصيلية وبحسب تعليمات المهندس المشرف. لوحات إرشاديه لحجرة الإجتماعات نوع  103ID,عدد,258.0,-2.0,120.0,-516.0,معماري,CMH_01-A-171,,بنود أوامر التغيير,134,CMH_01_SMART.xlsx,sheet بنود أوامر التغيير,high,
CMH_01-C01,1,زيادة كمية,172,توريد وتركيب لوحات/لافتات داخلية حسب الأنظمة القياسية  للصانع وحسب الكتيّبات القياسية للّوحات، ويشمل السعر الأشكال البيانية )graphics( والمعلومات المكتوبة ونظام الأطُر وكل المواد والمكمّلات ذات الصلة المحددة في المخططات والمواصفات التفصيلية وبحسب تعليمات المهندس المشرف. لوحات إرشاديه للحمامات نوع  104ID,عدد,258.0,52.0,120.0,13416.0,معماري,CMH_01-A-172,,بنود أوامر التغيير,135,CMH_01_SMART.xlsx,sheet بنود أوامر التغيير,high,
CMH_01-C01,1,تقليل كمية,175,قواطع الحمامات مكونة من ألواح الفينوليك المضغوط ارتفاع 2 متر ذو المقاومة الشديدة للماء مع طبقة ميلامين بلون رمادي غامق مقاومة للخدش وسهلة التنظيف ، سمك الألواح هو  19 ملم ،. قواطع الحمامات تشمل إكسسوارات عالية الجودة ) مفصلات ذاتية الإغلاق وقفل ( والأبواب والاكسسوارات والعلاقات من الستانلس ستيل brushed finish وكل ما يلزم لانهاء العمل حسب الأصول الفنية والمواصفلت وتعليمات المهندس المشرف .,م²,780.0,-112.08,120.0,-87422.4,معماري,CMH_01-A-175,,بنود أوامر التغيير,136,CMH_01_SMART.xlsx,sheet بنود أوامر التغيير,high,
CMH_01-C01,1,زيادة كمية,176,للمواسير داخل المبنى من مواسير متعددة الطبقات بولي بروبلين كما هو موصف تشمل كافة القطع التركيبية )مثل القارنات من الحديد الصلب الغير قابل للصدأ والأكواع /المنحنيات والتفريعات والدعامات( والصمامات ومخمدات الصدمة ومنافس الهواء الآلية و المحابس  وكافة الاكسسوارات اللازمة، كما هو مبين في المخططات لتركيب مايلي من الأقطار الخارجية مع ربطه بالشبكة الحالية لاقرب نقطة و على المقاول تقديم المخططات التنفيذية و الحسابات الهيدروليكية و اعتمادها قبل البدا بالتنفيذ الاعمال من المهندس المشرف للاقطار  الداخلية قطر 20 مم,م.ط,66.0,1149.61,120.0,75874.26,ميكانيكا,CMH_01-ME-176,,بنود أوامر التغيير,137,CMH_01_SMART.xlsx,sheet بنود أوامر التغيير,high,
CMH_01-C01,1,زيادة كمية,177,للمواسير داخل المبنى من مواسير متعددة الطبقات بولي بروبلين كما هو موصف تشمل كافة القطع التركيبية )مثل القارنات من الحديد الصلب الغير قابل للصدأ والأكواع /المنحنيات والتفريعات والدعامات( والصمامات ومخمدات الصدمة ومنافس الهواء الآلية و المحابس  وكافة الاكسسوارات اللازمة، كما هو مبين في المخططات لتركيب مايلي من الأقطار الخارجية مع ربطه بالشبكة الحالية لاقرب نقطة و على المقاول تقديم المخططات التنفيذية و الحسابات الهيدروليكية و اعتمادها قبل البدا بالتنفيذ الاعمال من المهندس المشرف للاقطار  الداخلية قطر 25 مم,م.ط,70.8,81.99,120.0,5804.892,ميكانيكا,CMH_01-ME-177,,بنود أوامر التغيير,138,CMH_01_SMART.xlsx,sheet بنود أوامر التغيير,high,
CMH_01-C01,1,تقليل كمية,178,للمواسير داخل المبنى من مواسير متعددة الطبقات بولي بروبلين كما هو موصف تشمل كافة القطع التركيبية )مثل القارنات من الحديد الصلب الغير قابل للصدأ والأكواع /المنحنيات والتفريعات والدعامات( والصمامات ومخمدات الصدمة ومنافس الهواء الآلية و المحابس  وكافة الاكسسوارات اللازمة، كما هو مبين في المخططات لتركيب مايلي من الأقطار الخارجية مع ربطه بالشبكة الحالية لاقرب نقطة و على المقاول تقديم المخططات التنفيذية و الحسابات الهيدروليكية و اعتمادها قبل البدا بالتنفيذ الاعمال من المهندس المشرف للاقطار  الداخلية :قطر 32مم,م.ط,102.0,-22.98,120.0,-2343.96,ميكانيكا,CMH_01-ME-178,,بنود أوامر التغيير,139,CMH_01_SMART.xlsx,sheet بنود أوامر التغيير,high,
CMH_01-C01,1,زيادة كمية,179,للمواسير داخل المبنى من مواسير متعددة الطبقات بولي بروبلين كما هو موصف تشمل كافة القطع التركيبية )مثل القارنات من الحديد الصلب الغير قابل للصدأ والأكواع /المنحنيات والتفريعات والدعامات( والصمامات ومخمدات الصدمة ومنافس الهواء الآلية و المحابس  وكافة الاكسسوارات اللازمة، كما هو مبين في المخططات لتركيب مايلي من الأقطار الخارجية مع ربطه بالشبكة الحالية لاقرب نقطة و على المقاول تقديم المخططات التنفيذية و الحسابات الهيدروليكية و اعتمادها قبل البدا بالتنفيذ الاعمال من المهندس المشرف للاقطار  الداخلية :قطر 40 مم,م.ط,85.2,177.0,120.0,15080.4,ميكانيكا,CMH_01-ME-179,,بنود أوامر التغيير,140,CMH_01_SMART.xlsx,sheet بنود أوامر التغيير,high,
CMH_01-C01,1,زيادة كمية,180,للمواسير داخل المبنى من مواسير متعددة الطبقات بولي بروبلين كما هو موصف تشمل كافة القطع التركيبية )مثل القارنات من الحديد الصلب الغير قابل للصدأ والأكواع /المنحنيات والتفريعات والدعامات( والصمامات ومخمدات الصدمة ومنافس الهواء الآلية و المحابس  وكافة الاكسسوارات اللازمة، كما هو مبين في المخططات لتركيب مايلي من الأقطار الخارجية مع ربطه بالشبكة الحالية لاقرب نقطة و على المقاول تقديم المخططات التنفيذية و الحسابات الهيدروليكية و اعتمادها قبل البدا بالتنفيذ الاعمال من المهندس المشرف للاقطار  الداخلية:قطر 50 مم,م.ط,94.8,162.0,120.0,15357.6,ميكانيكا,CMH_01-ME-180,,بنود أوامر التغيير,141,CMH_01_SMART.xlsx,sheet بنود أوامر التغيير,high,
CMH_01-C01,1,زيادة كمية,181,مواسير المياه الساخنة مؤلفة من عدة طبقات )بولي بروبلين معزولة( كما هو موصف مع العزل وتشمل كافة القطع التركيبية )مثل القارنات من الحديد الصلب الغير قابل للصدأ والأكواع / المنحنيات والتفريعات والدعامات( والصمامات ومخمدات الصدمة وكافة الاكسسوارات و المحابس  اللازمة لإنجاز تركيب مايلي من الأقطار الخارجية مع ربطه بالشبكة الحالية لاقرب نقطة و على المقاول تقديم المخططات التنفيذية و الحسابات الهيدروليكية و اعتمادها قبل البدا بالتنفيذ الاعمال من المهندس المشرف للاقطار  الداخلية :قطر 20 مم,م.ط,70.8,709.0,120.0,50197.2,ميكانيكا,CMH_01-ME-181,,بنود أوامر التغيير,142,CMH_01_SMART.xlsx,sheet بنود أوامر التغيير,high,
CMH_01-C01,1,تقليل كمية,182,مواسير المياه الساخنة مؤلفة من عدة طبقات )بولي بروبلين معزولة( كما هو موصف مع العزل وتشمل كافة القطع التركيبية )مثل القارنات من الحديد الصلب الغير قابل للصدأ والأكواع / المنحنيات والتفريعات والدعامات( والصمامات ومخمدات الصدمة وكافة الاكسسوارات و المحابس  اللازمة لإنجاز تركيب مايلي من الأقطار الخارجية مع ربطه بالشبكة الحالية لاقرب نقطة و على المقاول تقديم المخططات التنفيذية و الحسابات الهيدروليكية و اعتمادها قبل البدا بالتنفيذ الاعمال من المهندس المشرف للاقطار  الداخلية :قطر 25 مم,م.ط,75.6,-38.0,120.0,-2872.7999999999997,ميكانيكا,CMH_01-ME-182,,بنود أوامر التغيير,143,CMH_01_SMART.xlsx,sheet بنود أوامر التغيير,high,
CMH_01-C01,1,زيادة كمية,183,سخان مياه كهربائي فردي من الحديد المعزول بالزجاج من النوع الأفقي الذي يركب أعلى السقف المستعار يشمل كافة الإكسسوارات و التوصيلات و المحابس كما هو موصف وكما هو مبين في تفاصيل المشروع العامة وبالإستطاعات التالية:توريد و تركيب و اختبار سخان بسعة 30 لتر، وقدرة 2.1  كيلو وات، مرجع     1-EWH,عدد,672.0,15.0,120.0,10080.0,ميكانيكا,CMH_01-ME-183,,بنود أوامر التغيير,144,CMH_01_SMART.xlsx,sheet بنود أوامر التغيير,high,
CMH_01-C01,1,زيادة كمية,185,مواسير صرف وتهوية مصنوعة من 4UPVC class  ذات وصلات انضغاطية ومطاط كما هو موصف وتشمل التهوية من خلال السطح مع الغطاء و طبات التسليك، وكافة قطع التركيبات والعلاقات اللازمة لإستكمال تركيب مايلي من الأقطار الداخلية:قطر 50 مم,م.ط,75.6,846.0,120.0,63957.6,صحي,CMH_01-PL-185,,بنود أوامر التغيير,145,CMH_01_SMART.xlsx,sheet بنود أوامر التغيير,high,
CMH_01-C01,1,تقليل كمية,186,مواسير صرف وتهوية مصنوعة من 4UPVC class  ذات وصلات انضغاطية ومطاط كما هو موصف وتشمل التهوية من خلال السطح مع الغطاء و طبات التسليك، وكافة قطع التركيبات والعلاقات اللازمة لإستكمال تركيب مايلي من الأقطار الداخلية:قطر 75 مم,م.ط,91.2,-95.0,120.0,-8664.0,صحي,CMH_01-PL-186,,بنود أوامر التغيير,146,CMH_01_SMART.xlsx,sheet بنود أوامر التغيير,high,
CMH_01-C01,1,زيادة كمية,187,مواسير صرف وتهوية مصنوعة من 4UPVC class  ذات وصلات انضغاطية ومطاط كما هو موصف وتشمل التهوية من خلال السطح مع الغطاء و طبات التسليك، وكافة قطع التركيبات والعلاقات اللازمة لإستكمال تركيب مايلي من الأقطار الداخلية:قطر 110 مم,م.ط,102.0,956.0,120.0,97512.0,صحي,CMH_01-PL-187,,بنود أوامر التغيير,147,CMH_01_SMART.xlsx,sheet بنود أوامر التغيير,high,
CMH_01-C01,1,زيادة كمية,188,صفاية أرضية )FD(، من PVC مع مصفاة معدنية  مطلية بالكروم شاملة سيفون كما هو موصف بالمقاسات التالية:مخرج قطر 75 مم,عدد,300.0,66.0,120.0,19800.0,صحي,CMH_01-PL-188,,بنود أوامر التغيير,148,CMH_01_SMART.xlsx,sheet بنود أوامر التغيير,high,
CMH_01-C01,1,تقليل كمية,189,صفاية أرضية )FD(، من PVC مع مصفاة معدنية  مطلية بالكروم شاملة سيفون كما هو موصف بالمقاسات التالية:صفاية' طولية أرضية )SD(،مع مصفاة  معدنية مطلية بالكروم شاملة سيفون مخرج قطر 50 مم,عدد,300.0,-4.0,120.0,-1200.0,صحي,CMH_01-PL-189,,بنود أوامر التغيير,149,CMH_01_SMART.xlsx,sheet بنود أوامر التغيير,high,
CMH_01-C01,1,زيادة كمية,190,الأدوات والتركيبات الصحية كما هو موصف وتشمل صمامات الزاوية والخلاطات و المصائد والوصلات المرنة و الانابيب القصيرة للتغذية والصرف والتهوية وكافة قطع الإكسسوار لإتمام تركيب ، علي ان تكون الاجهزة والتركيبات من النوع المرشد لاستهلاك المياه :حوض وجه على رخامة )مرجع 1-LAV ( من نفس نوع الرخام الصناعي كوريان للكاونتر والكاونتر محسوب في بند منفصل,عدد,2640.0,9.0,120.0,23760.0,صحي,CMH_01-PL-190,,بنود أوامر التغيير,150,CMH_01_SMART.xlsx,sheet بنود أوامر التغيير,high,
CMH_01-C01,1,تقليل كمية,191,الأدوات والتركيبات الصحية كما هو موصف وتشمل صمامات الزاوية والخلاطات و المصائد والوصلات المرنة و الانابيب القصيرة للتغذية والصرف والتهوية وكافة قطع الإكسسوار لإتمام تركيب ، علي ان تكون الاجهزة والتركيبات من النوع المرشد لاستهلاك المياه :حوض وجه كامل مع العامود، )مرجع 2-LAV(,عدد,1920.0,-7.0,120.0,-13440.0,صحي,CMH_01-PL-191,,بنود أوامر التغيير,151,CMH_01_SMART.xlsx,sheet بنود أوامر التغيير,high,
CMH_01-C01,1,تقليل كمية,192,الأدوات والتركيبات الصحية كما هو موصف وتشمل صمامات الزاوية والخلاطات و المصائد والوصلاتالمرنة و الانابيب القصيرة للتغذية والصرف والتهوية وكافة قطع الإكسسوار لإتمام تركيب ، علي ان تكونالاجهزة والتركيبات من النوع المرشد لاستهلاك المياه :حوض غسيل أواني للمطبخ بعين واحدة )مرجع 1-KS,عدد,3000.0,-6.0,120.0,-18000.0,صحي,CMH_01-PL-192,,بنود أوامر التغيير,152,CMH_01_SMART.xlsx,sheet بنود أوامر التغيير,high,
CMH_01-C01,1,تقليل كمية,194,الأدوات والتركيبات الصحية كما هو موصف وتشمل صمامات الزاوية والخلاطات و المصائد والوصلات المرنة و الانابيب القصيرة للتغذية والصرف والتهوية وكافة قطع الإكسسوار لإتمام تركيب ، علي ان تكون الاجهزة والتركيبات من النوع المرشد لاستهلاك المياه :مرحاض افرنجي )مرجع 1-WWC  ( مثبت على الارض  مع خزان  طرد  مع زر دفق من الصلب الذي لا يصدأ ، مع غطاء للمرحاض مقاوم للبكتريا من نوع soft closing,عدد,2040.0,-113.0,120.0,-230520.0,صحي,CMH_01-PL-194,,بنود أوامر التغيير,153,CMH_01_SMART.xlsx,sheet بنود أوامر التغيير,high,
CMH_01-C01,1,زيادة كمية,195,الأدوات والتركيبات الصحية كما هو موصف وتشمل صمامات الزاوية والخلاطات و المصائد والوصلات المرنة و الانابيب القصيرة للتغذية والصرف والتهوية وكافة قطع الإكسسوار لإتمام تركيب ، علي ان تكون الاجهزة والتركيبات من النوع المرشد لاستهلاك المياه :مرحاض افرنجي ) مرجع 2-WWC (  مثبت على الحائط بخزان  طرد مخفي مع زر دفق من الصلب الذي لا يصدأ - مع غطاء للمرحاض مقاوم للبكتريا من نوع soft closing,عدد,2760.0,1.0,120.0,2760.0,صحي,CMH_01-PL-195,,بنود أوامر التغيير,154,CMH_01_SMART.xlsx,sheet بنود أوامر التغيير,high,
CMH_01-C01,1,تقليل كمية,197,الأدوات والتركيبات الصحية كما هو موصف وتشمل صمامات الزاوية والخلاطات و المصائد والوصلات المرنة و الانابيب القصيرة للتغذية والصرف والتهوية وكافة قطع الإكسسوار لإتمام تركيب ، علي ان تكون الاجهزة والتركيبات من النوع المرشد لاستهلاك المياه :مقبض رشاش مع الخرطوم وأداة التعليق، مرجع PS,عدد,180.0,-10.0,120.0,-1800.0,صحي,CMH_01-PL-197,,بنود أوامر التغيير,155,CMH_01_SMART.xlsx,sheet بنود أوامر التغيير,high,
CMH_01-C01,1,زيادة كمية,198,الأدوات والتركيبات الصحية كما هو موصف وتشمل صمامات الزاوية والخلاطات و المصائد والوصلات المرنة و الانابيب القصيرة للتغذية والصرف والتهوية وكافة قطع الإكسسوار لإتمام تركيب ، علي ان تكون الاجهزة والتركيبات من النوع المرشد لاستهلاك المياه :خلاط مياة  يركب على الحوض,عدد,1080.0,24.0,120.0,25920.0,صحي,CMH_01-PL-198,,بنود أوامر التغيير,156,CMH_01_SMART.xlsx,sheet بنود أوامر التغيير,high,
CMH_01-C01,1,زيادة كمية,199, يشمل العمل كافة قطع التركيبات مثل الأكواع  والتيهات ، 40. schتوريد و تركيب انابيب فولاذية سوداء والوصلات والقارنات والنقاصات/المخفضات ومنافس الهواء الآلية وتكون الوصلات من نوع  فيكتوليك او ما يماثلها للأقطار 50 مم أو أكبر، و تكون الوصلات قلووظ للأقطار أقل من 50 مم، والبند يشمل  العلاقات والدعامات للمواسير و المحابس  و الصرف ان لزم والدهان  لكامل الشبكة كما يلزم لاتمام العمل. و بناء على توجيهات مهندس المشرف  ومتطلبات الدفاعNFPA  ويشمل البند جميع ما يلزم لاتمام الأعمال طبقا للمواصفات و طبقا لمتطلبات ال المدني من الكشف على الشبكة الحالية وفحصها كما هو موضح على المخططات و على المقاول تقديم:المخططات التنفيذية و اعتمادها قبل بدء بالتنفيذ من المهندس المشرف كما هو موصف للأقطار التالية 25 mm dia.,م.ط,108.0,5652.3,120.0,610448.4,ميكانيكا,CMH_01-ME-199,,بنود أوامر التغيير,157,CMH_01_SMART.xlsx,sheet بنود أوامر التغيير,high,
CMH_01-C01,1,زيادة كمية,200,توريد و تركيب انابيب فولاذية سوداء 40.sch ، يشمل العمل كافة قطع التركيبات مثل الأكواع  والتيهات والوصلات والقارنات والنقاصات/المخفضات ومنافس الهواء الآلية وتكون الوصلات من نوع  فيكتوليك او ما يماثلها للأقطار 50 مم أو أكبر، و تكون الوصلات قلووظ للأقطار أقل من 50 مم، والبند يشمل العلاقات والدعامات للمواسير و المحابس  و الصرف ان لزم والدهان  لكامل الشبكة كما يلزم لاتمام العمل و بناء على توجيهات مهندس المشرف .ويشمل البند جميع ما يلزم لاتمام الأعمال طبقا للمواصفات و طبقا لمتطلبات الNFPA  ومتطلبات الدفاع المدني من الكشف على الشبكة الحالية وفحصها كما هو موضح على المخططات و على المقاول تقديم المخططات التنفيذية و اعتمادها قبل بدء بالتنفيذ من المهندس المشرف كما هو موصف للأقطار التالية:.mm dia 28,م.ط,138.0,146.15,120.0,20168.7,ميكانيكا,CMH_01-ME-200,,بنود أوامر التغيير,158,CMH_01_SMART.xlsx,sheet بنود أوامر التغيير,high,
CMH_01-C01,1,زيادة كمية,201,توريد و تركيب انابيب فولاذية سوداء 40.sch ، يشمل العمل كافة قطع التركيبات مثل الأكواع  والتيهات والوصلات والقارنات والنقاصات/المخفضات ومنافس الهواء الآلية وتكون الوصلات من نوع  فيكتوليك او ما يماثلها للأقطار 50 مم أو أكبر، و تكون الوصلات قلووظ للأقطار أقل من 50 مم، والبند يشمل العلاقات والدعامات للمواسير و المحابس  و الصرف ان لزم والدهان  لكامل الشبكة كما يلزم لاتمام العمل و بناء على توجيهات مهندس المشرف .ويشمل البند جميع ما يلزم لاتمام الأعمال طبقا للمواصفات و طبقا لمتطلبات الNFPA  ومتطلبات الدفاع المدني من الكشف على الشبكة الحالية وفحصها كما هو موضح على المخططات و على المقاول تقديم المخططات التنفيذية و اعتمادها قبل بدء بالتنفيذ من المهندس المشرف كما هو موصف للأقطار التالية:.mm dia 33,م.ط,192.0,320.0,120.0,61440.0,ميكانيكا,CMH_01-ME-201,,بنود أوامر التغيير,159,CMH_01_SMART.xlsx,sheet بنود أوامر التغيير,high,
CMH_01-C01,1,زيادة كمية,202,توريد و تركيب انابيب فولاذية سوداء 40.sch ، يشمل العمل كافة قطع التركيبات مثل الأكواع  والتيهات والوصلات والقارنات والنقاصات/المخفضات ومنافس الهواء الآلية وتكون الوصلات من نوع  فيكتوليك او ما يماثلها للأقطار 50 مم أو أكبر، و تكون الوصلات قلووظ للأقطار أقل من 50 مم، والبند يشمل العلاقات والدعامات للمواسير و المحابس  و الصرف ان لزم والدهان  لكامل الشبكة كما يلزم لاتمام العمل و بناء على توجيهات مهندس المشرف .ويشمل البند جميع ما يلزم لاتمام الأعمال طبقا للمواصفات و طبقا لمتطلبات الNFPA  ومتطلبات الدفاع المدني من الكشف على الشبكة الحالية وفحصها كما هو موضح على المخططات و على المقاول تقديم المخططات التنفيذية و اعتمادها قبل بدء بالتنفيذ من المهندس المشرف كما هو موصف للأقطار التالية:.mm dia 40,م.ط,222.0,381.0,120.0,84582.0,ميكانيكا,CMH_01-ME-202,,بنود أوامر التغيير,160,CMH_01_SMART.xlsx,sheet بنود أوامر التغيير,high,
CMH_01-C01,1,زيادة كمية,203,توريد و تركيب انابيب فولاذية سوداء 40.sch ، يشمل العمل كافة قطع التركيبات مثل الأكواع  والتيهات والوصلات والقارنات والنقاصات/المخفضات ومنافس الهواء الآلية وتكون الوصلات من نوع  فيكتوليك او ما يماثلها للأقطار 50 مم أو أكبر، و تكون الوصلات قلووظ للأقطار أقل من 50 مم، والبند يشمل العلاقات والدعامات للمواسير و المحابس  و الصرف ان لزم والدهان  لكامل الشبكة كما يلزم لاتمام العمل و بناء على توجيهات مهندس المشرف .ويشمل البند جميع ما يلزم لاتمام الأعمال طبقا للمواصفات و طبقا لمتطلبات الNFPA  ومتطلبات الدفاع المدني من الكشف على الشبكة الحالية وفحصها كما هو موضح على المخططات و على المقاول تقديم المخططات التنفيذية و اعتمادها قبل بدء بالتنفيذ من المهندس المشرف كما هو موصف للأقطار التالية:.mm dia 63,م.ط,240.0,105.0,120.0,25200.0,ميكانيكا,CMH_01-ME-203,,بنود أوامر التغيير,161,CMH_01_SMART.xlsx,sheet بنود أوامر التغيير,high,
CMH_01-C01,1,زيادة كمية,204,توريد و تركيب انابيب فولاذية سوداء 40.sch ، يشمل العمل كافة قطع التركيبات مثل الأكواع  والتيهات والوصلات والقارنات والنقاصات/المخفضات ومنافس الهواء الآلية وتكون الوصلات من نوع  فيكتوليك او ما يماثلها للأقطار 50 مم أو أكبر، و تكون الوصلات قلووظ للأقطار أقل من 50 مم، والبند يشمل العلاقات والدعامات للمواسير و المحابس  و الصرف ان لزم والدهان  لكامل الشبكة كما يلزم لاتمام العمل و بناء على توجيهات مهندس المشرف .ويشمل البند جميع ما يلزم لاتمام الأعمال طبقا للمواصفات و طبقا لمتطلبات الNFPA  ومتطلبات الدفاع المدني من الكشف على الشبكة الحالية وفحصها كما هو موضح على المخططات و على المقاول تقديم المخططات التنفيذية و اعتمادها قبل بدء بالتنفيذ من المهندس المشرف كما هو موصف للأقطار التالية:.mm dia 77,م.ط,288.0,208.1,120.0,59932.799999999996,ميكانيكا,CMH_01-ME-204,,بنود أوامر التغيير,162,CMH_01_SMART.xlsx,sheet بنود أوامر التغيير,high,
CMH_01-C01,1,زيادة كمية,205,توريد و تركيب انابيب فولاذية سوداء 40.sch ، يشمل العمل كافة قطع التركيبات مثل الأكواع  والتيهات والوصلات والقارنات والنقاصات/المخفضات ومنافس الهواء الآلية وتكون الوصلات من نوع  فيكتوليك او ما يماثلها للأقطار 50 مم أو أكبر، و تكون الوصلات قلووظ للأقطار أقل من 50 مم، والبند يشمل العلاقات والدعامات للمواسير و المحابس  و الصرف ان لزم والدهان  لكامل الشبكة كما يلزم لاتمام العمل و بناء على توجيهات مهندس المشرف .ويشمل البند جميع ما يلزم لاتمام الأعمال طبقا للمواصفات و طبقا لمتطلبات الNFPA  ومتطلبات الدفاع المدني من الكشف على الشبكة الحالية وفحصها كما هو موضح على المخططات و على المقاول تقديم المخططات التنفيذية و اعتمادها قبل بدء بالتنفيذ من المهندس المشرف كما هو موصف للأقطار التالية:.mm dia 94,م.ط,324.0,46.1,120.0,14936.4,ميكانيكا,CMH_01-ME-205,,بنود أوامر التغيير,163,CMH_01_SMART.xlsx,sheet بنود أوامر التغيير,high,
CMH_01-C01,1,زيادة كمية,206,توريد و تركيب انابيب فولاذية سوداء 40.sch ، يشمل العمل كافة قطع التركيبات مثل الأكواع  والتيهات والوصلات والقارنات والنقاصات/المخفضات ومنافس الهواء الآلية وتكون الوصلات من نوع  فيكتوليك او ما يماثلها للأقطار 50 مم أو أكبر، و تكون الوصلات قلووظ للأقطار أقل من 50 مم، والبند يشمل العلاقات والدعامات للمواسير و المحابس  و الصرف ان لزم والدهان  لكامل الشبكة كما يلزم لاتمام العمل و بناء على توجيهات مهندس المشرف .ويشمل البند جميع ما يلزم لاتمام الأعمال طبقا للمواصفات و طبقا لمتطلبات الNFPA  ومتطلبات الدفاع المدني من الكشف على الشبكة الحالية وفحصها كما هو موضح على المخططات و على المقاول تقديم المخططات التنفيذية و اعتمادها قبل بدء بالتنفيذ من المهندس المشرف كما هو موصف للأقطار التالية:.mm dia 141,م.ط,360.0,370.0,120.0,133200.0,ميكانيكا,CMH_01-ME-206,,بنود أوامر التغيير,164,CMH_01_SMART.xlsx,sheet بنود أوامر التغيير,high,
CMH_01-C01,1,تقليل كمية,207, يشمل العمل كافة قطع التركيبات مثل الأكواع  والتيهات ، 40. schتوريد و تركيب انابيب فولاذية سوداء والوصلات والقارنات والنقاصات/المخفضات ومنافس الهواء الآلية وتكون الوصلات من نوع  فيكتوليك او ما يماثلها للأقطار 50 مم أو أكبر، و تكون الوصلات قلووظ للأقطار أقل من 50 مم، والبند يشمل  العلاقات والدعامات للمواسير و المحابس  و الصرف ان لزم والدهان  لكامل الشبكة كما يلزم لاتمام العمل. و بناء على توجيهات مهندس المشرف  ومتطلبات الدفاعNFPA  ويشمل البند جميع ما يلزم لاتمام الأعمال طبقا للمواصفات و طبقا لمتطلبات ال المدني من الكشف على الشبكة الحالية وفحصها كما هو موضح على المخططات و على المقاول تقديم:المخططات التنفيذية و اعتمادها قبل بدء بالتنفيذ من المهندس المشرف كما هو موصف للأقطار التالية 25 mm dia.,م.ط,108.0,-1938.0,120.0,-209304.0,ميكانيكا,CMH_01-ME-207,,بنود أوامر التغيير,165,CMH_01_SMART.xlsx,sheet بنود أوامر التغيير,high,
CMH_01-C01,1,تقليل كمية,208, يشمل العمل كافة قطع التركيبات مثل الأكواع  والتيهات ، 40. schتوريد و تركيب انابيب فولاذية سوداء والوصلات والقارنات والنقاصات/المخفضات ومنافس الهواء الآلية وتكون الوصلات من نوع  فيكتوليك او ما يماثلها للأقطار 50 مم أو أكبر، و تكون الوصلات قلووظ للأقطار أقل من 50 مم، والبند يشمل  العلاقات والدعامات للمواسير و المحابس  و الصرف ان لزم والدهان  لكامل الشبكة كما يلزم لاتمام العمل. و بناء على توجيهات مهندس المشرف  ومتطلبات الدفاعNFPA  ويشمل البند جميع ما يلزم لاتمام الأعمال طبقا للمواصفات و طبقا لمتطلبات ال المدني من الكشف على الشبكة الحالية وفحصها كما هو موضح على المخططات و على المقاول تقديم:المخططات التنفيذية و اعتمادها قبل بدء بالتنفيذ من المهندس المشرف كما هو موصف للأقطار التالية 32 mm dia.,م.ط,138.0,-100.0,120.0,-13800.0,ميكانيكا,CMH_01-ME-208,,بنود أوامر التغيير,166,CMH_01_SMART.xlsx,sheet بنود أوامر التغيير,high,
CMH_01-C01,1,تقليل كمية,209, يشمل العمل كافة قطع التركيبات مثل الأكواع  والتيهات ، 40. schتوريد و تركيب انابيب فولاذية سوداء والوصلات والقارنات والنقاصات/المخفضات ومنافس الهواء الآلية وتكون الوصلات من نوع  فيكتوليك او ما يماثلها للأقطار 50 مم أو أكبر، و تكون الوصلات قلووظ للأقطار أقل من 50 مم، والبند يشمل  العلاقات والدعامات للمواسير و المحابس  و الصرف ان لزم والدهان  لكامل الشبكة كما يلزم لاتمام العمل. و بناء على توجيهات مهندس المشرف ومتطلبات الدفاعNFPA  ويشمل البند جميع ما يلزم لاتمام الأعمال طبقا للمواصفات و طبقا لمتطلبات ال المدني من الكشف على الشبكة الحالية وفحصها كما هو موضح على المخططات و على المقاول تقديم:المخططات التنفيذية و اعتمادها قبل بدء بالتنفيذ من المهندس المشرف كما هو موصف للأقطار التالية 40 mm dia.,م.ط,192.0,-397.0,120.0,-76224.0,ميكانيكا,CMH_01-ME-209,,بنود أوامر التغيير,167,CMH_01_SMART.xlsx,sheet بنود أوامر التغيير,high,
CMH_01-C01,1,تقليل كمية,210, يشمل العمل كافة قطع التركيبات مثل الأكواع  والتيهات ، 40. schتوريد و تركيب انابيب فولاذية سوداء والوصلات والقارنات والنقاصات/المخفضات ومنافس الهواء الآلية وتكون الوصلات من نوع  فيكتوليك او ما يماثلها للأقطار 50 مم أو أكبر، و تكون الوصلات قلووظ للأقطار أقل من 50 مم، والبند يشمل  العلاقات والدعامات للمواسير و المحابس  و الصرف ان لزم والدهان  لكامل الشبكة كما يلزم لاتمام العمل. و بناء على توجيهات مهندس المشرف  ومتطلبات الدفاعNFPA  ويشمل البند جميع ما يلزم لاتمام الأعمال طبقا للمواصفات و طبقا لمتطلبات ال المدني من الكشف على الشبكة الحالية وفحصها كما هو موضح على المخططات و على المقاول تقديم:المخططات التنفيذية و اعتمادها قبل بدء بالتنفيذ من المهندس المشرف كما هو موصف للأقطار التالية 50 mm dia.,م.ط,222.0,-111.0,120.0,-24642.0,ميكانيكا,CMH_01-ME-210,,بنود أوامر التغيير,168,CMH_01_SMART.xlsx,sheet بنود أوامر التغيير,high,
CMH_01-C01,1,تقليل كمية,211, يشمل العمل كافة قطع التركيبات مثل الأكواع  والتيهات ، 40. schتوريد و تركيب انابيب فولاذية سوداء والوصلات والقارنات والنقاصات/المخفضات ومنافس الهواء الآلية وتكون الوصلات من نوع  فيكتوليك او ما يماثلها للأقطار 50 مم أو أكبر، و تكون الوصلات قلووظ للأقطار أقل من 50 مم، والبند يشمل  العلاقات والدعامات للمواسير و المحابس  و الصرف ان لزم والدهان  لكامل الشبكة كما يلزم لاتمام العمل. و بناء على توجيهات مهندس المشرف  ومتطلبات الدفاعNFPA  ويشمل البند جميع ما يلزم لاتمام الأعمال طبقا للمواصفات و طبقا لمتطلبات ال المدني من الكشف على الشبكة الحالية وفحصها كما هو موضح على المخططات و على المقاول تقديم:المخططات التنفيذية و اعتمادها قبل بدء بالتنفيذ من المهندس المشرف كما هو موصف للأقطار التالية 63 mm dia.,م.ط,240.0,-100.0,120.0,-24000.0,ميكانيكا,CMH_01-ME-211,,بنود أوامر التغيير,169,CMH_01_SMART.xlsx,sheet بنود أوامر التغيير,high,
CMH_01-C01,1,تقليل كمية,212, يشمل العمل كافة قطع التركيبات مثل الأكواع  والتيهات ، 40. schتوريد و تركيب انابيب فولاذية سوداء والوصلات والقارنات والنقاصات/المخفضات ومنافس الهواء الآلية وتكون الوصلات من نوع  فيكتوليك او ما يماثلها للأقطار 50 مم أو أكبر، و تكون الوصلات قلووظ للأقطار أقل من 50 مم، والبند يشمل  العلاقات والدعامات للمواسير و المحابس  و الصرف ان لزم والدهان  لكامل الشبكة كما يلزم لاتمام العمل. و بناء على توجيهات مهندس المشرف  ومتطلبات الدفاعNFPA  ويشمل البند جميع ما يلزم لاتمام الأعمال طبقا للمواصفات و طبقا لمتطلبات ال المدني من الكشف على الشبكة الحالية وفحصها كما هو موضح على المخططات و على المقاول تقديم:المخططات التنفيذية و اعتمادها قبل بدء بالتنفيذ من المهندس المشرف كما هو موصف للأقطار التالية 80 mm dia.,م.ط,288.0,-50.0,120.0,-14400.0,ميكانيكا,CMH_01-ME-212,,بنود أوامر التغيير,170,CMH_01_SMART.xlsx,sheet بنود أوامر التغيير,high,
CMH_01-C01,1,تقليل كمية,213, يشمل العمل كافة قطع التركيبات مثل الأكواع  والتيهات ، 40. schتوريد و تركيب انابيب فولاذية سوداء والوصلات والقارنات والنقاصات/المخفضات ومنافس الهواء الآلية وتكون الوصلات من نوع  فيكتوليك او ما يماثلها للأقطار 50 مم أو أكبر، و تكون الوصلات قلووظ للأقطار أقل من 50 مم، والبند يشمل  العلاقات والدعامات للمواسير و المحابس  و الصرف ان لزم والدهان  لكامل الشبكة كما يلزم لاتمام العمل. و بناء على توجيهات مهندس المشرف 100 mm dia.,م.ط,324.0,-40.0,120.0,-12960.0,ميكانيكا,CMH_01-ME-213,,بنود أوامر التغيير,171,CMH_01_SMART.xlsx,sheet بنود أوامر التغيير,high,
CMH_01-C01,1,زيادة كمية,214,توريد و تركيب و اختبار رشاشات آلية اوتوماتيكية كما هو موصف رشاشات معلقة، ذات فتحة 2/1 بوصة، ومعامل 5.6 =K   ودرجة حرارة تشغيل 68 درجة مئوية,عدد,66.0,637.0,120.0,42042.0,ميكانيكا,CMH_01-ME-214,,بنود أوامر التغيير,172,CMH_01_SMART.xlsx,sheet بنود أوامر التغيير,high,
CMH_01-C01,1,تقليل كمية,215,توريد و تركيب و اختبار رشاشات آلية اوتوماتيكية كما هو موصف رشاشات من النوع المخفي، ذات فتحة 2/1 بوصة، ومعامل 5.6 =K   ودرجة حرارة تشغيل 68 درجة مئوية,عدد,90.0,-649.0,120.0,-58410.0,ميكانيكا,CMH_01-ME-215,,بنود أوامر التغيير,173,CMH_01_SMART.xlsx,sheet بنود أوامر التغيير,high,
CMH_01-C01,1,زيادة كمية,216,توريد و تركيب و اختبار رشاشات آلية اوتوماتيكية كما هو موصف رشاشات عامودية، ذات فتحة 2/1 بوصة، ومعامل 5.6 =K   ودرجة حرارة تشغيل 68 درجة مئوية,عدد,90.0,73.0,120.0,6570.0,ميكانيكا,CMH_01-ME-216,,بنود أوامر التغيير,174,CMH_01_SMART.xlsx,sheet بنود أوامر التغيير,high,
CMH_01-C01,1,تقليل كمية,217,توريد و تركيب طفايات حريق قابلة للحمل كما هو محددنوع ABC ، سعة 6 كغ ، بودرة جافّة مرجع 1-FE,عدد,180.0,-1.0,120.0,-180.0,ميكانيكا,CMH_01-ME-217,,بنود أوامر التغيير,175,CMH_01_SMART.xlsx,sheet بنود أوامر التغيير,high,
CMH_01-C01,1,تقليل كمية,218,توريد و تركيب نظام  غازي200FM لغرف الكهرباء و السنترال و ما يتطلبه النظام من تعديلاتمعمارية على ان يتم تقديمها للاعتماد من قبل مهندس المشرف  ،  مرجع 3-FE,عدد,54000.0,-9.0,120.0,-486000.0,ميكانيكا,CMH_01-ME-218,,بنود أوامر التغيير,176,CMH_01_SMART.xlsx,sheet بنود أوامر التغيير,high,
CMH_01-C01,1,زيادة كمية,219,توريد و تركيب كبائن مكافحة الحريق class II مزوده بمحبس 5.1 بوصة و خرطوم قماشي من مادةمعتمدة و ايضا بها طفاية حريق ABC  سعة 6 كيلو,عدد,4800.0,9.0,120.0,43200.0,ميكانيكا,CMH_01-ME-219,,بنود أوامر التغيير,177,CMH_01_SMART.xlsx,sheet بنود أوامر التغيير,high,
CMH_01-C01,1,زيادة كمية,220, توريد و تركيب طفايات حريق  نوع 2Co ، سعة 6 كغ ، بودرة جافّة,عدد,420.0,25.0,120.0,10500.0,ميكانيكا,CMH_01-ME-220,,بنود أوامر التغيير,178,CMH_01_SMART.xlsx,sheet بنود أوامر التغيير,high,
CMH_01-C01,1,زيادة كمية,221,وحدات VAV من أعلى العلامات التجارية جودة )BYPASS TYPE( مع سخان كهربائي ، ترموستات إلكتروني رقمي للغرفة ، فليكس. توصيلات ، تثبيت ، دعم ، عازل اهتزاز مع كافة الملحقات المطلوبة حسب المواصفات والرسومات. 01-VAV ، اجمالي الهواء 0-250 ) ق/د( استطاعة التخزين 5.1 )ك/و(,عدد,6600.0,38.0,120.0,250800.0,تكييف,CMH_01-HV-221,,بنود أوامر التغيير,179,CMH_01_SMART.xlsx,sheet بنود أوامر التغيير,high,
CMH_01-C01,1,زيادة كمية,222,وحدات VAV من أعلى العلامات التجارية جودة )BYPASS TYPE( مع سخان كهربائي ، ترموستات إلكتروني رقمي للغرفة ، فليكس. توصيلات ، تثبيت ، دعم ، عازل اهتزاز مع كافة الملحقات المطلوبة حسب المواصفات والرسومات. 02-VAV ، اجمالي الهواء 0-500 ) ق/د( استطاعة التخزين 2 )ك/و(,عدد,6960.0,15.0,120.0,104400.0,تكييف,CMH_01-HV-222,,بنود أوامر التغيير,180,CMH_01_SMART.xlsx,sheet بنود أوامر التغيير,high,
CMH_01-C01,1,زيادة كمية,223,وحدات VAV من أعلى العلامات التجارية جودة )BYPASS TYPE( مع سخان كهربائي ، ترموستات إلكتروني رقمي للغرفة ، فليكس. توصيلات ، تثبيت ، دعم ، عازل اهتزاز مع كافة الملحقات المطلوبة حسب المواصفات والرسومات. 03-VAV ، اجمالي الهواء 0-750 ) ق/د( استطاعة التخزين 3 )ك/و( ,عدد,7200.0,12.0,120.0,86400.0,تكييف,CMH_01-HV-223,,بنود أوامر التغيير,181,CMH_01_SMART.xlsx,sheet بنود أوامر التغيير,high,
CMH_01-C01,1,زيادة كمية,224,وحدات VAV من أعلى العلامات التجارية جودة )BYPASS TYPE( مع سخان كهربائي ، ترموستات إلكتروني رقمي للغرفة ، فليكس. توصيلات ، تثبيت ، دعم ، عازل اهتزاز مع كافة الملحقات المطلوبة حسب المواصفات والرسومات. 04-VAV ، اجمالي الهواء 0-1000 ) ق/د( استطاعة التخزين 5.3 )ك/و(,عدد,7200.0,15.0,120.0,108000.0,تكييف,CMH_01-HV-224,,بنود أوامر التغيير,182,CMH_01_SMART.xlsx,sheet بنود أوامر التغيير,high,
CMH_01-C01,1,زيادة كمية,225,وحدات VAV من أعلى العلامات التجارية جودة )BYPASS TYPE( مع سخان كهربائي ، ترموستات إلكتروني رقمي للغرفة ، فليكس. توصيلات ، تثبيت ، دعم ، عازل اهتزاز مع كافة الملحقات المطلوبة حسب المواصفات والرسومات. 05-VAV ، اجمالي الهواء 0-1500 ) ق/د( استطاعة التخزين 5.3 )ك/و(,عدد,9000.0,13.0,120.0,117000.0,تكييف,CMH_01-HV-225,,بنود أوامر التغيير,183,CMH_01_SMART.xlsx,sheet بنود أوامر التغيير,high,
CMH_01-C01,1,تقليل كمية,226,وحدات VAV من أعلى العلامات التجارية جودة )BYPASS TYPE( مع سخان كهربائي ، ترموستات إلكتروني رقمي للغرفة ، فليكس. توصيلات ، تثبيت ، دعم ، عازل اهتزاز مع كافة الملحقات المطلوبة حسب المواصفات والرسومات. 06-VAV ، اجمالي الهواء 0-2000 ) ق/د( استطاعة التخزين 6.3 )ك/و(,عدد,10200.0,-25.0,120.0,-255000.0,تكييف,CMH_01-HV-226,,بنود أوامر التغيير,184,CMH_01_SMART.xlsx,sheet بنود أوامر التغيير,high,
CMH_01-C01,1,تقليل كمية,227,وحدات VAV من أعلى العلامات التجارية جودة )BYPASS TYPE( مع سخان كهربائي ، ترموستات إلكتروني رقمي للغرفة ، فليكس. توصيلات ، تثبيت ، دعم ، عازل اهتزاز مع كافة الملحقات المطلوبة حسب المواصفات والرسومات. 07-VAV ، اجمالي الهواء 0-2500 ) ق/د( استطاعة التخزين 7.3 )ك/و(,عدد,10800.0,-5.0,120.0,-54000.0,تكييف,CMH_01-HV-227,,بنود أوامر التغيير,185,CMH_01_SMART.xlsx,sheet بنود أوامر التغيير,high,
CMH_01-C01,1,تقليل كمية,228,فك و ترحيل VAV الموجودة حاليا  و تركيبها حسب المخطط  المعدل و حسب تعليمات المهندس المشرف. على المقاول معاينة الوحدات الموجودة و الاستفادة بإعادة تركيبها بعد عمل الفحوصات و الاختبارات المناسبة لحسن ضمان عملها و حسب تعليمات المهندس المشرف,عدد,1800.0,-100.0,120.0,-180000.0,تكييف,CMH_01-HV-228,,بنود أوامر التغيير,186,CMH_01_SMART.xlsx,sheet بنود أوامر التغيير,high,
CMH_01-C01,1,تقليل كمية,229,فك وإعادة تهيئة و اصلاح أعمال مجاري  من الصفائح المعدنية المجلفنه )90G( للهواء الداخل والراجع والهواء النقي وقناة السحب حسب المواصفات القياسية SMACNA وتشمل التيهات/القطعة التائية والكوع/المرفق والتفريعات والتحويلة والدعامة وحمالة التعليق. ويجب أخذ الطول على امتداد خط المركز فوق كل قطع التركيبات، ومن المفهوم بأن السعر الإفرادي لأعمال مجاري الهواء/الأقنية محمل عليه كل دعامات حامل التعليق ومخمّد الصوت والحريق وكل قطع الإكسسوار عزل الحراري )فايبرغلاس( ثخانة 25 مم وبكثافة 24 كغ/م3 مع مانع تبخر من الألمنيوم المقوّى حسب المخططات والمواصفات و حسب تعليمات مهندس المشرف.,م.ط,264.0,-2000.0,120.0,-528000.0,تكييف,CMH_01-HV-229,,بنود أوامر التغيير,187,CMH_01_SMART.xlsx,sheet بنود أوامر التغيير,high,
CMH_01-C01,1,زيادة كمية,230,توريد و تصنيع و تركيب أعمال مجاري  من الصفائح المعدنية المجلفنه )90G( للهواء الداخل والراجع والهواء النقي وقناة السحب حسب المواصفات القياسية SMACNA وتشمل التيهات/القطعة التائية والكوع/المرفق والتفريعات والتحويلة والدعامة وحمالة التعليق. ويجب أخذ الطول على امتداد خط المركز فوق كل قطع التركيبات، ومن المفهوم بأن السعر الإفرادي لأعمال مجاري الهواء/الأقنية محمل عليه كل دعامات حامل التعليق ومخمّد الصوت والحريق وكل قطع الإكسسوار عزل الحراري )فايبرغلاس( ثخانة 25 مم وبكثافة 24 كغ/م3 مع مانع تبخر من الألمنيوم المقوّى حسب المخططات والمواصفات و حسب تعليمات مهندس المشرف.,م.ط,300.0,4694.0,120.0,1408200.0,تكييف,CMH_01-HV-230,,بنود أوامر التغيير,188,CMH_01_SMART.xlsx,sheet بنود أوامر التغيير,high,
CMH_01-C01,1,تقليل كمية,231,ناشرة هواء ذات فتحات طولية  للهواء الداخل مصنعة من الألمنيوم المشكل بالبثق ومطلية بمسحوق البولستركاملة، مخمدات صوت ذات أرياش متضادّة ،وصندوق حجمى معزول من الداخل بعازل صوتى وميكانيزم للتحكم فى الهواء من واجهة الناشر وكل قطع الأكسسوار حسب المواصفات والمخططات مع توفير عينات للاعتماد من مهندس المشرف. ثلاثة فتحات / ثقب 25مم عرض,م.ط,480.0,-265.0,120.0,-127200.0,تكييف,CMH_01-HV-231,,بنود أوامر التغيير,189,CMH_01_SMART.xlsx,sheet بنود أوامر التغيير,high,
CMH_01-C01,1,تقليل كمية,232,ناشرة هواء ذات فتحات طولية للهواء الراجع مصنعة من الألمنيوم المشكل بالبثق ومطلية بمسحوق البولستركاملة، وكل قطع الأكسسوار حسب المواصفات والمخططات مع توفير عينات للاعتماد من مهندس المشرف. ثلاثة فتحات / ثقب 25مم عرض,م.ط,480.0,-336.0,120.0,-161280.0,تكييف,CMH_01-HV-232,,بنود أوامر التغيير,190,CMH_01_SMART.xlsx,sheet بنود أوامر التغيير,high,
CMH_01-C01,1,تقليل كمية,233, جريلات تغذية من الالومينيوم مغطاة ببودرة البوليستر كاملة وجميع الملحقات حسب المخططات..والمواصفات مع توفير عينات للاعتماد من مهندس المشرف 600mm X 600mm,عدد,456.0,-2.0,120.0,-912.0,تكييف,CMH_01-HV-233,,بنود أوامر التغيير,191,CMH_01_SMART.xlsx,sheet بنود أوامر التغيير,high,
CMH_01-C01,1,تقليل كمية,234, جريلات رجوع من الالومينيوم مغطاة ببودرة البوليستر كاملة وجميع الملحقات حسب المخططات.والمواصفات مع توفير عينات للاعتماد من مهندس المشرف 600mm X 600mm,عدد,264.0,-228.0,120.0,-60192.0,تكييف,CMH_01-HV-234,,بنود أوامر التغيير,192,CMH_01_SMART.xlsx,sheet بنود أوامر التغيير,high,
CMH_01-C01,1,زيادة كمية,235, جريلات لسحب الهواء من الالمونيوم مغطاة ببودرة البوليستر كاملة بجميع ملحقات التركيب وحسب.المخططات والمواصفات مع توفير عينات للاعتماد من مهندس المشرف 150mm X 150MM,عدد,210.0,63.0,120.0,13230.0,تكييف,CMH_01-HV-235,,بنود أوامر التغيير,193,CMH_01_SMART.xlsx,sheet بنود أوامر التغيير,high,
CMH_01-C01,1,تقليل كمية,237,وصلات هواء مرنة مع الكلبسات المعدنية، والبراغي، والملحقات الضرورية. العزل يجب أن يكون بسماكة 25 مم وكثافة 16 كغ/م3 لناشرات الهواء الخطية ويجب ان يطابق كود الحريق NFPA 90A حسب المواصفات والمخططات مع توفير عينات للاعتماد من مهندس المشرف. Dia 200 mm,م.ط,54.0,-2514.0,120.0,-135756.0,تكييف,CMH_01-HV-237,,بنود أوامر التغيير,194,CMH_01_SMART.xlsx,sheet بنود أوامر التغيير,high,
CMH_01-C01,1,زيادة كمية,238,وصلات هواء مرنة مع الكلبسات المعدنية، والبراغي، والملحقات الضرورية. العزل يجب أن يكون بسماكة 25 مم وكثافة 16 كغ/م3 لناشرات الهواء الخطية ويجب ان يطابق كود الحريق NFPA 90A حسب المواصفات والمخططات مع توفير عينات للاعتماد من مهندس المشرف. Dia 250 mm,م.ط,66.0,1572.0,120.0,103752.0,تكييف,CMH_01-HV-238,,بنود أوامر التغيير,195,CMH_01_SMART.xlsx,sheet بنود أوامر التغيير,high,
CMH_01-C01,1,تقليل كمية,248,توريد وتركيب مقابس طاقة مربوطة بأسلاك 4 مم2 كحد أدنى وتشمل الأجهزة و والأسلاك والمواسير والعلب ودعامات التثبيت ، من اللوحات الى نقاط المقابس وحسب المواصفات. على المقاول المعاينة و فحص الشبكة الحالية و الاستفادة من التمديدات الحالية و دمجها مع التركيبات الجديدة بعد عمل الاختبارات اللازمة و بعد الموافقة من مهندس المشرف .مقبس أحادي، مركب على الجدار، من النوع المؤرض، 15 أمبير، 230 فولت، طور واحد، قطبين، 3 أسلاك.,عدد,216.0,-14.0,120.0,-3024.0,كهرباء,CMH_01-EE-248,,بنود أوامر التغيير,196,CMH_01_SMART.xlsx,sheet بنود أوامر التغيير,high,
CMH_01-C01,1,تقليل كمية,249,توريد وتركيب مقابس طاقة مربوطة بأسلاك 4 مم2 كحد أدنى وتشمل الأجهزة و والأسلاك والمواسير والعلب ودعامات التثبيت ، من اللوحات الى نقاط المقابس وحسب المواصفات. على المقاول المعاينة و فحص الشبكة الحالية و الاستفادة من التمديدات الحالية و دمجها مع التركيبات الجديدة بعد عمل الاختبارات اللازمة و بعد الموافقة من مهندس المشرف . مقبس ثنائي سقفى، من النوع المؤرض، 15 أمبير، 230 فولت، طور واحد، قطبين، 3 أسلاك.,عدد,216.0,-14.0,120.0,-3024.0,كهرباء,CMH_01-EE-249,,بنود أوامر التغيير,197,CMH_01_SMART.xlsx,sheet بنود أوامر التغيير,high,
CMH_01-C01,1,تقليل كمية,250,توريد وتركيب مقابس طاقة مربوطة بأسلاك 4 مم2 كحد أدنى وتشمل الأجهزة و والأسلاك والمواسير والعلب ودعامات التثبيت ، من اللوحات الى نقاط المقابس وحسب المواصفات. على المقاول المعاينة و فحص الشبكة الحالية و الاستفادة من التمديدات الحالية و دمجها مع التركيبات الجديدة بعد عمل الاختبارات اللازمة و بعد الموافقة من مهندس المشرف .مقبس أحادي، مركب على الارض، من النوع المؤرض، 15 أمبير، 230 فولت، طور واحد، قطبين، 3 أسلاك.,عدد,420.0,-120.0,120.0,-50400.0,كهرباء,CMH_01-EE-250,,بنود أوامر التغيير,198,CMH_01_SMART.xlsx,sheet بنود أوامر التغيير,high,
CMH_01-C01,1,زيادة كمية,251,"توريد وتركيب مقابس طاقة مربوطة بأسلاك 4 مم2 كحد أدنى وتشمل الأجهزة و والأسلاك والمواسير والعلب ودعامات التثبيت ، من اللوحات الى نقاط المقابس وحسب المواصفات. على المقاول المعاينة و فحص الشبكة الحالية و الاستفادة من التمديدات الحالية و دمجها مع التركيبات الجديدة بعد عمل الاختبارات اللازمة و بعد الموافقة من مهندس المشرف .مقبس أحادي، مركب على الجدار، من النوع المؤرض، 15 أمبير، 230 فولت، طور واحد، قطبين، 3 أسلاك. RESIDUAL CURRENT DEVICE, 30mA TRIPPING( ",عدد,504.0,10.0,120.0,5040.0,كهرباء,CMH_01-EE-251,,بنود أوامر التغيير,199,CMH_01_SMART.xlsx,sheet بنود أوامر التغيير,high,
CMH_01-C01,1,تقليل كمية,252, توريد وتركيب واختبار وفحص نقاط قوى للمقابس الكهربائية المتعددة الاستخدام بأسلاك نحاسية معزولة وذات مقطع لا يقل عن 6 مم2  في مواسير ويشتمل على المقبس و الاسلاك و PVC بمادة البلاستيك العلب وأعمال التثبيت والدعائم وكل الملحقات من لوحة التوزيع حتى المخارج وفقا للمخططات.والمواصفات الفنية  على المقاول المعاينة و فحص الشبكة الحالية و الاستفادة من التمديدات الحالية و دمجها مع التركيبات. الجديدة بعد عمل الاختبارات اللازمة و بعد الموافقة من مهندس المشرف مخرج مقبس متعدد الاستخدام ومؤرض 30 أمبير ، 230 فولت 3 أسلاك ، 1 فاز ، للمطبخ,عدد,384.0,-32.0,120.0,-12288.0,كهرباء,CMH_01-EE-252,,بنود أوامر التغيير,200,CMH_01_SMART.xlsx,sheet بنود أوامر التغيير,high,
CMH_01-C01,1,زيادة كمية,253, توريد وتركيب واختبار وفحص نقاط قوى للمقابس الكهربائية المتعددة الاستخدام بأسلاك نحاسية معزولة وذات مقطع لا يقل عن 6 مم2  في مواسير ويشتمل على المقبس و الاسلاك و PVC بمادة البلاستيك العلب وأعمال التثبيت والدعائم وكل الملحقات من لوحة التوزيع حتى المخارج وفقا للمخططات.والمواصفات الفنية  على المقاول المعاينة و فحص الشبكة الحالية و الاستفادة من التمديدات الحالية و دمجها مع التركيبات. الجديدة بعد عمل الاختبارات اللازمة و بعد الموافقة من مهندس المشرفمخرج  ومؤرض 30 أمبير ، 230 فولت 3 أسلاك ، 1 فاز لمجفف الأيدي,عدد,264.0,4.0,120.0,1056.0,كهرباء,CMH_01-EE-253,,بنود أوامر التغيير,201,CMH_01_SMART.xlsx,sheet بنود أوامر التغيير,high,
CMH_01-C01,1,زيادة كمية,254,توريد وتركيب وإختبار وفحص علبة خدمة من نوعية ممتازة تحتوى على  ) أ ( مقابس تغذية أرضية مزدوجة ذات أسلاك 4 مم2 كحد أدنى مركبة على الأرض وتشمل أسلاك التأريض من اللوحة حتى المقابس + )ب( مآخذ للهاتف والبيانات ذات كابلات CAT 6A UTP وحتى كابينة الداتا  وحسب مواصفات إدارة الـ IT  بالوزارة. على المقاول المعاينة و فحص الشبكة الحالية و الاستفادة من التمديدات الحالية و دمجها مع التركيبات الجديدة بعد عمل الاختبارات اللازمة و بعد الموافقة من مهندس المشرف . النوع  )A(  )تحتوى على  4 قوى & 4 داتا (,عدد,2160.0,98.0,120.0,211680.0,كهرباء,CMH_01-EE-254,,بنود أوامر التغيير,202,CMH_01_SMART.xlsx,sheet بنود أوامر التغيير,high,
CMH_01-C01,1,زيادة كمية,255,توريد وتركيب وإختبار وفحص علبة خدمة من نوعية ممتازة تحتوى على  ) أ ( مقابس تغذية أرضية مزدوجة ذات أسلاك 4 مم2 كحد أدنى مركبة على الأرض وتشمل أسلاك التأريض من اللوحة حتى المقابس + )ب( مآخذ للهاتف والبيانات ذات كابلات CAT 6A UTP وحتى كابينة الداتا  وحسب مواصفات إدارة الـ IT  بالوزارة. على المقاول المعاينة و فحص الشبكة الحالية و الاستفادة من التمديدات الحالية و دمجها مع التركيبات الجديدة بعد عمل الاختبارات اللازمة و بعد الموافقة من مهندس المشرف . النوع )B(   )تحتوى على 2 قوى & 2 داتا (,عدد,1800.0,315.0,120.0,567000.0,كهرباء,CMH_01-EE-255,,بنود أوامر التغيير,203,CMH_01_SMART.xlsx,sheet بنود أوامر التغيير,high,
CMH_01-C01,1,تقليل كمية,256,توريد وتركيب وإختبار وفحص علبة خدمة من نوعية ممتازة تحتوى على  ) أ ( مقابس تغذية أرضية مزدوجة ذات أسلاك 4 مم2 كحد أدنى مركبة على الأرض وتشمل أسلاك التأريض من اللوحة حتى المقابس + )ب( مآخذ للهاتف والبيانات ذات كابلات CAT 6A UTP وحتى كابينة الداتا  وحسب مواصفات إدارة الـ IT  بالوزارة. على المقاول المعاينة و فحص الشبكة الحالية و الاستفادة من التمديدات الحالية و دمجها مع التركيبات الجديدة بعد عمل الاختبارات اللازمة و بعد الموافقة من مهندس المشرف . النوع )1FB(   )تحتوى على 1 قوى (,عدد,720.0,-19.0,120.0,-13680.0,كهرباء,CMH_01-EE-256,,بنود أوامر التغيير,204,CMH_01_SMART.xlsx,sheet بنود أوامر التغيير,high,
CMH_01-C01,1,زيادة كمية,257,توريد وتركيب وإختبار وفحص علبة خدمة من نوعية ممتازة تحتوى على  ) أ ( مقابس تغذية أرضية مزدوجة ذات أسلاك 4 مم2 كحد أدنى مركبة على الأرض وتشمل أسلاك التأريض من اللوحة حتى المقابس + )ب( مآخذ للهاتف والبيانات ذات كابلات CAT 6A UTP وحتى كابينة الداتا  وحسب مواصفات إدارة الـ IT  بالوزارة. على المقاول المعاينة و فحص الشبكة الحالية و الاستفادة من التمديدات الحالية و دمجها مع التركيبات الجديدة بعد عمل الاختبارات اللازمة و بعد الموافقة من مهندس المشرف . النوع )2FB(   )تحتوى على 2 قوى (,عدد,960.0,8.0,120.0,7680.0,كهرباء,CMH_01-EE-257,,بنود أوامر التغيير,205,CMH_01_SMART.xlsx,sheet بنود أوامر التغيير,high,
CMH_01-C01,1,تقليل كمية,258, توريد وتركيب وإختبار وفحص علبة خدمة من نوعية ممتازة تحتوى على  ) أ ( مقابس تغذية أرضية مزدوجة ذات أسلاك 4 مم2 كحد أدنى مركبة على الأرض وتشمل أسلاك التأريض من اللوحة حتى وحتى كابينة الداتا  وحسب CAT 6A UTP المقابس + )ب( مآخذ للهاتف والبيانات ذات كابلات .بالوزارة IT  مواصفات إدارة الـ على المقاول المعاينة و فحص الشبكة الحالية و الاستفادة من التمديدات الحالية و دمجها مع التركيبات. الجديدة بعد عمل الاختبارات اللازمة و بعد الموافقة من مهندس المشرف Type JB 1U  ( 2 power & 1 data ),عدد,600.0,-119.0,120.0,-71400.0,كهرباء,CMH_01-EE-258,,بنود أوامر التغيير,206,CMH_01_SMART.xlsx,sheet بنود أوامر التغيير,high,
CMH_01-C01,1,تقليل كمية,259, توريد وتركيب وإختبار وفحص علبة خدمة من نوعية ممتازة تحتوى على  ) أ ( مقابس تغذية أرضية مزدوجة ذات أسلاك 4 مم2 كحد أدنى مركبة على الأرض وتشمل أسلاك التأريض من اللوحة حتى وحتى كابينة الداتا  وحسب CAT 6A UTP المقابس + )ب( مآخذ للهاتف والبيانات ذات كابلات .بالوزارة IT  مواصفات إدارة الـ  على المقاول المعاينة و فحص الشبكة الحالية و الاستفادة من التمديدات الحالية و دمجها مع التركيبات. الجديدة بعد عمل الاختبارات اللازمة و بعد الموافقة من مهندس المشرف Type JB 2U  ( 4 power & 2 data ),عدد,840.0,-75.0,120.0,-63000.0,كهرباء,CMH_01-EE-259,,بنود أوامر التغيير,207,CMH_01_SMART.xlsx,sheet بنود أوامر التغيير,high,
CMH_01-C01,1,تقليل كمية,260, توريد وتركيب وإختبار وفحص علبة خدمة من نوعية ممتازة تحتوى على  ) أ ( مقابس تغذية أرضية مزدوجة ذات أسلاك 4 مم2 كحد أدنى مركبة على الأرض وتشمل أسلاك التأريض من اللوحة حتى وحتى كابينة الداتا  وحسب CAT 6A UTP المقابس + )ب( مآخذ للهاتف والبيانات ذات كابلات .بالوزارة IT  مواصفات إدارة الـ  على المقاول المعاينة و فحص الشبكة الحالية و الاستفادة من التمديدات الحالية و دمجها مع التركيبات. الجديدة بعد عمل الاختبارات اللازمة و بعد الموافقة من مهندس المشرف Type JB 4U ( 8 power & 4 data ),عدد,1440.0,-324.0,120.0,-466560.0,كهرباء,CMH_01-EE-260,,بنود أوامر التغيير,208,CMH_01_SMART.xlsx,sheet بنود أوامر التغيير,high,
CMH_01-C01,1,تقليل كمية,261," توريد وتركيب واختبار والتشغيل التجريبي لمفاتيح فصل على الحمل من النوع عالية التحمل مع ماسورة  التثبيت المعدنية المرنة والمانعة لنفاذ السوائل، وقطع الإكسسوارعلى المقاول المعاينة و فحص الشبكة الحالية و الاستفادة من التمديدات الحالية و دمجها مع التركيبات الجديدة بعد عمل الاختبارات اللازمة و بعدالموافقة من مهندس المشرف  وبالإستطاعات التالية 30 A, 250 V, 2P",عدد,384.0,-30.0,120.0,-11520.0,كهرباء,CMH_01-EE-261,,بنود أوامر التغيير,209,CMH_01_SMART.xlsx,sheet بنود أوامر التغيير,high,
CMH_01-C01,1,تقليل كمية,262,توريد وتركيب وتوصيل وإختبار وفحص اجهزة الإنارة ويشمل اللمبات وأقواس التركيب وحبال التعليق وقطع الأكسسوار و ايضا نقاط الانارة متضمنة مواسير/أقنية قاسية عالية التحمل PVC  أوEMT وعلب ذات أسلاك لاتقل عن 0.4 مم2 لنقطة الإنارة وتوصيل أطراف أسلاك التأريض،وكل الأعمال المساعدة كما هو محدد وموضح في المخططات. على المقاول المعاينة و فحص الشبكة الحالية و الاستفادة من التمديدات الحالية و دمجها  علما بان البند يشمل جميع الوصلات و الاسلاك و الكابلات اللازمة لنهو العمل  بعد عمل الاختبارات اللازمة و بعد الموافقة من مهندس المشرف . Type A1,عدد,348.0,-100.0,120.0,-34800.0,كهرباء,CMH_01-EE-262,,بنود أوامر التغيير,210,CMH_01_SMART.xlsx,sheet بنود أوامر التغيير,high,
CMH_01-C01,1,تقليل كمية,263,توريد وتركيب وتوصيل وإختبار وفحص اجهزة الإنارة ويشمل اللمبات وأقواس التركيب وحبال التعليق وقطع الأكسسوار و ايضا نقاط الانارة متضمنة مواسير/أقنية قاسية عالية التحمل PVC  أوEMT وعلب ذات أسلاك لاتقل عن 0.4 مم2 لنقطة الإنارة وتوصيل أطراف أسلاك التأريض،وكل الأعمال المساعدة كما هو محدد وموضح في المخططات. على المقاول المعاينة و فحص الشبكة الحالية و الاستفادة من التمديدات الحالية و دمجها  علما بان البند يشمل جميع الوصلات و الاسلاك و الكابلات اللازمة لنهو العمل  بعد عمل الاختبارات اللازمة و بعد الموافقة من مهندس المشرف . Type A1E,عدد,660.0,-7.0,120.0,-4620.0,كهرباء,CMH_01-EE-263,,بنود أوامر التغيير,211,CMH_01_SMART.xlsx,sheet بنود أوامر التغيير,high,
CMH_01-C01,1,تقليل كمية,264,توريد وتركيب وتوصيل وإختبار وفحص اجهزة الإنارة ويشمل اللمبات وأقواس التركيب وحبال التعليق وقطع الأكسسوار و ايضا نقاط الانارة متضمنة مواسير/أقنية قاسية عالية التحمل PVC  أوEMT وعلب ذات أسلاك لاتقل عن 0.4 مم2 لنقطة الإنارة وتوصيل أطراف أسلاك التأريض،وكل الأعمال المساعدة كما هو محدد وموضح في المخططات. على المقاول المعاينة و فحص الشبكة الحالية و الاستفادة من التمديدات الحالية و دمجها  علما بان البند يشمل جميع الوصلات و الاسلاك و الكابلات اللازمة لنهو العمل  بعد عمل الاختبارات اللازمة و بعد الموافقة من مهندس المشرف . Type A2,عدد,1044.0,-6.0,120.0,-6264.0,كهرباء,CMH_01-EE-264,,بنود أوامر التغيير,212,CMH_01_SMART.xlsx,sheet بنود أوامر التغيير,high,
CMH_01-C01,1,زيادة كمية,268,توريد وتركيب وتوصيل وإختبار وفحص اجهزة الإنارة ويشمل اللمبات وأقواس التركيب وحبال التعليق وقطع الأكسسوار و ايضا نقاط الانارة متضمنة مواسير/أقنية قاسية عالية التحمل PVC  أوEMT وعلب ذات أسلاك لاتقل عن 0.4 مم2 لنقطة الإنارة وتوصيل أطراف أسلاك التأريض،وكل الأعمال المساعدة كما هو محدد وموضح في المخططات. على المقاول المعاينة و فحص الشبكة الحالية و الاستفادة من التمديدات الحالية و دمجها  علما بان البند يشمل جميع الوصلات و الاسلاك و الكابلات اللازمة لنهو العمل  بعد عمل الاختبارات اللازمة و بعد الموافقة من مهندس المشرف .Type A6,عدد,1044.0,3.0,120.0,3132.0,كهرباء,CMH_01-EE-268,,بنود أوامر التغيير,213,CMH_01_SMART.xlsx,sheet بنود أوامر التغيير,high,
CMH_01-C01,1,زيادة كمية,269,توريد وتركيب وتوصيل وإختبار وفحص اجهزة الإنارة ويشمل اللمبات وأقواس التركيب وحبال التعليق وقطع الأكسسوار و ايضا نقاط الانارة متضمنة مواسير/أقنية قاسية عالية التحمل PVC  أوEMT وعلب ذات أسلاك لاتقل عن 0.4 مم2 لنقطة الإنارة وتوصيل أطراف أسلاك التأريض،وكل الأعمال المساعدة كما هو محدد وموضح في المخططات. على المقاول المعاينة و فحص الشبكة الحالية و الاستفادة من التمديدات الحالية و دمجها  علما بان البند يشمل جميع الوصلات و الاسلاك و الكابلات اللازمة لنهو العمل  بعد عمل الاختبارات اللازمة و بعد الموافقة من مهندس المشرف . Type A7,عدد,1044.0,4.0,120.0,4176.0,كهرباء,CMH_01-EE-269,,بنود أوامر التغيير,214,CMH_01_SMART.xlsx,sheet بنود أوامر التغيير,high,
CMH_01-C01,1,تقليل كمية,272,توريد وتركيب وتوصيل وإختبار وفحص اجهزة الإنارة ويشمل اللمبات وأقواس التركيب وحبال التعليق وقطع الأكسسوار و ايضا نقاط الانارة متضمنة مواسير/أقنية قاسية عالية التحمل PVC  أوEMT وعلب ذات أسلاك لاتقل عن 0.4 مم2 لنقطة الإنارة وتوصيل أطراف أسلاك التأريض،وكل الأعمال المساعدة كما هو محدد وموضح في المخططات. على المقاول المعاينة و فحص الشبكة الحالية و الاستفادة من التمديدات الحالية و دمجها  علما بان البند يشمل جميع الوصلات و الاسلاك و الكابلات اللازمة لنهو العمل  بعد عمل الاختبارات اللازمة و بعد الموافقة من مهندس المشرف .Type B1,عدد,720.0,-246.0,120.0,-177120.0,كهرباء,CMH_01-EE-272,,بنود أوامر التغيير,215,CMH_01_SMART.xlsx,sheet بنود أوامر التغيير,high,
CMH_01-C01,1,تقليل كمية,273,توريد وتركيب وتوصيل وإختبار وفحص اجهزة الإنارة ويشمل اللمبات وأقواس التركيب وحبال التعليق وقطع الأكسسوار و ايضا نقاط الانارة متضمنة مواسير/أقنية قاسية عالية التحمل PVC  أوEMT وعلب ذات أسلاك لاتقل عن 0.4 مم2 لنقطة الإنارة وتوصيل أطراف أسلاك التأريض،وكل الأعمال المساعدة كما هو محدد وموضح في المخططات. على المقاول المعاينة و فحص الشبكة الحالية و الاستفادة من التمديدات الحالية و دمجها  علما بان البند يشمل جميع الوصلات و الاسلاك و الكابلات اللازمة لنهو العمل  بعد عمل الاختبارات اللازمة و بعد الموافقة من مهندس المشرف .Type B2,عدد,780.0,-46.0,120.0,-35880.0,كهرباء,CMH_01-EE-273,,بنود أوامر التغيير,216,CMH_01_SMART.xlsx,sheet بنود أوامر التغيير,high,
CMH_01-C01,1,تقليل كمية,274,توريد وتركيب وتوصيل وإختبار وفحص اجهزة الإنارة ويشمل اللمبات وأقواس التركيب وحبال التعليق وقطع الأكسسوار و ايضا نقاط الانارة متضمنة مواسير/أقنية قاسية عالية التحمل PVC  أوEMT وعلب ذات أسلاك لاتقل عن 0.4 مم2 لنقطة الإنارة وتوصيل أطراف أسلاك التأريض،وكل الأعمال المساعدة كما هو محدد وموضح في المخططات.على المقاول المعاينة و فحص الشبكة الحالية و الاستفادة من التمديدات الحالية و دمجها  علما بان البند يشمل جميع الوصلات و الاسلاك و الكابلات اللازمة لنهو العمل  بعد عمل الاختبارات اللازمة و بعد الموافقة من مهندس المشرف .Type C1,عدد,1128.0,-28.0,120.0,-31584.0,كهرباء,CMH_01-EE-274,,بنود أوامر التغيير,217,CMH_01_SMART.xlsx,sheet بنود أوامر التغيير,high,
CMH_01-C01,1,تقليل كمية,275,توريد وتركيب وتوصيل وإختبار وفحص اجهزة الإنارة ويشمل اللمبات وأقواس التركيب وحبال التعليق وقطع الأكسسوار و ايضا نقاط الانارة متضمنة مواسير/أقنية قاسية عالية التحمل PVC  أوEMT وعلب ذات أسلاك لاتقل عن 0.4 مم2 لنقطة الإنارة وتوصيل أطراف أسلاك التأريض،وكل الأعمال المساعدة كما هو محدد وموضح في المخططات. على المقاول المعاينة و فحص الشبكة الحالية و الاستفادة من التمديدات الحالية و دمجها  علما بان البند يشمل جميع الوصلات و الاسلاك و الكابلات اللازمة لنهو العمل  بعد عمل الاختبارات اللازمة و بعد الموافقة من مهندس المشرف .Type C2,عدد,420.0,-140.0,120.0,-58800.0,كهرباء,CMH_01-EE-275,,بنود أوامر التغيير,218,CMH_01_SMART.xlsx,sheet بنود أوامر التغيير,high,
CMH_01-C01,1,زيادة كمية,276,توريد وتركيب وتوصيل وإختبار وفحص اجهزة الإنارة ويشمل اللمبات وأقواس التركيب وحبال التعليق وقطع الأكسسوار و ايضا نقاط الانارة متضمنة مواسير/أقنية قاسية عالية التحمل PVC  أوEMT وعلب ذات أسلاك لاتقل عن 0.4 مم2 لنقطة الإنارة وتوصيل أطراف أسلاك التأريض،وكل الأعمال المساعدة كما هو محدد وموضح في المخططات. على المقاول المعاينة و فحص الشبكة الحالية و الاستفادة من التمديدات الحالية و دمجها  علما بان البند يشمل جميع الوصلات و الاسلاك و الكابلات اللازمة لنهو العمل  بعد عمل الاختبارات اللازمة و بعد الموافقة من مهندس المشرف .Type C3,عدد,444.0,63.0,120.0,27972.0,كهرباء,CMH_01-EE-276,,بنود أوامر التغيير,219,CMH_01_SMART.xlsx,sheet بنود أوامر التغيير,high,
CMH_01-C01,1,زيادة كمية,277,توريد وتركيب وتوصيل وإختبار وفحص اجهزة الإنارة ويشمل اللمبات وأقواس التركيب وحبال التعليق وقطع الأكسسوار و ايضا نقاط الانارة متضمنة مواسير/أقنية قاسية عالية التحمل PVC  أوEMT وعلب ذات أسلاك لاتقل عن 0.4 مم2 لنقطة الإنارة وتوصيل أطراف أسلاك التأريض،وكل الأعمال المساعدة كما هو محدد وموضح في المخططات. على المقاول المعاينة و فحص الشبكة الحالية و الاستفادة من التمديدات الحالية و دمجها  علما بان البند يشمل جميع الوصلات و الاسلاك و الكابلات اللازمة لنهو العمل  بعد عمل الاختبارات اللازمة و بعد الموافقة من مهندس المشرف .Type C4,عدد,300.0,1.0,120.0,300.0,كهرباء,CMH_01-EE-277,,بنود أوامر التغيير,220,CMH_01_SMART.xlsx,sheet بنود أوامر التغيير,high,
CMH_01-C01,1,تقليل كمية,278,توريد وتركيب وتوصيل وإختبار وفحص اجهزة الإنارة ويشمل اللمبات وأقواس التركيب وحبال التعليق وقطع الأكسسوار و ايضا نقاط الانارة متضمنة مواسير/أقنية قاسية عالية التحمل PVC  أوEMT وعلب ذات أسلاك لاتقل عن 0.4 مم2 لنقطة الإنارة وتوصيل أطراف أسلاك التأريض،وكل الأعمال المساعدة كما هو محدد وموضح في المخططات. على المقاول المعاينة و فحص الشبكة الحالية و الاستفادة من التمديدات الحالية و دمجها  علما بان البند يشمل جميع الوصلات و الاسلاك و الكابلات اللازمة لنهو العمل  بعد عمل الاختبارات اللازمة و بعد الموافقة من مهندس المشرف .Type C5,عدد,438.0,-16.0,120.0,-7008.0,كهرباء,CMH_01-EE-278,,بنود أوامر التغيير,221,CMH_01_SMART.xlsx,sheet بنود أوامر التغيير,high,
CMH_01-C01,1,زيادة كمية,279,توريد وتركيب وتوصيل وإختبار وفحص اجهزة الإنارة ويشمل اللمبات وأقواس التركيب وحبال التعليق وقطع الأكسسوار و ايضا نقاط الانارة متضمنة مواسير/أقنية قاسية عالية التحمل PVC  أوEMT وعلب ذات أسلاك لاتقل عن 0.4 مم2 لنقطة الإنارة وتوصيل أطراف أسلاك التأريض،وكل الأعمال المساعدة كما هو محدد وموضح في المخططات.على المقاول المعاينة و فحص الشبكة الحالية و الاستفادة من التمديدات الحالية و دمجها  علما بان البند يشمل جميع الوصلات و الاسلاك و الكابلات اللازمة لنهو العمل  بعد عمل الاختبارات اللازمة و بعد الموافقة من مهندس المشرف .Type C6,عدد,288.0,12.0,120.0,3456.0,كهرباء,CMH_01-EE-279,,بنود أوامر التغيير,222,CMH_01_SMART.xlsx,sheet بنود أوامر التغيير,high,
CMH_01-C01,1,زيادة كمية,283,توريد وتركيب وتوصيل وإختبار وفحص اجهزة الإنارة ويشمل اللمبات وأقواس التركيب وحبال التعليق وقطع الأكسسوار و ايضا نقاط الانارة متضمنة مواسير/أقنية قاسية عالية التحمل PVC  أوEMT وعلب ذات أسلاك لاتقل عن 0.4 مم2 لنقطة الإنارة وتوصيل أطراف أسلاك التأريض،وكل الأعمال المساعدة كما هو محدد وموضح في المخططات. على المقاول المعاينة و فحص الشبكة الحالية و الاستفادة من التمديدات الحالية و دمجها  علما بان البند يشمل جميع الوصلات و الاسلاك و الكابلات اللازمة لنهو العمل  بعد عمل الاختبارات اللازمة و بعد الموافقة من مهندس المشرف .Type D3,عدد,288.0,112.0,120.0,32256.0,كهرباء,CMH_01-EE-283,,بنود أوامر التغيير,223,CMH_01_SMART.xlsx,sheet بنود أوامر التغيير,high,
CMH_01-C01,1,زيادة كمية,286,توريد وتركيب وتوصيل وإختبار وفحص اجهزة الإنارة ويشمل اللمبات وأقواس التركيب وحبال التعليق وقطع الأكسسوار و ايضا نقاط الانارة متضمنة مواسير/أقنية قاسية عالية التحمل PVC  أوEMT وعلب ذات أسلاك لاتقل عن 0.4 مم2 لنقطة الإنارة وتوصيل أطراف أسلاك التأريض،وكل الأعمال المساعدة كما هو محدد وموضح في المخططات. على المقاول المعاينة و فحص الشبكة الحالية و الاستفادة من التمديدات الحالية و دمجها  علما بان البند يشمل جميع الوصلات و الاسلاك و الكابلات اللازمة لنهو العمل  بعد عمل الاختبارات اللازمة و بعد الموافقة من مهندس المشرف . Type E2,عدد,504.0,55.0,120.0,27720.0,كهرباء,CMH_01-EE-286,,بنود أوامر التغيير,224,CMH_01_SMART.xlsx,sheet بنود أوامر التغيير,high,
CMH_01-C01,1,تقليل كمية,288,توريد وتركيب وتوصيل وإختبار وفحص اجهزة الإنارة ويشمل اللمبات وأقواس التركيب وحبال التعليق وقطع الأكسسوار و ايضا نقاط الانارة متضمنة مواسير/أقنية قاسية عالية التحمل PVC  أوEMT وعلب ذات أسلاك لاتقل عن 0.4 مم2 لنقطة الإنارة وتوصيل أطراف أسلاك التأريض،وكل الأعمال المساعدة كما هو محدد وموضح في المخططات. على المقاول المعاينة و فحص الشبكة الحالية و الاستفادة من التمديدات الحالية و دمجها  علما بان البند يشمل جميع الوصلات و الاسلاك و الكابلات اللازمة لنهو العمل  بعد عمل الاختبارات اللازمة و بعد الموافقة من مهندس المشرف .Type LB1,م.ط,170.4,-464.1,120.0,-79082.64,كهرباء,CMH_01-EE-288,,بنود أوامر التغيير,225,CMH_01_SMART.xlsx,sheet بنود أوامر التغيير,high,
CMH_01-C01,1,تقليل كمية,289,توريد وتركيب وتوصيل وإختبار وفحص اجهزة الإنارة ويشمل اللمبات وأقواس التركيب وحبال التعليق وقطع الأكسسوار و ايضا نقاط الانارة متضمنة مواسير/أقنية قاسية عالية التحمل PVC  أوEMT وعلب ذات أسلاك لاتقل عن 0.4 مم2 لنقطة الإنارة وتوصيل أطراف أسلاك التأريض،وكل الأعمال المساعدة كما هو محدد وموضح في المخططات. على المقاول المعاينة و فحص الشبكة الحالية و الاستفادة من التمديدات الحالية و دمجها  علما بان البند يشمل جميع الوصلات و الاسلاك و الكابلات اللازمة لنهو العمل  بعد عمل الاختبارات اللازمة و بعد الموافقة من مهندس المشرف . Type LB2,عدد,13800.0,-2.0,120.0,-27600.0,كهرباء,CMH_01-EE-289,,بنود أوامر التغيير,226,CMH_01_SMART.xlsx,sheet بنود أوامر التغيير,high,
CMH_01-C01,1,زيادة كمية,291,توريد وتركيب وتوصيل وإختبار وفحص اجهزة الإنارة ويشمل اللمبات وأقواس التركيب وحبال التعليق وقطع الأكسسوار و ايضا نقاط الانارة متضمنة مواسير/أقنية قاسية عالية التحمل PVC  أوEMT وعلب ذات أسلاك لاتقل عن 0.4 مم2 لنقطة الإنارة وتوصيل أطراف أسلاك التأريض،وكل الأعمال المساعدة كما هو محدد وموضح في المخططات. على المقاول المعاينة و فحص الشبكة الحالية و الاستفادة من التمديدات الحالية و دمجها  علما بان البند يشمل جميع الوصلات و الاسلاك و الكابلات اللازمة لنهو العمل  بعد عمل الاختبارات اللازمة و بعد الموافقة من مهندس المشرف .Type LB4,عدد,1104.0,4.0,120.0,4416.0,كهرباء,CMH_01-EE-291,,بنود أوامر التغيير,227,CMH_01_SMART.xlsx,sheet بنود أوامر التغيير,high,
CMH_01-C01,1,زيادة كمية,292, توريد وتركيب وتوصيل وإختبار وفحص اجهزة الإنارة ويشمل اللمبات وأقواس التركيب وحبال التعليق وعلبEMT أو PVC  وقطع الأكسسوار و ايضا نقاط الانارة متضمنة مواسير/أقنية قاسية عالية التحمل ذات أسلاك لاتقل عن 0.4 مم2 لنقطة الإنارة وتوصيل أطراف أسلاك التأريض،وكل الأعمال المساعدة كما.هو محدد وموضح في المخططات  على المقاول المعاينة و فحص الشبكة الحالية و الاستفادة من التمديدات الحالية و دمجها  علما بان البند يشمل جميع الوصلات و الاسلاك و الكابلات اللازمة لنهو العمل  بعد عمل الاختبارات اللازمة و بعد. الموافقة من مهندس المشرف Type LB5,م.ط,174.0,340.9,120.0,59316.6,كهرباء,CMH_01-EE-292,,بنود أوامر التغيير,228,CMH_01_SMART.xlsx,sheet بنود أوامر التغيير,high,
CMH_01-C01,1,زيادة كمية,293,توريد وتركيب وتوصيل وإختبار وفحص اجهزة الإنارة ويشمل اللمبات وأقواس التركيب وحبال التعليق وقطع الأكسسوار و ايضا نقاط الانارة متضمنة مواسير/أقنية قاسية عالية التحمل PVC  أوEMT وعلب ذات أسلاك لاتقل عن 0.4 مم2 لنقطة الإنارة وتوصيل أطراف أسلاك التأريض،وكل الأعمال المساعدة كما هو محدد وموضح في المخططات. على المقاول المعاينة و فحص الشبكة الحالية و الاستفادة من التمديدات الحالية و دمجها  علما بان البند يشمل جميع الوصلات و الاسلاك و الكابلات اللازمة لنهو العمل  بعد عمل الاختبارات اللازمة و بعد الموافقة من مهندس المشرف .Type LB6,م.ط,174.0,84.8,120.0,14755.199999999999,كهرباء,CMH_01-EE-293,,بنود أوامر التغيير,229,CMH_01_SMART.xlsx,sheet بنود أوامر التغيير,high,
CMH_01-C01,1,زيادة كمية,294,توريد وتركيب وتوصيل وإختبار وفحص اجهزة الإنارة ويشمل اللمبات وأقواس التركيب وحبال التعليق وقطع الأكسسوار و ايضا نقاط الانارة متضمنة مواسير/أقنية قاسية عالية التحمل PVC  أوEMT وعلب ذات أسلاك لاتقل عن 0.4 مم2 لنقطة الإنارة وتوصيل أطراف أسلاك التأريض،وكل الأعمال المساعدة كما هو محدد وموضح في المخططات. على المقاول المعاينة و فحص الشبكة الحالية و الاستفادة من التمديدات الحالية و دمجها  علما بان البند يشمل جميع الوصلات و الاسلاك و الكابلات اللازمة لنهو العمل  بعد عمل الاختبارات اللازمة و بعد الموافقة من مهندس المشرف .Type LB7,عدد,174.0,2.0,120.0,348.0,كهرباء,CMH_01-EE-294,,بنود أوامر التغيير,230,CMH_01_SMART.xlsx,sheet بنود أوامر التغيير,high,
CMH_01-C01,1,تقليل كمية,295,توريد وتركيب وتوصيل وإختبار وفحص اجهزة الإنارة ويشمل اللمبات وأقواس التركيب وحبال التعليق وقطع الأكسسوار و ايضا نقاط الانارة متضمنة مواسير/أقنية قاسية عالية التحمل PVC  أوEMT وعلب ذات أسلاك لاتقل عن 0.4 مم2 لنقطة الإنارة وتوصيل أطراف أسلاك التأريض،وكل الأعمال المساعدة كما هو محدد وموضح في المخططات. على المقاول المعاينة و فحص الشبكة الحالية و الاستفادة من التمديدات الحالية و دمجها  علما بان البند يشمل جميع الوصلات و الاسلاك و الكابلات اللازمة لنهو العمل  بعد عمل الاختبارات اللازمة و بعد الموافقة من مهندس المشرف .Type ES-1,عدد,360.0,-118.0,120.0,-42480.0,كهرباء,CMH_01-EE-295,,بنود أوامر التغيير,231,CMH_01_SMART.xlsx,sheet بنود أوامر التغيير,high,
CMH_01-C01,1,تقليل كمية,296,توريد وتركيب وتوصيل وإختبار وفحص اجهزة الإنارة ويشمل اللمبات وأقواس التركيب وحبال التعليق وقطع الأكسسوار و ايضا نقاط الانارة متضمنة مواسير/أقنية قاسية عالية التحمل PVC  أوEMT وعلب ذات أسلاك لاتقل عن 0.4 مم2 لنقطة الإنارة وتوصيل أطراف أسلاك التأريض،وكل الأعمال المساعدة كما هو محدد وموضح في المخططات. على المقاول المعاينة و فحص الشبكة الحالية و الاستفادة من التمديدات الحالية و دمجها  علما بان البند يشمل جميع الوصلات و الاسلاك و الكابلات اللازمة لنهو العمل  بعد عمل الاختبارات اللازمة و بعد الموافقة من مهندس المشرف . Type E2,عدد,504.0,-248.0,120.0,-124992.0,كهرباء,CMH_01-EE-296,,بنود أوامر التغيير,232,CMH_01_SMART.xlsx,sheet بنود أوامر التغيير,high,
CMH_01-C01,1,تقليل كمية,297,توريد وتركيب وتوصيل وإختبار وفحص اجهزة الإنارة ويشمل اللمبات وأقواس التركيب وحبال التعليق وقطع الأكسسوار و ايضا نقاط الانارة متضمنة مواسير/أقنية قاسية عالية التحمل PVC  أوEMT وعلب ذات أسلاك لاتقل عن 0.4 مم2 لنقطة الإنارة وتوصيل أطراف أسلاك التأريض،وكل الأعمال المساعدة كما هو محدد وموضح في المخططات. على المقاول المعاينة و فحص الشبكة الحالية و الاستفادة من التمديدات الحالية و دمجها  علما بان البند يشمل جميع الوصلات و الاسلاك و الكابلات اللازمة لنهو العمل  بعد عمل الاختبارات اللازمة و بعد الموافقة من مهندس المشرف . Type E3,عدد,420.0,-260.0,120.0,-109200.0,كهرباء,CMH_01-EE-297,,بنود أوامر التغيير,233,CMH_01_SMART.xlsx,sheet بنود أوامر التغيير,high,
CMH_01-C01,1,زيادة كمية,298,توريد وتركيب وتوصيل وإختبار وفحص اجهزة الإنارة ويشمل اللمبات وأقواس التركيب وحبال التعليق وقطع الأكسسوار و ايضا نقاط الانارة متضمنة مواسير/أقنية قاسية عالية التحمل PVC  أوEMT وعلب ذات أسلاك لاتقل عن 0.4 مم2 لنقطة الإنارة وتوصيل أطراف أسلاك التأريض،وكل الأعمال المساعدة كما هو محدد وموضح في المخططات. على المقاول المعاينة و فحص الشبكة الحالية و الاستفادة من التمديدات الحالية و دمجها  علما بان البند يشمل جميع الوصلات و الاسلاك و الكابلات اللازمة لنهو العمل  بعد عمل الاختبارات اللازمة و بعد الموافقة من مهندس المشرف . Type P1,عدد,420.0,35.0,120.0,14700.0,كهرباء,CMH_01-EE-298,,بنود أوامر التغيير,234,CMH_01_SMART.xlsx,sheet بنود أوامر التغيير,high,
CMH_01-C01,1,تقليل كمية,299,توريد وتركيب وتوصيل وإختبار وفحص اجهزة الإنارة ويشمل اللمبات وأقواس التركيب وحبال التعليق وقطع الأكسسوار و ايضا نقاط الانارة متضمنة مواسير/أقنية قاسية عالية التحمل PVC  أوEMT وعلب ذات أسلاك لاتقل عن 0.4 مم2 لنقطة الإنارة وتوصيل أطراف أسلاك التأريض،وكل الأعمال المساعدة كما هو محدد وموضح في المخططات. على المقاول المعاينة و فحص الشبكة الحالية و الاستفادة من التمديدات الحالية و دمجها  علما بان البند يشمل جميع الوصلات و الاسلاك و الكابلات اللازمة لنهو العمل  بعد عمل الاختبارات اللازمة و بعد الموافقة من مهندس المشرف . Type T1,عدد,744.0,-129.0,120.0,-95976.0,كهرباء,CMH_01-EE-299,,بنود أوامر التغيير,235,CMH_01_SMART.xlsx,sheet بنود أوامر التغيير,high,
CMH_01-C01,1,زيادة كمية,303,توريد وتركيب وتوصيل واختبار مفاتيح التحكم بالإنارة / أزرار كبس 10 أمبير، 230 فولت، وتشمل كل المواسير معزولة ب  PVC وأسلاك نحاس  0.4 مم2 حتى وحدات الانارة حسب الموضح على المخططات وحسب المواصفات على المقاول المعاينة و فحص الشبكة الحالية و الاستفادة من التمديدات الحالية و دمجها مع التركيبات الجديدة بعد عمل الاختبارات اللازمة و بعد الموافقة من مهندس المشرف . مفتاح أحادي ، أحادي الكباّس، 10 أمبير,عدد,216.0,153.0,120.0,33048.0,كهرباء,CMH_01-EE-303,,بنود أوامر التغيير,236,CMH_01_SMART.xlsx,sheet بنود أوامر التغيير,high,
CMH_01-C01,1,زيادة كمية,304,توريد وتركيب وتوصيل واختبار مفاتيح التحكم بالإنارة / أزرار كبس 10 أمبير، 230 فولت، وتشمل كل المواسير معزولة ب  PVC وأسلاك نحاس  0.4 مم2 حتى وحدات الانارة حسب الموضح على المخططات وحسب المواصفات. على المقاول المعاينة و فحص الشبكة الحالية و الاستفادة من التمديدات الحالية و دمجها مع التركيبات الجديدة بعد عمل الاختبارات اللازمة و بعد الموافقة من مهندس المشرف .مفتاح أحادي ، ثنائي الكباّس، 10 أمبير,عدد,216.0,91.0,120.0,19656.0,كهرباء,CMH_01-EE-304,,بنود أوامر التغيير,237,CMH_01_SMART.xlsx,sheet بنود أوامر التغيير,high,
CMH_01-C01,1,تقليل كمية,305,توريد وتركيب وتوصيل واختبار مفاتيح التحكم بالإنارة / أزرار كبس 10 أمبير، 230 فولت، وتشمل كل المواسير معزولة ب  PVC وأسلاك نحاس  0.4 مم2 حتى وحدات الانارة حسب الموضح على المخططات وحسب المواصفات. على المقاول المعاينة و فحص الشبكة الحالية و الاستفادة من التمديدات الحالية و دمجها مع التركيبات الجديدة بعد عمل الاختبارات اللازمة و بعد الموافقة من مهندس المشرف .مفتاح ثلاثي ، ثلاثي الكباّس، 10 أمبير,عدد,120.0,-108.0,120.0,-12960.0,كهرباء,CMH_01-EE-305,,بنود أوامر التغيير,238,CMH_01_SMART.xlsx,sheet بنود أوامر التغيير,high,
CMH_01-C01,1,زيادة كمية,306,توريد وتركيب وتوصيل واختبار مفاتيح التحكم بالإنارة / أزرار كبس 10 أمبير، 230 فولت، وتشمل كل المواسير معزولة ب  PVC وأسلاك نحاس  0.4 مم2 حتى وحدات الانارة حسب الموضح على المخططات وحسب المواصفات. على المقاول المعاينة و فحص الشبكة الحالية و الاستفادة من التمديدات الحالية و دمجها مع التركيبات الجديدة بعد عمل الاختبارات اللازمة و بعد الموافقة من مهندس المشرف .مفتاح ثنائي ، ثنائي الكباّس، 10 أمبير,عدد,216.0,215.0,120.0,46440.0,كهرباء,CMH_01-EE-306,,بنود أوامر التغيير,239,CMH_01_SMART.xlsx,sheet بنود أوامر التغيير,high,
CMH_01-C01,1,زيادة كمية,307," توريد وتركيب وتوصيل وتجريب مفاتيح ذات أضواء دليلية وتشمل الماسورة والأسلاك حسب المبيّن على.المخططات و ذلك لسخانات المياه  وحسب المواصفات 20 Amp., 230 V, 1PH",عدد,300.0,9.0,120.0,2700.0,كهرباء,CMH_01-EE-307,,بنود أوامر التغيير,240,CMH_01_SMART.xlsx,sheet بنود أوامر التغيير,high,
CMH_01-C01,1,تقليل كمية,309, كاشف انذار دخان من النوع المعنون طبقا للمخططات  ومواصفات المشروع,عدد,276.0,-3.0,120.0,-828.0,كهرباء,CMH_01-EE-309,,بنود أوامر التغيير,241,CMH_01_SMART.xlsx,sheet بنود أوامر التغيير,high,
CMH_01-C01,1,تقليل كمية,310,كاشف إنذار حراري من النوع المعنون طبقا للمخططات  ومواصفات المشروع,عدد,300.0,-12.0,120.0,-3600.0,كهرباء,CMH_01-EE-310,,بنود أوامر التغيير,242,CMH_01_SMART.xlsx,sheet بنود أوامر التغيير,high,
CMH_01-C01,1,تقليل كمية,311, وحدة إنذار حريق يدوية من النوع المعنون طبقا للمخططات  ومواصفات المشروع,عدد,384.0,-10.0,120.0,-3840.0,كهرباء,CMH_01-EE-311,,بنود أوامر التغيير,243,CMH_01_SMART.xlsx,sheet بنود أوامر التغيير,high,
CMH_01-C01,1,تقليل كمية,312,وحدة عزل )fault isolator( من النوع المعنون طبقا للمخططات  ومواصفات المشروع,عدد,108.0,-46.0,120.0,-4968.0,كهرباء,CMH_01-EE-312,,بنود أوامر التغيير,244,CMH_01_SMART.xlsx,sheet بنود أوامر التغيير,high,
CMH_01-C01,1,تقليل كمية,315,وحدة هاتف رجل الاطفاء حريق داخلى )fireman telephone Jack ( طبقا للمخططات  ومواصفات المشروع,عدد,960.0,-5.0,120.0,-4800.0,كهرباء,CMH_01-EE-315,,بنود أوامر التغيير,245,CMH_01_SMART.xlsx,sheet بنود أوامر التغيير,high,
CMH_01-C01,1,تقليل كمية,316,وحدات لاسلكية لتوفير خدمة شبكة المعلومات )Wireless Access Points(,عدد,1080.0,-4.0,120.0,-4320.0,كهرباء,CMH_01-EE-316,,بنود أوامر التغيير,246,CMH_01_SMART.xlsx,sheet بنود أوامر التغيير,high,
CMH_01-C01,1,تقليل كمية,317,عن طريق مقاول متخصص ذو خبرة كبيرة في هذا المجال ويقدم للاعتماد من إدارة الـ IT بالوزارة و يربط النظام مع الانظمة المعنية بالتحكم و الموازنة و يشمل البند جميع الوصلات و الكابلات و غيرها من المتطلبات الخاصة بنهو النظام كاملا توريد وتركيب واختبارنقاط كاميرا مراقبة داخلية سقفية و جميع ما يلزم من توصيلات و تركيبات و خلافة  لنهو النظام .,عدد,2640.0,-2.0,120.0,-5280.0,كهرباء,CMH_01-EE-317,,بنود أوامر التغيير,247,CMH_01_SMART.xlsx,sheet بنود أوامر التغيير,high,
CMH_01-C01,1,تقليل كمية,318,توريد وتركيب واختبار نظام التحكم فى الدخول بروتوكول IP  مع البرامج الخاصة بنظام التحكم بتقنية dual RFID integration ، مع المواسير والكابلات وكل الملحقات لضمان عمل النظام على الوجه الاكمل وحسب المواصفات والمخططات وتعليمات الشركة المصنعة وتعليمات ومواصفات إدارة الـ IT بالوزارة و كل ما يلزم من مواد وأعمال كهربائية و مدنية مع تقديم ضمان من المصنع لمدة )3 سنوات( لكافة مكونات النظام وخدمة الصيانة من مراكز المصنع بالمملكة ، ويحتوي النظام علي البنود التالية :  لوحة التحكم الرئيسية فى الابواب )IASC( ذات دارة خرج  )poE - ( IP,عدد,2904.0,-120.0,120.0,-348480.0,كهرباء,CMH_01-EE-318,,بنود أوامر التغيير,248,CMH_01_SMART.xlsx,sheet بنود أوامر التغيير,high,
CMH_01-C01,1,تقليل كمية,319,"وريد وتركيب واختبار نظام التحكم فى الدخول بروتوكول IP مع البرامج الخاصة بنظام التحكم بتقنية integration RFID dual ، مع المواسير والكابالت وكل الملحقات لضمان عمل النظام على الوجه االكمل وحسب المواصفات والمخططات وتعليمات الشركة المصنعة وتعليمات ومواصفات إدارة الـ IT
بالوزارة و كل ما يلزم من مواد وأعمال كهربائية و مدنية مع تقديم ضمان من المصنع لمدة 3( سنوات)
لكافة مكونات النظام وخدمة الصيانة من مراكز المصنع بالمملكة ، ويحتوي النظام علي البنود التالية :
وحدة قارىء من النوع التقاربى      ( reader card Proximity )",عدد,990.0,-182.0,120.0,-180180.0,كهرباء,CMH_01-EE-319,,بنود أوامر التغيير,249,CMH_01_SMART.xlsx,sheet بنود أوامر التغيير,high,
CMH_01-C01,1,تقليل كمية,320,"توريد وتركيب واختبار نظام التحكم فى الدخول بروتوكول IP مع البرامج الخاصة بنظام التحكم بتقنية integration RFID dual ، مع المواسير والكابالت وكل الملحقات لضمان عمل النظام على الوجه االكمل وحسب المواصفات والمخططات وتعليمات الشركة المصنعة وتعليمات ومواصفات إدارة الـ IT
بالوزارة و كل ما يلزم من مواد وأعمال كهربائية و مدنية مع تقديم ضمان من المصنع لمدة 3( سنوات)
لكافة مكونات النظام وخدمة الصيانة من مراكز المصنع بالمملكة ، ويحتوي النظام علي البنود التالية :
بطاقات تعريف ذكية",عدد,72.0,-500.0,120.0,-36000.0,كهرباء,CMH_01-EE-320,,بنود أوامر التغيير,250,CMH_01_SMART.xlsx,sheet بنود أوامر التغيير,high,
CMH_01-C01,1,تقليل كمية,321,"توريد وتركيب واختبار نظام التحكم فى الدخول بروتوكول IP مع البرامج الخاصة بنظام التحكم بتقنية integration RFID dual ، مع المواسير والكابالت وكل الملحقات لضمان عمل النظام على الوجه االكمل وحسب المواصفات والمخططات وتعليمات الشركة المصنعة وتعليمات ومواصفات إدارة الـ IT
بالوزارة و كل ما يلزم من مواد وأعمال كهربائية و مدنية مع تقديم ضمان من المصنع لمدة 3( سنوات)
لكافة مكونات النظام وخدمة الصيانة من مراكز المصنع بالمملكة ، ويحتوي النظام علي البنود التالية :
وحدة قفل كهربائى       locks( door magnetic )Electro",عدد,948.0,-116.0,120.0,-109968.0,كهرباء,CMH_01-EE-321,,بنود أوامر التغيير,251,CMH_01_SMART.xlsx,sheet بنود أوامر التغيير,high,
CMH_01-C01,1,تقليل كمية,322,"توريد وتركيب واختبار نظام التحكم فى الدخول بروتوكول IP مع البرامج الخاصة بنظام التحكم بتقنية integration RFID dual ، مع المواسير والكابالت وكل الملحقات لضمان عمل النظام على الوجه االكمل وحسب المواصفات والمخططات وتعليمات الشركة المصنعة وتعليمات ومواصفات إدارة الـ IT
بالوزارة و كل ما يلزم من مواد وأعمال كهربائية و مدنية مع تقديم ضمان من المصنع لمدة 3( سنوات)
لكافة مكونات النظام وخدمة الصيانة من مراكز المصنع بالمملكة ، ويحتوي النظام علي البنود التالية :
وحدة قفل كهربائى لبابين      locks( door magnetic )Electro",عدد,1380.0,-95.0,120.0,-131100.0,كهرباء,CMH_01-EE-322,,بنود أوامر التغيير,252,CMH_01_SMART.xlsx,sheet بنود أوامر التغيير,high,
CMH_01-C01,1,تقليل كمية,323,"توريد وتركيب واختبار نظام التحكم فى الدخول بروتوكول IP مع البرامج الخاصة بنظام التحكم بتقنية integration RFID dual ، مع المواسير والكابالت وكل الملحقات لضمان عمل النظام على الوجه االكمل وحسب المواصفات والمخططات وتعليمات الشركة المصنعة وتعليمات ومواصفات إدارة الـ IT
بالوزارة و كل ما يلزم من مواد وأعمال كهربائية و مدنية مع تقديم ضمان من المصنع لمدة 3( سنوات)
لكافة مكونات النظام وخدمة الصيانة من مراكز المصنع بالمملكة ، ويحتوي النظام علي البنود التالية :
وحدة زر خروج من النوع button( )Push",عدد,606.0,-218.0,120.0,-132108.0,كهرباء,CMH_01-EE-323,,بنود أوامر التغيير,253,CMH_01_SMART.xlsx,sheet بنود أوامر التغيير,high,
CMH_01-C01,1,تقليل كمية,324,"توريد وتركيب وإختبار نظام النداء الصوتي العام يتضمن كافة الكابالت و المواسير و العلب و النهايات مع كامل اكسسوارات التركيب الالزمة وتشغيل تجهيزات الصوت و تركيب المعدات الرئيسية بغرفة التحكم حسب المخططات و المواصفات وتعليمات الشركة المصنعة مشتمال على كل ما يلزم التمام العمل
و ربطه مع نظام الحريق و ادارة المبنى و يتكون من االتي -:
سماعة سقفية 6 وات
",عدد,420.0,-40.0,120.0,-16800.0,كهرباء,CMH_01-EE-324,,بنود أوامر التغيير,254,CMH_01_SMART.xlsx,sheet بنود أوامر التغيير,high,
CMH_01-C01,1,تقليل كمية,326,"هيز وتركيب وإختبار لنظام الصوت و الصورة بغرفة اإلجتماعات conferance( )video ويتضمن كافة الكابالت و المواسير و العلب و النهايات مع كامل اكسسوارات التركيب الالزمة شامال و الملحقات
الالزمة ا لتعليمات ومواصفات إدارة الـ IT ، وعلى أن يحتوي لتجهيزات التالية:
تمديدات لكاميرا (FHD) IP سقفية عدد 2
سماعات سففية عدد 4
وحدة نداء (ميكرفون)
محطة عمل",عدد,14400.0,-15.0,120.0,-216000.0,كهرباء,CMH_01-EE-326,,بنود أوامر التغيير,255,CMH_01_SMART.xlsx,sheet بنود أوامر التغيير,high,
CMH_01-C01,1,زيادة كمية,327,"توريد وتركيب وإختبار المخارج اآلتية شاملة الكابالت 6A( )CAT والمواسير وعلب التوصيل وعلب السحب واألغطية و الوصالت cords Patch وخالفه حسب المواصفات ووفقا لما هو موضح بالمخططات مع جميع االكسسوارات لعمل النظام على أكمل وجه ومن أجود األنواع األصلية وحسب تعليمات ومواصفات إدارة الــ IT بالوزارة وكل ما يلزم من المخرج وحتى rack IT
على المقاول المعاينة و فحص الشبكة الحالية و االستفادة من التمديدات الحالية و دمجها مع التركيبات
الجديدة بعد عمل االختبارات الالزمة و بعد الموافقة من مهندس المشرف -:.
مخرج فردي حائطي مزود بعدد واحد مأخذ RJ-45
",عدد,432.0,17.0,120.0,7344.0,كهرباء,CMH_01-EE-327,,بنود أوامر التغيير,256,CMH_01_SMART.xlsx,sheet بنود أوامر التغيير,high,
CMH_01-C01,1,تقليل كمية,329," وتركيب وإختبار المخارج اآلتية شاملة الكابالت 6A( )CAT والمواسير وعلب التوصيل وعلب السحب واألغطية و الوصالت cords Patch وخالفه حسب المواصفات ووفقا لما هو موضح بالمخططات مع جميع االكسسوارات لعمل النظام على أكمل وجه ومن أجود الانواع األصلية وحسب تعليمات ومواصفات إدارة الــ IT بالوزارة وكل ما يلزم من المخرج وحتى rack IT
على المقاول المعاينة و فحص الشبكة الحالية و االستفادة من التمديدات الحالية و دمجها مع التركيبات
الجديدة بعد عمل االختبارات الالزمة و بعد الموافقة من مهندس المشرف -:.
مخرج فردي سقفى مزود بعدد واحد مأخذ RJ-45",عدد,420.0,-1.0,120.0,-420.0,كهرباء,CMH_01-EE-329,,بنود أوامر التغيير,257,CMH_01_SMART.xlsx,sheet بنود أوامر التغيير,high,
CMH_01-C01,1,زيادة كمية,332,لوحات توزيع كابالت نحاسية Panel Patch a 6 CAT مع الوصالت لعدد 24 مخرج,عدد,2400.0,29.0,120.0,69600.0,كهرباء,CMH_01-EE-332,,بنود أوامر التغيير,258,CMH_01_SMART.xlsx,sheet بنود أوامر التغيير,high,
CMH_01-C01,1,زيادة كمية,333,"توريد وتركيب وتوصيل جميع تمديدات كابالت األلياف الضوئية ( الفايبر) من نوع 12core - multimode من الموزعات الفرعية بكبائن األدوارإلى الموزع الرئيسى بغرفة الداتا الرئيسية وذلك حسب المواصفات القياسية والبند يشمل كافة وسائل وإكسسوارات التركيب والتثبيت و على المقاول تقديم
الحسابات لالعتمادها من قبل المهندس المشرف
",عدد,14400.0,6.0,120.0,86400.0,كهرباء,CMH_01-EE-333,,بنود أوامر التغيير,259,CMH_01_SMART.xlsx,sheet بنود أوامر التغيير,high,
CMH_01-C01,1,زيادة كمية,334,فك و تقطيع وتنزيل و ترحيل مواسير شبكة الصرف و التغذية القائمة و البند يشمل فك القطع والترحيل خارج الموقع وتسليم جميع مكونات شبكة الصرف و التغذية للجهة مالكة المشروع ,م.ط,16.523,4128.2,120.0,68210.24859999999,معماري,CMH_01-A-334,,بنود أوامر التغيير,260,CMH_01_SMART.xlsx,sheet بنود أوامر التغيير,high,
CMH_01-C01,1,زيادة كمية,335, توريد و تركيب خرسانة مسلحة ، لا يقل إجهاد كسرها عن 35 ميجا باسكال لزوم خرسانات  الأسقف ، بأسمنت من النوع (أ)، طبقاً للمخططات . ويشمل السعر القوالب  وحديد التسليح  و الربط مع الكمرات الحالية بالتكسير و المضافات الخرسانية و الخلط والنقل والصب والمعالجة والاختبار حسب المخططات لإنهاء الأعمال حسب اصول الصنع وتوجيهات المهندس المشرف ,م³,1600.0,20.46,120.0,32736.0,مدني,CMH_01-C-335,,بنود أوامر التغيير,261,CMH_01_SMART.xlsx,sheet بنود أوامر التغيير,high,
CMH_01-C01,1,زيادة كمية,336,ازالة واعادة انشاء مبنى غرفة الحراسة   أعمال الإزالة و الحفر والردم ,م²,6702.0,11.29,120.0,75665.57999999999,مدني,CMH_01-C-336,,بنود أوامر التغيير,262,CMH_01_SMART.xlsx,sheet بنود أوامر التغيير,high,
CMH_01-C01,1,زيادة كمية,337,أعمال الهيكل الخرساني و المباني والتشطيبات المعمارية لغرفة الحارس ,م²,5173.0,11.29,120.0,58403.17,مدني,CMH_01-C-337,,بنود أوامر التغيير,263,CMH_01_SMART.xlsx,sheet بنود أوامر التغيير,high,
CMH_01-C01,1,زيادة كمية,338,الأعمال الميكانيكية لغرفة الحارس  ,عدد,6392.0,1.0,120.0,6392.0,ميكانيكا,CMH_01-ME-338,,بنود أوامر التغيير,264,CMH_01_SMART.xlsx,sheet بنود أوامر التغيير,high,
CMH_01-C01,1,زيادة كمية,339,الأعمال الكهربائية لغرفة الحارس ,م²,1275.5,11.29,120.0,14400.394999999999,كهرباء,CMH_01-EE-339,,بنود أوامر التغيير,265,CMH_01_SMART.xlsx,sheet بنود أوامر التغيير,high,
CMH_01-C01,1,زيادة كمية,340,ازالة وتكسير وترحيل ارضيات الخرسانة,م²,69.42,3620.0,120.0,251300.4,مدني,CMH_01-C-340,,بنود أوامر التغيير,266,CMH_01_SMART.xlsx,sheet بنود أوامر التغيير,high,
CMH_01-C01,1,زيادة كمية,341,فك و تقطيع وتنزيل و ترحيل مواسير شبكة مكافحة الحريق القائمة و البند يشمل فك الرشاشات والترحيل خارج الموقع وتسليم جميع مكونات شبكة الحريق للجهة مالكة المشروع ,م.ط,20.88,15892.83,120.0,331842.2904,ميكانيكا,CMH_01-ME-341,,بنود أوامر التغيير,267,CMH_01_SMART.xlsx,sheet بنود أوامر التغيير,high,
CMH_01-C01,1,زيادة كمية,342,فك وفحص و إختبار وحدات VAV القائمة بالمبنى و البند يشمل  الترحيل لمستودعات الجهة مالكة المشروع بمدينة الرياض ,عدد,450.0,275.0,120.0,123750.0,تكييف,CMH_01-HV-342,,بنود أوامر التغيير,268,CMH_01_SMART.xlsx,sheet بنود أوامر التغيير,high,
CMH_01-C01,1,زيادة كمية,343,فك و إزالة  مجاري الهواء من الصفائح المعدنية المجلفنة شامل الاكواع و التفريعات و التحويله و العامة وحاملة التعليق و الترحيل إلى مستودعات الجهة مالكة المشروع بمدينة الرياض  ,م.ط,106.0,11114.42,120.0,1178128.52,صحي,CMH_01-PL-343,,بنود أوامر التغيير,269,CMH_01_SMART.xlsx,sheet بنود أوامر التغيير,high,
CMH_01-C01,1,زيادة كمية,344,"تصنيع و توريد و تركيب شباك دبل أكشن (Tilt &turn)مقاس
 (1.0متر *3.0متر ) ثابت مع مفصلات ",م²,1665.0,60.0,120.0,99900.0,معماري,CMH_01-A-344,,بنود أوامر التغيير,270,CMH_01_SMART.xlsx,sheet بنود أوامر التغيير,high,
CMH_01-C01,1,زيادة كمية,345,"تصنيع و توريد و تركيب شباك دبل أكشن (Tilt &turn)مقاس
 1.0 متر * 4.40متر ) ثابت مع مفصلات ",م²,1665.0,13.2,120.0,21978.0,معماري,CMH_01-A-345,,بنود أوامر التغيير,271,CMH_01_SMART.xlsx,sheet بنود أوامر التغيير,high,
CMH_01-C01,1,زيادة كمية,346,"
توريد وتركيب مرحاض افرنجي مثبت على الحائط  مع محبس دفق (Flush valve)  مع زر دفق من الكروم ، مع غطاء للمرحاض مقاوم للبكتريا من نوع soft closing",عدد,2408.39,83.0,120.0,199896.37,صحي,CMH_01-PL-346,,بنود أوامر التغيير,272,CMH_01_SMART.xlsx,sheet بنود أوامر التغيير,high,
CMH_01-C01,1,زيادة كمية,347,"
توريد وتركيب مرحاض افرنجي مثبت على الحائط  مع محبس دفق (Flush valve) مزود بحساس مع زر دفق من الكروم، مع غطاء للمرحاض مقاوم للبكتريا من نوع soft closing",عدد,4186.79,25.0,120.0,104669.75,صحي,CMH_01-PL-347,,بنود أوامر التغيير,273,CMH_01_SMART.xlsx,sheet بنود أوامر التغيير,high,
CMH_01-C01,1,زيادة كمية,348,توريد وتركيب برادات مياة حسب العينة المعتمدة ويتم التركيب طبقاً للمخططات والمواصفات الفنية وبحسب توجيهات واعتماد المهندس المشرف.,عدد,12600.0,23.0,120.0,289800.0,ميكانيكا,CMH_01-ME-348,,بنود أوامر التغيير,274,CMH_01_SMART.xlsx,sheet بنود أوامر التغيير,high,
CMH_01-C01,1,زيادة كمية,349, توريد و تركيب مراوح سحب الهواء (AXIAL INLINE FAN)  تشمل عمليات التوريد و التركيب و الاختبار و التثبيت  سعة 100 قدم مكعب بالدقيقة بالدور الثالث والرابع والخامس,عدد,1160.4,9.0,120.0,10443.6,تكييف,CMH_01-HV-349,,بنود أوامر التغيير,275,CMH_01_SMART.xlsx,sheet بنود أوامر التغيير,high,
CMH_01-C01,1,زيادة كمية,350,"توريد وتركيب  
سماعة معلقة 6 وات لون اسود مع الكابلات والتمديدات  حسب المخططات   والبند يشمل جميع التمديدات المواسير للسماعات قطر 3/4  بوصة من الEMT  وسحب الاسلاك  الخاصة بنظام الصوت. ",عدد,1380.0,133.0,120.0,183540.0,كهرباء,CMH_01-EE-350,,بنود أوامر التغيير,276,CMH_01_SMART.xlsx,sheet بنود أوامر التغيير,high,
CMH_01-C01,1,زيادة كمية,351,توريد وتركيب وفرد دهان ايبوكسي لزوم الدربزينات بالفناء الوسطي و البهو الداخلي بين الادوار و المدخل ويتم التركيب طبقاً للمخططات والمواصفات الفنية و المواد المعتمدة  .,م.ط,45.0,835.52,120.0,37598.4,معماري,CMH_01-A-351,,بنود أوامر التغيير,277,CMH_01_SMART.xlsx,sheet بنود أوامر التغيير,high,
CMH_01-C01,1,زيادة كمية,352,توريد وتركيب ابواب خشبيةWD02 حسب العينة المعتمدة ويتم التركيب طبقاً للمخططات والمواصفات الفنية وبحسب توجيهات واعتماد المهندس المشرف.,عدد,16800.0,14.0,120.0,235200.0,معماري,CMH_01-A-352,,بنود أوامر التغيير,278,CMH_01_SMART.xlsx,sheet بنود أوامر التغيير,high,
CMH_01-C01,1,زيادة كمية,353,"للمواسير داخل المبنى من مواسير متعددة الطبقات بولي بروبلين كما هو موصف تشمل كافة القطع التركيبية مثل القارنات من الحديد الصلب الغير قابل للصدأ والأكواع والمنحنيات والتفريعات والدعامات ، كما هو مبين في المخططات لتركيب مايلي من الأقطار الداخلية مع ربطه بالشبكة الحالية لاقرب نقطة و على المقاول تقديم المخططات التنفيذية و الحسابات الهيدروليكية و اعتمادها قبل البدأ بتنفيذ الاعمال من المهندس المشرف للاقطار  الداخلية :
قطر 75 مم",م.ط,298.0,128.0,120.0,38144.0,ميكانيكا,CMH_01-ME-353,,بنود أوامر التغيير,279,CMH_01_SMART.xlsx,sheet بنود أوامر التغيير,high,
CMH_01-C01,1,زيادة كمية,354,"للمواسير داخل المبنى من مواسير متعددة الطبقات بولي بروبلين كما هو موصف تشمل كافة القطع التركيبية مثل القارنات من الحديد الصلب الغير قابل للصدأ والأكواع والمنحنيات والتفريعات والدعامات ، كما هو مبين في المخططات لتركيب مايلي من الأقطار الداخلية مع ربطه بالشبكة الحالية لاقرب نقطة و على المقاول تقديم المخططات التنفيذية و الحسابات الهيدروليكية و اعتمادها قبل البدأ بتنفيذ الاعمال من المهندس المشرف للاقطار  الداخلية :
قطر 63 مم",م.ط,179.0,40.0,120.0,7160.0,ميكانيكا,CMH_01-ME-354,,بنود أوامر التغيير,280,CMH_01_SMART.xlsx,sheet بنود أوامر التغيير,high,
CMH_01-C01,1,زيادة كمية,355,"توريد وتركيب محبس بوابة (GATE VALVE) يركب علي شبكة المواسير داخل المبني ، والبند يشمل جميع القطع والتوصيلات اللازمة للتركيب وذلك للأقطار التالية:
قطر 3 بوصة",عدد,2180.0,4.0,120.0,8720.0,ميكانيكا,CMH_01-ME-355,,بنود أوامر التغيير,281,CMH_01_SMART.xlsx,sheet بنود أوامر التغيير,high,
CMH_01-C01,1,زيادة كمية,356,"توريد وتركيب محبس بوابة (GATE VALVE) يركب علي شبكة المواسير داخل المبني ، والبند يشمل جميع القطع والتوصيلات اللازمة للتركيب وذلك للأقطار التالية:
قطر 2.5 بوصة",عدد,1663.0,27.0,120.0,44901.0,ميكانيكا,CMH_01-ME-356,,بنود أوامر التغيير,282,CMH_01_SMART.xlsx,sheet بنود أوامر التغيير,high,
CMH_01-C01,1,زيادة كمية,357,"توريد وتركيب محبس بوابة (GATE VALVE) يركب علي شبكة المواسير داخل المبني ، والبند يشمل جميع القطع والتوصيلات اللازمة للتركيب وذلك للأقطار التالية:
قطر 1.25 بوصة",عدد,621.0,29.0,120.0,18009.0,ميكانيكا,CMH_01-ME-357,,بنود أوامر التغيير,283,CMH_01_SMART.xlsx,sheet بنود أوامر التغيير,high,
CMH_01-C01,1,زيادة كمية,358,"توريد وتركيب محبس تخفيض ضغط (PRV) يركب علي شبكة المواسير داخل المبني ، والبند يشمل جميع القطع والتوصيلات اللازمة للتركيب وذلك للأقطار التالية:
قطر 2 بوصة",عدد,1772.0,29.0,120.0,51388.0,ميكانيكا,CMH_01-ME-358,,بنود أوامر التغيير,284,CMH_01_SMART.xlsx,sheet بنود أوامر التغيير,high,
CMH_01-C01,1,زيادة كمية,359,"توريد وتركيب محبس تخفيض ضغط (PRV) يركب علي شبكة المواسير داخل المبني ، والبند يشمل جميع القطع والتوصيلات اللازمة للتركيب وذلك للأقطار التالية:
قطر 1.25 بوصة",عدد,772.0,29.0,120.0,22388.0,ميكانيكا,CMH_01-ME-359,,بنود أوامر التغيير,285,CMH_01_SMART.xlsx,sheet بنود أوامر التغيير,high,
CMH_01-C01,1,زيادة كمية,360,"توريد وتركيب محبس تنفيس الهواء (AUTOMATIC AIR VENT) يركب علي شبكة المواسير داخل المبني ، والبند يشمل جميع القطع والتوصيلات اللازمة للتركيب وذلك للأقطار التالية:
قطر 1 بوصة",عدد,90.0,4.0,120.0,360.0,ميكانيكا,CMH_01-ME-360,,بنود أوامر التغيير,286,CMH_01_SMART.xlsx,sheet بنود أوامر التغيير,high,
CMH_01-C01,1,زيادة كمية,361,"01-MT 02& MT رخام مون ستون غراي رمادي فاتح و رمادي غامق 
مقاس  1200× 300 مم لمنطقة القهوة و المدخل سماكة 16مم .",م²,454.0,510.0,120.0,231540.0,معماري,CMH_01-A-361,,بنود أوامر التغيير,287,CMH_01_SMART.xlsx,sheet بنود أوامر التغيير,high,
CMH_01-C01,1,زيادة كمية,362,"01-MT 02& MT رخام مون ستون غراي رمادي فاتح و رمادي غامق 
مقاس  1200× 300 مم لمنطقة القهوة و المدخل سماكة 30مم .",م²,609.0,1400.0,120.0,852600.0,معماري,CMH_01-A-362,,بنود أوامر التغيير,288,CMH_01_SMART.xlsx,sheet بنود أوامر التغيير,high,
CMH_01-C01,1,زيادة كمية,363,رخام مون ستون غراي رمادي فاتح  الواح مقاس 1000× 1000 مم بحسب اعتماد المهندس المشرف للممرات  سماكة 30مم,م²,703.0,100.0,120.0,70300.0,معماري,CMH_01-A-363,,بنود أوامر التغيير,289,CMH_01_SMART.xlsx,sheet بنود أوامر التغيير,high,
CMH_01-C01,1,زيادة كمية,364,رخام رمادي بيترا غراي للدور السادس ألواح مقاس 1000× 1000 مم بحسب اعتماد المهندس سماكة 30مم,م²,717.0,802.0,120.0,575034.0,معماري,CMH_01-A-364,,بنود أوامر التغيير,290,CMH_01_SMART.xlsx,sheet بنود أوامر التغيير,high,
CMH_01-C01,1,زيادة كمية,365,رخام مون ستون غراي فاتح للدرج في الفناء الوسطي ب عرض 30 سم وارتفاع 15 سم وطول 800 سم.,م²,2475.0,16.0,120.0,39600.0,معماري,CMH_01-A-365,,بنود أوامر التغيير,291,CMH_01_SMART.xlsx,sheet بنود أوامر التغيير,high,
CMH_01-C01,1,زيادة كمية,366,رخام مقله  ألواح مقاس 600× 600 مم بحسب اعتماد المهندس سماكة 20مم,م²,180.0,120.0,120.0,21600.0,معماري,CMH_01-A-366,,بنود أوامر التغيير,292,CMH_01_SMART.xlsx,sheet بنود أوامر التغيير,high,
CMH_01-C01,1,زيادة كمية,367, توريد و تركيب حوض خدمة  (JANITOR SINK) والبند يشمل كوع الصرف والخلاط وجميع ما يلزم للتركيب والتثبيت,عدد,2445.0,29.0,120.0,70905.0,ميكانيكا,CMH_01-ME-367,,بنود أوامر التغيير,293,CMH_01_SMART.xlsx,sheet بنود أوامر التغيير,high,
CMH_01-C01,1,زيادة كمية,368,توريد وتركيب واختبار محبس LANDING VALVE مزود بمخفض ضغط داخلي قطر 2.5 بوصة,عدد,1380.0,27.0,120.0,37260.0,ميكانيكا,CMH_01-ME-368,,بنود أوامر التغيير,294,CMH_01_SMART.xlsx,sheet بنود أوامر التغيير,high,
CMH_01-C01,1,زيادة كمية,369,"توريد وتركيب صندوق غاطس يوضع بداخله محبس 
LANDING VALVE ",عدد,1176.0,27.0,120.0,31752.0,ميكانيكا,CMH_01-ME-369,,بنود أوامر التغيير,295,CMH_01_SMART.xlsx,sheet بنود أوامر التغيير,high,
CMH_01-C01,5,زيادة كمية,1,تشتمل على أعمال الهدم وإلإزالة والترحيل داخل أدوار المبنى والسعر يشمل نقل المخلفات الغير صالحه للمقالب العموميه ونقل المخلفات الصالحه لمخازن الجهه المالكه.Ref drawing: 07-MRA-DD-(as per floor number)-AR-001هدم وإزالة الجدران وتشمل  جميع أنواع جدران الطوب  والقواطع الجبسية و الخشبية و الزجاجية  بحسب المخططات المعتمدة وتعليمات المهندس المشرف.,م2,18.0,1018.4,0.0,18331.2,معماري,CMH_01-A-001,,بنود أوامر التغيير,296,CMH_01_SMART.xlsx,sheet بنود أوامر التغيير,high,
CMH_01-C01,5,تقليل كمية,2,تشتمل على أعمال الهدم وإلإزالة والترحيل داخل أدوار المبنى والسعر يشمل نقل المخلفات الغير صالحه للمقالب العموميه ونقل المخلفات الصالحه لمخازن الجهه المالكه.Ref drawing: 07-MRA-DD-(as per floor number)-AR-هدم وإزالة تشطيبات رخام أو بلاط بورسلان أو سيراميك  للأرضيات والجدران الحالية  بحسب المخططات المعتمدة وتعليمات المهندس المشرف.,م2,14.5,-670.36,0.0,-9720.22,معماري,CMH_01-A-002,,بنود أوامر التغيير,297,CMH_01_SMART.xlsx,sheet بنود أوامر التغيير,high,
CMH_01-C01,5,زيادة كمية,3,تشتمل على أعمال الهدم وإلإزالة والترحيل داخل أدوار المبنى والسعر يشمل نقل المخلفات الغير صالحه للمقالب العموميه ونقل المخلفات الصالحه لمخازن الجهه المالكهRef drawing: 07-MRA-DD-(as per floor number)-AR-001هدم وإزالة تشطيبات الأسقف المستعارة الحالية بما تشمل أسقف جبسية وبلاطات صناعية وأسقف معدنية  بحسب المخططات المعتمدة وتعليمات المهندس المشرف.,م2,8.5,1028.3,0.0,8740.55,معماري,CMH_01-A-003,,بنود أوامر التغيير,298,CMH_01_SMART.xlsx,sheet بنود أوامر التغيير,high,
CMH_01-C01,5,زيادة كمية,5,صبة أسمنتية كطبقة حماية للعزل في الأماكن الرطبة. ويشمل السعر وأي مواد أو أعمال يتطلبها تنفيذ العمل حسب المواصفات والمخططات وتعليمات المهندس المشرف.,م3,366.0,211.01,0.0,77229.66,مدني,CMH_01-C-005,,بنود أوامر التغيير,299,CMH_01_SMART.xlsx,sheet بنود أوامر التغيير,high,
CMH_01-C01,5,زيادة كمية,6,توريد وبناء مباني من البلوك  مقاوم للحريق شاملا المونة والفواصل وأربطة التثبيت والتسليح الرأسي وعتبات جميع الفتحات وعزل الجدران المزدوجة المفرّغة والمكملات ويتم توريد البلوك بالموقع على قواعد خشبية مغطاه بالبلاستيك ويستمر على هذه الحالة حتى يبدأ استخدامه للبناء على أن يكون ذو ابعاد بطول 40سم وسماكة حسب المطلوب وارتفاع 20سم وان تكون صلد سليم نظيف وذو زوايا خارجية قائمة يستعمل لبناء الحوائط حسب ما هو موضح بالمخططات مع التكحيل ويكون  مطابق للمواصفات حسب النوعيه المطلوبة والسعر يشمل كل مايلزم للبناء من البلوك الكامل والقطع الخاصة سواء 5.0 أو 25.0 ، كذلك القطع الخاصة بتمديد المواسير بحيث لا يتم تكسير البلوك أثناء الاستخدام للبناء على الأطلاق ، بالإضافة إلى كافة المواد والاكسسوارات والسقايل واستعمال الشبك الممدد والتسليح بواسطة خوابير معدنية والمرابط المعدنية ويشمل السعر أي مواد أو أعمال يتطلبها استكمال العمل حسب المواصفات  القسم Ref drawing: 07-MRA-DD-(as per floor number) وتعليمات المهندس المشرف 04200Ar-100,م2,150.0,1055.95,0.0,158392.5,معماري,CMH_01-A-006,,بنود أوامر التغيير,300,CMH_01_SMART.xlsx,sheet بنود أوامر التغيير,high,
CMH_01-C01,5,زيادة كمية,7,توريد وبناء مباني من البلوك  مقاوم للحريق شاملا المونة والفواصل وأربطة التثبيت والتسليح الرأسي وعتبات جميع الفتحات وعزل الجدران المزدوجة المفرّغة والمكملات ويتم توريد البلوك بالموقع علىقواعد خشبية مغطاه بالبلاستيك ويستمر على هذه الحالة حتى يبدأ استخدامه للبناء على أن يكون ذو ابعاد بطول 40سم وسماكة حسب المطلوب وارتفاع 20سم وان تكون صلد سليم نظيف وذو زوايا خارجية قائمة يستعمل لبناء الحوائط حسب ما هو موضح بالمخططات مع التكحيل ويكون  مطابق للمواصفات حسب النوعيه المطلوبة والسعر يشمل كل مايلزم للبناء من البلوك الكامل والقطع الخاصة سواء 5.0 أو 25.0 ، كذلك القطع الخاصة بتمديد المواسير بحيث لا يتم تكسير البلوك أثناء الاستخدام للبناء على الأطلاق ، بالإضافة إلى كافة المواد والاكسسوارات والسقايل واستعمال الشبك الممدد والتسليح بواسطة خوابير معدنية والمرابط المعدنية ويشمل السعر أي مواد أو أعمال يتطلبها استكمال العمل حسب المواصفات  القسمRef drawing: 07-MRA-DD-(as per floor number) وتعليمات المهندس المشرف 04200-Ar-100,م2,150.0,5.75,0.0,862.5,معماري,CMH_01-A-007,,بنود أوامر التغيير,301,CMH_01_SMART.xlsx,sheet بنود أوامر التغيير,high,
CMH_01-C01,5,تقليل كمية,10,إعادة دهان هاندرايل من الحديد  بالايبوكسي ويشمل ازالة الدهان القديم  بالترميل )Sand Plasting( حسب  المواصفات والاصول الفنيه وتعليمات المهندس المشرف.,م.ط,42.0,-608.96,0.0,-25576.32,معماري,CMH_01-A-010,,بنود أوامر التغيير,302,CMH_01_SMART.xlsx,sheet بنود أوامر التغيير,high,
CMH_01-C01,5,تقليل كمية,11,تجديد وترميم ودهان وتلميع البوابات الحديدية الرئيسية في المدخل الغربي )مدخل الوزير( والبوابة الرئيسية في المدخل الشمالي )مدخل الموظفين( وتشمل الأعمال ما يلي:تجديد وترميم أبواب الحديد، سنفرة الأبواب، عمل طبقة تأسيس ناري للأبواب، تعشيقة الأبواب مع تلميع الزخرفة، دهان وتلميع الأجزاء نهاية الزخرفة بمواد أيبوكسي + دهان ماء الذهب المركز للأطراف الخارجية + تلميع خارجي بمادة البوليريثان، المحافظة على نظافة المكان وإزالة المخلفات. حسب الاصول الفنيه وتعليمات المهندس المشرف,م.ط,12000.0,-2.0,0.0,-24000.0,معماري,CMH_01-A-011,,بنود أوامر التغيير,303,CMH_01_SMART.xlsx,sheet بنود أوامر التغيير,high,
CMH_01-C01,5,تقليل كمية,12,توريد وتركيب اسقف شبكة حديد مش )طلاء بودرة بالفرن لون اسود( سماكة 2 ملم مع تيوب حديد ابعاد 4*8 سم وسماكة 3ملم  ، مثبتة بنظام تعليق متصلة بالسقف الخرساني حسب الرسومات والمناظير وتعليمات المهندس المشرف.Ref drawing: 07-MRA-DD-G.F-AR-200,م2,360.0,-12.19,0.0,-4388.4,معماري,CMH_01-A-012,,بنود أوامر التغيير,304,CMH_01_SMART.xlsx,sheet بنود أوامر التغيير,high,
CMH_01-C01,5,تقليل كمية,13,توريد وتركيب اسقف شبكة حديد مش )طلاء بودرة بالفرن لون ابيض(سماكة 2 ملم مع تيوب حديد ابعاد 4*8 سم وسماكة 3ملم  ، مثبتة بنظام تعليق متصلة بالسقف الخرساني حسب الرسومات والمناظير وتعليمات المهندس المشرفRef drawing: 07-MRA-DD-G.F-AR-200,م2,360.0,-49.31,0.0,-17751.600000000002,معماري,CMH_01-A-013,,بنود أوامر التغيير,305,CMH_01_SMART.xlsx,sheet بنود أوامر التغيير,high,
CMH_01-C01,5,تقليل كمية,14,توريد وتركيب تيوبات حديد ابعاد 4*4 سم وسماكة 2ملم مع أرفف فوق الكاونتر في منطقة المطبخ. )طلاء بودرة بالفرن لون اسود(مقاس: طول 4400 ملم، ارتفاع 2000 ملم و عرض 600 ملم,عدد,102.0,-1.0,0.0,-102.0,معماري,CMH_01-A-014,,بنود أوامر التغيير,306,CMH_01_SMART.xlsx,sheet بنود أوامر التغيير,high,
CMH_01-C01,5,تقليل كمية,15,توريد وتركيب تيوبات حديد ابعاد 4*4 سم وسماكة 2ملم مع أرفف فوق الكاونتر في منطقة المطبخ. )طلاء بودرة بالفرن لون اسود(مقاس: طول 3100 ملم، ارتفاع 2000 ملم و عرض 600 ملم,عدد,84.0,-1.0,0.0,-84.0,معماري,CMH_01-A-015,,بنود أوامر التغيير,307,CMH_01_SMART.xlsx,sheet بنود أوامر التغيير,high,
CMH_01-C01,5,تقليل كمية,17,توريد وتركيب كشك من هيكل حديدي متكون من تيوبات 10*10-مم وسماكة 6مم مع مع صاج مفرّغ بالليزرعلى شكل مثلثات مدهون بطلاء بني معتق ويشمل إضاءة مخفية حسب التصميم والرسومات  مقاس 5300x3400 مم وارتفاع 3000 مم.Ref drawing: 07-MRA-DD-G.F-AR-902,عدد,378.0,-1.0,0.0,-378.0,معماري,CMH_01-A-017,,بنود أوامر التغيير,308,CMH_01_SMART.xlsx,sheet بنود أوامر التغيير,high,
CMH_01-C01,5,تقليل كمية,18,خزانة مفتوحة مصنوعة من تيوبات حديد 20X20 ملم وسماكة 2 ملم )طلاء بودرة بالفرن لون اسود( مع أرفف من خشب ال mdf مع قشرة السنديان حسب التصميم والرسومات وتعليمات المهندس المشرف.Ref drawing: 07-MRA-DD-G.F-AR-607.C عرضx 400mm ارتفاع x 2600mm طول 13350mm,عدد,1200.0,-1.0,0.0,-1200.0,معماري,CMH_01-A-018,,بنود أوامر التغيير,309,CMH_01_SMART.xlsx,sheet بنود أوامر التغيير,high,
CMH_01-C01,5,تقليل كمية,19,توريد وتركيب هيكل حديدي تيوبات 20*100 مم وسماكة 2مم مثبت بالسقف والأرض مع شبكة حديد مش )طلاء بودرة بالفرن لون اسود( يشمل هيكل حديدي للمقاعد إضافة الى القماش اللازم ،  حسب الرسومات والمناظير وتعليمات المهندس المشرف.مقاس      Ref drawing: 07-MRA-DD-G.F-AR-607.B: طول 4300 ملم، ارتفاع 2400 ملم و عرض 1800 ملم,عدد,6000.0,-1.0,0.0,-6000.0,معماري,CMH_01-A-019,,بنود أوامر التغيير,310,CMH_01_SMART.xlsx,sheet بنود أوامر التغيير,high,
CMH_01-C01,5,تقليل كمية,20,توريد وتركيب هيكل حديدي تيوبات 20*100 مم وسماكة 2مم مثبت بالسقف والأرض مع شبكة حديد مش )طلاء بودرة بالفرن لون اسود( يشمل هيكل حديدي للمقاعد إضافة الى القماش اللازم ،  حسب الرسومات والمناظير وتعليمات المهندس المشرف.Ref drawing: 07-MRA-DD-G.F-AR-607.Bمقاس: طول 3100 ملم، ارتفاع 2400 ملم و عرض 1800 ملم,عدد,5400.0,-1.0,0.0,-5400.0,معماري,CMH_01-A-020,,بنود أوامر التغيير,311,CMH_01_SMART.xlsx,sheet بنود أوامر التغيير,high,
CMH_01-C01,5,تقليل كمية,21,توريد وتركيب شبكة حديد مش )طلاء بودرة بالفرن لون اسود(   مع تيوب حديد 50X50 ملم وسماكة 2 ملم لمنطقة القهوة والسعر يشمل طاولات الحديد في الوسط. مقاس 760X2750 ملم.Ref drawing: 07-MRA-DD-G.F-AR-607.A,عدد,5100.0,-3.0,0.0,-15300.0,معماري,CMH_01-A-021,,بنود أوامر التغيير,312,CMH_01_SMART.xlsx,sheet بنود أوامر التغيير,high,
CMH_01-C01,5,زيادة كمية,22,توريد وتركيب وزرات خشب )Mdf( مع قشرة جوز بارتفاع 100مم وسمك 12مم شاملا التثبيت والدهانات والتشطيب والتلميع. ويشمل السعر أي مواد أو أعمال يتطلبها انهاء العمل طبقا للموضح بالمواصفات والمخططات وتعليمات المهندس المشرف .Ref drawing: 07-MRA-DD-(as per floor number)-AR-301,م.ط,42.0,843.15,0.0,35412.299999999996,معماري,CMH_01-A-022,,بنود أوامر التغيير,313,CMH_01_SMART.xlsx,sheet بنود أوامر التغيير,high,
CMH_01-C01,5,تقليل كمية,23,توريد وتركيب وزرات خشب )Mdf( مع قشرة ،وينغي بارتفاع 100مم وسمك 12مم شاملا التثبيت والدهانات والتشطيب والتلميع. ويشمل السعر أي مواد أو أعمال يتطلبها انهاء العمل طبقا للموضح بالمواصفات والمخططات وتعليمات المهندس المشرفRef drawing: 07-MRA-DD-(as per floor number)-AR-301,م.ط,42.0,-135.98,0.0,-5711.16,معماري,CMH_01-A-023,,بنود أوامر التغيير,314,CMH_01_SMART.xlsx,sheet بنود أوامر التغيير,high,
CMH_01-C01,5,زيادة كمية,24,"تصنيع وتركيب جدار خشبي ) Mdf(  مع قشرة السنديان المطلي بدهان ابيض تثبت على هيكل معدني، مع تصميم  فتحات على شكل مثلثات مضاءة من الداخل واحجام بمستويات مختلفة، حسب المناظير والرسومات وتعليمات المهندس المشرف.Code: WDP1-01,WDP1-02,WDP1-02.A",م2,714.0,231.36,0.0,165191.04,معماري,CMH_01-A-024,,بنود أوامر التغيير,315,CMH_01_SMART.xlsx,sheet بنود أوامر التغيير,high,
CMH_01-C01,5,تقليل كمية,25,تصنيع وتركيب لوح خشبي بشكل طولي من  الـ )Mdf(  مع قشرة الجوز او ما يتناسب مع العينة المتفق عليها طول 25سم وعرض 10سم وارتفاع 270 سم الى جانب الابواب الزجاجية حسب المناظير والرسومات وتعليمات المهندس المشرف.Code: WDP2-08,عدد,240.0,-6.0,0.0,-1440.0,معماري,CMH_01-A-025,,بنود أوامر التغيير,316,CMH_01_SMART.xlsx,sheet بنود أوامر التغيير,high,
CMH_01-C01,5,زيادة كمية,26,تصنيع وتركيب كسوة من الخشب للجدران ويكون النمط والحجم كما هو موضح بالرسومات ويشمل السعر أي مواد أو أعمال يتطلبها إنهاء العمل حسب المواصفات والمخططات وتعليمات المهندس المشرف. Ref drawing: 07-MRA-DD-(as per floor number)-AR-600 to 07-MRA-DD-(as  per floor number)-AR-604كسوة من خشب الـ)Mdf(  ، مثبتة على العامود الخرساني بدهان رمادي على شكل وهيئة الأسطح الاسمنتية )matt( بتصميم مع غروف حسب الرسومات والمناظير وتعليمات المهندس المشرف.Code: WDP3-04,م2,528.0,25.98,0.0,13717.44,معماري,CMH_01-A-026,,بنود أوامر التغيير,317,CMH_01_SMART.xlsx,sheet بنود أوامر التغيير,high,
CMH_01-C01,5,تقليل كمية,27,"تصنيع وتركيب كسوة من الخشب للجدران ويكون النمط والحجم كما هو موضح بالرسومات ويشمل السعر أي مواد أو أعمال يتطلبها إنهاء العمل حسب المواصفات والمخططات وتعليمات المهندس المشرف. Ref drawing: 07-MRA-DD-(as per floor number)-AR-600 to 07-MRA-DD-(as per floor number)-AR-604كسوة من خشب الـ)Mdf( ، مثبتة على القواطع الجبسية بدهان رمادي بيج  )matt( ، وبتصميم مع غروف حسب الرسومات والمناظير وتعليمات المهندس المشرف.Code: WPD4-01,WDP4-01.A",م2,528.0,-143.21,0.0,-75614.88,معماري,CMH_01-A-027,,بنود أوامر التغيير,318,CMH_01_SMART.xlsx,sheet بنود أوامر التغيير,high,
CMH_01-C01,5,تقليل كمية,28,تصنيع وتركيب كسوة من الخشب للجدران ويكون النمط والحجم كما هو موضح بالرسومات ويشمل السعر أي مواد أو أعمال يتطلبها إنهاء العمل حسب المواصفات والمخططات وتعليمات المهندس المشرف. Ref drawing: 07-MRA-DD-(as per floor number)-AR-600 to 07-MRA-DD-(as  per floor number)-AR-604كسوة من خشب الـ)Mdf(، مثبتة على القواطع الجبسية مع قشرة صناعية بحسب العينة الموافق عليها وغروف حسب الرسومات والمناظير وتعليمات المهندس المشرفCode: WDP2,م2,528.0,-194.61,0.0,-102754.08,معماري,CMH_01-A-028,,بنود أوامر التغيير,319,CMH_01_SMART.xlsx,sheet بنود أوامر التغيير,high,
CMH_01-C01,5,تقليل كمية,29,"تصنيع وتركيب كسوة من الخشب للجدران ويكون النمط والحجم كما هو موضح بالرسومات ويشمل السعر أي مواد أو أعمال يتطلبها إنهاء العمل حسب المواصفات والمخططات وتعليمات المهندس المشرف. Ref drawing: 07-MRA-DD-(as per floor number)-AR-600 to 07-MRA-DD-(as  per floor number)-AR-604كسوة من خشب الـ)Mdf(  ، مثبتة على االقواطع الجبسية بدهان رمادي على شكل وهيئة الأسطح الاسمنتية ) matt( مع تصميم بفتحات حسب الرسومات والمناظير وتعليمات المهندس المشرف.Code: WDP3-01, WDP3-02, WDP3-03",م2,528.0,-61.35,0.0,-32392.8,معماري,CMH_01-A-029,,بنود أوامر التغيير,320,CMH_01_SMART.xlsx,sheet بنود أوامر التغيير,high,
CMH_01-C01,5,زيادة كمية,30,"تصنيع وتركيب كسوة من الخشب للجدران ويكون النمط والحجم كما هو موضح بالرسومات ويشمل السعر أي مواد أو أعمال يتطلبها إنهاء العمل حسب المواصفات والمخططات وتعليمات المهندس المشرف. Ref drawing: 07-MRA-DD-(as per floor number)-AR-600 to 07-MRA-DD-(as  per floor number)-AR-604كسوة من خشب الـ) Mdf(  ، مع قشرة السنديان المطلي بدهان ابيض  مع غروف وفتحات إضاءة مخفية مغلفة من الداخل بطبقة Acrylic مغشى  حسب الرسومات والمناظير وتعليمات المهندس المشرف.Code: WDP1-03, WDP1-04, WDP1-05, WDP1-06",م2,570.0,39.37,0.0,22440.899999999998,معماري,CMH_01-A-030,,بنود أوامر التغيير,321,CMH_01_SMART.xlsx,sheet بنود أوامر التغيير,high,
CMH_01-C01,5,تقليل كمية,31,تصنيع وتركيب كسوة من الخشب للجدران ويكون النمط والحجم كما هو موضح بالرسومات ويشمل السعر أي مواد أو أعمال يتطلبها إنهاء العمل حسب المواصفات والمخططات وتعليمات المهندس المشرف. Ref drawing: 07-MRA-DD-(as per floor number)-AR-600 to 07-MRA-DD-(as  per floor number)-AR-604كسوة من خشب الـ) Mdf(  ،  بدهان رمادي   مع غروف وفتحات إضاءة مخفية مغلفة من الداخل بطبقة Acrylic مغشى  حسب الرسومات والمناظير وتعليمات المهندس المشرف.Code: WDP5,م2,720.0,-10.86,0.0,-7819.2,معماري,CMH_01-A-031,,بنود أوامر التغيير,322,CMH_01_SMART.xlsx,sheet بنود أوامر التغيير,high,
CMH_01-C01,5,زيادة كمية,32,تصنيع وتركيب كسوة من الخشب للجدران ويكون النمط والحجم كما هو موضح بالرسومات ويشمل السعر أي مواد أو أعمال يتطلبها إنهاء العمل حسب المواصفات والمخططات وتعليمات المهندس المشرف. Ref drawing: 07-MRA-DD-(as per floor number)-AR-600 to 07-MRA-DD-(as  per floor number)-AR-604كسوة من خشب الـ) Mdf(  ، المطلي بدهان رمادي  Code: WDP6,م2,468.0,2.68,0.0,1254.24,معماري,CMH_01-A-032,,بنود أوامر التغيير,323,CMH_01_SMART.xlsx,sheet بنود أوامر التغيير,high,
CMH_01-C01,5,زيادة كمية,33,تصنيع وتركيب كسوة من الخشب للجدران ويكون النمط والحجم كما هو موضح بالرسومات ويشمل السعر أي مواد أو أعمال يتطلبها إنهاء العمل حسب المواصفات والمخططات وتعليمات المهندس المشرف.Ref drawing: 07-MRA-DD-(as per floor number)-AR-600 to 07-MRA-DD (as per floor number)-AR-604كسوة من خشب الـ) Mdf(  ، مع قشرة  )walnut( لمدخل كبار الشخصيات ومكتب مدير مكتب معالي الوزير     حسب الرسومات والمناظير وتعليمات المهندس المشرف.Code: WDP7,م2,570.0,129.69,0.0,73923.3,معماري,CMH_01-A-033,,بنود أوامر التغيير,324,CMH_01_SMART.xlsx,sheet بنود أوامر التغيير,high,
CMH_01-C01,5,زيادة كمية,34,تصنيع وتركيب كسوة من الخشب للجدران ويكون النمط والحجم كما هو موضح بالرسومات ويشمل السعر أي مواد أو أعمال يتطلبها إنهاء العمل حسب المواصفات والمخططات وتعليمات المهندس المشرف. Ref drawing: 07-MRA-DD-(as per floor number)-AR-600 to 07-MRA-DD-(as  per floor number)-AR-604كسوة من خشب الـ)Mdf( ، مع قشرة صناعية بلون رمادي بيج لمنطقة معالي الوزير   حسب الرسومات والمناظير وتعليمات المهندس المشرف.Code: WDP8,م2,870.0,508.51,0.0,442403.7,معماري,CMH_01-A-034,,بنود أوامر التغيير,325,CMH_01_SMART.xlsx,sheet بنود أوامر التغيير,high,
CMH_01-C01,5,زيادة كمية,35,تصنيع وتركيب كسوة من الخشب للجدران ويكون النمط والحجم كما هو موضح بالرسومات ويشمل السعر أي مواد أو أعمال يتطلبها إنهاء العمل حسب المواصفات والمخططات وتعليمات المهندس المشرف. Ref drawing: 07-MRA-DD-(as per floor number)-AR-600 to 07-MRA-DD-(as  per floor number)-AR-604كسوة من خشب الـ)Mdf( ،  مع قشرة ال )wenge( بشكل pattern مفرغة من الداخل مع ايطار خشبي ملبس بجلد لون بيج ومثبتة على الجدار الخشبي  لمنطقة معالي الوزير  حسب الرسومات والمناظير  وتعليمات المهندس المشرف.Code: P1,م2,1080.0,11.64,0.0,12571.2,معماري,CMH_01-A-035,,بنود أوامر التغيير,326,CMH_01_SMART.xlsx,sheet بنود أوامر التغيير,high,
CMH_01-C01,5,تقليل كمية,36,تصنيع وتركيب كسوة من الخشب للجدران ويكون النمط والحجم كما هو موضح بالرسومات ويشمل السعر أي مواد أو أعمال يتطلبها إنهاء العمل حسب المواصفات والمخططات وتعليمات المهندس المشرف. Ref drawing: 07-MRA-DD-(as per floor number)-AR-600 to 07-MRA-DD-(as  per floor number)-AR-604كسوة من خشب الـ)Mdf(  ،  مع قشرة ال )wenge( بشكل pattern مفرغة من الداخل مع ايطار خشبي ومثبتة على الجدار الخشبي  لمنطقة التنفيذيين حسب الرسومات والمناظير وتعليمات المهندس المشرف.Code: P2,م2,960.0,-0.55,0.0,-528.0,معماري,CMH_01-A-036,,بنود أوامر التغيير,327,CMH_01_SMART.xlsx,sheet بنود أوامر التغيير,high,
CMH_01-C01,5,تقليل كمية,37,تصنيع وتركيب كسوة من الخشب للاسقف ويكون النمط والحجم كما هو موضح بالرسومات ويشمل السعر أي مواد أو أعمال يتطلبها إنهاء العمل حسب المواصفات والمخططات وتعليمات المهندس المشرف.]Ref drawing: 07-MRA-DD-(as per floor number)-AR-200 سقف من خشب الـ)Mdf( ،  مطلي بدهان أبيض بشكل pattern مفرغة من الداخل  ومثبتة على ألواح خشبية مع قشرة الجوز مثبتة بنظام تعليق متصلة بالسقف الخرساني  لمنطقة معالي الوزير حسب الرسومات والمناظير وتعليمات المهندس المشرف.Code: WDC-04,م2,1080.0,-32.38,0.0,-34970.4,معماري,CMH_01-A-037,,بنود أوامر التغيير,328,CMH_01_SMART.xlsx,sheet بنود أوامر التغيير,high,
CMH_01-C01,5,زيادة كمية,38,صنيع وتركيب كسوة من الخشب للاسقف ويكون النمط والحجم كما هو موضح بالرسومات ويشمل السعر أي مواد أو أعمال يتطلبها إنهاء العمل حسب المواصفات والمخططات وتعليمات المهندس المشرف.Ref drawing: 07-MRA-DD-(as per floor number)-AR-200سطح خشبي من من خشب الـ)Mdf(  مع قشرة صناعية بحسب العينة الموافق عليها وغروف مثبتة بنظام تعليق متصلة بالسقف الخرساني حسب الرسومات والمناظير وتعليمات المهندس المشرف.Code: WDC-01 & WDC-02,م2,840.0,20.41,0.0,17144.4,معماري,CMH_01-A-038,,بنود أوامر التغيير,329,CMH_01_SMART.xlsx,sheet بنود أوامر التغيير,high,
CMH_01-C01,5,زيادة كمية,39,تصنيع وتركيب كسوة من الخشب للاسقف ويكون النمط والحجم كما هو موضح بالرسومات ويشمل السعر أي مواد أو أعمال يتطلبها إنهاء العمل حسب المواصفات والمخططات وتعليمات المهندس المشرف.Ref drawing: 07-MRA-DD-(as per floor number)-AR-200سطح خشبي03-WDC من من خشب الـ)Mdf( على شكل مربعات بسماكة تصميم  5سم، وفتحات على شكل مثلث مع اضاءة مخفية مغلفة من الاعلى بطبقة Acrylic شفاف مغشى سماكة 4مم مثبتة بنظام تعليق متصلة بالسقف الخرساني حسب الرسومات والمناظير وتعليمات المهندس المشرف.Code: WDC-03,م2,780.0,0.03,0.0,23.4,معماري,CMH_01-A-039,,بنود أوامر التغيير,330,CMH_01_SMART.xlsx,sheet بنود أوامر التغيير,high,
CMH_01-C01,5,زيادة كمية,40,تصنيع وتركيب خزائن خشبية ويكون النمط والحجم كما هو موضح بالرسومات ويشمل السعر أي مواد أو أعمال يتطلبها إنهاء العمل حسب المواصفات والمخططات وتعليمات المهندس المشرف.Ref drawing: 07-MRA-DD-(as per floor number)-AR-605خزانة خشبية01-WDC و 02-WDC من خشب الـ ) Mdf ( متداخلة الالوان من قشرة صناعية بحسب  العينة الموافق عليها والدهان الرمادي  على شكل وهيئة الاسطح الاسمنتية مثبتة على القواطع الجبسية مع اضاءة مخفية ومفصلات ومقابض مخفية وتصميم حسب الرسومات والمناظير وتعليمات المهندس المشرف.,م2,1440.0,12.27,0.0,17668.8,معماري,CMH_01-A-040,,بنود أوامر التغيير,331,CMH_01_SMART.xlsx,sheet بنود أوامر التغيير,high,
CMH_01-C01,5,زيادة كمية,41,تصنيع وتركيب خزائن خشبية ويكون النمط والحجم كما هو موضح بالرسومات ويشمل السعر أي مواد أو أعمال يتطلبها إنهاء العمل حسب المواصفات والمخططات وتعليمات المهندس المشرفRef drawing: 07-MRA-DD-(as per floor number)-AR-605خزانة خشبية03-WDC  من خشب الـ ) Mdf (  مع قشرة صناعية بحسب العينة الموافق عليها مثبتة على القواطع الجبسية  مع غروف ومفصلات ومقابض مخفية ،  حسب الرسومات والمناظير,م2,1440.0,6.15,0.0,8856.0,معماري,CMH_01-A-041,,بنود أوامر التغيير,332,CMH_01_SMART.xlsx,sheet بنود أوامر التغيير,high,
CMH_01-C01,5,زيادة كمية,42,تصنيع وتركيب خزائن خشبية ويكون النمط والحجم كما هو موضح بالرسومات ويشمل السعر أي مواد أو أعمال يتطلبها إنهاء العمل حسب المواصفات والمخططات وتعليمات المهندس المشرف.Ref drawing: 07-MRA-DD-(as per floor number)-AR-605خزانة خشبية04-WDC   من خشب الـ ) Mdf (  مطلية بدهان رمادي على شكل وهيئة الاسطح الاسمنتية مع غروف ومفصلات ومقابض مخفية ، وارفف مفتوحة من قشرة الجوز ،واضاءة مخفية ، مثبتة على الجدار الخارجي حسب الرسومات والمناظير  وتعليمات المهندس المشرف.,م2,1200.0,14.52,0.0,17424.0,معماري,CMH_01-A-042,,بنود أوامر التغيير,333,CMH_01_SMART.xlsx,sheet بنود أوامر التغيير,high,
CMH_01-C01,5,زيادة كمية,43,تصنيع وتركيب خزائن خشبية ويكون النمط والحجم كما هو موضح بالرسومات ويشمل السعر أي مواد أو أعمال يتطلبها إنهاء العمل حسب المواصفات والمخططات وتعليمات المهندس المشرف.Ref drawing: 07-MRA-DD-(as per floor number)-AR-605 خزانة خشبية05-WDC  من خشب الـ ) Mdf (  مع قشرة الوينغي الداكنة مع أرفف وإضاءة مخفية، أبواب الخزائن زجاجية   ribbed glass(مع إيطار خشبي وغروف ومفصلات ومقابض مخفية لمنطقة معالي الوزير حسب الرسومات والمناظير وتعليمات المهندس المشرف.,م2,1440.0,95.74,0.0,137865.6,معماري,CMH_01-A-043,,بنود أوامر التغيير,334,CMH_01_SMART.xlsx,sheet بنود أوامر التغيير,high,
CMH_01-C01,5,تقليل كمية,44,تصنيع وتركيب خزائن خشبية ويكون النمط والحجم كما هو موضح بالرسومات ويشمل السعر أي مواد أو أعمال يتطلبها إنهاء العمل حسب المواصفات والمخططات وتعليمات المهندس المشرف.Ref drawing: 07-MRA-DD-(as per floor number)-AR-605خزانة خشبية06-WDC   من خشب الـ ) Mdf (  مع قشرة الوينغي الداكنة مع أرفف وإضاءة مخفية، أبواب الخزائن زجاجية )black tinted clear glass(مع إيطار خشبي وغروف ومفصلات ومقابض مخفية لمنطقة معالي الوزير حسب الرسومات والمناظير وتعليمات المهندس المشرف. ,م2,1440.0,-83.15,0.0,-119736.00000000001,معماري,CMH_01-A-044,,بنود أوامر التغيير,335,CMH_01_SMART.xlsx,sheet بنود أوامر التغيير,high,
CMH_01-C01,5,زيادة كمية,45, توريد وتنفيذ طبقتين من غشاء عازل للمياه من الـبيتومين ثخانة 4 مم للأماكن الرطبة وحتى ارتفاع 10   سم على الجدران المحيطة ويشمل تحضير السطوح ومواد حشو الزوايا وطبقات الحماية جيوتكستايل الأفُقية والعمودية. ويشمل السعر أي مواد وأعمال مطلوبة لاستكمال العمل حسب المواصفات والمخططات.وتعليمات المهندس المشرف,م2,78.0,953.96,0.0,74408.88,معماري,CMH_01-A-045,,بنود أوامر التغيير,336,CMH_01_SMART.xlsx,sheet بنود أوامر التغيير,high,
CMH_01-C01,5,تقليل كمية,46,توريد وتركيب باب زجاجي من نوع سيكوريت بسمك 12مم ويشمل السعر التثبيت والاطار من الالمنيوم الأسود المطلي بدهان بودرة بالفرن والخردوات وماكينة دفاش للإغلاق الذاتي مع ملصقات بحسب التصميم. ويشمل السعر أي مواد أو أعمال يتطلبها استكمال العمل حسب المواصفات والمخططات وتعليمات االمهندس المشرف.Ref drawing: 07-MRA-DD-(as per floor number)-AR-801 بعرض 1000 مم وارتفاع 2700 مم  GD01باب ضلفة واحدة  نموذج,عدد,2580.0,-8.0,0.0,-20640.0,معماري,CMH_01-A-046,,بنود أوامر التغيير,337,CMH_01_SMART.xlsx,sheet بنود أوامر التغيير,high,
CMH_01-C01,5,زيادة كمية,47,توريد وتركيب باب زجاجي من نوع سيكوريت بسمك 12مم ويشمل السعر التثبيت والاطار من الالمنيوم الأسود المطلي بدهان بودرة بالفرن والخردوات وماكينة دفاش للإغلاق الذاتي مع ملصقات بحسب التصميم. ويشمل السعر أي مواد أو أعمال يتطلبها استكمال العمل حسب المواصفات والمخططات وتعليمات االمهندس المشرف. Ref drawing: 07-MRA-DD-(as per floor number)-AR-801   بعرض 1800 مم وارتفاع 2600 مم  GD02باب ضلفتين  نموذج ,عدد,4020.0,1.0,0.0,4020.0,معماري,CMH_01-A-047,,بنود أوامر التغيير,338,CMH_01_SMART.xlsx,sheet بنود أوامر التغيير,high,
CMH_01-C01,5,زيادة كمية,48,توريد وتركيب باب زجاجي من نوع سيكوريت بسمك 12مم ويشمل السعر التثبيت والاطار من الالمنيوم الأسود المطلي بدهان بودرة بالفرن والخردوات وماكينة دفاش للإغلاق الذاتي مع ملصقات بحسب التصميم. ويشمل السعر أي مواد أو أعمال يتطلبها استكمال العمل حسب المواصفات والمخططات وتعليمات االمهندس المشرف. Ref drawing: 07-MRA-DD-(as per floor number)-AR-801 بعرض 1800 مم وارتفاع 2100 مم  GD03باب ضلفتين  نموذج ,عدد,3600.0,1.0,0.0,3600.0,معماري,CMH_01-A-048,,بنود أوامر التغيير,339,CMH_01_SMART.xlsx,sheet بنود أوامر التغيير,high,
CMH_01-C01,5,زيادة كمية,49,توريد وتركيب باب من قطاعات الخشب شبه المصمت بسمك 44مم مكون من قواطيع خشب داخليه بحشو  mdf مع قشرة الجوز  والحلق من الخشب السويدي المسطم المقاوم للرطوبة مع تشطيب نهائي من قشرة الجوز والبند يشمل جميع الإكسسوارات اللازمه من مفصلات ودفاش من النوع المخفي ومقابض وربل كاتم لصوت الإغلاق ودهانات  و إنهاء جميع الأعمال على الوجه الأكمل طبقا للمخططات واصول الصناعة  والمواصفات الفنية وتعليمات االمهندس المشرف. Ref drawing: 07-MRA-DD-(as per floor number)-AR-800 بعرض 2000 مم وارتفاع 2200 مم  WD07باب مروحة ضلفتين  نموذج ,عدد,5280.0,7.0,0.0,36960.0,معماري,CMH_01-A-049,,بنود أوامر التغيير,340,CMH_01_SMART.xlsx,sheet بنود أوامر التغيير,high,
CMH_01-C01,5,زيادة كمية,52,توريد وتركيب باب من قطاعات الخشب شبه المصمت بسمك 44مم مكون من قواطيع خشب داخليه بحشو  mdf مع قشرة الجوز  والحلق من الخشب السويدي المسطم المقاوم للرطوبة مع تشطيب نهائي من قشرة الجوز والبند يشمل جميع الإكسسوارات اللازمه من مفصلات ودفاش من النوع المخفي ومقابض وربل كاتم لصوت الإغلاق ودهانات  و إنهاء جميع الأعمال على الوجه الأكمل طبقا للمخططات واصول الصناعة  والمواصفات الفنية وتعليمات االمهندس المشرف. Ref drawing: 07-MRA-DD-(as per floor number)-AR-800 بعرض 800 مم وارتفاع 2200 مم  WD04باب مروحة ضلفة واحدة  نموذج ,عدد,2400.0,3.0,0.0,7200.0,معماري,CMH_01-A-052,,بنود أوامر التغيير,341,CMH_01_SMART.xlsx,sheet بنود أوامر التغيير,high,
CMH_01-C01,5,زيادة كمية,55,توريد وتركيب باب من قطاعات الخشب شبه المصمت بسمك 44مم مكون من قواطيع خشب داخليه بحشو خفيف mdfوالمطلي بدهان رمادي على هيئة الأسطح الاسمنتية والحلق من الخشب السويدي المسطم المقاوم للرطوبة مخفي داخل الواجهة القواطع الجبسية والبند يشمل جميع الإكسسوارات اللازمه من مفصلات ودفاش من النوع المخفي ومقابض وربل كاتم لصوت الإغلاق ودهانات و إنهاء جميع الأعمال على الوجه الأكمل طبقا للمخططات واصول الصناعة  والمواصفات الفنية وتعليمات االمهندس المشرف. Ref drawing: 07-MRA-DD-(as per floor number)-AR-800 بعرض 900 مم وارتفاع 2200 مم  WD01باب مروحة ضلفة واحدة  نموذج ,عدد,2400.0,1.0,0.0,2400.0,معماري,CMH_01-A-055,,بنود أوامر التغيير,342,CMH_01_SMART.xlsx,sheet بنود أوامر التغيير,high,
CMH_01-C01,5,زيادة كمية,56,توريد وتركيب باب من قطاعات الخشب شبه المصمت بسمك 44مم مكون من قواطيع خشب داخليه بحشو  mdfوالمطلي بدهان رمادي بيج والحلق من الخشب السويدي المسطم المقاوم للرطوبة مخفي داخل الواجهة القواطع الجبسية والبند يشمل جميع الإكسسوارات اللازمه من مفصلات ودفاش من النوع المخفي ومقابض، ربل كاتم لصوت الإغلاق ودهانات .و إنهاء جميع الأعمال على الوجه الأكمل طبقا للمخططات واصول الصناعة  والمواصفات الفنية وتعليمات االمهندس المشرف. Ref drawing: 07-MRA-DD-(as per floor number)-AR-800 بعرض900 مم وارتفاع 2200 مم  WD03باب مروحة ضلفة واحدة  نموذج ,عدد,2400.0,10.0,0.0,24000.0,معماري,CMH_01-A-056,,بنود أوامر التغيير,343,CMH_01_SMART.xlsx,sheet بنود أوامر التغيير,high,
CMH_01-C01,5,تقليل كمية,57,توريد وتركيب باب من قطاعات الخشب شبه المصمت بسمك 44مم مكون من قواطيع خشب داخليه بحشو خفيف mdfوالمطلي بدهان أزرق بترولي والحلق من الخشب السويدي المسطم المقاوم للرطوبة مخفي داخل الواجهة القواطع الجبسية والبند يشمل جميع الإكسسوارات اللازمه من مفصلات ودفاش من النوع المخفي ومقابض وربل كاتم لصوت الإغلاق ودهانات و إنهاء جميع الأعمال على الوجه الأكمل طبقا للمخططات واصول الصناعة  والمواصفات الفنية. Ref drawing: 07-MRA-DD-(as per floor number)-AR-800 بعرض 900 مم وارتفاع 2200 مم  WD08 باب مروحة ضلفة واحدة  نموذج,عدد,2400.0,-1.0,0.0,-2400.0,معماري,CMH_01-A-057,,بنود أوامر التغيير,344,CMH_01_SMART.xlsx,sheet بنود أوامر التغيير,high,
CMH_01-C01,5,تقليل كمية,60,توريد وتركيب باب من الزجاج المضلّع )ribbed glass( بأيطارات من الخشب المصمت سماكة 44 ملم مع قشرة الجوز الداكنة. والبند يشمل جميع الإكسسوارات اللازمه من مفصلات ودفاش من النوع المخفي ومقابض وربل كاتم لصوت الإغلاق ودهانات و إنهاء جميع الأعمال على الوجه الأكمل طبقا للمخططات واصول الصناعة  والمواصفات الفنية وتعليمات االمهندس المشرف.  باب مروحة ضلفتين  نموذج 12WD  بعرض 2000 مم وارتفاع 3000 مم )VIP Zone (Ref drawing: 07-MRA-DD-sixth floor-AR-800,عدد,5700.0,-1.0,0.0,-5700.0,معماري,CMH_01-A-060,,بنود أوامر التغيير,345,CMH_01_SMART.xlsx,sheet بنود أوامر التغيير,high,
CMH_01-C01,5,زيادة كمية,61,توريد وتركيب باب من الزجاج المضلعّ )ribbed glass( بأيطارات من الخشب المصمت سماكة 44 ملم مع قشرة الجوز الداكنة. والبند يشمل جميع الإكسسوارات اللازمه من مفصلات ودفاش من النوع المخفي ومقابض وربل كاتم لصوت الإغلاق ودهانات و إنهاء جميع الأعمال على الوجه الأكمل طبقا للمخططات واصول الصناعة  والمواصفات الفنية وتعليمات االمهندس المشرف. Ref drawing: 07-MRA-DD-sixth floor-AR-800  باب مروحة ضلفة واحدة  نموذج 11WD  بعرض 1000 مم وارتفاع 3000 مم )VIP Zone(,عدد,6000.0,4.0,0.0,24000.0,معماري,CMH_01-A-061,,بنود أوامر التغيير,346,CMH_01_SMART.xlsx,sheet بنود أوامر التغيير,high,
CMH_01-C01,5,تقليل كمية,66,توريد وتركيب قواطع زجاجيه داخليه من زجاج  سيكوريت عازل للصوت ثخانة 12مم مركّبة على مقاطع من  الألمنيوم )لون اسود 9005RAL (  مثبتة  بالسقف والأرض بإرتفاع 2700مم .ويشمل العمل الاطار والقوائم  والتثبيت بتيوب حديد ابعاد 4*8 سم وسماكة 2ملم  والملصقات بأماكن محددة حسب التصميم ، وفواصل البوليكاربونيت الجاف بين الألواح الزجاجية وقطع الإكسسوار ومانع التسرب والمواد الأخُرى المطلوبة لاستكمال التركيب حسب المخططات وتعليمات االمهندس المشرف.,م²,900.0,-130.13,0.0,-117117.0,معماري,CMH_01-A-066,,بنود أوامر التغيير,347,CMH_01_SMART.xlsx,sheet بنود أوامر التغيير,high,
CMH_01-C01,5,زيادة كمية,68,توريد وتركيب باب من قطاعات الحديد  بسمك 45 مم مقاوم للحريق 90 دقيقة،  مع طبقة من الصاج سماكة 2مم من الجهتين على اطار معدنى مجوف والسعر يشمل التكسية الخشبية بقشرة الجوز لضلفة الباب والإطار من جهة واحدة..ويشمل التوريد والتركيب والتثبيت  والمفصلات والمقابض   والدفاش والاكسسوارت من اجود الانواع  وكل مايلزم لانهاء العمل على اكمل وجه ة حسب المخططات وتعليمات االمهندس المشرف. Ref. drawing: 07-MRA-DD-(as per floor number)-AR-804 ضلفة واحدة عرض1100مم وإرتفاع 2200مم SD02 باب نموذج,عدد,3000.0,8.0,0.0,24000.0,معماري,CMH_01-A-068,,بنود أوامر التغيير,348,CMH_01_SMART.xlsx,sheet بنود أوامر التغيير,high,
CMH_01-C01,5,تقليل كمية,69,تجديد وترميم الأبواب الحديدية وتشمل الأعمال ما يلي: ــ  تجديد وترميم أبواب الحديد، سنفرة الأبواب، عمل طبقة تأسيس ناري للأبواب،  دهان وتلميع الأجزاء  + تلميع خارجي بمادة البوليريثان، المحافظة على نظافة المكان وإزالة المخلفات. حسب الاصول الفنيه وتعليمات المهندس المشرف. باب  ضلفتين عرض2000مم,عدد,540.0,-4.0,0.0,-2160.0,معماري,CMH_01-A-069,,بنود أوامر التغيير,349,CMH_01_SMART.xlsx,sheet بنود أوامر التغيير,high,
CMH_01-C01,5,تقليل كمية,70,تجديد وترميم أبواب الحديد، سنفرة الأبواب، عمل طبقة تأسيس ناري للأبواب،  دهان وتلميع الأجزاء  + تلميع خارجي بمادة البوليريثان، المحافظة على نظافة المكان وإزالة المخلفات. حسب الاصول الفنيه وتعليمات المهندس المشرف. باب  ضلفة واحدة عرض1000مم,عدد,360.0,-1.0,0.0,-360.0,معماري,CMH_01-A-070,,بنود أوامر التغيير,350,CMH_01_SMART.xlsx,sheet بنود أوامر التغيير,high,
CMH_01-C01,5,تقليل كمية,71,تجديد وترميم أبواب الحديد، سنفرة الأبواب، عمل طبقة تأسيس ناري للأبواب،  دهان وتلميع الأجزاء  + تلميع خارجي بمادة البوليريثان، المحافظة على نظافة المكان وإزالة المخلفات. حسب الاصول الفنيه وتعليمات المهندس المشرف. باب  ضلفة واحدة عرض800مم,عدد,360.0,-2.0,0.0,-720.0,معماري,CMH_01-A-071,,بنود أوامر التغيير,351,CMH_01_SMART.xlsx,sheet بنود أوامر التغيير,high,
CMH_01-C01,5,زيادة كمية,72,طبقة من اللياسة الأسمنتية فوق الأسطح الخرسانية والجدران الداخلية  بسمك متوسط 20 مم على طبقات  طرطشة بسمك 5 مم وضهارة 15 مم حسب المواصفات مع المعالجة اليومية  بالمياه لمنع التنميلات ويتم عمل افريز بين البلوك والخرسانة يملئ بمواد قابلة للدهان والسعر يشمل كامل الأكسسوارات اللازمة من شبك معدني ممدد وزوايا ونهايات معدنية  ومواد الترابط  وعمل تجاويف في طبقة اللياسة بعمق 10مم عرض 10مم  في الاعمدة  وفي الجدران ان وجدت حسب الرسومات والمناظير وتعليمات المهندس المشرف ذلك حسب الاصول الفنية وتعليمات المهندس المشرف. لياسة الجدران والأعمدة الداخلية  وتشمل جميع الإكسسوارات بإرتفاع 20 سم أعلي الأسقف الجبسيه لزوم الجدران الداخلية,م²,42.0,1658.95,0.0,69675.90000000001,معماري,CMH_01-A-072,,بنود أوامر التغيير,352,CMH_01_SMART.xlsx,sheet بنود أوامر التغيير,high,
CMH_01-C01,5,زيادة كمية,73,توريد وتركيب قاطع جداري ثخانة 100مم ذو الواح اسمنتية مقاوم للحريق  ثخانة 12مم تركب من الجهتين )طبقات مزدوجة(  لدورات المياه والأوفيس ويشمل المسامير المعدنية و المزالج / الأعضاء المعدنية الساندة والسكك والغطاء العازل للصوت )صوف صخري( وكل الاكسسوارات حسب المخطط والمواصفات وتعليمات المهندس المشرف. ,م²,180.0,372.88,0.0,67118.4,معماري,CMH_01-A-073,,بنود أوامر التغيير,353,CMH_01_SMART.xlsx,sheet بنود أوامر التغيير,high,
CMH_01-C01,5,زيادة كمية,74,توريد وتركيب قاطع جداري ثخانة 100مم ذو الواح جبسية مقاومه للحريق  ثخانة 5.12مم تركب من الجهتين )طبقات مزدوجة( يشمل المسامير المعدنية و المزالج / الأعضاء المعدنية الساندة والسكك والغطاء العازل للصوت )صوف صخري( وكل الإكسسوارات حسب المخطط والمواصفات وتعليمات المهندس المشرف.,م²,180.0,2497.13,0.0,449483.4,معماري,CMH_01-A-074,,بنود أوامر التغيير,354,CMH_01_SMART.xlsx,sheet بنود أوامر التغيير,high,
CMH_01-C01,5,تقليل كمية,75,توريد وتركيب أسقف معلقة من الالواح الجبسيه )01-GBC( ثخانة 12 مم المقاومة للحريق شاملة نظام التعليق وضبط الحواف والزوايا وأبواب لفتحات الكشف بالأسقف لأعمال الصيانة )أبواب جاهزة من النوع السهل الاستعمال والمزود بمفصلات مخفية( والإكسسوارات. ويشمل السعر أي مواد أو أعمال يتطلبها استكمال العمل حسب المواصفات والمخططات.,م²,150.0,-165.12,0.0,-24768.0,معماري,CMH_01-A-075,,بنود أوامر التغيير,355,CMH_01_SMART.xlsx,sheet بنود أوامر التغيير,high,
CMH_01-C01,5,زيادة كمية,76,توريد وتركيب أسقف معلقة من الالواح الجبسيه  )02-GBC( ثخانة 12 مم المقاومة للرطوبة شاملة نظام التعليق وضبط الحواف والزوايا وأبواب لفتحات الكشف بالأسقف لأعمال الصيانة )أبواب جاهزة من النوع السهل الاستعمال والمزود بمفصلات مخفية( واالإكسسوارات. ويشمل السعر أي مواد أو أعمال يتطلبها استكمال العمل حسب المواصفات والمخططات وتعليمات المهندس المشرف.,م²,150.0,79.63,0.0,11944.5,معماري,CMH_01-A-076,,بنود أوامر التغيير,356,CMH_01_SMART.xlsx,sheet بنود أوامر التغيير,high,
CMH_01-C01,5,تقليل كمية,77,600×600مم توريد وتركيب اسقف اصطناعية  والسعر يشمل نظام التعليق من الحديد المجفلن مع جميع الاكسسوارات وكل مايلزم حسب المواصفات والمخططات وتعليمات الشركة المصنعة .,م²,150.0,-240.9,0.0,-36135.0,معماري,CMH_01-A-077,,بنود أوامر التغيير,357,CMH_01_SMART.xlsx,sheet بنود أوامر التغيير,high,
CMH_01-C01,5,تقليل كمية,78,توريد وتركيب اسقف معدنية على شكل مربعات بشكل سماكة 5سم)grey color powder coated( ، وفتحات على شكل مثلث مع اضاءة مخفية مغلفة من الاعلى بطبقة Acrylic شفاف مغشى سماكة 4مم مثبتة بنظام تعليق متصلة بالسقف الخرساني حسب الرسومات والمناظير.01-Code MTL,م²,150.0,-181.0,0.0,-27150.0,معماري,CMH_01-A-078,,بنود أوامر التغيير,358,CMH_01_SMART.xlsx,sheet بنود أوامر التغيير,high,
CMH_01-C01,5,زيادة كمية,79, أرضيات بورسلان 01-PT مقاس 600×600×12مم فرز اول بالمقاسات والالوان المطلوبة لدورات المياه الخاصة بمكاتب الوكلاء ومساعدين الوكلاء العامة ومنطقة التنفيذيين بالدور السادس  طبقاً للمخططات والمواصفات.,م²,120.0,29.7,0.0,3564.0,معماري,CMH_01-A-079,,بنود أوامر التغيير,359,CMH_01_SMART.xlsx,sheet بنود أوامر التغيير,high,
CMH_01-C01,5,زيادة كمية,80, أرضيات بورسلان 02-PTمقاس 600×600×12مم فرز اول بالمقاسات والالوان المطلوبة لدورات المياه الخاصة بمكاتب المدراء العامين  طبقاً للمخططات والمواصفات.,م²,120.0,2.13,0.0,255.6,معماري,CMH_01-A-080,,بنود أوامر التغيير,360,CMH_01_SMART.xlsx,sheet بنود أوامر التغيير,high,
CMH_01-C01,5,تقليل كمية,81, أرضيات بورسلان03-PT مقاس 600×600×12مم فرز ثاني بالمقاسات والالوان المطلوبة لدورات المياة العامة  طبقاً للمخططات والمواصفات.,م²,120.0,-1800.66,0.0,-216079.2,معماري,CMH_01-A-081,,بنود أوامر التغيير,361,CMH_01_SMART.xlsx,sheet بنود أوامر التغيير,high,
CMH_01-C01,5,تقليل كمية,82, أرضيات بورسلان04-PT مقاس 600×600×12مم فرز ثاني بالمقاسات والالوان المطلوبة لغرف الأرشيف والمخازن والمطبخ طبقاً للمخططات والمواصفات.,م²,120.0,-64.04,0.0,-7684.800000000001,معماري,CMH_01-A-082,,بنود أوامر التغيير,362,CMH_01_SMART.xlsx,sheet بنود أوامر التغيير,high,
CMH_01-C01,5,زيادة كمية,85, جدران بورسلان (PW-03(type A&B  مقاس 600×300×12مم فرز ثاني بالمقاسات والالوان المطلوبة لدورات المياة العامة  طبقاً للمخططات والمواصفات.,م²,96.0,531.65,0.0,51038.399999999994,معماري,CMH_01-A-085,,بنود أوامر التغيير,363,CMH_01_SMART.xlsx,sheet بنود أوامر التغيير,high,
CMH_01-C01,5,تقليل كمية,86, وزرة من بورسلان بسماكة 12مم  100*600 مم والسعر يشمل التثبيت  بالغراء والشطف وكل ما يلزم لانهاء العمل حسب الاصول الفنية وتعليمات المهندس المشرف.Ref. Drawings: 07-MRA-DD-(as per floor number)-AR-300,م.ط,120.0,-34.92,0.0,-4190.400000000001,معماري,CMH_01-A-086,,بنود أوامر التغيير,364,CMH_01_SMART.xlsx,sheet بنود أوامر التغيير,high,
CMH_01-C01,5,تقليل كمية,87,توريد وتركيب بلاط سيراميك مزجج للجدران يلصق بمادة الغراء يتم إعتمادها على اللياسة المنفذه أسفل اوعلى القواطع الاسمنتية هويكون السيراميك المزجج من النوع الجيد والمتوفر  والسعر يشمل المادة اللاصقه ومادة السقاية  والديكور المطلوب ويتم التنفيذ طبقا للمخططات  واصول الصناعة وتعليمات المهندس المشرف.,م²,102.0,-60.0,0.0,-6120.0,معماري,CMH_01-A-087,,بنود أوامر التغيير,365,CMH_01_SMART.xlsx,sheet بنود أوامر التغيير,high,
CMH_01-C01,5,تقليل كمية,95,معالجة وتنظيف وصقل وجلاء بلاط رخام الأرضيات والدرج مع بودرة الرخام المستخدم والتلميع 4 أوجه وملو الفواصل بمادة مقاومة للرطوبة والبكتيريا  والسعر يشمل جميع المواد والأعمال اللازمة لإتمام العمل المطلوب طبقا للمخططات والمواصفات الفنية وبحسب توجيهات واعتماد المهندس المشرف. رخام الأرضيات في المداخل و الممرات الرئيسية وبسطات الدرج.,م²,42.0,-57.12,0.0,-2399.04,معماري,CMH_01-A-095,,بنود أوامر التغيير,366,CMH_01_SMART.xlsx,sheet بنود أوامر التغيير,high,
CMH_01-C01,5,تقليل كمية,96,معالجة وتنظيف وصقل وجلاء بلاط رخام الأرضيات والدرج مع بودرة الرخام المستخدم والتلميع 4 أوجه وملو الفواصل بمادة مقاومة للرطوبة والبكتيريا  والسعر يشمل جميع المواد والأعمال اللازمة لإتمام العمل المطلوب طبقا للمخططات والمواصفات الفنية وبحسب توجيهات واعتماد المهندس المشرف. رخام الدرج )قائمة والسعر يشمل النائمة والحبسة,م.ط,42.0,-246.96,0.0,-10372.32,معماري,CMH_01-A-096,,بنود أوامر التغيير,367,CMH_01_SMART.xlsx,sheet بنود أوامر التغيير,high,
CMH_01-C01,5,تقليل كمية,97,رخام رمادي غامق تندر غراي مقاس 600×900 مم  سماكة  20مم  كإطار حول المصاعد,م²,300.0,-11.0,0.0,-3300.0,معماري,CMH_01-A-097,,بنود أوامر التغيير,368,CMH_01_SMART.xlsx,sheet بنود أوامر التغيير,high,
CMH_01-C01,5,تقليل كمية,98,رخام ابيض ثاسوس  سماكة 20مم على جدران دورات مياه منطقة معالي الوزير,م²,300.0,-0.19,0.0,-57.0,معماري,CMH_01-A-098,,بنود أوامر التغيير,369,CMH_01_SMART.xlsx,sheet بنود أوامر التغيير,high,
CMH_01-C01,5,تقليل كمية,99,رخام أخضر داكن مثبت على قواطع السيمنت خلف مكاتب السكرتاريا وفي المدخل الرئيسي في منطقة معالي الوزير.,م²,300.0,-11.0,0.0,-3300.0,معماري,CMH_01-A-099,,بنود أوامر التغيير,370,CMH_01_SMART.xlsx,sheet بنود أوامر التغيير,high,
CMH_01-C01,5,تقليل كمية,100,رخام  الحوائط والأعمدة والكمر والوزرات لمدخل كبار الشخصيات ومدخل الموظفين وعلى المصاعد وفي الممرات الرئيسية والوجهات الداخلية للفناء الوسطي.,م²,60.0,-3932.71,0.0,-235962.6,معماري,CMH_01-A-100,,بنود أوامر التغيير,371,CMH_01_SMART.xlsx,sheet بنود أوامر التغيير,high,
CMH_01-C01,5,زيادة كمية,101,توريد وتركيب وزرة من الرخام  رمادي فاتح تندر غراي بسماكة 20مم 100*1000 مم والسعر يشمل التثبيت  بالغراء والشطف وكل ما يلزم لانهاء العمل حسب الاصول الفنية وتعليمات المهندس المشرف.,م.ط,90.0,37.37,0.0,3363.2999999999997,معماري,CMH_01-A-101,,بنود أوامر التغيير,372,CMH_01_SMART.xlsx,sheet بنود أوامر التغيير,high,
CMH_01-C01,5,تقليل كمية,102,معالجة وتنظيف و الصقل والجلاء  لبلاط  الموزايك للأرضيات والدرج ومحمل على البند الوزر  والبند يشمل معالجة اللحامات والسقاية وملو الفواصل بمادة مقاومة للرطوبة والبكتيريا  طبقا للمخططات والمواصفات الفنية وبحسب توجيهات واعتماد المهندس المشرف. الأرضيات الموزايكو في سلالم الخدمة وبسطات الدرج.,م²,90.0,-414.72,0.0,-37324.8,معماري,CMH_01-A-102,,بنود أوامر التغيير,373,CMH_01_SMART.xlsx,sheet بنود أوامر التغيير,high,
CMH_01-C01,5,تقليل كمية,103,معالجة وتنظيف و الصقل والجلاء  لبلاط  الموزايك للأرضيات والدرج ومحمل على البند الوزر  والبند يشمل معالجة اللحامات والسقاية وملو الفواصل بمادة مقاومة للرطوبة والبكتيريا  طبقا للمخططات والمواصفات الفنية وبحسب توجيهات واعتماد المهندس المشرف. موزايكو الدرج )قائمة والسعر يشمل النائمة والحبسة,م.ط,90.0,-1568.0,0.0,-141120.0,معماري,CMH_01-A-103,,بنود أوامر التغيير,374,CMH_01_SMART.xlsx,sheet بنود أوامر التغيير,high,
CMH_01-C01,5,تقليل كمية,104,Ref drawing: 07-MRA-DD-(as per floor number)-AR-300 مقاس 500×500 مم  لون رمادي لمنطقة المرور CT-01بلاط - سجاد,م²,156.0,-148.13,0.0,-23108.28,معماري,CMH_01-A-104,,بنود أوامر التغيير,375,CMH_01_SMART.xlsx,sheet بنود أوامر التغيير,high,
CMH_01-C01,5,تقليل كمية,105,بلاط - سجاد 02-CT مقاس 500× 500 مم لون أزرق فاتح لمحطة العمل وغرفة الاجتماعات,م²,156.0,-54.62,0.0,-8520.72,معماري,CMH_01-A-105,,بنود أوامر التغيير,376,CMH_01_SMART.xlsx,sheet بنود أوامر التغيير,high,
CMH_01-C01,5,تقليل كمية,106,Ref drawing: 07-MRA-DD-(as per floor number)-AR-300 مقاس 500×500 مم لون بيج لمكتب المدير CT-03بلاط - سجاد,م²,156.0,-537.69,0.0,-83879.64000000001,معماري,CMH_01-A-106,,بنود أوامر التغيير,377,CMH_01_SMART.xlsx,sheet بنود أوامر التغيير,high,
CMH_01-C01,5,زيادة كمية,107,Ref drawing: 07-MRA-DD-(as per floor number)-AR-300 مقاس 500×500 مم لمنطقة الاستقبال الرئيسية CT-04بلاط - سجاد,م²,15.6,392.03,0.0,6115.668,معماري,CMH_01-A-107,,بنود أوامر التغيير,378,CMH_01_SMART.xlsx,sheet بنود أوامر التغيير,high,
CMH_01-C01,5,تقليل كمية,109,Ref drawing: 07-MRA-DD-(as per floor number)-AR-300 مقاس 500×500 مم لمركز الأعمال CT-06بلاط - سجاد,م²,156.0,-104.58,0.0,-16314.48,معماري,CMH_01-A-109,,بنود أوامر التغيير,379,CMH_01_SMART.xlsx,sheet بنود أوامر التغيير,high,
CMH_01-C01,5,زيادة كمية,110,بلاط - سجاد 01-CR مقاس 500×500 مم لمكتب الرئيس ونائب الرئيس والصالة والسكرتارية وغرفة الاجتماعات الكبيرة.,م²,156.0,138.47,0.0,21601.32,معماري,CMH_01-A-110,,بنود أوامر التغيير,380,CMH_01_SMART.xlsx,sheet بنود أوامر التغيير,high,
CMH_01-C01,5,زيادة كمية,111,بلاط - سجاد 02-CR مقاس 500×500 مم لمكتب الرئيس ونائب الرئيس على شكل مثلثات لون بيج، رمادي فاتح ورمادي غامق.,م²,156.0,0.95,0.0,148.2,معماري,CMH_01-A-111,,بنود أوامر التغيير,381,CMH_01_SMART.xlsx,sheet بنود أوامر التغيير,high,
CMH_01-C01,5,تقليل كمية,112,300-Ref drawing: 07-MRA-DD-(as per floor number)-ARبلاط - سجاد 03-CR مقاس 500×500 مم للمدير العام ومنطقة السكرتارية,م²,156.0,-200.29,0.0,-31245.239999999998,معماري,CMH_01-A-112,,بنود أوامر التغيير,382,CMH_01_SMART.xlsx,sheet بنود أوامر التغيير,high,
CMH_01-C01,5,تقليل كمية,113,Ref drawing: 07-MRA-DD-(as per floor number)-AR-300 لمنطقة الصلاة CR-04 رولات السجاد,م²,156.0,-125.43,0.0,-19567.08,معماري,CMH_01-A-113,,بنود أوامر التغيير,383,CMH_01_SMART.xlsx,sheet بنود أوامر التغيير,high,
CMH_01-C01,5,تقليل كمية,114,رولات السجاد 05-CR لمدخل معالي الوزير في الدور الارضي، سجادة المراسم الملكية لون بنفسجي مع إضافة إطار بنقشة مزخرفة حسب المناظير الداخلية.,م²,228.0,-74.46,0.0,-16976.879999999997,معماري,CMH_01-A-114,,بنود أوامر التغيير,384,CMH_01_SMART.xlsx,sheet بنود أوامر التغيير,high,
CMH_01-C01,5,تقليل كمية,115,رولات السجاد 06-CR للمدخل الرئيسي والثانوي في الدور الأرضي بلون بيج مع تصميم على شكل مثلثات حسب المناظير الداخلية.,م²,216.0,-142.32,0.0,-30741.12,معماري,CMH_01-A-115,,بنود أوامر التغيير,385,CMH_01_SMART.xlsx,sheet بنود أوامر التغيير,high,
CMH_01-C01,5,تقليل كمية,116,رولات السجاد 07-CR لمختصر معالي الوزير، غرفة الاجتماعات الخاصة بمعالي الوزير، غرفة الاجتماعات الرئيسية ومدير مكتب معالي الوزير.,م²,228.0,-238.38,0.0,-54350.64,معماري,CMH_01-A-116,,بنود أوامر التغيير,386,CMH_01_SMART.xlsx,sheet بنود أوامر التغيير,high,
CMH_01-C01,5,تقليل كمية,117,300-Ref drawing: 07-MRA-DD-(as per floor number)-ARرولات السجاد 08-CR لمنطقة انتظار كبار الشخصيات في الدور السادس,م²,156.0,-133.4,0.0,-20810.4,معماري,CMH_01-A-117,,بنود أوامر التغيير,387,CMH_01_SMART.xlsx,sheet بنود أوامر التغيير,high,
CMH_01-C01,5,تقليل كمية,118,300-Ref drawing: 07-MRA-DD-(as per floor number)-ARرولات السجاد 09-CR  لمكتب معالي الوزير، السكرتاريا ومنطقة الانتظار,م²,228.0,-119.1,0.0,-27154.8,معماري,CMH_01-A-118,,بنود أوامر التغيير,388,CMH_01_SMART.xlsx,sheet بنود أوامر التغيير,high,
CMH_01-C01,5,تقليل كمية,119,300-Ref drawing: 07-MRA-DD-(as per floor number)-ARرولات السجاد 10-CR  لغرفة اللاونج في منطقة التنفيذين في الدور السادس,م²,156.0,-68.89,0.0,-10746.84,معماري,CMH_01-A-119,,بنود أوامر التغيير,389,CMH_01_SMART.xlsx,sheet بنود أوامر التغيير,high,
CMH_01-C01,5,تقليل كمية,120,بلاط laminated HDF باركيه01-PQ  لمركز الأعمال والفناء الوسطي,م²,156.0,-104.1,0.0,-16239.599999999999,معماري,CMH_01-A-120,,بنود أوامر التغيير,390,CMH_01_SMART.xlsx,sheet بنود أوامر التغيير,high,
CMH_01-C01,5,تقليل كمية,121,عمل صبة خرسانية من السرك سماكة 10 سم مع طبقة واحدة من شبك الحديد قطر 6مم. على أن تكون طبقة التشطيب النهائية بلون رمادي غامق على شكل الأسطح الاسمنتية  بحسب اللون والملمس المعتمد. ,م²,72.0,-139.61,0.0,-10051.920000000002,معماري,CMH_01-A-121,,بنود أوامر التغيير,391,CMH_01_SMART.xlsx,sheet بنود أوامر التغيير,high,
CMH_01-C01,5,تقليل كمية,122,عمل صبة خرسانية من السرك سماكة 10 سم مع طبقة واحدة من شبك الحديد قطر 6مم. على أن تكون طبقة التشطيب النهائية بلون رمادي فاتح على شكل الأسطح الاسمنتية  بحسب اللون والملمس المعتمد وبحسب تعليمات المهندس المشرف.,م²,72.0,-152.0,0.0,-10944.0,معماري,CMH_01-A-122,,بنود أوامر التغيير,392,CMH_01_SMART.xlsx,sheet بنود أوامر التغيير,high,
CMH_01-C01,5,زيادة كمية,123,حجر جرانيت اسود مع تشكيلات مثلثات من لون فاتح للنافورة الداخلية   01-ST حسب الموضح بالمخطط ,م²,120.0,85.94,0.0,10312.8,معماري,CMH_01-A-123,,بنود أوامر التغيير,393,CMH_01_SMART.xlsx,sheet بنود أوامر التغيير,high,
CMH_01-C01,5,تقليل كمية,124,300-Ref. Drawings: 07-MRA-DD-(as per floor number)-AR حجر رياض ابيض كإطار حول الجلسات في الفناء الوسطي الاساسي 02-ST,م²,180.0,-118.0,0.0,-21240.0,معماري,CMH_01-A-124,,بنود أوامر التغيير,394,CMH_01_SMART.xlsx,sheet بنود أوامر التغيير,high,
CMH_01-C01,5,زيادة كمية,125,دهان بلون رمادي بيج على الألواح الجبسية والألواح الاسمنتية 100-WPF,م²,25.2,2636.34,0.0,66435.768,معماري,CMH_01-A-125,,بنود أوامر التغيير,395,CMH_01_SMART.xlsx,sheet بنود أوامر التغيير,high,
CMH_01-C01,5,زيادة كمية,128,.دهان بلون رمادي اسمنتي على الألواح الجبسية والألواح الاسمنتية 200-WPF,م²,30.0,4477.39,0.0,134321.7,معماري,CMH_01-A-128,,بنود أوامر التغيير,396,CMH_01_SMART.xlsx,sheet بنود أوامر التغيير,high,
CMH_01-C01,5,تقليل كمية,129,.دهان بلون رمادي فاتح  على الألواح الجبسية والألواح الاسمنتية 300-WPF,م²,30.0,-147.54,0.0,-4426.2,معماري,CMH_01-A-129,,بنود أوامر التغيير,397,CMH_01_SMART.xlsx,sheet بنود أوامر التغيير,high,
CMH_01-C01,5,تقليل كمية,130,.دهان بلون اصفر خردلي  على الألواح الجبسية والألواح الاسمنتية 400-WPF,م²,24.0,-24.91,0.0,-597.84,معماري,CMH_01-A-130,,بنود أوامر التغيير,398,CMH_01_SMART.xlsx,sheet بنود أوامر التغيير,high,
CMH_01-C01,5,تقليل كمية,131,.دهان بلون ازرق أخضر  على الألواح الجبسية والألواح الاسمنتية 500-WPF,م²,24.0,-17.56,0.0,-421.43999999999994,معماري,CMH_01-A-131,,بنود أوامر التغيير,399,CMH_01_SMART.xlsx,sheet بنود أوامر التغيير,high,
CMH_01-C01,5,زيادة كمية,132,.دهان بلون رمادي خشن على هيئة الاسطح الاسمنتية مع تجويف  على جدار البلوك 600-WPF,م²,24.0,4.36,0.0,104.64000000000001,معماري,CMH_01-A-132,,بنود أوامر التغيير,400,CMH_01_SMART.xlsx,sheet بنود أوامر التغيير,high,
CMH_01-C01,5,تقليل كمية,133,تحضير وتنفيذ وعمل دهان عالي الجودة للأسقف الجبسية يشمل الوجه التحضيرى أساس ومعالجة الفواصل  بالمعجـون والشاش والمواد المخصص لتسكير فواصل الالواح الجبسية والاسمنتية وان يكون نوع  دهان  بلون ابيض,م²,24.0,-132.4,0.0,-3177.6000000000004,معماري,CMH_01-A-133,,بنود أوامر التغيير,401,CMH_01_SMART.xlsx,sheet بنود أوامر التغيير,high,
CMH_01-C01,5,تقليل كمية,134,تحضير وتنفيذ وعمل دهان عالي الجودة للأسقف الجبسية يشمل الوجه التحضيرى أساس ومعالجة الفواصل  بالمعجـون والشاش والمواد المخصص لتسكير فواصل الالواح الجبسية والاسمنتية وان يكون نوع دهان  بلون اصفر خردلي,م²,24.0,-5.32,0.0,-127.68,معماري,CMH_01-A-134,,بنود أوامر التغيير,402,CMH_01_SMART.xlsx,sheet بنود أوامر التغيير,high,
CMH_01-C01,5,تقليل كمية,135,تحضير وتنفيذ وعمل دهان عالي الجودة للأسقف الجبسية يشمل الوجه التحضيرى أساس ومعالجة الفواصل  بالمعجـون والشاش والمواد المخصص لتسكير فواصل الالواح الجبسية والاسمنتية وان يكون نوع دهان  بلون ازرق تيل,م²,24.0,-6.64,0.0,-159.35999999999999,معماري,CMH_01-A-135,,بنود أوامر التغيير,403,CMH_01_SMART.xlsx,sheet بنود أوامر التغيير,high,
CMH_01-C01,5,تقليل كمية,136,تحضير وتنفيذ وعمل دهان عالي الجودة للأسقف الجبسية يشمل الوجه التحضيرى أساس ومعالجة الفواصل  بالمعجـون والشاش والمواد المخصص لتسكير فواصل الالواح الجبسية والاسمنتية وان يكون نوع دهان  بلون ازرق فاتح,م²,20.0,-3.18,0.0,-63.6,معماري,CMH_01-A-136,,بنود أوامر التغيير,404,CMH_01_SMART.xlsx,sheet بنود أوامر التغيير,high,
CMH_01-C01,5,زيادة كمية,137,بالمتر المسطح عمل دهان اكريليك مائي مرن عالي المتانة علي الاسطح الخرسانية وعلى الجدران  الظاهرة على السقف المفتوح  وكل التجهيزات الخاصة بالأعمال الميكانيكية والكهربائية باستثناء نظام الحريق. يشمل الوجه التحضيرى أساس  ثم  الدهان وجهين باللون المطلوب  مع نظافة الاسطح وازالة اى بروز بالخرسانات بالسقف ويتم التنفيذ طبقا للمخططات والمواصفاتة الفنية وعلي حسب تعليمات المهندس المشرف. دهان  بلون اسود,م²,30.0,1653.51,0.0,49605.3,معماري,CMH_01-A-137,,بنود أوامر التغيير,405,CMH_01_SMART.xlsx,sheet بنود أوامر التغيير,high,
CMH_01-C01,5,تقليل كمية,138,بالمتر المسطح عمل دهان اكريليك مائي مرن عالي المتانة علي الاسطح الخرسانية وعلى الجدران  الظاهرة على السقف المفتوح  وكل التجهيزات الخاصة بالأعمال الميكانيكية والكهربائية باستثناء نظام الحريق. يشمل الوجه التحضيرى أساس  ثم  الدهان وجهين باللون المطلوب  مع نظافة الاسطح وازالة اى بروز بالخرسانات بالسقف ويتم التنفيذ طبقا للمخططات والمواصفاتة الفنية وعلي حسب تعليمات المهندس المشرف.  دهان رمادي غامق,م²,30.0,-99.9,0.0,-2997.0,معماري,CMH_01-A-138,,بنود أوامر التغيير,406,CMH_01_SMART.xlsx,sheet بنود أوامر التغيير,high,
CMH_01-C01,5,تقليل كمية,139,معالجة و دهان سقف الفناء الوسطى والبند يشمل أعمال ترميم  ودهان الألواح الجبسية مع تغيير التالف منها وفك ألواح التغطية الشفافة )ألواح اللكسان( الحالية وتوريد وتركيب ألواح جديدة ومحمل على البند فك وحدات الانارة الحالية وتوريد وتركيب ،حدات إنارة جديدة مناسبة على ان يقدم المقاول مقترح كامل لطريقة التنفيذ وعينات المواد للاعتماد من المهندس المشرف  قبل البدء بالاعمال والسعر يشمل كافة المواد والاعمال اللازمة لتنفيذ البند طبقاً لتوصيات المهندس المشرف,م²,30.0,-680.0,0.0,-20400.0,معماري,CMH_01-A-139,,بنود أوامر التغيير,407,CMH_01_SMART.xlsx,sheet بنود أوامر التغيير,high,
CMH_01-C01,5,تقليل كمية,140,توريد وتثبيت ورق جدران عالي الجودة على الألواح الجبسية بعد تأسيس الجدران واغلاق الفواصل والفتحات وتاسيس الجدار بدهان مناسب لاعمال ورق الجدران  حسب النوع . في منطقة التنفيذيين ومكتب مدير مكتب معالي الوزير في الدور السادس  ويتم التنفيذ طبقا للمخططات والمواصفات الفنية وبحسب تعليمات المهندس المشرف.,م²,72.0,-673.0,0.0,-48456.0,معماري,CMH_01-A-140,,بنود أوامر التغيير,408,CMH_01_SMART.xlsx,sheet بنود أوامر التغيير,high,
CMH_01-C01,5,تقليل كمية,142,جهاز مناديل كهربائي,عدد,900.0,-97.0,0.0,-87300.0,معماري,CMH_01-A-142,,بنود أوامر التغيير,409,CMH_01_SMART.xlsx,sheet بنود أوامر التغيير,high,
CMH_01-C01,5,زيادة كمية,143,موزع صابون سائل,عدد,192.0,12.0,0.0,2304.0,معماري,CMH_01-A-143,,بنود أوامر التغيير,410,CMH_01_SMART.xlsx,sheet بنود أوامر التغيير,high,
CMH_01-C01,5,تقليل كمية,144,حاملة لفة ورق توليت,عدد,192.0,-24.0,0.0,-4608.0,معماري,CMH_01-A-144,,بنود أوامر التغيير,411,CMH_01_SMART.xlsx,sheet بنود أوامر التغيير,high,
CMH_01-C01,5,تقليل كمية,148,طقم اكسسوارات لمكتب الوكيل ومساعد الوكيل ومكاتب التنفيذيين في الدور السادس شاملة اكسسوارات حوض المغسلة، ماسورة تعليق المناشف وحوامل المناشف، فرش الحمام، حامل ورق التواليت,عدد,6000.0,-15.0,0.0,-90000.0,معماري,CMH_01-A-148,,بنود أوامر التغيير,412,CMH_01_SMART.xlsx,sheet بنود أوامر التغيير,high,
CMH_01-C01,5,تقليل كمية,149,طقم اكسسوارات لمكاتب المدراء العامين شاملة اكسسوارات حوض المغسلة، ماسورة تعليق المناشف وحوامل المناشف، فرش الحمام، حامل ورق التواليت,عدد,3000.0,-32.0,0.0,-96000.0,معماري,CMH_01-A-149,,بنود أوامر التغيير,413,CMH_01_SMART.xlsx,sheet بنود أوامر التغيير,high,
CMH_01-C01,5,زيادة كمية,152,توريد وتركيب مرآة وجه 6 مم ترُكّب بارزة عن الجدار مع شطف على كل الجهات طبقا للمواصفات وبحسب تعليمات المهندس المشرف. مقاس 1200 × 700 مم,عدد,1200.0,7.0,0.0,8400.0,معماري,CMH_01-A-152,,بنود أوامر التغيير,414,CMH_01_SMART.xlsx,sheet بنود أوامر التغيير,high,
CMH_01-C01,5,تقليل كمية,153,توريد وتركيب كاونتر لوحي للمغاسل كوريان عالي الكثافة سماكة 20 مم، يشمل الجزء الأمامي واللوح الواقي الخلفي  سماكة 20 مم حسب المحدد في المخططات والأقواس وأدوات التثبيت من الحديد المجلفن. و يشمل السعر أي مواد أو أعمال يتطلبها انهاء العمل طبقاً للموضح بالمواصفات والرسومات. ويشمل الأعمال الخشبية اللازمة للخزائن المرتبطة بالكاونتر حسب التصميم المطلوب وبحسب تعليمات المهندس المشرف. Ref drawing: 07-MRA-DD-(as per floor number)-AR-700 to 703 مقاس: 1250طول × عرض600 مم ,عدد,1800.0,-2.0,0.0,-3600.0,معماري,CMH_01-A-153,,بنود أوامر التغيير,415,CMH_01_SMART.xlsx,sheet بنود أوامر التغيير,high,
CMH_01-C01,5,زيادة كمية,154,توريد وتركيب كاونتر لوحي للمغاسل كوريان عالي الكثافة سماكة 20 مم، يشمل الجزء الأمامي واللوح الواقي الخلفي  سماكة 20 مم حسب المحدد في المخططات والأقواس وأدوات التثبيت من الحديد المجلفن. و يشمل السعر أي مواد أو أعمال يتطلبها انهاء العمل طبقاً للموضح بالمواصفات والرسومات. ويشمل الأعمال الخشبية اللازمة للخزائن المرتبطة بالكاونتر حسب التصميم المطلوب وبحسب تعليمات المهندس المشرف. Ref drawing: 07-MRA-DD-(as per floor number)-AR-700 to 703 مقاس: 1200طول × عرض600 مم ,عدد,1800.0,5.0,0.0,9000.0,معماري,CMH_01-A-154,,بنود أوامر التغيير,416,CMH_01_SMART.xlsx,sheet بنود أوامر التغيير,high,
CMH_01-C01,5,زيادة كمية,155,توريد وتركيب كاونتر لوحي للمغاسل كوريان عالي الكثافة سماكة 20 مم، يشمل الجزء الأمامي واللوح الواقي الخلفي  سماكة 20 مم حسب المحدد في المخططات والأقواس وأدوات التثبيت من الحديد المجلفن. و يشمل السعر أي مواد أو أعمال يتطلبها انهاء العمل طبقاً للموضح بالمواصفات والرسومات. ويشمل الأعمال الخشبية اللازمة للخزائن المرتبطة بالكاونتر حسب التصميم المطلوب وبحسب تعليمات المهندس المشرف.  مقاس: 1000طولRef drawing: 07-MRA-DD-(as per floor number)-AR-700 to 703 عرض600 مم × ,عدد,1200.0,6.0,0.0,7200.0,معماري,CMH_01-A-155,,بنود أوامر التغيير,417,CMH_01_SMART.xlsx,sheet بنود أوامر التغيير,high,
CMH_01-C01,5,زيادة كمية,156,توريد وتركيب كاونتر لوحي للمغاسل كوريان عالي الكثافة سماكة 20 مم، يشمل الجزء الأمامي واللوح الواقي الخلفي  سماكة 20 مم حسب المحدد في المخططات والأقواس وأدوات التثبيت من الحديد المجلفن.و يشمل السعر أي مواد أو أعمال يتطلبها انهاء العمل طبقاً للموضح بالمواصفات والرسومات. ويشمل الأعمال الخشبية اللازمة للخزائن المرتبطة بالكاونتر حسب التصميم المطلوب وبحسب تعليمات المهندس المشرف.Ref drawing: 07-MRA-DD-(as per floor number)-AR-700 to 703 مقاس: 3800طول × عرض600 مم ,عدد,6000.0,4.0,0.0,24000.0,معماري,CMH_01-A-156,,بنود أوامر التغيير,418,CMH_01_SMART.xlsx,sheet بنود أوامر التغيير,high,
CMH_01-C01,5,تقليل كمية,157,توريد وتركيب كاونتر لوحي للمغاسل كوريان عالي الكثافة سماكة 20 مم، يشمل الجزء الأمامي واللوح الواقي الخلفي  سماكة 20 مم حسب المحدد في المخططات والأقواس وأدوات التثبيت من الحديد المجلفن.و يشمل السعر أي مواد أو أعمال يتطلبها انهاء العمل طبقاً للموضح بالمواصفات والرسومات. ويشمل الأعمال الخشبية اللازمة للخزائن المرتبطة بالكاونتر حسب التصميم المطلوب وبحسب تعليمات المهندس المشرف. Ref drawing: 07-MRA-DD-(as per floor number)-AR-700 to 703 مقاس: 1340طول × عرض600 مم ,عدد,6000.0,-2.0,0.0,-12000.0,معماري,CMH_01-A-157,,بنود أوامر التغيير,419,CMH_01_SMART.xlsx,sheet بنود أوامر التغيير,high,
CMH_01-C01,5,تقليل كمية,158,توريد وتركيب كاونتر لوحي للمغاسل كوريان عالي الكثافة سماكة 20 مم، يشمل الجزء الأمامي واللوح الواقي الخلفي  سماكة 20 مم حسب المحدد في المخططات والأقواس وأدوات التثبيت من الحديد المجلفن. و يشمل السعر أي مواد أو أعمال يتطلبها انهاء العمل طبقاً للموضح بالمواصفات والرسومات. ويشمل الأعمال الخشبية اللازمة للخزائن المرتبطة بالكاونتر حسب التصميم المطلوب وبحسب تعليمات المهندس المشرف. Ref drawing: 07-MRA-DD-(as per floor number)-AR-700 to 703 مقاس: 1620طول × عرض600 مم,عدد,3000.0,-7.0,0.0,-21000.0,معماري,CMH_01-A-158,,بنود أوامر التغيير,420,CMH_01_SMART.xlsx,sheet بنود أوامر التغيير,high,
CMH_01-C01,5,تقليل كمية,159,توريد وتركيب كاونتر لوحي للمغاسل كوريان عالي الكثافة سماكة 20 مم، يشمل الجزء الأمامي واللوح الواقي الخلفي  سماكة 20 مم حسب المحدد في المخططات والأقواس وأدوات التثبيت من الحديد المجلفن.و يشمل السعر أي مواد أو أعمال يتطلبها انهاء العمل طبقاً للموضح بالمواصفات والرسومات. ويشمل الأعمال الخشبية اللازمة للخزائن المرتبطة بالكاونتر حسب التصميم المطلوب وبحسب تعليمات المهندس المشرف. Ref drawing: 07-MRA-DD-(as per floor number)-AR-700 to 703 مقاس: 1200طول × عرض500 مم ,عدد,1800.0,-2.0,0.0,-3600.0,معماري,CMH_01-A-159,,بنود أوامر التغيير,421,CMH_01_SMART.xlsx,sheet بنود أوامر التغيير,high,
CMH_01-C01,5,تقليل كمية,160,خزانة مغسلة خشبية مقاومة للرطوبة من خشب الـ ) Mdf ( بسماكة 18 مم وارتفاع 400 مم من قشرة الجوز أو ما يتناسب مع العينة الموافق عليها  مثبتة على القواطع الجبسية مع اضاءة مخفية ومفصلات ومقابض مخفية وتصميم حسب الرسومات والمناظير وبحسب تعليمات المهندس المشرف. Ref drawing: 07-MRA-DD-(as per floor number)-AR-700 to 703 مقاس: 1250طول × عرض600 مم,عدد,1800.0,-16.0,0.0,-28800.0,معماري,CMH_01-A-160,,بنود أوامر التغيير,422,CMH_01_SMART.xlsx,sheet بنود أوامر التغيير,high,
CMH_01-C01,5,زيادة كمية,161,خزانة مغسلة خشبية مقاومة للرطوبة من خشب الـ ) Mdf ( بسماكة 18 مم وارتفاع 400 مم من قشرة الجوز أو ما يتناسب مع العينة الموافق عليها  مثبتة على القواطع الجبسية مع اضاءة مخفية ومفصلات ومقابض مخفية وتصميم حسب الرسومات والمناظير وبحسب تعليمات المهندس المشرف. Ref drawing: 07-MRA-DD-(as per floor number)-AR-700 to 703 مقاس: 1200طول × عرض600 مم,عدد,1800.0,3.0,0.0,5400.0,معماري,CMH_01-A-161,,بنود أوامر التغيير,423,CMH_01_SMART.xlsx,sheet بنود أوامر التغيير,high,
CMH_01-C01,5,تقليل كمية,162,خزانة مغسلة خشبية مقاومة للرطوبة من خشب الـ ) Mdf ( بسماكة 18 مم وارتفاع 400 مم من قشرة الجوز أو ما يتناسب مع العينة الموافق عليها  مثبتة على القواطع الجبسية مع اضاءة مخفية ومفصلات ومقابض مخفية وتصميم حسب الرسومات والمناظير وبحسب تعليمات المهندس المشرف.Ref drawing: 07-MRA-DD-(as per floor number)-AR-700 to 703 مقاس: 1000طول × عرض600 مم,عدد,1800.0,-6.0,0.0,-10800.0,معماري,CMH_01-A-162,,بنود أوامر التغيير,424,CMH_01_SMART.xlsx,sheet بنود أوامر التغيير,high,
CMH_01-C01,5,تقليل كمية,164,خزانة مغسلة خشبية مقاومة للرطوبة من خشب الـ ) Mdf ( بسماكة 18 مم وارتفاع 400 مم من قشرة الجوز أو ما يتناسب مع العينة الموافق عليها  مثبتة على القواطع الجبسية مع اضاءة مخفية ومفصلات ومقابض مخفية وتصميم حسب الرسومات والمناظير وبحسب تعليمات المهندس المشرف. Ref drawing: 07-MRA-DD-(as per floor number)-AR-700 to 703 مقاس: 1340طول × عرض600 مم,عدد,2100.0,-2.0,0.0,-4200.0,معماري,CMH_01-A-164,,بنود أوامر التغيير,425,CMH_01_SMART.xlsx,sheet بنود أوامر التغيير,high,
CMH_01-C01,5,تقليل كمية,165,خزانة مغسلة خشبية مقاومة للرطوبة من خشب الـ ) Mdf ( بسماكة 18 مم وارتفاع 400 مم من قشرة الجوز أو ما يتناسب مع العينة الموافق عليها  مثبتة على القواطع الجبسية مع اضاءة مخفية ومفصلات ومقابض مخفية وتصميم حسب الرسومات والمناظير وبحسب تعليمات المهندس المشرف. Ref drawing: 07-MRA-DD-(as per floor number)-AR-700 to 703 مقاس: 1620طول × عرض600 مم,عدد,3000.0,-4.0,0.0,-12000.0,معماري,CMH_01-A-165,,بنود أوامر التغيير,426,CMH_01_SMART.xlsx,sheet بنود أوامر التغيير,high,
CMH_01-C01,5,تقليل كمية,166,خزانة مغسلة خشبية مقاومة للرطوبة من خشب الـ ) Mdf ( بسماكة 18 مم وارتفاع 400 مم من قشرة الجوز أو ما يتناسب مع العينة الموافق عليها  مثبتة على القواطع الجبسية مع اضاءة مخفية ومفصلات ومقابض مخفية وتصميم حسب الرسومات والمناظير وبحسب تعليمات المهندس المشرف. Ref drawing: 07-MRA-DD-(as per floor number)-AR-700 to 703 مقاس: 1200طول × عرض500 مم,عدد,2400.0,-2.0,0.0,-4800.0,معماري,CMH_01-A-166,,بنود أوامر التغيير,427,CMH_01_SMART.xlsx,sheet بنود أوامر التغيير,high,
CMH_01-C01,5,تقليل كمية,167, توريد وتركيب بار كاونتر للمطعم من الرخام الأسود والوجه مطلي باللون الرمادي على شكل وهيئة.الأسطح الاسمنتية  4400mm -طول x 1100mm - ارتفاع x 600mm -عرض,عدد,9000.0,-1.0,0.0,-9000.0,معماري,CMH_01-A-167,,بنود أوامر التغيير,428,CMH_01_SMART.xlsx,sheet بنود أوامر التغيير,high,
CMH_01-C01,5,تقليل كمية,168, توريد وتركيب بار كاونتر للمطعم من الرخام الأسود والوجه مطلي باللون الرمادي على شكل وهيئة.الأسطح الاسمنتية  3100mm -طول x 1100mm - ارتفاع x 600mm -عرض,عدد,7200.0,-1.0,0.0,-7200.0,معماري,CMH_01-A-168,,بنود أوامر التغيير,429,CMH_01_SMART.xlsx,sheet بنود أوامر التغيير,high,
CMH_01-C01,5,تقليل كمية,169,توريد وتركيب لوحات/لافتات داخلية حسب الأنظمة القياسية  للصانع وحسب الكتيّبات القياسية للّوحات، ويشمل السعر الأشكال البيانية )graphics( والمعلومات المكتوبة ونظام الأطُر وكل المواد والمكمّلات ذات الصلة المحددة في المخططات والمواصفات التفصيلية وبحسب تعليمات المهندس المشرف. لوحات إرشاديه للإستقبال نوع  101ID,عدد,258.0,-24.0,0.0,-6192.0,معماري,CMH_01-A-169,,بنود أوامر التغيير,430,CMH_01_SMART.xlsx,sheet بنود أوامر التغيير,high,
CMH_01-C01,5,تقليل كمية,170,توريد وتركيب لوحات/لافتات داخلية حسب الأنظمة القياسية  للصانع وحسب الكتيّبات القياسية للّوحات، ويشمل السعر الأشكال البيانية )graphics( والمعلومات المكتوبة ونظام الأطُر وكل المواد والمكمّلات ذات الصلة المحددة في المخططات والمواصفات التفصيلية وبحسب تعليمات المهندس المشرف. لوحات إرشاديه للمكاتب نوع  102ID,عدد,258.0,-272.0,0.0,-70176.0,معماري,CMH_01-A-170,,بنود أوامر التغيير,431,CMH_01_SMART.xlsx,sheet بنود أوامر التغيير,high,
CMH_01-C01,5,تقليل كمية,171,توريد وتركيب لوحات/لافتات داخلية حسب الأنظمة القياسية  للصانع وحسب الكتيّبات القياسية للّوحات، ويشمل السعر الأشكال البيانية )graphics( والمعلومات المكتوبة ونظام الأطُر وكل المواد والمكمّلات ذات الصلة المحددة في المخططات والمواصفات التفصيلية وبحسب تعليمات المهندس المشرف. لوحات إرشاديه لحجرة الإجتماعات نوع  103ID,عدد,258.0,-34.0,0.0,-8772.0,معماري,CMH_01-A-171,,بنود أوامر التغيير,432,CMH_01_SMART.xlsx,sheet بنود أوامر التغيير,high,
CMH_01-C01,5,تقليل كمية,172,توريد وتركيب لوحات/لافتات داخلية حسب الأنظمة القياسية  للصانع وحسب الكتيّبات القياسية للّوحات، ويشمل السعر الأشكال البيانية )graphics( والمعلومات المكتوبة ونظام الأطُر وكل المواد والمكمّلات ذات الصلة المحددة في المخططات والمواصفات التفصيلية وبحسب تعليمات المهندس المشرف. لوحات إرشاديه للحمامات نوع  104ID,عدد,258.0,-98.0,0.0,-25284.0,معماري,CMH_01-A-172,,بنود أوامر التغيير,433,CMH_01_SMART.xlsx,sheet بنود أوامر التغيير,high,
CMH_01-C01,5,تقليل كمية,173,توريد وتركيب لوحات/لافتات داخلية حسب الأنظمة القياسية  للصانع وحسب الكتيّبات القياسية للّوحات، ويشمل السعر الأشكال البيانية )graphics( والمعلومات المكتوبة ونظام الأطُر وكل المواد والمكمّلات ذات الصلة المحددة في المخططات والمواصفات التفصيلية وبحسب تعليمات المهندس المشرف. لوحات إرشاديه لمستوي السلالم نوع  105ID,عدد,258.0,-30.0,0.0,-7740.0,معماري,CMH_01-A-173,,بنود أوامر التغيير,434,CMH_01_SMART.xlsx,sheet بنود أوامر التغيير,high,
CMH_01-C01,5,تقليل كمية,174,توريد وتركيب لوحات/لافتات داخلية حسب الأنظمة القياسية  للصانع وحسب الكتيّبات القياسية للّوحات، ويشمل السعر الأشكال البيانية )graphics( والمعلومات المكتوبة ونظام الأطُر وكل المواد والمكمّلات ذات الصلة المحددة في المخططات والمواصفات التفصيلية وبحسب تعليمات المهندس المشرف. لوحات إرشاديه لسلالم الخروج نوع  106ID,عدد,138.0,-30.0,0.0,-4140.0,معماري,CMH_01-A-174,,بنود أوامر التغيير,435,CMH_01_SMART.xlsx,sheet بنود أوامر التغيير,high,
CMH_01-C01,5,تقليل كمية,175,قواطع الحمامات مكونة من ألواح الفينوليك المضغوط ارتفاع 2 متر ذو المقاومة الشديدة للماء مع طبقة ميلامين بلون رمادي غامق مقاومة للخدش وسهلة التنظيف ، سمك الألواح هو  19 ملم ،. قواطع الحمامات تشمل إكسسوارات عالية الجودة ) مفصلات ذاتية الإغلاق وقفل ( والأبواب والاكسسوارات والعلاقات من الستانلس ستيل brushed finish وكل ما يلزم لانهاء العمل حسب الأصول الفنية والمواصفلت وتعليمات المهندس المشرف .,م²,780.0,-18.93,0.0,-14765.4,معماري,CMH_01-A-175,,بنود أوامر التغيير,436,CMH_01_SMART.xlsx,sheet بنود أوامر التغيير,high,
CMH_01-C01,5,زيادة كمية,176,للمواسير داخل المبنى من مواسير متعددة الطبقات بولي بروبلين كما هو موصف تشمل كافة القطع التركيبية )مثل القارنات من الحديد الصلب الغير قابل للصدأ والأكواع /المنحنيات والتفريعات والدعامات( والصمامات ومخمدات الصدمة ومنافس الهواء الآلية و المحابس  وكافة الاكسسوارات اللازمة، كما هو مبين في المخططات لتركيب مايلي من الأقطار الخارجية مع ربطه بالشبكة الحالية لاقرب نقطة و على المقاول تقديم المخططات التنفيذية و الحسابات الهيدروليكية و اعتمادها قبل البدا بالتنفيذ الاعمال من المهندس المشرف للاقطار  الداخلية قطر 20 مم,م.ط,66.0,255.76,0.0,16880.16,ميكانيكا,CMH_01-ME-176,,بنود أوامر التغيير,437,CMH_01_SMART.xlsx,sheet بنود أوامر التغيير,high,
CMH_01-C01,5,زيادة كمية,177,للمواسير داخل المبنى من مواسير متعددة الطبقات بولي بروبلين كما هو موصف تشمل كافة القطع التركيبية )مثل القارنات من الحديد الصلب الغير قابل للصدأ والأكواع /المنحنيات والتفريعات والدعامات( والصمامات ومخمدات الصدمة ومنافس الهواء الآلية و المحابس  وكافة الاكسسوارات اللازمة، كما هو مبين في المخططات لتركيب مايلي من الأقطار الخارجية مع ربطه بالشبكة الحالية لاقرب نقطة و على المقاول تقديم المخططات التنفيذية و الحسابات الهيدروليكية و اعتمادها قبل البدا بالتنفيذ الاعمال من المهندس المشرف للاقطار  الداخلية قطر 25 مم,م.ط,70.8,192.8,0.0,13650.24,ميكانيكا,CMH_01-ME-177,,بنود أوامر التغيير,438,CMH_01_SMART.xlsx,sheet بنود أوامر التغيير,high,
CMH_01-C01,5,زيادة كمية,178,للمواسير داخل المبنى من مواسير متعددة الطبقات بولي بروبلين كما هو موصف تشمل كافة القطع التركيبية )مثل القارنات من الحديد الصلب الغير قابل للصدأ والأكواع /المنحنيات والتفريعات والدعامات( والصمامات ومخمدات الصدمة ومنافس الهواء الآلية و المحابس  وكافة الاكسسوارات اللازمة، كما هو مبين في المخططات لتركيب مايلي من الأقطار الخارجية مع ربطه بالشبكة الحالية لاقرب نقطة و على المقاول تقديم المخططات التنفيذية و الحسابات الهيدروليكية و اعتمادها قبل البدا بالتنفيذ الاعمال من المهندس المشرف للاقطار  الداخلية :قطر 32مم,م.ط,102.0,231.81,0.0,23644.62,ميكانيكا,CMH_01-ME-178,,بنود أوامر التغيير,439,CMH_01_SMART.xlsx,sheet بنود أوامر التغيير,high,
CMH_01-C01,5,زيادة كمية,179,للمواسير داخل المبنى من مواسير متعددة الطبقات بولي بروبلين كما هو موصف تشمل كافة القطع التركيبية )مثل القارنات من الحديد الصلب الغير قابل للصدأ والأكواع /المنحنيات والتفريعات والدعامات( والصمامات ومخمدات الصدمة ومنافس الهواء الآلية و المحابس  وكافة الاكسسوارات اللازمة، كما هو مبين في المخططات لتركيب مايلي من الأقطار الخارجية مع ربطه بالشبكة الحالية لاقرب نقطة و على المقاول تقديم المخططات التنفيذية و الحسابات الهيدروليكية و اعتمادها قبل البدا بالتنفيذ الاعمال من المهندس المشرف للاقطار  الداخلية :قطر 40 مم,م.ط,85.2,223.5,0.0,19042.2,ميكانيكا,CMH_01-ME-179,,بنود أوامر التغيير,440,CMH_01_SMART.xlsx,sheet بنود أوامر التغيير,high,
CMH_01-C01,5,زيادة كمية,180,للمواسير داخل المبنى من مواسير متعددة الطبقات بولي بروبلين كما هو موصف تشمل كافة القطع التركيبية )مثل القارنات من الحديد الصلب الغير قابل للصدأ والأكواع /المنحنيات والتفريعات والدعامات( والصمامات ومخمدات الصدمة ومنافس الهواء الآلية و المحابس  وكافة الاكسسوارات اللازمة، كما هو مبين في المخططات لتركيب مايلي من الأقطار الخارجية مع ربطه بالشبكة الحالية لاقرب نقطة و على المقاول تقديم المخططات التنفيذية و الحسابات الهيدروليكية و اعتمادها قبل البدا بالتنفيذ الاعمال من المهندس المشرف للاقطار  الداخلية:قطر 50 مم,م.ط,94.8,53.46,0.0,5068.008,ميكانيكا,CMH_01-ME-180,,بنود أوامر التغيير,441,CMH_01_SMART.xlsx,sheet بنود أوامر التغيير,high,
CMH_01-C01,5,زيادة كمية,181,مواسير المياه الساخنة مؤلفة من عدة طبقات )بولي بروبلين معزولة( كما هو موصف مع العزل وتشمل كافة القطع التركيبية )مثل القارنات من الحديد الصلب الغير قابل للصدأ والأكواع / المنحنيات والتفريعات والدعامات( والصمامات ومخمدات الصدمة وكافة الاكسسوارات و المحابس  اللازمة لإنجاز تركيب مايلي من الأقطار الخارجية مع ربطه بالشبكة الحالية لاقرب نقطة و على المقاول تقديم المخططات التنفيذية و الحسابات الهيدروليكية و اعتمادها قبل البدا بالتنفيذ الاعمال من المهندس المشرف للاقطار  الداخلية :قطر 20 مم,م.ط,70.8,263.49,0.0,18655.092,ميكانيكا,CMH_01-ME-181,,بنود أوامر التغيير,442,CMH_01_SMART.xlsx,sheet بنود أوامر التغيير,high,
CMH_01-C01,5,زيادة كمية,182,مواسير المياه الساخنة مؤلفة من عدة طبقات )بولي بروبلين معزولة( كما هو موصف مع العزل وتشمل كافة القطع التركيبية )مثل القارنات من الحديد الصلب الغير قابل للصدأ والأكواع / المنحنيات والتفريعات والدعامات( والصمامات ومخمدات الصدمة وكافة الاكسسوارات و المحابس  اللازمة لإنجاز تركيب مايلي من الأقطار الخارجية مع ربطه بالشبكة الحالية لاقرب نقطة و على المقاول تقديم المخططات التنفيذية و الحسابات الهيدروليكية و اعتمادها قبل البدا بالتنفيذ الاعمال من المهندس المشرف للاقطار  الداخلية :قطر 25 مم,م.ط,75.6,82.64,0.0,6247.584,ميكانيكا,CMH_01-ME-182,,بنود أوامر التغيير,443,CMH_01_SMART.xlsx,sheet بنود أوامر التغيير,high,
CMH_01-C01,5,تقليل كمية,183,سخان مياه كهربائي فردي من الحديد المعزول بالزجاج من النوع الأفقي الذي يركب أعلى السقف المستعار يشمل كافة الإكسسوارات و التوصيلات و المحابس كما هو موصف وكما هو مبين في تفاصيل المشروع العامة وبالإستطاعات التالية:توريد و تركيب و اختبار سخان بسعة 30 لتر، وقدرة 2.1  كيلو وات، مرجع     1-EWH,عدد,672.0,-7.0,0.0,-4704.0,ميكانيكا,CMH_01-ME-183,,بنود أوامر التغيير,444,CMH_01_SMART.xlsx,sheet بنود أوامر التغيير,high,
CMH_01-C01,5,زيادة كمية,184,سخان مياه كهربائي فردي من الحديد المعزول بالزجاج من النوع الأفقي الذي يركب أعلى السقف المستعار يشمل كافة الإكسسوارات و التوصيلات و المحابس كما هو موصف وكما هو مبين في تفاصيل المشروع العامة وبالإستطاعات التالية:اعادة تركيب و اختبار السخان الحالي بسعة 100 ليتر   بعد الكشف و المعاينة و الفحص حسب تعليمات مهندس المشرف,عدد,816.0,6.0,0.0,4896.0,ميكانيكا,CMH_01-ME-184,,بنود أوامر التغيير,445,CMH_01_SMART.xlsx,sheet بنود أوامر التغيير,high,
CMH_01-C01,5,زيادة كمية,185,مواسير صرف وتهوية مصنوعة من 4UPVC class  ذات وصلات انضغاطية ومطاط كما هو موصف وتشمل التهوية من خلال السطح مع الغطاء و طبات التسليك، وكافة قطع التركيبات والعلاقات اللازمة لإستكمال تركيب مايلي من الأقطار الداخلية:قطر 50 مم,م.ط,75.6,1236.59,0.0,93486.20399999998,صحي,CMH_01-PL-185,,بنود أوامر التغيير,446,CMH_01_SMART.xlsx,sheet بنود أوامر التغيير,high,
CMH_01-C01,5,زيادة كمية,186,مواسير صرف وتهوية مصنوعة من 4UPVC class  ذات وصلات انضغاطية ومطاط كما هو موصف وتشمل التهوية من خلال السطح مع الغطاء و طبات التسليك، وكافة قطع التركيبات والعلاقات اللازمة لإستكمال تركيب مايلي من الأقطار الداخلية:قطر 75 مم,م.ط,91.2,220.82,0.0,20138.784,صحي,CMH_01-PL-186,,بنود أوامر التغيير,447,CMH_01_SMART.xlsx,sheet بنود أوامر التغيير,high,
CMH_01-C01,5,زيادة كمية,187,مواسير صرف وتهوية مصنوعة من 4UPVC class  ذات وصلات انضغاطية ومطاط كما هو موصف وتشمل التهوية من خلال السطح مع الغطاء و طبات التسليك، وكافة قطع التركيبات والعلاقات اللازمة لإستكمال تركيب مايلي من الأقطار الداخلية:قطر 110 مم,م.ط,102.0,1631.03,0.0,166365.06,صحي,CMH_01-PL-187,,بنود أوامر التغيير,448,CMH_01_SMART.xlsx,sheet بنود أوامر التغيير,high,
CMH_01-C01,5,زيادة كمية,188,صفاية أرضية )FD(، من PVC مع مصفاة معدنية  مطلية بالكروم شاملة سيفون كما هو موصف بالمقاسات التالية:مخرج قطر 75 مم,عدد,300.0,10.0,0.0,3000.0,صحي,CMH_01-PL-188,,بنود أوامر التغيير,449,CMH_01_SMART.xlsx,sheet بنود أوامر التغيير,high,
CMH_01-C01,5,زيادة كمية,189,صفاية أرضية )FD(، من PVC مع مصفاة معدنية  مطلية بالكروم شاملة سيفون كما هو موصف بالمقاسات التالية:صفاية' طولية أرضية )SD(،مع مصفاة  معدنية مطلية بالكروم شاملة سيفون مخرج قطر 50 مم,عدد,300.0,1.0,0.0,300.0,صحي,CMH_01-PL-189,,بنود أوامر التغيير,450,CMH_01_SMART.xlsx,sheet بنود أوامر التغيير,high,
CMH_01-C01,5,تقليل كمية,190,الأدوات والتركيبات الصحية كما هو موصف وتشمل صمامات الزاوية والخلاطات و المصائد والوصلات المرنة و الانابيب القصيرة للتغذية والصرف والتهوية وكافة قطع الإكسسوار لإتمام تركيب ، علي ان تكون الاجهزة والتركيبات من النوع المرشد لاستهلاك المياه :حوض وجه على رخامة )مرجع 1-LAV ( من نفس نوع الرخام الصناعي كوريان للكاونتر والكاونتر محسوب في بند منفصل,عدد,2640.0,-5.0,0.0,-13200.0,صحي,CMH_01-PL-190,,بنود أوامر التغيير,451,CMH_01_SMART.xlsx,sheet بنود أوامر التغيير,high,
CMH_01-C01,5,تقليل كمية,191,الأدوات والتركيبات الصحية كما هو موصف وتشمل صمامات الزاوية والخلاطات و المصائد والوصلات المرنة و الانابيب القصيرة للتغذية والصرف والتهوية وكافة قطع الإكسسوار لإتمام تركيب ، علي ان تكون الاجهزة والتركيبات من النوع المرشد لاستهلاك المياه :حوض وجه كامل مع العامود، )مرجع 2-LAV(,عدد,1920.0,-41.0,0.0,-78720.0,صحي,CMH_01-PL-191,,بنود أوامر التغيير,452,CMH_01_SMART.xlsx,sheet بنود أوامر التغيير,high,
CMH_01-C01,5,زيادة كمية,192,الأدوات والتركيبات الصحية كما هو موصف وتشمل صمامات الزاوية والخلاطات و المصائد والوصلاتالمرنة و الانابيب القصيرة للتغذية والصرف والتهوية وكافة قطع الإكسسوار لإتمام تركيب ، علي ان تكونالاجهزة والتركيبات من النوع المرشد لاستهلاك المياه :حوض غسيل أواني للمطبخ بعين واحدة )مرجع 1-KS,عدد,3000.0,2.0,0.0,6000.0,صحي,CMH_01-PL-192,,بنود أوامر التغيير,453,CMH_01_SMART.xlsx,sheet بنود أوامر التغيير,high,
CMH_01-C01,5,زيادة كمية,193,الأدوات والتركيبات الصحية كما هو موصف وتشمل صمامات الزاوية والخلاطات و المصائد والوصلاتالمرنة و الانابيب القصيرة للتغذية والصرف والتهوية وكافة قطع الإكسسوار لإتمام تركيب ، علي ان تكونالاجهزة والتركيبات من النوع المرشد لاستهلاك المياه :حوض وجه يركب على الكاونتر )مرجع 3-LAV (,عدد,2220.0,23.0,0.0,51060.0,صحي,CMH_01-PL-193,,بنود أوامر التغيير,454,CMH_01_SMART.xlsx,sheet بنود أوامر التغيير,high,
CMH_01-C01,5,تقليل كمية,195,الأدوات والتركيبات الصحية كما هو موصف وتشمل صمامات الزاوية والخلاطات و المصائد والوصلات المرنة و الانابيب القصيرة للتغذية والصرف والتهوية وكافة قطع الإكسسوار لإتمام تركيب ، علي ان تكون الاجهزة والتركيبات من النوع المرشد لاستهلاك المياه :مرحاض افرنجي ) مرجع 2-WWC (  مثبت على الحائط بخزان  طرد مخفي مع زر دفق من الصلب الذي لا يصدأ - مع غطاء للمرحاض مقاوم للبكتريا من نوع soft closing,عدد,2760.0,-2.0,0.0,-5520.0,صحي,CMH_01-PL-195,,بنود أوامر التغيير,455,CMH_01_SMART.xlsx,sheet بنود أوامر التغيير,high,
CMH_01-C01,5,زيادة كمية,196,الأدوات والتركيبات الصحية كما هو موصف وتشمل صمامات الزاوية والخلاطات و المصائد والوصلات المرنة و الانابيب القصيرة للتغذية والصرف والتهوية وكافة قطع الإكسسوار لإتمام تركيب ، علي ان تكون الاجهزة والتركيبات من النوع المرشد لاستهلاك المياه :مرحاض شرقي )مرجع EWC( مثبت على الحائط بخزان  طرد مخفي مع زر دفق من الصلب الذي لا يصدأ،,عدد,2160.0,5.0,0.0,10800.0,صحي,CMH_01-PL-196,,بنود أوامر التغيير,456,CMH_01_SMART.xlsx,sheet بنود أوامر التغيير,high,
CMH_01-C01,5,زيادة كمية,197,الأدوات والتركيبات الصحية كما هو موصف وتشمل صمامات الزاوية والخلاطات و المصائد والوصلات المرنة و الانابيب القصيرة للتغذية والصرف والتهوية وكافة قطع الإكسسوار لإتمام تركيب ، علي ان تكون الاجهزة والتركيبات من النوع المرشد لاستهلاك المياه :مقبض رشاش مع الخرطوم وأداة التعليق، مرجع PS,عدد,180.0,2.0,0.0,360.0,صحي,CMH_01-PL-197,,بنود أوامر التغيير,457,CMH_01_SMART.xlsx,sheet بنود أوامر التغيير,high,
CMH_01-C01,5,زيادة كمية,198,الأدوات والتركيبات الصحية كما هو موصف وتشمل صمامات الزاوية والخلاطات و المصائد والوصلات المرنة و الانابيب القصيرة للتغذية والصرف والتهوية وكافة قطع الإكسسوار لإتمام تركيب ، علي ان تكون الاجهزة والتركيبات من النوع المرشد لاستهلاك المياه :خلاط مياة  يركب على الحوض,عدد,1080.0,22.0,0.0,23760.0,صحي,CMH_01-PL-198,,بنود أوامر التغيير,458,CMH_01_SMART.xlsx,sheet بنود أوامر التغيير,high,
CMH_01-C01,5,تقليل كمية,199, يشمل العمل كافة قطع التركيبات مثل الأكواع  والتيهات ، 40. schتوريد و تركيب انابيب فولاذية سوداء والوصلات والقارنات والنقاصات/المخفضات ومنافس الهواء الآلية وتكون الوصلات من نوع  فيكتوليك او ما يماثلها للأقطار 50 مم أو أكبر، و تكون الوصلات قلووظ للأقطار أقل من 50 مم، والبند يشمل  العلاقات والدعامات للمواسير و المحابس  و الصرف ان لزم والدهان  لكامل الشبكة كما يلزم لاتمام العمل. و بناء على توجيهات مهندس المشرف  ومتطلبات الدفاعNFPA  ويشمل البند جميع ما يلزم لاتمام الأعمال طبقا للمواصفات و طبقا لمتطلبات ال المدني من الكشف على الشبكة الحالية وفحصها كما هو موضح على المخططات و على المقاول تقديم:المخططات التنفيذية و اعتمادها قبل بدء بالتنفيذ من المهندس المشرف كما هو موصف للأقطار التالية 25 mm dia.,م.ط,108.0,-735.02,0.0,-79382.16,ميكانيكا,CMH_01-ME-199,,بنود أوامر التغيير,459,CMH_01_SMART.xlsx,sheet بنود أوامر التغيير,high,
CMH_01-C01,5,زيادة كمية,200,توريد و تركيب انابيب فولاذية سوداء 40.sch ، يشمل العمل كافة قطع التركيبات مثل الأكواع  والتيهات والوصلات والقارنات والنقاصات/المخفضات ومنافس الهواء الآلية وتكون الوصلات من نوع  فيكتوليك او ما يماثلها للأقطار 50 مم أو أكبر، و تكون الوصلات قلووظ للأقطار أقل من 50 مم، والبند يشمل العلاقات والدعامات للمواسير و المحابس  و الصرف ان لزم والدهان  لكامل الشبكة كما يلزم لاتمام العمل و بناء على توجيهات مهندس المشرف .ويشمل البند جميع ما يلزم لاتمام الأعمال طبقا للمواصفات و طبقا لمتطلبات الNFPA  ومتطلبات الدفاع المدني من الكشف على الشبكة الحالية وفحصها كما هو موضح على المخططات و على المقاول تقديم المخططات التنفيذية و اعتمادها قبل بدء بالتنفيذ من المهندس المشرف كما هو موصف للأقطار التالية:.mm dia 28,م.ط,138.0,245.17,0.0,33833.46,ميكانيكا,CMH_01-ME-200,,بنود أوامر التغيير,460,CMH_01_SMART.xlsx,sheet بنود أوامر التغيير,high,
CMH_01-C01,5,زيادة كمية,201,توريد و تركيب انابيب فولاذية سوداء 40.sch ، يشمل العمل كافة قطع التركيبات مثل الأكواع  والتيهات والوصلات والقارنات والنقاصات/المخفضات ومنافس الهواء الآلية وتكون الوصلات من نوع  فيكتوليك او ما يماثلها للأقطار 50 مم أو أكبر، و تكون الوصلات قلووظ للأقطار أقل من 50 مم، والبند يشمل العلاقات والدعامات للمواسير و المحابس  و الصرف ان لزم والدهان  لكامل الشبكة كما يلزم لاتمام العمل و بناء على توجيهات مهندس المشرف .ويشمل البند جميع ما يلزم لاتمام الأعمال طبقا للمواصفات و طبقا لمتطلبات الNFPA  ومتطلبات الدفاع المدني من الكشف على الشبكة الحالية وفحصها كما هو موضح على المخططات و على المقاول تقديم المخططات التنفيذية و اعتمادها قبل بدء بالتنفيذ من المهندس المشرف كما هو موصف للأقطار التالية:.mm dia 33,م.ط,192.0,676.42,0.0,129872.63999999998,ميكانيكا,CMH_01-ME-201,,بنود أوامر التغيير,461,CMH_01_SMART.xlsx,sheet بنود أوامر التغيير,high,
CMH_01-C01,5,زيادة كمية,202,توريد و تركيب انابيب فولاذية سوداء 40.sch ، يشمل العمل كافة قطع التركيبات مثل الأكواع  والتيهات والوصلات والقارنات والنقاصات/المخفضات ومنافس الهواء الآلية وتكون الوصلات من نوع  فيكتوليك او ما يماثلها للأقطار 50 مم أو أكبر، و تكون الوصلات قلووظ للأقطار أقل من 50 مم، والبند يشمل العلاقات والدعامات للمواسير و المحابس  و الصرف ان لزم والدهان  لكامل الشبكة كما يلزم لاتمام العمل و بناء على توجيهات مهندس المشرف .ويشمل البند جميع ما يلزم لاتمام الأعمال طبقا للمواصفات و طبقا لمتطلبات الNFPA  ومتطلبات الدفاع المدني من الكشف على الشبكة الحالية وفحصها كما هو موضح على المخططات و على المقاول تقديم المخططات التنفيذية و اعتمادها قبل بدء بالتنفيذ من المهندس المشرف كما هو موصف للأقطار التالية:.mm dia 40,م.ط,222.0,4.49,0.0,996.7800000000001,ميكانيكا,CMH_01-ME-202,,بنود أوامر التغيير,462,CMH_01_SMART.xlsx,sheet بنود أوامر التغيير,high,
CMH_01-C01,5,زيادة كمية,203,توريد و تركيب انابيب فولاذية سوداء 40.sch ، يشمل العمل كافة قطع التركيبات مثل الأكواع  والتيهات والوصلات والقارنات والنقاصات/المخفضات ومنافس الهواء الآلية وتكون الوصلات من نوع  فيكتوليك او ما يماثلها للأقطار 50 مم أو أكبر، و تكون الوصلات قلووظ للأقطار أقل من 50 مم، والبند يشمل العلاقات والدعامات للمواسير و المحابس  و الصرف ان لزم والدهان  لكامل الشبكة كما يلزم لاتمام العمل و بناء على توجيهات مهندس المشرف .ويشمل البند جميع ما يلزم لاتمام الأعمال طبقا للمواصفات و طبقا لمتطلبات الNFPA  ومتطلبات الدفاع المدني من الكشف على الشبكة الحالية وفحصها كما هو موضح على المخططات و على المقاول تقديم المخططات التنفيذية و اعتمادها قبل بدء بالتنفيذ من المهندس المشرف كما هو موصف للأقطار التالية:.mm dia 63,م.ط,240.0,755.17,0.0,181240.8,ميكانيكا,CMH_01-ME-203,,بنود أوامر التغيير,463,CMH_01_SMART.xlsx,sheet بنود أوامر التغيير,high,
CMH_01-C01,5,زيادة كمية,204,توريد و تركيب انابيب فولاذية سوداء 40.sch ، يشمل العمل كافة قطع التركيبات مثل الأكواع  والتيهات والوصلات والقارنات والنقاصات/المخفضات ومنافس الهواء الآلية وتكون الوصلات من نوع  فيكتوليك او ما يماثلها للأقطار 50 مم أو أكبر، و تكون الوصلات قلووظ للأقطار أقل من 50 مم، والبند يشمل العلاقات والدعامات للمواسير و المحابس  و الصرف ان لزم والدهان  لكامل الشبكة كما يلزم لاتمام العمل و بناء على توجيهات مهندس المشرف .ويشمل البند جميع ما يلزم لاتمام الأعمال طبقا للمواصفات و طبقا لمتطلبات الNFPA  ومتطلبات الدفاع المدني من الكشف على الشبكة الحالية وفحصها كما هو موضح على المخططات و على المقاول تقديم المخططات التنفيذية و اعتمادها قبل بدء بالتنفيذ من المهندس المشرف كما هو موصف للأقطار التالية:.mm dia 77,م.ط,288.0,157.23,0.0,45282.24,ميكانيكا,CMH_01-ME-204,,بنود أوامر التغيير,464,CMH_01_SMART.xlsx,sheet بنود أوامر التغيير,high,
CMH_01-C01,5,زيادة كمية,205,توريد و تركيب انابيب فولاذية سوداء 40.sch ، يشمل العمل كافة قطع التركيبات مثل الأكواع  والتيهات والوصلات والقارنات والنقاصات/المخفضات ومنافس الهواء الآلية وتكون الوصلات من نوع  فيكتوليك او ما يماثلها للأقطار 50 مم أو أكبر، و تكون الوصلات قلووظ للأقطار أقل من 50 مم، والبند يشمل العلاقات والدعامات للمواسير و المحابس  و الصرف ان لزم والدهان  لكامل الشبكة كما يلزم لاتمام العمل و بناء على توجيهات مهندس المشرف .ويشمل البند جميع ما يلزم لاتمام الأعمال طبقا للمواصفات و طبقا لمتطلبات الNFPA  ومتطلبات الدفاع المدني من الكشف على الشبكة الحالية وفحصها كما هو موضح على المخططات و على المقاول تقديم المخططات التنفيذية و اعتمادها قبل بدء بالتنفيذ من المهندس المشرف كما هو موصف للأقطار التالية:.mm dia 94,م.ط,324.0,74.25,0.0,24057.0,ميكانيكا,CMH_01-ME-205,,بنود أوامر التغيير,465,CMH_01_SMART.xlsx,sheet بنود أوامر التغيير,high,
CMH_01-C01,5,زيادة كمية,206,توريد و تركيب انابيب فولاذية سوداء 40.sch ، يشمل العمل كافة قطع التركيبات مثل الأكواع  والتيهات والوصلات والقارنات والنقاصات/المخفضات ومنافس الهواء الآلية وتكون الوصلات من نوع  فيكتوليك او ما يماثلها للأقطار 50 مم أو أكبر، و تكون الوصلات قلووظ للأقطار أقل من 50 مم، والبند يشمل العلاقات والدعامات للمواسير و المحابس  و الصرف ان لزم والدهان  لكامل الشبكة كما يلزم لاتمام العمل و بناء على توجيهات مهندس المشرف .ويشمل البند جميع ما يلزم لاتمام الأعمال طبقا للمواصفات و طبقا لمتطلبات الNFPA  ومتطلبات الدفاع المدني من الكشف على الشبكة الحالية وفحصها كما هو موضح على المخططات و على المقاول تقديم المخططات التنفيذية و اعتمادها قبل بدء بالتنفيذ من المهندس المشرف كما هو موصف للأقطار التالية:.mm dia 141,م.ط,360.0,102.92,0.0,37051.2,ميكانيكا,CMH_01-ME-206,,بنود أوامر التغيير,466,CMH_01_SMART.xlsx,sheet بنود أوامر التغيير,high,
CMH_01-C01,5,تقليل كمية,214,توريد و تركيب و اختبار رشاشات آلية اوتوماتيكية كما هو موصف رشاشات معلقة، ذات فتحة 2/1 بوصة، ومعامل 5.6 =K   ودرجة حرارة تشغيل 68 درجة مئوية,عدد,66.0,-1048.0,0.0,-69168.0,ميكانيكا,CMH_01-ME-214,,بنود أوامر التغيير,467,CMH_01_SMART.xlsx,sheet بنود أوامر التغيير,high,
CMH_01-C01,5,زيادة كمية,215,توريد و تركيب و اختبار رشاشات آلية اوتوماتيكية كما هو موصف رشاشات من النوع المخفي، ذات فتحة 2/1 بوصة، ومعامل 5.6 =K   ودرجة حرارة تشغيل 68 درجة مئوية,عدد,90.0,1810.0,0.0,162900.0,ميكانيكا,CMH_01-ME-215,,بنود أوامر التغيير,468,CMH_01_SMART.xlsx,sheet بنود أوامر التغيير,high,
CMH_01-C01,5,زيادة كمية,216,توريد و تركيب و اختبار رشاشات آلية اوتوماتيكية كما هو موصف رشاشات عامودية، ذات فتحة 2/1 بوصة، ومعامل 5.6 =K   ودرجة حرارة تشغيل 68 درجة مئوية,عدد,90.0,114.0,0.0,10260.0,ميكانيكا,CMH_01-ME-216,,بنود أوامر التغيير,469,CMH_01_SMART.xlsx,sheet بنود أوامر التغيير,high,
CMH_01-C01,5,زيادة كمية,217,توريد و تركيب طفايات حريق قابلة للحمل كما هو محددنوع ABC ، سعة 6 كغ ، بودرة جافّة مرجع 1-FE,عدد,180.0,1.0,0.0,180.0,ميكانيكا,CMH_01-ME-217,,بنود أوامر التغيير,470,CMH_01_SMART.xlsx,sheet بنود أوامر التغيير,high,
CMH_01-C01,5,تقليل كمية,218,توريد و تركيب نظام  غازي200FM لغرف الكهرباء و السنترال و ما يتطلبه النظام من تعديلاتمعمارية على ان يتم تقديمها للاعتماد من قبل مهندس المشرف  ،  مرجع 3-FE,عدد,54000.0,-13.5,0.0,-729000.0,ميكانيكا,CMH_01-ME-218,,بنود أوامر التغيير,471,CMH_01_SMART.xlsx,sheet بنود أوامر التغيير,high,
CMH_01-C01,5,زيادة كمية,219,توريد و تركيب كبائن مكافحة الحريق class II مزوده بمحبس 5.1 بوصة و خرطوم قماشي من مادةمعتمدة و ايضا بها طفاية حريق ABC  سعة 6 كيلو,عدد,4800.0,2.0,0.0,9600.0,ميكانيكا,CMH_01-ME-219,,بنود أوامر التغيير,472,CMH_01_SMART.xlsx,sheet بنود أوامر التغيير,high,
CMH_01-C01,5,تقليل كمية,220, توريد و تركيب طفايات حريق  نوع 2Co ، سعة 6 كغ ، بودرة جافّة,عدد,420.0,-30.0,0.0,-12600.0,ميكانيكا,CMH_01-ME-220,,بنود أوامر التغيير,473,CMH_01_SMART.xlsx,sheet بنود أوامر التغيير,high,
CMH_01-C01,5,زيادة كمية,221,وحدات VAV من أعلى العلامات التجارية جودة )BYPASS TYPE( مع سخان كهربائي ، ترموستات إلكتروني رقمي للغرفة ، فليكس. توصيلات ، تثبيت ، دعم ، عازل اهتزاز مع كافة الملحقات المطلوبة حسب المواصفات والرسومات. 01-VAV ، اجمالي الهواء 0-250 ) ق/د( استطاعة التخزين 5.1 )ك/و(,عدد,6600.0,30.0,0.0,198000.0,تكييف,CMH_01-HV-221,,بنود أوامر التغيير,474,CMH_01_SMART.xlsx,sheet بنود أوامر التغيير,high,
CMH_01-C01,5,تقليل كمية,222,وحدات VAV من أعلى العلامات التجارية جودة )BYPASS TYPE( مع سخان كهربائي ، ترموستات إلكتروني رقمي للغرفة ، فليكس. توصيلات ، تثبيت ، دعم ، عازل اهتزاز مع كافة الملحقات المطلوبة حسب المواصفات والرسومات. 02-VAV ، اجمالي الهواء 0-500 ) ق/د( استطاعة التخزين 2 )ك/و(,عدد,6960.0,-38.0,0.0,-264480.0,تكييف,CMH_01-HV-222,,بنود أوامر التغيير,475,CMH_01_SMART.xlsx,sheet بنود أوامر التغيير,high,
CMH_01-C01,5,زيادة كمية,223,وحدات VAV من أعلى العلامات التجارية جودة )BYPASS TYPE( مع سخان كهربائي ، ترموستات إلكتروني رقمي للغرفة ، فليكس. توصيلات ، تثبيت ، دعم ، عازل اهتزاز مع كافة الملحقات المطلوبة حسب المواصفات والرسومات. 03-VAV ، اجمالي الهواء 0-750 ) ق/د( استطاعة التخزين 3 )ك/و( ,عدد,7200.0,20.0,0.0,144000.0,تكييف,CMH_01-HV-223,,بنود أوامر التغيير,476,CMH_01_SMART.xlsx,sheet بنود أوامر التغيير,high,
CMH_01-C01,5,تقليل كمية,224,وحدات VAV من أعلى العلامات التجارية جودة )BYPASS TYPE( مع سخان كهربائي ، ترموستات إلكتروني رقمي للغرفة ، فليكس. توصيلات ، تثبيت ، دعم ، عازل اهتزاز مع كافة الملحقات المطلوبة حسب المواصفات والرسومات. 04-VAV ، اجمالي الهواء 0-1000 ) ق/د( استطاعة التخزين 5.3 )ك/و(,عدد,7200.0,-1.0,0.0,-7200.0,تكييف,CMH_01-HV-224,,بنود أوامر التغيير,477,CMH_01_SMART.xlsx,sheet بنود أوامر التغيير,high,
CMH_01-C01,5,تقليل كمية,225,وحدات VAV من أعلى العلامات التجارية جودة )BYPASS TYPE( مع سخان كهربائي ، ترموستات إلكتروني رقمي للغرفة ، فليكس. توصيلات ، تثبيت ، دعم ، عازل اهتزاز مع كافة الملحقات المطلوبة حسب المواصفات والرسومات. 05-VAV ، اجمالي الهواء 0-1500 ) ق/د( استطاعة التخزين 5.3 )ك/و(,عدد,9000.0,-10.0,0.0,-90000.0,تكييف,CMH_01-HV-225,,بنود أوامر التغيير,478,CMH_01_SMART.xlsx,sheet بنود أوامر التغيير,high,
CMH_01-C01,5,زيادة كمية,226,وحدات VAV من أعلى العلامات التجارية جودة )BYPASS TYPE( مع سخان كهربائي ، ترموستات إلكتروني رقمي للغرفة ، فليكس. توصيلات ، تثبيت ، دعم ، عازل اهتزاز مع كافة الملحقات المطلوبة حسب المواصفات والرسومات. 06-VAV ، اجمالي الهواء 0-2000 ) ق/د( استطاعة التخزين 6.3 )ك/و(,عدد,10200.0,8.0,0.0,81600.0,تكييف,CMH_01-HV-226,,بنود أوامر التغيير,479,CMH_01_SMART.xlsx,sheet بنود أوامر التغيير,high,
CMH_01-C01,5,زيادة كمية,227,وحدات VAV من أعلى العلامات التجارية جودة )BYPASS TYPE( مع سخان كهربائي ، ترموستات إلكتروني رقمي للغرفة ، فليكس. توصيلات ، تثبيت ، دعم ، عازل اهتزاز مع كافة الملحقات المطلوبة حسب المواصفات والرسومات. 07-VAV ، اجمالي الهواء 0-2500 ) ق/د( استطاعة التخزين 7.3 )ك/و(,عدد,10800.0,3.0,0.0,32400.0,تكييف,CMH_01-HV-227,,بنود أوامر التغيير,480,CMH_01_SMART.xlsx,sheet بنود أوامر التغيير,high,
CMH_01-C01,5,زيادة كمية,230,توريد و تصنيع و تركيب أعمال مجاري  من الصفائح المعدنية المجلفنه )90G( للهواء الداخل والراجع والهواء النقي وقناة السحب حسب المواصفات القياسية SMACNA وتشمل التيهات/القطعة التائية والكوع/المرفق والتفريعات والتحويلة والدعامة وحمالة التعليق. ويجب أخذ الطول على امتداد خط المركز فوق كل قطع التركيبات، ومن المفهوم بأن السعر الإفرادي لأعمال مجاري الهواء/الأقنية محمل عليه كل دعامات حامل التعليق ومخمّد الصوت والحريق وكل قطع الإكسسوار عزل الحراري )فايبرغلاس( ثخانة 25 مم وبكثافة 24 كغ/م3 مع مانع تبخر من الألمنيوم المقوّى حسب المخططات والمواصفات و حسب تعليمات مهندس المشرف.,م.ط,300.0,1320.45,0.0,396135.0,تكييف,CMH_01-HV-230,,بنود أوامر التغيير,481,CMH_01_SMART.xlsx,sheet بنود أوامر التغيير,high,
CMH_01-C01,5,تقليل كمية,231,ناشرة هواء ذات فتحات طولية  للهواء الداخل مصنعة من الألمنيوم المشكل بالبثق ومطلية بمسحوق البولستركاملة، مخمدات صوت ذات أرياش متضادّة ،وصندوق حجمى معزول من الداخل بعازل صوتى وميكانيزم للتحكم فى الهواء من واجهة الناشر وكل قطع الأكسسوار حسب المواصفات والمخططات مع توفير عينات للاعتماد من مهندس المشرف. ثلاثة فتحات / ثقب 25مم عرض,م.ط,480.0,-63.0,0.0,-30240.0,تكييف,CMH_01-HV-231,,بنود أوامر التغيير,482,CMH_01_SMART.xlsx,sheet بنود أوامر التغيير,high,
CMH_01-C01,5,زيادة كمية,232,ناشرة هواء ذات فتحات طولية للهواء الراجع مصنعة من الألمنيوم المشكل بالبثق ومطلية بمسحوق البولستركاملة، وكل قطع الأكسسوار حسب المواصفات والمخططات مع توفير عينات للاعتماد من مهندس المشرف. ثلاثة فتحات / ثقب 25مم عرض,م.ط,480.0,45.0,0.0,21600.0,تكييف,CMH_01-HV-232,,بنود أوامر التغيير,483,CMH_01_SMART.xlsx,sheet بنود أوامر التغيير,high,
CMH_01-C01,5,تقليل كمية,233, جريلات تغذية من الالومينيوم مغطاة ببودرة البوليستر كاملة وجميع الملحقات حسب المخططات..والمواصفات مع توفير عينات للاعتماد من مهندس المشرف 600mm X 600mm,عدد,456.0,-67.0,0.0,-30552.0,تكييف,CMH_01-HV-233,,بنود أوامر التغيير,484,CMH_01_SMART.xlsx,sheet بنود أوامر التغيير,high,
CMH_01-C01,5,تقليل كمية,234, جريلات رجوع من الالومينيوم مغطاة ببودرة البوليستر كاملة وجميع الملحقات حسب المخططات.والمواصفات مع توفير عينات للاعتماد من مهندس المشرف 600mm X 600mm,عدد,264.0,-160.0,0.0,-42240.0,تكييف,CMH_01-HV-234,,بنود أوامر التغيير,485,CMH_01_SMART.xlsx,sheet بنود أوامر التغيير,high,
CMH_01-C01,5,زيادة كمية,235, جريلات لسحب الهواء من الالمونيوم مغطاة ببودرة البوليستر كاملة بجميع ملحقات التركيب وحسب.المخططات والمواصفات مع توفير عينات للاعتماد من مهندس المشرف 150mm X 150MM,عدد,210.0,76.0,0.0,15960.0,تكييف,CMH_01-HV-235,,بنود أوامر التغيير,486,CMH_01_SMART.xlsx,sheet بنود أوامر التغيير,high,
CMH_01-C01,5,تقليل كمية,236,وصلات هواء مرنة مع الكلبسات المعدنية، والبراغي، والملحقات الضرورية. العزل يجب أن يكون بسماكة 25 مم وكثافة 16 كغ/م3 لناشرات الهواء الخطية ويجب ان يطابق كود الحريق NFPA 90A حسب المواصفات والمخططات مع توفير عينات للاعتماد من مهندس المشرف.Dia 150 mm,م.ط,45.6,-19.4,0.0,-884.64,تكييف,CMH_01-HV-236,,بنود أوامر التغيير,487,CMH_01_SMART.xlsx,sheet بنود أوامر التغيير,high,
CMH_01-C01,5,زيادة كمية,237,وصلات هواء مرنة مع الكلبسات المعدنية، والبراغي، والملحقات الضرورية. العزل يجب أن يكون بسماكة 25 مم وكثافة 16 كغ/م3 لناشرات الهواء الخطية ويجب ان يطابق كود الحريق NFPA 90A حسب المواصفات والمخططات مع توفير عينات للاعتماد من مهندس المشرف. Dia 200 mm,م.ط,54.0,229.0,0.0,12366.0,تكييف,CMH_01-HV-237,,بنود أوامر التغيير,488,CMH_01_SMART.xlsx,sheet بنود أوامر التغيير,high,
CMH_01-C01,5,تقليل كمية,238,وصلات هواء مرنة مع الكلبسات المعدنية، والبراغي، والملحقات الضرورية. العزل يجب أن يكون بسماكة 25 مم وكثافة 16 كغ/م3 لناشرات الهواء الخطية ويجب ان يطابق كود الحريق NFPA 90A حسب المواصفات والمخططات مع توفير عينات للاعتماد من مهندس المشرف. Dia 250 mm,م.ط,66.0,-760.4,0.0,-50186.4,تكييف,CMH_01-HV-238,,بنود أوامر التغيير,489,CMH_01_SMART.xlsx,sheet بنود أوامر التغيير,high,
CMH_01-C01,5,زيادة كمية,239, توريد و تركيب مراوح سحب الهواء )طرد مركزي فوق السطح ( تشمل عمليات الاختبار و الموازنة : تشمل عمليات التوريد و التركيب و الاختبار و التثبيت مراوح سحب الهواء )طرد مركزي فوق السطح ( سعة 6500 قدم مكعب بالدقيقة,عدد,18000.0,3.0,0.0,54000.0,تكييف,CMH_01-HV-239,,بنود أوامر التغيير,490,CMH_01_SMART.xlsx,sheet بنود أوامر التغيير,high,
CMH_01-C01,5,تقليل كمية,240, توريد و تركيب مراوح سحب الهواء )طرد مركزي فوق السطح ( تشمل عمليات الاختبار و الموازنة : تشمل عمليات التوريد و التركيب و الاختبار و التثبيت مراوح سحب الهواء )طرد مركزي فوق السطح ( سعة 7500 قدم مكعب بالدقيقة,عدد,24000.0,-1.0,0.0,-24000.0,تكييف,CMH_01-HV-240,,بنود أوامر التغيير,491,CMH_01_SMART.xlsx,sheet بنود أوامر التغيير,high,
CMH_01-C01,5,تقليل كمية,241, توريد و تركيب مراوح سحب الهواء )طرد مركزي فوق السطح ( تشمل عمليات الاختبار و الموازنة : تشمل عمليات التوريد و التركيب و الاختبار و التثبيت مراوح سحب الهواء )طرد مركزي فوق السطح ( سعة9000  قدم مكعب بالدقيقة,عدد,30000.0,-2.0,0.0,-60000.0,تكييف,CMH_01-HV-241,,بنود أوامر التغيير,492,CMH_01_SMART.xlsx,sheet بنود أوامر التغيير,high,
CMH_01-C01,5,تقليل كمية,242,الموازنة والضبط والتهيئة لتشغيل أنظمة تكييف الهواء ،و يجب ان تحتوي على جميع التجهيزات والادوات المطلوبة لإجراء الاختبار والتهيئة للتشغيل والتشغيل مع ضبط كميات الهواء وموازنة الهواء  لنظام التكييف، ويجب ايضا ان تكون مد ة الاختبار حسب متطلبات المنظمات العالمية مثل )NEBB( كما هو  مطلوب بالكود السعودي و اشري ASHREE ويجب ان يكون المقاول المختص عضوا فى احد المنظمات مع تقديم الشهادة لذلك.,عدد,216000.0,-0.83,0.0,-179280.0,تكييف,CMH_01-HV-242,,بنود أوامر التغيير,493,CMH_01_SMART.xlsx,sheet بنود أوامر التغيير,high,
CMH_01-C01,5,زيادة كمية,244,"توريد وتركيب واختبار لوحات إنارة وتغذية، 380 فولت، 3 أطوار، 60 هيرتز، مركبة على الحائط وموصّلة بالكامل، مختبرة وموضوعة في التشغيل حسب المواصفات والمخططات وتشمل خطوط النقل الأرضية وأجهزة الحماية وتوصيل نهايات الكابلات والأعمال المدنية اللازمة.PP-1,  200 A ,MCCB",عدد,9600.0,10.0,0.0,96000.0,كهرباء,CMH_01-EE-244,,بنود أوامر التغيير,494,CMH_01_SMART.xlsx,sheet بنود أوامر التغيير,high,
CMH_01-C01,5,زيادة كمية,245,"توريد وتركيب واختبار لوحات إنارة وتغذية، 380 فولت، 3 أطوار، 60 هيرتز، مركبة على الحائط وموصّلة بالكامل، مختبرة وموضوعة في التشغيل حسب المواصفات والمخططات وتشمل خطوط النقل الأرضية وأجهزة الحماية وتوصيل نهايات الكابلات والأعمال المدنية اللازمة. PP-2, 200 A , MCCB",عدد,9600.0,6.0,0.0,57600.0,كهرباء,CMH_01-EE-245,,بنود أوامر التغيير,495,CMH_01_SMART.xlsx,sheet بنود أوامر التغيير,high,
CMH_01-C01,5,زيادة كمية,246,"توريد وتركيب واختبار لوحات إنارة وتغذية، 380 فولت، 3 أطوار، 60 هيرتز، مركبة على الحائط  وموصّلة بالكامل، مختبرة وموضوعة في التشغيل حسب المواصفات والمخططات وتشمل خطوط النقل الأرضية وأجهزة الحماية وتوصيل نهايات الكابلات والأعمال المدنية اللازمة. PP-3, 200 A , MCCB",عدد,9600.0,9.0,0.0,86400.0,كهرباء,CMH_01-EE-246,,بنود أوامر التغيير,496,CMH_01_SMART.xlsx,sheet بنود أوامر التغيير,high,
CMH_01-C01,5,زيادة كمية,247,"توريد وتركيب واختبار لوحات إنارة وتغذية، 380 فولت، 3 أطوار، 60 هيرتز، مركبة على الحائط وموصّلة بالكامل، مختبرة وموضوعة في التشغيل حسب المواصفات والمخططات وتشمل خطوط النقل الأرضية وأجهزة الحماية وتوصيل نهايات الكابلات والأعمال المدنية اللازمة.PP-4, 200 A , MCCB",عدد,9600.0,11.0,0.0,105600.0,كهرباء,CMH_01-EE-247,,بنود أوامر التغيير,497,CMH_01_SMART.xlsx,sheet بنود أوامر التغيير,high,
CMH_01-C01,5,زيادة كمية,248,توريد وتركيب مقابس طاقة مربوطة بأسلاك 4 مم2 كحد أدنى وتشمل الأجهزة و والأسلاك والمواسير والعلب ودعامات التثبيت ، من اللوحات الى نقاط المقابس وحسب المواصفات. على المقاول المعاينة و فحص الشبكة الحالية و الاستفادة من التمديدات الحالية و دمجها مع التركيبات الجديدة بعد عمل الاختبارات اللازمة و بعد الموافقة من مهندس المشرف .مقبس أحادي، مركب على الجدار، من النوع المؤرض، 15 أمبير، 230 فولت، طور واحد، قطبين، 3 أسلاك.,عدد,216.0,106.0,0.0,22896.0,كهرباء,CMH_01-EE-248,,بنود أوامر التغيير,498,CMH_01_SMART.xlsx,sheet بنود أوامر التغيير,high,
CMH_01-C01,5,زيادة كمية,249,توريد وتركيب مقابس طاقة مربوطة بأسلاك 4 مم2 كحد أدنى وتشمل الأجهزة و والأسلاك والمواسير والعلب ودعامات التثبيت ، من اللوحات الى نقاط المقابس وحسب المواصفات. على المقاول المعاينة و فحص الشبكة الحالية و الاستفادة من التمديدات الحالية و دمجها مع التركيبات الجديدة بعد عمل الاختبارات اللازمة و بعد الموافقة من مهندس المشرف . مقبس ثنائي سقفى، من النوع المؤرض، 15 أمبير، 230 فولت، طور واحد، قطبين، 3 أسلاك.,عدد,216.0,67.0,0.0,14472.0,كهرباء,CMH_01-EE-249,,بنود أوامر التغيير,499,CMH_01_SMART.xlsx,sheet بنود أوامر التغيير,high,
CMH_01-C01,5,زيادة كمية,251,"توريد وتركيب مقابس طاقة مربوطة بأسلاك 4 مم2 كحد أدنى وتشمل الأجهزة و والأسلاك والمواسير والعلب ودعامات التثبيت ، من اللوحات الى نقاط المقابس وحسب المواصفات. على المقاول المعاينة و فحص الشبكة الحالية و الاستفادة من التمديدات الحالية و دمجها مع التركيبات الجديدة بعد عمل الاختبارات اللازمة و بعد الموافقة من مهندس المشرف .مقبس أحادي، مركب على الجدار، من النوع المؤرض، 15 أمبير، 230 فولت، طور واحد، قطبين، 3 أسلاك. RESIDUAL CURRENT DEVICE, 30mA TRIPPING( ",عدد,504.0,26.0,0.0,13104.0,كهرباء,CMH_01-EE-251,,بنود أوامر التغيير,500,CMH_01_SMART.xlsx,sheet بنود أوامر التغيير,high,
CMH_01-C01,5,زيادة كمية,253, توريد وتركيب واختبار وفحص نقاط قوى للمقابس الكهربائية المتعددة الاستخدام بأسلاك نحاسية معزولة وذات مقطع لا يقل عن 6 مم2  في مواسير ويشتمل على المقبس و الاسلاك و PVC بمادة البلاستيك العلب وأعمال التثبيت والدعائم وكل الملحقات من لوحة التوزيع حتى المخارج وفقا للمخططات.والمواصفات الفنية  على المقاول المعاينة و فحص الشبكة الحالية و الاستفادة من التمديدات الحالية و دمجها مع التركيبات. الجديدة بعد عمل الاختبارات اللازمة و بعد الموافقة من مهندس المشرفمخرج  ومؤرض 30 أمبير ، 230 فولت 3 أسلاك ، 1 فاز لمجفف الأيدي,عدد,264.0,26.0,0.0,6864.0,كهرباء,CMH_01-EE-253,,بنود أوامر التغيير,501,CMH_01_SMART.xlsx,sheet بنود أوامر التغيير,high,
CMH_01-C01,5,زيادة كمية,254,توريد وتركيب وإختبار وفحص علبة خدمة من نوعية ممتازة تحتوى على  ) أ ( مقابس تغذية أرضية مزدوجة ذات أسلاك 4 مم2 كحد أدنى مركبة على الأرض وتشمل أسلاك التأريض من اللوحة حتى المقابس + )ب( مآخذ للهاتف والبيانات ذات كابلات CAT 6A UTP وحتى كابينة الداتا  وحسب مواصفات إدارة الـ IT  بالوزارة. على المقاول المعاينة و فحص الشبكة الحالية و الاستفادة من التمديدات الحالية و دمجها مع التركيبات الجديدة بعد عمل الاختبارات اللازمة و بعد الموافقة من مهندس المشرف . النوع  )A(  )تحتوى على  4 قوى & 4 داتا (,عدد,2160.0,129.0,0.0,278640.0,كهرباء,CMH_01-EE-254,,بنود أوامر التغيير,502,CMH_01_SMART.xlsx,sheet بنود أوامر التغيير,high,
CMH_01-C01,5,زيادة كمية,255,توريد وتركيب وإختبار وفحص علبة خدمة من نوعية ممتازة تحتوى على  ) أ ( مقابس تغذية أرضية مزدوجة ذات أسلاك 4 مم2 كحد أدنى مركبة على الأرض وتشمل أسلاك التأريض من اللوحة حتى المقابس + )ب( مآخذ للهاتف والبيانات ذات كابلات CAT 6A UTP وحتى كابينة الداتا  وحسب مواصفات إدارة الـ IT  بالوزارة. على المقاول المعاينة و فحص الشبكة الحالية و الاستفادة من التمديدات الحالية و دمجها مع التركيبات الجديدة بعد عمل الاختبارات اللازمة و بعد الموافقة من مهندس المشرف . النوع )B(   )تحتوى على 2 قوى & 2 داتا (,عدد,1800.0,155.0,0.0,279000.0,كهرباء,CMH_01-EE-255,,بنود أوامر التغيير,503,CMH_01_SMART.xlsx,sheet بنود أوامر التغيير,high,
CMH_01-C01,5,زيادة كمية,256,توريد وتركيب وإختبار وفحص علبة خدمة من نوعية ممتازة تحتوى على  ) أ ( مقابس تغذية أرضية مزدوجة ذات أسلاك 4 مم2 كحد أدنى مركبة على الأرض وتشمل أسلاك التأريض من اللوحة حتى المقابس + )ب( مآخذ للهاتف والبيانات ذات كابلات CAT 6A UTP وحتى كابينة الداتا  وحسب مواصفات إدارة الـ IT  بالوزارة. على المقاول المعاينة و فحص الشبكة الحالية و الاستفادة من التمديدات الحالية و دمجها مع التركيبات الجديدة بعد عمل الاختبارات اللازمة و بعد الموافقة من مهندس المشرف . النوع )1FB(   )تحتوى على 1 قوى (,عدد,720.0,9.0,0.0,6480.0,كهرباء,CMH_01-EE-256,,بنود أوامر التغيير,504,CMH_01_SMART.xlsx,sheet بنود أوامر التغيير,high,
CMH_01-C01,5,تقليل كمية,257,توريد وتركيب وإختبار وفحص علبة خدمة من نوعية ممتازة تحتوى على  ) أ ( مقابس تغذية أرضية مزدوجة ذات أسلاك 4 مم2 كحد أدنى مركبة على الأرض وتشمل أسلاك التأريض من اللوحة حتى المقابس + )ب( مآخذ للهاتف والبيانات ذات كابلات CAT 6A UTP وحتى كابينة الداتا  وحسب مواصفات إدارة الـ IT  بالوزارة. على المقاول المعاينة و فحص الشبكة الحالية و الاستفادة من التمديدات الحالية و دمجها مع التركيبات الجديدة بعد عمل الاختبارات اللازمة و بعد الموافقة من مهندس المشرف . النوع )2FB(   )تحتوى على 2 قوى (,عدد,960.0,-2.0,0.0,-1920.0,كهرباء,CMH_01-EE-257,,بنود أوامر التغيير,505,CMH_01_SMART.xlsx,sheet بنود أوامر التغيير,high,
CMH_01-C01,5,زيادة كمية,261," توريد وتركيب واختبار والتشغيل التجريبي لمفاتيح فصل على الحمل من النوع عالية التحمل مع ماسورة  التثبيت المعدنية المرنة والمانعة لنفاذ السوائل، وقطع الإكسسوارعلى المقاول المعاينة و فحص الشبكة الحالية و الاستفادة من التمديدات الحالية و دمجها مع التركيبات الجديدة بعد عمل الاختبارات اللازمة و بعدالموافقة من مهندس المشرف  وبالإستطاعات التالية 30 A, 250 V, 2P",عدد,384.0,98.0,0.0,37632.0,كهرباء,CMH_01-EE-261,,بنود أوامر التغيير,506,CMH_01_SMART.xlsx,sheet بنود أوامر التغيير,high,
CMH_01-C01,5,تقليل كمية,262,توريد وتركيب وتوصيل وإختبار وفحص اجهزة الإنارة ويشمل اللمبات وأقواس التركيب وحبال التعليق وقطع الأكسسوار و ايضا نقاط الانارة متضمنة مواسير/أقنية قاسية عالية التحمل PVC  أوEMT وعلب ذات أسلاك لاتقل عن 0.4 مم2 لنقطة الإنارة وتوصيل أطراف أسلاك التأريض،وكل الأعمال المساعدة كما هو محدد وموضح في المخططات. على المقاول المعاينة و فحص الشبكة الحالية و الاستفادة من التمديدات الحالية و دمجها  علما بان البند يشمل جميع الوصلات و الاسلاك و الكابلات اللازمة لنهو العمل  بعد عمل الاختبارات اللازمة و بعد الموافقة من مهندس المشرف . Type A1,عدد,348.0,-141.0,0.0,-49068.0,كهرباء,CMH_01-EE-262,,بنود أوامر التغيير,507,CMH_01_SMART.xlsx,sheet بنود أوامر التغيير,high,
CMH_01-C01,5,تقليل كمية,263,توريد وتركيب وتوصيل وإختبار وفحص اجهزة الإنارة ويشمل اللمبات وأقواس التركيب وحبال التعليق وقطع الأكسسوار و ايضا نقاط الانارة متضمنة مواسير/أقنية قاسية عالية التحمل PVC  أوEMT وعلب ذات أسلاك لاتقل عن 0.4 مم2 لنقطة الإنارة وتوصيل أطراف أسلاك التأريض،وكل الأعمال المساعدة كما هو محدد وموضح في المخططات. على المقاول المعاينة و فحص الشبكة الحالية و الاستفادة من التمديدات الحالية و دمجها  علما بان البند يشمل جميع الوصلات و الاسلاك و الكابلات اللازمة لنهو العمل  بعد عمل الاختبارات اللازمة و بعد الموافقة من مهندس المشرف . Type A1E,عدد,660.0,-14.0,0.0,-9240.0,كهرباء,CMH_01-EE-263,,بنود أوامر التغيير,508,CMH_01_SMART.xlsx,sheet بنود أوامر التغيير,high,
CMH_01-C01,5,زيادة كمية,264,توريد وتركيب وتوصيل وإختبار وفحص اجهزة الإنارة ويشمل اللمبات وأقواس التركيب وحبال التعليق وقطع الأكسسوار و ايضا نقاط الانارة متضمنة مواسير/أقنية قاسية عالية التحمل PVC  أوEMT وعلب ذات أسلاك لاتقل عن 0.4 مم2 لنقطة الإنارة وتوصيل أطراف أسلاك التأريض،وكل الأعمال المساعدة كما هو محدد وموضح في المخططات. على المقاول المعاينة و فحص الشبكة الحالية و الاستفادة من التمديدات الحالية و دمجها  علما بان البند يشمل جميع الوصلات و الاسلاك و الكابلات اللازمة لنهو العمل  بعد عمل الاختبارات اللازمة و بعد الموافقة من مهندس المشرف . Type A2,عدد,1044.0,53.0,0.0,55332.0,كهرباء,CMH_01-EE-264,,بنود أوامر التغيير,509,CMH_01_SMART.xlsx,sheet بنود أوامر التغيير,high,
CMH_01-C01,5,تقليل كمية,265,توريد وتركيب وتوصيل وإختبار وفحص اجهزة الإنارة ويشمل اللمبات وأقواس التركيب وحبال التعليق وقطع الأكسسوار و ايضا نقاط الانارة متضمنة مواسير/أقنية قاسية عالية التحمل PVC  أوEMT وعلب ذات أسلاك لاتقل عن 0.4 مم2 لنقطة الإنارة وتوصيل أطراف أسلاك التأريض،وكل الأعمال المساعدة كما هو محدد وموضح في المخططات. على المقاول المعاينة و فحص الشبكة الحالية و الاستفادة من التمديدات الحالية و دمجها  علما بان البند يشمل جميع الوصلات و الاسلاك و الكابلات اللازمة لنهو العمل  بعد عمل الاختبارات اللازمة و بعد الموافقة من مهندس المشرف . Type A3,عدد,1044.0,-8.0,0.0,-8352.0,كهرباء,CMH_01-EE-265,,بنود أوامر التغيير,510,CMH_01_SMART.xlsx,sheet بنود أوامر التغيير,high,
CMH_01-C01,5,تقليل كمية,267,توريد وتركيب وتوصيل وإختبار وفحص اجهزة الإنارة ويشمل اللمبات وأقواس التركيب وحبال التعليق وقطع الأكسسوار و ايضا نقاط الانارة متضمنة مواسير/أقنية قاسية عالية التحمل PVC  أوEMT وعلب ذات أسلاك لاتقل عن 0.4 مم2 لنقطة الإنارة وتوصيل أطراف أسلاك التأريض،وكل الأعمال المساعدة كما هو محدد وموضح في المخططات. على المقاول المعاينة و فحص الشبكة الحالية و الاستفادة من التمديدات الحالية و دمجها  علما بان البند يشمل جميع الوصلات و الاسلاك و الكابلات اللازمة لنهو العمل  بعد عمل الاختبارات اللازمة و بعد الموافقة من مهندس المشرف . Type A5,عدد,1044.0,-4.0,0.0,-4176.0,كهرباء,CMH_01-EE-267,,بنود أوامر التغيير,511,CMH_01_SMART.xlsx,sheet بنود أوامر التغيير,high,
CMH_01-C01,5,تقليل كمية,268,توريد وتركيب وتوصيل وإختبار وفحص اجهزة الإنارة ويشمل اللمبات وأقواس التركيب وحبال التعليق وقطع الأكسسوار و ايضا نقاط الانارة متضمنة مواسير/أقنية قاسية عالية التحمل PVC  أوEMT وعلب ذات أسلاك لاتقل عن 0.4 مم2 لنقطة الإنارة وتوصيل أطراف أسلاك التأريض،وكل الأعمال المساعدة كما هو محدد وموضح في المخططات. على المقاول المعاينة و فحص الشبكة الحالية و الاستفادة من التمديدات الحالية و دمجها  علما بان البند يشمل جميع الوصلات و الاسلاك و الكابلات اللازمة لنهو العمل  بعد عمل الاختبارات اللازمة و بعد الموافقة من مهندس المشرف .Type A6,عدد,1044.0,-3.0,0.0,-3132.0,كهرباء,CMH_01-EE-268,,بنود أوامر التغيير,512,CMH_01_SMART.xlsx,sheet بنود أوامر التغيير,high,
CMH_01-C01,5,تقليل كمية,269,توريد وتركيب وتوصيل وإختبار وفحص اجهزة الإنارة ويشمل اللمبات وأقواس التركيب وحبال التعليق وقطع الأكسسوار و ايضا نقاط الانارة متضمنة مواسير/أقنية قاسية عالية التحمل PVC  أوEMT وعلب ذات أسلاك لاتقل عن 0.4 مم2 لنقطة الإنارة وتوصيل أطراف أسلاك التأريض،وكل الأعمال المساعدة كما هو محدد وموضح في المخططات. على المقاول المعاينة و فحص الشبكة الحالية و الاستفادة من التمديدات الحالية و دمجها  علما بان البند يشمل جميع الوصلات و الاسلاك و الكابلات اللازمة لنهو العمل  بعد عمل الاختبارات اللازمة و بعد الموافقة من مهندس المشرف . Type A7,عدد,1044.0,-4.0,0.0,-4176.0,كهرباء,CMH_01-EE-269,,بنود أوامر التغيير,513,CMH_01_SMART.xlsx,sheet بنود أوامر التغيير,high,
CMH_01-C01,5,تقليل كمية,270,توريد وتركيب وتوصيل وإختبار وفحص اجهزة الإنارة ويشمل اللمبات وأقواس التركيب وحبال التعليق وقطع الأكسسوار و ايضا نقاط الانارة متضمنة مواسير/أقنية قاسية عالية التحمل PVC  أوEMT وعلب ذات أسلاك لاتقل عن 0.4 مم2 لنقطة الإنارة وتوصيل أطراف أسلاك التأريض،وكل الأعمال المساعدة كما هو محدد وموضح في المخططات. على المقاول المعاينة و فحص الشبكة الحالية و الاستفادة من التمديدات الحالية و دمجها  علما بان البند يشمل جميع الوصلات و الاسلاك و الكابلات اللازمة لنهو العمل  بعد عمل الاختبارات اللازمة و بعد الموافقة من مهندس المشرف .Type A8,عدد,1044.0,-1.0,0.0,-1044.0,كهرباء,CMH_01-EE-270,,بنود أوامر التغيير,514,CMH_01_SMART.xlsx,sheet بنود أوامر التغيير,high,
CMH_01-C01,5,تقليل كمية,272,توريد وتركيب وتوصيل وإختبار وفحص اجهزة الإنارة ويشمل اللمبات وأقواس التركيب وحبال التعليق وقطع الأكسسوار و ايضا نقاط الانارة متضمنة مواسير/أقنية قاسية عالية التحمل PVC  أوEMT وعلب ذات أسلاك لاتقل عن 0.4 مم2 لنقطة الإنارة وتوصيل أطراف أسلاك التأريض،وكل الأعمال المساعدة كما هو محدد وموضح في المخططات. على المقاول المعاينة و فحص الشبكة الحالية و الاستفادة من التمديدات الحالية و دمجها  علما بان البند يشمل جميع الوصلات و الاسلاك و الكابلات اللازمة لنهو العمل  بعد عمل الاختبارات اللازمة و بعد الموافقة من مهندس المشرف .Type B1,عدد,720.0,-6.0,0.0,-4320.0,كهرباء,CMH_01-EE-272,,بنود أوامر التغيير,515,CMH_01_SMART.xlsx,sheet بنود أوامر التغيير,high,
CMH_01-C01,5,تقليل كمية,273,توريد وتركيب وتوصيل وإختبار وفحص اجهزة الإنارة ويشمل اللمبات وأقواس التركيب وحبال التعليق وقطع الأكسسوار و ايضا نقاط الانارة متضمنة مواسير/أقنية قاسية عالية التحمل PVC  أوEMT وعلب ذات أسلاك لاتقل عن 0.4 مم2 لنقطة الإنارة وتوصيل أطراف أسلاك التأريض،وكل الأعمال المساعدة كما هو محدد وموضح في المخططات. على المقاول المعاينة و فحص الشبكة الحالية و الاستفادة من التمديدات الحالية و دمجها  علما بان البند يشمل جميع الوصلات و الاسلاك و الكابلات اللازمة لنهو العمل  بعد عمل الاختبارات اللازمة و بعد الموافقة من مهندس المشرف .Type B2,عدد,780.0,-8.0,0.0,-6240.0,كهرباء,CMH_01-EE-273,,بنود أوامر التغيير,516,CMH_01_SMART.xlsx,sheet بنود أوامر التغيير,high,
CMH_01-C01,5,زيادة كمية,274,توريد وتركيب وتوصيل وإختبار وفحص اجهزة الإنارة ويشمل اللمبات وأقواس التركيب وحبال التعليق وقطع الأكسسوار و ايضا نقاط الانارة متضمنة مواسير/أقنية قاسية عالية التحمل PVC  أوEMT وعلب ذات أسلاك لاتقل عن 0.4 مم2 لنقطة الإنارة وتوصيل أطراف أسلاك التأريض،وكل الأعمال المساعدة كما هو محدد وموضح في المخططات.على المقاول المعاينة و فحص الشبكة الحالية و الاستفادة من التمديدات الحالية و دمجها  علما بان البند يشمل جميع الوصلات و الاسلاك و الكابلات اللازمة لنهو العمل  بعد عمل الاختبارات اللازمة و بعد الموافقة من مهندس المشرف .Type C1,عدد,1128.0,23.0,0.0,25944.0,كهرباء,CMH_01-EE-274,,بنود أوامر التغيير,517,CMH_01_SMART.xlsx,sheet بنود أوامر التغيير,high,
CMH_01-C01,5,زيادة كمية,275,توريد وتركيب وتوصيل وإختبار وفحص اجهزة الإنارة ويشمل اللمبات وأقواس التركيب وحبال التعليق وقطع الأكسسوار و ايضا نقاط الانارة متضمنة مواسير/أقنية قاسية عالية التحمل PVC  أوEMT وعلب ذات أسلاك لاتقل عن 0.4 مم2 لنقطة الإنارة وتوصيل أطراف أسلاك التأريض،وكل الأعمال المساعدة كما هو محدد وموضح في المخططات. على المقاول المعاينة و فحص الشبكة الحالية و الاستفادة من التمديدات الحالية و دمجها  علما بان البند يشمل جميع الوصلات و الاسلاك و الكابلات اللازمة لنهو العمل  بعد عمل الاختبارات اللازمة و بعد الموافقة من مهندس المشرف .Type C2,عدد,420.0,274.0,0.0,115080.0,كهرباء,CMH_01-EE-275,,بنود أوامر التغيير,518,CMH_01_SMART.xlsx,sheet بنود أوامر التغيير,high,
CMH_01-C01,5,تقليل كمية,276,توريد وتركيب وتوصيل وإختبار وفحص اجهزة الإنارة ويشمل اللمبات وأقواس التركيب وحبال التعليق وقطع الأكسسوار و ايضا نقاط الانارة متضمنة مواسير/أقنية قاسية عالية التحمل PVC  أوEMT وعلب ذات أسلاك لاتقل عن 0.4 مم2 لنقطة الإنارة وتوصيل أطراف أسلاك التأريض،وكل الأعمال المساعدة كما هو محدد وموضح في المخططات. على المقاول المعاينة و فحص الشبكة الحالية و الاستفادة من التمديدات الحالية و دمجها  علما بان البند يشمل جميع الوصلات و الاسلاك و الكابلات اللازمة لنهو العمل  بعد عمل الاختبارات اللازمة و بعد الموافقة من مهندس المشرف .Type C3,عدد,444.0,-139.0,0.0,-61716.0,كهرباء,CMH_01-EE-276,,بنود أوامر التغيير,519,CMH_01_SMART.xlsx,sheet بنود أوامر التغيير,high,
CMH_01-C01,5,تقليل كمية,277,توريد وتركيب وتوصيل وإختبار وفحص اجهزة الإنارة ويشمل اللمبات وأقواس التركيب وحبال التعليق وقطع الأكسسوار و ايضا نقاط الانارة متضمنة مواسير/أقنية قاسية عالية التحمل PVC  أوEMT وعلب ذات أسلاك لاتقل عن 0.4 مم2 لنقطة الإنارة وتوصيل أطراف أسلاك التأريض،وكل الأعمال المساعدة كما هو محدد وموضح في المخططات. على المقاول المعاينة و فحص الشبكة الحالية و الاستفادة من التمديدات الحالية و دمجها  علما بان البند يشمل جميع الوصلات و الاسلاك و الكابلات اللازمة لنهو العمل  بعد عمل الاختبارات اللازمة و بعد الموافقة من مهندس المشرف .Type C4,عدد,300.0,-11.0,0.0,-3300.0,كهرباء,CMH_01-EE-277,,بنود أوامر التغيير,520,CMH_01_SMART.xlsx,sheet بنود أوامر التغيير,high,
CMH_01-C01,5,زيادة كمية,278,توريد وتركيب وتوصيل وإختبار وفحص اجهزة الإنارة ويشمل اللمبات وأقواس التركيب وحبال التعليق وقطع الأكسسوار و ايضا نقاط الانارة متضمنة مواسير/أقنية قاسية عالية التحمل PVC  أوEMT وعلب ذات أسلاك لاتقل عن 0.4 مم2 لنقطة الإنارة وتوصيل أطراف أسلاك التأريض،وكل الأعمال المساعدة كما هو محدد وموضح في المخططات. على المقاول المعاينة و فحص الشبكة الحالية و الاستفادة من التمديدات الحالية و دمجها  علما بان البند يشمل جميع الوصلات و الاسلاك و الكابلات اللازمة لنهو العمل  بعد عمل الاختبارات اللازمة و بعد الموافقة من مهندس المشرف .Type C5,عدد,438.0,153.0,0.0,67014.0,كهرباء,CMH_01-EE-278,,بنود أوامر التغيير,521,CMH_01_SMART.xlsx,sheet بنود أوامر التغيير,high,
CMH_01-C01,5,زيادة كمية,279,توريد وتركيب وتوصيل وإختبار وفحص اجهزة الإنارة ويشمل اللمبات وأقواس التركيب وحبال التعليق وقطع الأكسسوار و ايضا نقاط الانارة متضمنة مواسير/أقنية قاسية عالية التحمل PVC  أوEMT وعلب ذات أسلاك لاتقل عن 0.4 مم2 لنقطة الإنارة وتوصيل أطراف أسلاك التأريض،وكل الأعمال المساعدة كما هو محدد وموضح في المخططات.على المقاول المعاينة و فحص الشبكة الحالية و الاستفادة من التمديدات الحالية و دمجها  علما بان البند يشمل جميع الوصلات و الاسلاك و الكابلات اللازمة لنهو العمل  بعد عمل الاختبارات اللازمة و بعد الموافقة من مهندس المشرف .Type C6,عدد,288.0,8.0,0.0,2304.0,كهرباء,CMH_01-EE-279,,بنود أوامر التغيير,522,CMH_01_SMART.xlsx,sheet بنود أوامر التغيير,high,
CMH_01-C01,5,زيادة كمية,280,توريد وتركيب وتوصيل وإختبار وفحص اجهزة الإنارة ويشمل اللمبات وأقواس التركيب وحبال التعليق وقطع الأكسسوار و ايضا نقاط الانارة متضمنة مواسير/أقنية قاسية عالية التحمل PVC  أوEMT وعلب ذات أسلاك لاتقل عن 0.4 مم2 لنقطة الإنارة وتوصيل أطراف أسلاك التأريض،وكل الأعمال المساعدة كما هو محدد وموضح في المخططات. على المقاول المعاينة و فحص الشبكة الحالية و الاستفادة من التمديدات الحالية و دمجها  علما بان البند يشمل جميع الوصلات و الاسلاك و الكابلات اللازمة لنهو العمل  بعد عمل الاختبارات اللازمة و بعد الموافقة من مهندس المشرف .Type C7,عدد,336.0,5.0,0.0,1680.0,كهرباء,CMH_01-EE-280,,بنود أوامر التغيير,523,CMH_01_SMART.xlsx,sheet بنود أوامر التغيير,high,
CMH_01-C01,5,تقليل كمية,281,توريد وتركيب وتوصيل وإختبار وفحص اجهزة الإنارة ويشمل اللمبات وأقواس التركيب وحبال التعليق وقطع الأكسسوار و ايضا نقاط الانارة متضمنة مواسير/أقنية قاسية عالية التحمل PVC  أوEMT وعلب ذات أسلاك لاتقل عن 0.4 مم2 لنقطة الإنارة وتوصيل أطراف أسلاك التأريض،وكل الأعمال المساعدة كما هو محدد وموضح في المخططات. على المقاول المعاينة و فحص الشبكة الحالية و الاستفادة من التمديدات الحالية و دمجها  علما بان البند يشمل جميع الوصلات و الاسلاك و الكابلات اللازمة لنهو العمل  بعد عمل الاختبارات اللازمة و بعد الموافقة من مهندس المشرف . Type D1,عدد,936.0,-30.0,0.0,-28080.0,كهرباء,CMH_01-EE-281,,بنود أوامر التغيير,524,CMH_01_SMART.xlsx,sheet بنود أوامر التغيير,high,
CMH_01-C01,5,تقليل كمية,282,توريد وتركيب وتوصيل وإختبار وفحص اجهزة الإنارة ويشمل اللمبات وأقواس التركيب وحبال التعليق وقطع الأكسسوار و ايضا نقاط الانارة متضمنة مواسير/أقنية قاسية عالية التحمل PVC  أوEMT وعلب ذات أسلاك لاتقل عن 0.4 مم2 لنقطة الإنارة وتوصيل أطراف أسلاك التأريض،وكل الأعمال المساعدة كما هو محدد وموضح في المخططات. على المقاول المعاينة و فحص الشبكة الحالية و الاستفادة من التمديدات الحالية و دمجها  علما بان البند يشمل جميع الوصلات و الاسلاك و الكابلات اللازمة لنهو العمل  بعد عمل الاختبارات اللازمة و بعد الموافقة من مهندس المشرف . Type D2,عدد,936.0,-10.0,0.0,-9360.0,كهرباء,CMH_01-EE-282,,بنود أوامر التغيير,525,CMH_01_SMART.xlsx,sheet بنود أوامر التغيير,high,
CMH_01-C01,5,تقليل كمية,283,توريد وتركيب وتوصيل وإختبار وفحص اجهزة الإنارة ويشمل اللمبات وأقواس التركيب وحبال التعليق وقطع الأكسسوار و ايضا نقاط الانارة متضمنة مواسير/أقنية قاسية عالية التحمل PVC  أوEMT وعلب ذات أسلاك لاتقل عن 0.4 مم2 لنقطة الإنارة وتوصيل أطراف أسلاك التأريض،وكل الأعمال المساعدة كما هو محدد وموضح في المخططات. على المقاول المعاينة و فحص الشبكة الحالية و الاستفادة من التمديدات الحالية و دمجها  علما بان البند يشمل جميع الوصلات و الاسلاك و الكابلات اللازمة لنهو العمل  بعد عمل الاختبارات اللازمة و بعد الموافقة من مهندس المشرف .Type D3,عدد,288.0,-196.0,0.0,-56448.0,كهرباء,CMH_01-EE-283,,بنود أوامر التغيير,526,CMH_01_SMART.xlsx,sheet بنود أوامر التغيير,high,
CMH_01-C01,5,تقليل كمية,284,توريد وتركيب وتوصيل وإختبار وفحص اجهزة الإنارة ويشمل اللمبات وأقواس التركيب وحبال التعليق وقطع الأكسسوار و ايضا نقاط الانارة متضمنة مواسير/أقنية قاسية عالية التحمل PVC  أوEMT وعلب ذات أسلاك لاتقل عن 0.4 مم2 لنقطة الإنارة وتوصيل أطراف أسلاك التأريض،وكل الأعمال المساعدة كما هو محدد وموضح في المخططات. على المقاول المعاينة و فحص الشبكة الحالية و الاستفادة من التمديدات الحالية و دمجها  علما بان البند يشمل جميع الوصلات و الاسلاك و الكابلات اللازمة لنهو العمل  بعد عمل الاختبارات اللازمة و بعد الموافقة من مهندس المشرف .Type D4,عدد,5400.0,-3.0,0.0,-16200.0,كهرباء,CMH_01-EE-284,,بنود أوامر التغيير,527,CMH_01_SMART.xlsx,sheet بنود أوامر التغيير,high,
CMH_01-C01,5,تقليل كمية,285,توريد وتركيب وتوصيل وإختبار وفحص اجهزة الإنارة ويشمل اللمبات وأقواس التركيب وحبال التعليق وقطع الأكسسوار و ايضا نقاط الانارة متضمنة مواسير/أقنية قاسية عالية التحمل PVC  أوEMT وعلب ذات أسلاك لاتقل عن 0.4 مم2 لنقطة الإنارة وتوصيل أطراف أسلاك التأريض،وكل الأعمال المساعدة كما هو محدد وموضح في المخططات على المقاول المعاينة و فحص الشبكة الحالية و الاستفادة من التمديدات الحالية و دمجها  علما بان البند يشمل جميع الوصلات و الاسلاك و الكابلات اللازمة لنهو العمل  بعد عمل الاختبارات اللازمة و بعد الموافقة من مهندس المشرف . Type E1,عدد,540.0,-4.0,0.0,-2160.0,كهرباء,CMH_01-EE-285,,بنود أوامر التغيير,528,CMH_01_SMART.xlsx,sheet بنود أوامر التغيير,high,
CMH_01-C01,5,زيادة كمية,286,توريد وتركيب وتوصيل وإختبار وفحص اجهزة الإنارة ويشمل اللمبات وأقواس التركيب وحبال التعليق وقطع الأكسسوار و ايضا نقاط الانارة متضمنة مواسير/أقنية قاسية عالية التحمل PVC  أوEMT وعلب ذات أسلاك لاتقل عن 0.4 مم2 لنقطة الإنارة وتوصيل أطراف أسلاك التأريض،وكل الأعمال المساعدة كما هو محدد وموضح في المخططات. على المقاول المعاينة و فحص الشبكة الحالية و الاستفادة من التمديدات الحالية و دمجها  علما بان البند يشمل جميع الوصلات و الاسلاك و الكابلات اللازمة لنهو العمل  بعد عمل الاختبارات اللازمة و بعد الموافقة من مهندس المشرف . Type E2,عدد,504.0,7.0,0.0,3528.0,كهرباء,CMH_01-EE-286,,بنود أوامر التغيير,529,CMH_01_SMART.xlsx,sheet بنود أوامر التغيير,high,
CMH_01-C01,5,تقليل كمية,287,توريد وتركيب وتوصيل وإختبار وفحص اجهزة الإنارة ويشمل اللمبات وأقواس التركيب وحبال التعليق وقطع الأكسسوار و ايضا نقاط الانارة متضمنة مواسير/أقنية قاسية عالية التحمل PVC  أوEMT وعلب ذات أسلاك لاتقل عن 0.4 مم2 لنقطة الإنارة وتوصيل أطراف أسلاك التأريض،وكل الأعمال المساعدة كما هو محدد وموضح في المخططات. على المقاول المعاينة و فحص الشبكة الحالية و الاستفادة من التمديدات الحالية و دمجها  علما بان البند يشمل جميع الوصلات و الاسلاك و الكابلات اللازمة لنهو العمل  بعد عمل الاختبارات اللازمة و بعد الموافقة من مهندس المشرف .Type E3,عدد,744.0,-190.0,0.0,-141360.0,كهرباء,CMH_01-EE-287,,بنود أوامر التغيير,530,CMH_01_SMART.xlsx,sheet بنود أوامر التغيير,high,
CMH_01-C01,5,زيادة كمية,288,توريد وتركيب وتوصيل وإختبار وفحص اجهزة الإنارة ويشمل اللمبات وأقواس التركيب وحبال التعليق وقطع الأكسسوار و ايضا نقاط الانارة متضمنة مواسير/أقنية قاسية عالية التحمل PVC  أوEMT وعلب ذات أسلاك لاتقل عن 0.4 مم2 لنقطة الإنارة وتوصيل أطراف أسلاك التأريض،وكل الأعمال المساعدة كما هو محدد وموضح في المخططات. على المقاول المعاينة و فحص الشبكة الحالية و الاستفادة من التمديدات الحالية و دمجها  علما بان البند يشمل جميع الوصلات و الاسلاك و الكابلات اللازمة لنهو العمل  بعد عمل الاختبارات اللازمة و بعد الموافقة من مهندس المشرف .Type LB1,م.ط,170.4,1569.85,0.0,267502.44,كهرباء,CMH_01-EE-288,,بنود أوامر التغيير,531,CMH_01_SMART.xlsx,sheet بنود أوامر التغيير,high,
CMH_01-C01,5,تقليل كمية,289,توريد وتركيب وتوصيل وإختبار وفحص اجهزة الإنارة ويشمل اللمبات وأقواس التركيب وحبال التعليق وقطع الأكسسوار و ايضا نقاط الانارة متضمنة مواسير/أقنية قاسية عالية التحمل PVC  أوEMT وعلب ذات أسلاك لاتقل عن 0.4 مم2 لنقطة الإنارة وتوصيل أطراف أسلاك التأريض،وكل الأعمال المساعدة كما هو محدد وموضح في المخططات. على المقاول المعاينة و فحص الشبكة الحالية و الاستفادة من التمديدات الحالية و دمجها  علما بان البند يشمل جميع الوصلات و الاسلاك و الكابلات اللازمة لنهو العمل  بعد عمل الاختبارات اللازمة و بعد الموافقة من مهندس المشرف . Type LB2,عدد,13800.0,-2.0,0.0,-27600.0,كهرباء,CMH_01-EE-289,,بنود أوامر التغيير,532,CMH_01_SMART.xlsx,sheet بنود أوامر التغيير,high,
CMH_01-C01,5,تقليل كمية,290,توريد وتركيب وتوصيل وإختبار وفحص اجهزة الإنارة ويشمل اللمبات وأقواس التركيب وحبال التعليق وقطع الأكسسوار و ايضا نقاط الانارة متضمنة مواسير/أقنية قاسية عالية التحمل PVC  أوEMT وعلب ذات أسلاك لاتقل عن 0.4 مم2 لنقطة الإنارة وتوصيل أطراف أسلاك التأريض،وكل الأعمال المساعدة كما هو محدد وموضح في المخططات. على المقاول المعاينة و فحص الشبكة الحالية و الاستفادة من التمديدات الحالية و دمجها  علما بان البند يشمل جميع الوصلات و الاسلاك و الكابلات اللازمة لنهو العمل  بعد عمل الاختبارات اللازمة و بعد الموافقة من مهندس المشرف . Type LB3,عدد,900.0,-50.0,0.0,-45000.0,كهرباء,CMH_01-EE-290,,بنود أوامر التغيير,533,CMH_01_SMART.xlsx,sheet بنود أوامر التغيير,high,
CMH_01-C01,5,زيادة كمية,291,توريد وتركيب وتوصيل وإختبار وفحص اجهزة الإنارة ويشمل اللمبات وأقواس التركيب وحبال التعليق وقطع الأكسسوار و ايضا نقاط الانارة متضمنة مواسير/أقنية قاسية عالية التحمل PVC  أوEMT وعلب ذات أسلاك لاتقل عن 0.4 مم2 لنقطة الإنارة وتوصيل أطراف أسلاك التأريض،وكل الأعمال المساعدة كما هو محدد وموضح في المخططات. على المقاول المعاينة و فحص الشبكة الحالية و الاستفادة من التمديدات الحالية و دمجها  علما بان البند يشمل جميع الوصلات و الاسلاك و الكابلات اللازمة لنهو العمل  بعد عمل الاختبارات اللازمة و بعد الموافقة من مهندس المشرف .Type LB4,عدد,1104.0,8.0,0.0,8832.0,كهرباء,CMH_01-EE-291,,بنود أوامر التغيير,534,CMH_01_SMART.xlsx,sheet بنود أوامر التغيير,high,
CMH_01-C01,5,تقليل كمية,292, توريد وتركيب وتوصيل وإختبار وفحص اجهزة الإنارة ويشمل اللمبات وأقواس التركيب وحبال التعليق وعلبEMT أو PVC  وقطع الأكسسوار و ايضا نقاط الانارة متضمنة مواسير/أقنية قاسية عالية التحمل ذات أسلاك لاتقل عن 0.4 مم2 لنقطة الإنارة وتوصيل أطراف أسلاك التأريض،وكل الأعمال المساعدة كما.هو محدد وموضح في المخططات  على المقاول المعاينة و فحص الشبكة الحالية و الاستفادة من التمديدات الحالية و دمجها  علما بان البند يشمل جميع الوصلات و الاسلاك و الكابلات اللازمة لنهو العمل  بعد عمل الاختبارات اللازمة و بعد. الموافقة من مهندس المشرف Type LB5,م.ط,174.0,-603.9,0.0,-105078.59999999999,كهرباء,CMH_01-EE-292,,بنود أوامر التغيير,535,CMH_01_SMART.xlsx,sheet بنود أوامر التغيير,high,
CMH_01-C01,5,تقليل كمية,293,توريد وتركيب وتوصيل وإختبار وفحص اجهزة الإنارة ويشمل اللمبات وأقواس التركيب وحبال التعليق وقطع الأكسسوار و ايضا نقاط الانارة متضمنة مواسير/أقنية قاسية عالية التحمل PVC  أوEMT وعلب ذات أسلاك لاتقل عن 0.4 مم2 لنقطة الإنارة وتوصيل أطراف أسلاك التأريض،وكل الأعمال المساعدة كما هو محدد وموضح في المخططات. على المقاول المعاينة و فحص الشبكة الحالية و الاستفادة من التمديدات الحالية و دمجها  علما بان البند يشمل جميع الوصلات و الاسلاك و الكابلات اللازمة لنهو العمل  بعد عمل الاختبارات اللازمة و بعد الموافقة من مهندس المشرف .Type LB6,م.ط,174.0,-109.8,0.0,-19105.2,كهرباء,CMH_01-EE-293,,بنود أوامر التغيير,536,CMH_01_SMART.xlsx,sheet بنود أوامر التغيير,high,
CMH_01-C01,5,تقليل كمية,294,توريد وتركيب وتوصيل وإختبار وفحص اجهزة الإنارة ويشمل اللمبات وأقواس التركيب وحبال التعليق وقطع الأكسسوار و ايضا نقاط الانارة متضمنة مواسير/أقنية قاسية عالية التحمل PVC  أوEMT وعلب ذات أسلاك لاتقل عن 0.4 مم2 لنقطة الإنارة وتوصيل أطراف أسلاك التأريض،وكل الأعمال المساعدة كما هو محدد وموضح في المخططات. على المقاول المعاينة و فحص الشبكة الحالية و الاستفادة من التمديدات الحالية و دمجها  علما بان البند يشمل جميع الوصلات و الاسلاك و الكابلات اللازمة لنهو العمل  بعد عمل الاختبارات اللازمة و بعد الموافقة من مهندس المشرف .Type LB7,عدد,174.0,-4.0,0.0,-696.0,كهرباء,CMH_01-EE-294,,بنود أوامر التغيير,537,CMH_01_SMART.xlsx,sheet بنود أوامر التغيير,high,
CMH_01-C01,5,زيادة كمية,295,توريد وتركيب وتوصيل وإختبار وفحص اجهزة الإنارة ويشمل اللمبات وأقواس التركيب وحبال التعليق وقطع الأكسسوار و ايضا نقاط الانارة متضمنة مواسير/أقنية قاسية عالية التحمل PVC  أوEMT وعلب ذات أسلاك لاتقل عن 0.4 مم2 لنقطة الإنارة وتوصيل أطراف أسلاك التأريض،وكل الأعمال المساعدة كما هو محدد وموضح في المخططات. على المقاول المعاينة و فحص الشبكة الحالية و الاستفادة من التمديدات الحالية و دمجها  علما بان البند يشمل جميع الوصلات و الاسلاك و الكابلات اللازمة لنهو العمل  بعد عمل الاختبارات اللازمة و بعد الموافقة من مهندس المشرف .Type ES-1,عدد,360.0,22.0,0.0,7920.0,كهرباء,CMH_01-EE-295,,بنود أوامر التغيير,538,CMH_01_SMART.xlsx,sheet بنود أوامر التغيير,high,
CMH_01-C01,5,تقليل كمية,298,توريد وتركيب وتوصيل وإختبار وفحص اجهزة الإنارة ويشمل اللمبات وأقواس التركيب وحبال التعليق وقطع الأكسسوار و ايضا نقاط الانارة متضمنة مواسير/أقنية قاسية عالية التحمل PVC  أوEMT وعلب ذات أسلاك لاتقل عن 0.4 مم2 لنقطة الإنارة وتوصيل أطراف أسلاك التأريض،وكل الأعمال المساعدة كما هو محدد وموضح في المخططات. على المقاول المعاينة و فحص الشبكة الحالية و الاستفادة من التمديدات الحالية و دمجها  علما بان البند يشمل جميع الوصلات و الاسلاك و الكابلات اللازمة لنهو العمل  بعد عمل الاختبارات اللازمة و بعد الموافقة من مهندس المشرف . Type P1,عدد,420.0,-8.0,0.0,-3360.0,كهرباء,CMH_01-EE-298,,بنود أوامر التغيير,539,CMH_01_SMART.xlsx,sheet بنود أوامر التغيير,high,
CMH_01-C01,5,تقليل كمية,299,توريد وتركيب وتوصيل وإختبار وفحص اجهزة الإنارة ويشمل اللمبات وأقواس التركيب وحبال التعليق وقطع الأكسسوار و ايضا نقاط الانارة متضمنة مواسير/أقنية قاسية عالية التحمل PVC  أوEMT وعلب ذات أسلاك لاتقل عن 0.4 مم2 لنقطة الإنارة وتوصيل أطراف أسلاك التأريض،وكل الأعمال المساعدة كما هو محدد وموضح في المخططات. على المقاول المعاينة و فحص الشبكة الحالية و الاستفادة من التمديدات الحالية و دمجها  علما بان البند يشمل جميع الوصلات و الاسلاك و الكابلات اللازمة لنهو العمل  بعد عمل الاختبارات اللازمة و بعد الموافقة من مهندس المشرف . Type T1,عدد,744.0,-157.0,0.0,-116808.0,كهرباء,CMH_01-EE-299,,بنود أوامر التغيير,540,CMH_01_SMART.xlsx,sheet بنود أوامر التغيير,high,
CMH_01-C01,5,تقليل كمية,302,توريد وتركيب وتوصيل وإختبار وفحص اجهزة الإنارة ويشمل اللمبات وأقواس التركيب وحبال التعليق وقطع الأكسسوار و ايضا نقاط الانارة متضمنة مواسير/أقنية قاسية عالية التحمل PVC  أوEMT وعلب ذات أسلاك لاتقل عن 0.4 مم2 لنقطة الإنارة وتوصيل أطراف أسلاك التأريض،وكل الأعمال المساعدة كما هو محدد وموضح في المخططات. على المقاول المعاينة و فحص الشبكة الحالية و الاستفادة من التمديدات الحالية و دمجها  علما بان البند يشمل جميع الوصلات و الاسلاك و الكابلات اللازمة لنهو العمل  بعد عمل الاختبارات اللازمة و بعد الموافقة من مهندس المشرف .Type CH-3,عدد,18000.0,-1.0,0.0,-18000.0,كهرباء,CMH_01-EE-302,,بنود أوامر التغيير,541,CMH_01_SMART.xlsx,sheet بنود أوامر التغيير,high,
CMH_01-C01,5,تقليل كمية,303,توريد وتركيب وتوصيل واختبار مفاتيح التحكم بالإنارة / أزرار كبس 10 أمبير، 230 فولت، وتشمل كل المواسير معزولة ب  PVC وأسلاك نحاس  0.4 مم2 حتى وحدات الانارة حسب الموضح على المخططات وحسب المواصفات على المقاول المعاينة و فحص الشبكة الحالية و الاستفادة من التمديدات الحالية و دمجها مع التركيبات الجديدة بعد عمل الاختبارات اللازمة و بعد الموافقة من مهندس المشرف . مفتاح أحادي ، أحادي الكباّس، 10 أمبير,عدد,216.0,-141.0,0.0,-30456.0,كهرباء,CMH_01-EE-303,,بنود أوامر التغيير,542,CMH_01_SMART.xlsx,sheet بنود أوامر التغيير,high,
CMH_01-C01,5,تقليل كمية,304,توريد وتركيب وتوصيل واختبار مفاتيح التحكم بالإنارة / أزرار كبس 10 أمبير، 230 فولت، وتشمل كل المواسير معزولة ب  PVC وأسلاك نحاس  0.4 مم2 حتى وحدات الانارة حسب الموضح على المخططات وحسب المواصفات. على المقاول المعاينة و فحص الشبكة الحالية و الاستفادة من التمديدات الحالية و دمجها مع التركيبات الجديدة بعد عمل الاختبارات اللازمة و بعد الموافقة من مهندس المشرف .مفتاح أحادي ، ثنائي الكباّس، 10 أمبير,عدد,216.0,-95.0,0.0,-20520.0,كهرباء,CMH_01-EE-304,,بنود أوامر التغيير,543,CMH_01_SMART.xlsx,sheet بنود أوامر التغيير,high,
CMH_01-C01,5,زيادة كمية,305,توريد وتركيب وتوصيل واختبار مفاتيح التحكم بالإنارة / أزرار كبس 10 أمبير، 230 فولت، وتشمل كل المواسير معزولة ب  PVC وأسلاك نحاس  0.4 مم2 حتى وحدات الانارة حسب الموضح على المخططات وحسب المواصفات. على المقاول المعاينة و فحص الشبكة الحالية و الاستفادة من التمديدات الحالية و دمجها مع التركيبات الجديدة بعد عمل الاختبارات اللازمة و بعد الموافقة من مهندس المشرف .مفتاح ثلاثي ، ثلاثي الكباّس، 10 أمبير,عدد,120.0,67.0,0.0,8040.0,كهرباء,CMH_01-EE-305,,بنود أوامر التغيير,544,CMH_01_SMART.xlsx,sheet بنود أوامر التغيير,high,
CMH_01-C01,5,تقليل كمية,306,توريد وتركيب وتوصيل واختبار مفاتيح التحكم بالإنارة / أزرار كبس 10 أمبير، 230 فولت، وتشمل كل المواسير معزولة ب  PVC وأسلاك نحاس  0.4 مم2 حتى وحدات الانارة حسب الموضح على المخططات وحسب المواصفات. على المقاول المعاينة و فحص الشبكة الحالية و الاستفادة من التمديدات الحالية و دمجها مع التركيبات الجديدة بعد عمل الاختبارات اللازمة و بعد الموافقة من مهندس المشرف .مفتاح ثنائي ، ثنائي الكباّس، 10 أمبير,عدد,216.0,-270.0,0.0,-58320.0,كهرباء,CMH_01-EE-306,,بنود أوامر التغيير,545,CMH_01_SMART.xlsx,sheet بنود أوامر التغيير,high,
CMH_01-C01,5,زيادة كمية,307," توريد وتركيب وتوصيل وتجريب مفاتيح ذات أضواء دليلية وتشمل الماسورة والأسلاك حسب المبيّن على.المخططات و ذلك لسخانات المياه  وحسب المواصفات 20 Amp., 230 V, 1PH",عدد,300.0,25.0,0.0,7500.0,كهرباء,CMH_01-EE-307,,بنود أوامر التغيير,546,CMH_01_SMART.xlsx,sheet بنود أوامر التغيير,high,
CMH_01-C01,5,زيادة كمية,309, كاشف انذار دخان من النوع المعنون طبقا للمخططات  ومواصفات المشروع,عدد,276.0,174.0,0.0,48024.0,كهرباء,CMH_01-EE-309,,بنود أوامر التغيير,547,CMH_01_SMART.xlsx,sheet بنود أوامر التغيير,high,
CMH_01-C01,5,تقليل كمية,310,كاشف إنذار حراري من النوع المعنون طبقا للمخططات  ومواصفات المشروع,عدد,300.0,-1.0,0.0,-300.0,كهرباء,CMH_01-EE-310,,بنود أوامر التغيير,548,CMH_01_SMART.xlsx,sheet بنود أوامر التغيير,high,
CMH_01-C01,5,زيادة كمية,311, وحدة إنذار حريق يدوية من النوع المعنون طبقا للمخططات  ومواصفات المشروع,عدد,384.0,4.0,0.0,1536.0,كهرباء,CMH_01-EE-311,,بنود أوامر التغيير,549,CMH_01_SMART.xlsx,sheet بنود أوامر التغيير,high,
CMH_01-C01,5,زيادة كمية,313,وحدة تحكم  )Control module( من النوع المعنون طبقا للمخططات  ومواصفات المشروع,عدد,420.0,149.0,0.0,62580.0,كهرباء,CMH_01-EE-313,,بنود أوامر التغيير,550,CMH_01_SMART.xlsx,sheet بنود أوامر التغيير,high,
CMH_01-C01,5,زيادة كمية,314,وحدة جرس إنذار حريق داخلى طبقا للمخططات  ومواصفات المشروع,عدد,576.0,22.0,0.0,12672.0,كهرباء,CMH_01-EE-314,,بنود أوامر التغيير,551,CMH_01_SMART.xlsx,sheet بنود أوامر التغيير,high,
CMH_01-C01,5,تقليل كمية,315,وحدة هاتف رجل الاطفاء حريق داخلى )fireman telephone Jack ( طبقا للمخططات  ومواصفات المشروع,عدد,960.0,-19.0,0.0,-18240.0,كهرباء,CMH_01-EE-315,,بنود أوامر التغيير,552,CMH_01_SMART.xlsx,sheet بنود أوامر التغيير,high,
CMH_01-C01,5,تقليل كمية,316,وحدات لاسلكية لتوفير خدمة شبكة المعلومات )Wireless Access Points(,عدد,1080.0,-6.0,0.0,-6480.0,كهرباء,CMH_01-EE-316,,بنود أوامر التغيير,553,CMH_01_SMART.xlsx,sheet بنود أوامر التغيير,high,
CMH_01-C01,5,تقليل كمية,317,عن طريق مقاول متخصص ذو خبرة كبيرة في هذا المجال ويقدم للاعتماد من إدارة الـ IT بالوزارة و يربط النظام مع الانظمة المعنية بالتحكم و الموازنة و يشمل البند جميع الوصلات و الكابلات و غيرها من المتطلبات الخاصة بنهو النظام كاملا توريد وتركيب واختبارنقاط كاميرا مراقبة داخلية سقفية و جميع ما يلزم من توصيلات و تركيبات و خلافة  لنهو النظام .,عدد,2640.0,-3.0,0.0,-7920.0,كهرباء,CMH_01-EE-317,,بنود أوامر التغيير,554,CMH_01_SMART.xlsx,sheet بنود أوامر التغيير,high,
CMH_01-C01,5,زيادة كمية,318,توريد وتركيب واختبار نظام التحكم فى الدخول بروتوكول IP  مع البرامج الخاصة بنظام التحكم بتقنية dual RFID integration ، مع المواسير والكابلات وكل الملحقات لضمان عمل النظام على الوجه الاكمل وحسب المواصفات والمخططات وتعليمات الشركة المصنعة وتعليمات ومواصفات إدارة الـ IT بالوزارة و كل ما يلزم من مواد وأعمال كهربائية و مدنية مع تقديم ضمان من المصنع لمدة )3 سنوات( لكافة مكونات النظام وخدمة الصيانة من مراكز المصنع بالمملكة ، ويحتوي النظام علي البنود التالية :  لوحة التحكم الرئيسية فى الابواب )IASC( ذات دارة خرج  )poE - ( IP,عدد,2904.0,12.0,0.0,34848.0,كهرباء,CMH_01-EE-318,,بنود أوامر التغيير,555,CMH_01_SMART.xlsx,sheet بنود أوامر التغيير,high,
CMH_01-C01,5,زيادة كمية,320,"توريد وتركيب واختبار نظام التحكم فى الدخول بروتوكول IP مع البرامج الخاصة بنظام التحكم بتقنية integration RFID dual ، مع المواسير والكابالت وكل الملحقات لضمان عمل النظام على الوجه االكمل وحسب المواصفات والمخططات وتعليمات الشركة المصنعة وتعليمات ومواصفات إدارة الـ IT
بالوزارة و كل ما يلزم من مواد وأعمال كهربائية و مدنية مع تقديم ضمان من المصنع لمدة 3( سنوات)
لكافة مكونات النظام وخدمة الصيانة من مراكز المصنع بالمملكة ، ويحتوي النظام علي البنود التالية :
بطاقات تعريف ذكية",عدد,72.0,8.0,0.0,576.0,كهرباء,CMH_01-EE-320,,بنود أوامر التغيير,556,CMH_01_SMART.xlsx,sheet بنود أوامر التغيير,high,
CMH_01-C01,5,زيادة كمية,322,"توريد وتركيب واختبار نظام التحكم فى الدخول بروتوكول IP مع البرامج الخاصة بنظام التحكم بتقنية integration RFID dual ، مع المواسير والكابالت وكل الملحقات لضمان عمل النظام على الوجه االكمل وحسب المواصفات والمخططات وتعليمات الشركة المصنعة وتعليمات ومواصفات إدارة الـ IT
بالوزارة و كل ما يلزم من مواد وأعمال كهربائية و مدنية مع تقديم ضمان من المصنع لمدة 3( سنوات)
لكافة مكونات النظام وخدمة الصيانة من مراكز المصنع بالمملكة ، ويحتوي النظام علي البنود التالية :
وحدة قفل كهربائى لبابين      locks( door magnetic )Electro",عدد,1380.0,8.0,0.0,11040.0,كهرباء,CMH_01-EE-322,,بنود أوامر التغيير,557,CMH_01_SMART.xlsx,sheet بنود أوامر التغيير,high,
CMH_01-C01,5,زيادة كمية,323,"توريد وتركيب واختبار نظام التحكم فى الدخول بروتوكول IP مع البرامج الخاصة بنظام التحكم بتقنية integration RFID dual ، مع المواسير والكابالت وكل الملحقات لضمان عمل النظام على الوجه االكمل وحسب المواصفات والمخططات وتعليمات الشركة المصنعة وتعليمات ومواصفات إدارة الـ IT
بالوزارة و كل ما يلزم من مواد وأعمال كهربائية و مدنية مع تقديم ضمان من المصنع لمدة 3( سنوات)
لكافة مكونات النظام وخدمة الصيانة من مراكز المصنع بالمملكة ، ويحتوي النظام علي البنود التالية :
وحدة زر خروج من النوع button( )Push",عدد,606.0,15.0,0.0,9090.0,كهرباء,CMH_01-EE-323,,بنود أوامر التغيير,558,CMH_01_SMART.xlsx,sheet بنود أوامر التغيير,high,
CMH_01-C01,5,تقليل كمية,324,"توريد وتركيب وإختبار نظام النداء الصوتي العام يتضمن كافة الكابالت و المواسير و العلب و النهايات مع كامل اكسسوارات التركيب الالزمة وتشغيل تجهيزات الصوت و تركيب المعدات الرئيسية بغرفة التحكم حسب المخططات و المواصفات وتعليمات الشركة المصنعة مشتمال على كل ما يلزم التمام العمل
و ربطه مع نظام الحريق و ادارة المبنى و يتكون من االتي -:
سماعة سقفية 6 وات
",عدد,420.0,-59.0,0.0,-24780.0,كهرباء,CMH_01-EE-324,,بنود أوامر التغيير,559,CMH_01_SMART.xlsx,sheet بنود أوامر التغيير,high,
CMH_01-C01,5,زيادة كمية,327,"توريد وتركيب وإختبار المخارج اآلتية شاملة الكابالت 6A( )CAT والمواسير وعلب التوصيل وعلب السحب واألغطية و الوصالت cords Patch وخالفه حسب المواصفات ووفقا لما هو موضح بالمخططات مع جميع االكسسوارات لعمل النظام على أكمل وجه ومن أجود األنواع األصلية وحسب تعليمات ومواصفات إدارة الــ IT بالوزارة وكل ما يلزم من المخرج وحتى rack IT
على المقاول المعاينة و فحص الشبكة الحالية و االستفادة من التمديدات الحالية و دمجها مع التركيبات
الجديدة بعد عمل االختبارات الالزمة و بعد الموافقة من مهندس المشرف -:.
مخرج فردي حائطي مزود بعدد واحد مأخذ RJ-45
",عدد,432.0,67.0,0.0,28944.0,كهرباء,CMH_01-EE-327,,بنود أوامر التغيير,560,CMH_01_SMART.xlsx,sheet بنود أوامر التغيير,high,
CMH_01-C01,5,زيادة كمية,328,"توريد وتركيب وإختبار المخارج اآلتية شاملة الكابالت 6A( )CAT والمواسير وعلب التوصيل وعلب السحب واألغطية و الوصالت cords Patch وخالفه حسب المواصفات ووفقا لما هو موضح بالمخططات مع جميع االكسسوارات لعمل النظام على أكمل وجه ومن أجود األنواع األصلية وحسب تعليمات ومواصفات إدارة الــ IT بالوزارة وكل ما يلزم من المخرج وحتى rack IT
على المقاول المعاينة و فحص الشبكة الحالية و االستفادة من التمديدات الحالية و دمجها مع التركيبات
الجديدة بعد عمل االختبارات الالزمة و بعد الموافقة من مهندس المشرف -:.
مخرج HDMI مع الكوابل اللازمة",عدد,540.0,16.0,0.0,8640.0,كهرباء,CMH_01-EE-328,,بنود أوامر التغيير,561,CMH_01_SMART.xlsx,sheet بنود أوامر التغيير,high,
CMH_01-C01,5,تقليل كمية,332,لوحات توزيع كابالت نحاسية Panel Patch a 6 CAT مع الوصالت لعدد 24 مخرج,عدد,2400.0,-7.0,0.0,-16800.0,كهرباء,CMH_01-EE-332,,بنود أوامر التغيير,562,CMH_01_SMART.xlsx,sheet بنود أوامر التغيير,high,
CMH_01-C01,5,زيادة كمية,334,فك و تقطيع وتنزيل و ترحيل مواسير شبكة الصرف و التغذية القائمة و البند يشمل فك القطع والترحيل خارج الموقع وتسليم جميع مكونات شبكة الصرف و التغذية للجهة مالكة المشروع ,م.ط,16.523,765.9,0.0,12654.965699999999,معماري,CMH_01-A-334,,بنود أوامر التغيير,563,CMH_01_SMART.xlsx,sheet بنود أوامر التغيير,high,
CMH_01-C01,5,زيادة كمية,335, توريد و تركيب خرسانة مسلحة ، لا يقل إجهاد كسرها عن 35 ميجا باسكال لزوم خرسانات  الأسقف ، بأسمنت من النوع (أ)، طبقاً للمخططات . ويشمل السعر القوالب  وحديد التسليح  و الربط مع الكمرات الحالية بالتكسير و المضافات الخرسانية و الخلط والنقل والصب والمعالجة والاختبار حسب المخططات لإنهاء الأعمال حسب اصول الصنع وتوجيهات المهندس المشرف ,م³,1600.0,24.54,0.0,39264.0,مدني,CMH_01-C-335,,بنود أوامر التغيير,564,CMH_01_SMART.xlsx,sheet بنود أوامر التغيير,high,
CMH_01-C01,5,تقليل كمية,340,ازالة وتكسير وترحيل ارضيات الخرسانة,م²,69.42,-60.0,0.0,-4165.2,مدني,CMH_01-C-340,,بنود أوامر التغيير,565,CMH_01_SMART.xlsx,sheet بنود أوامر التغيير,high,
CMH_01-C01,5,تقليل كمية,341,فك و تقطيع وتنزيل و ترحيل مواسير شبكة مكافحة الحريق القائمة و البند يشمل فك الرشاشات والترحيل خارج الموقع وتسليم جميع مكونات شبكة الحريق للجهة مالكة المشروع ,م.ط,20.88,-701.09,0.0,-14638.7592,ميكانيكا,CMH_01-ME-341,,بنود أوامر التغيير,566,CMH_01_SMART.xlsx,sheet بنود أوامر التغيير,high,
CMH_01-C01,5,زيادة كمية,343,فك و إزالة  مجاري الهواء من الصفائح المعدنية المجلفنة شامل الاكواع و التفريعات و التحويله و العامة وحاملة التعليق و الترحيل إلى مستودعات الجهة مالكة المشروع بمدينة الرياض  ,م.ط,106.0,1793.88,0.0,190151.28,صحي,CMH_01-PL-343,,بنود أوامر التغيير,567,CMH_01_SMART.xlsx,sheet بنود أوامر التغيير,high,
CMH_01-C01,5,تقليل كمية,345,"تصنيع و توريد و تركيب شباك دبل أكشن (Tilt &turn)مقاس
 1.0 متر * 4.40متر ) ثابت مع مفصلات ",م²,1665.0,-4.4,0.0,-7326.000000000001,معماري,CMH_01-A-345,,بنود أوامر التغيير,568,CMH_01_SMART.xlsx,sheet بنود أوامر التغيير,high,
CMH_01-C01,5,تقليل كمية,346,"
توريد وتركيب مرحاض افرنجي مثبت على الحائط  مع محبس دفق (Flush valve)  مع زر دفق من الكروم ، مع غطاء للمرحاض مقاوم للبكتريا من نوع soft closing",عدد,2408.39,-8.0,0.0,-19267.12,صحي,CMH_01-PL-346,,بنود أوامر التغيير,569,CMH_01_SMART.xlsx,sheet بنود أوامر التغيير,high,
CMH_01-C01,5,تقليل كمية,347,"
توريد وتركيب مرحاض افرنجي مثبت على الحائط  مع محبس دفق (Flush valve) مزود بحساس مع زر دفق من الكروم، مع غطاء للمرحاض مقاوم للبكتريا من نوع soft closing",عدد,4186.79,-1.0,0.0,-4186.79,صحي,CMH_01-PL-347,,بنود أوامر التغيير,570,CMH_01_SMART.xlsx,sheet بنود أوامر التغيير,high,
CMH_01-C01,5,تقليل كمية,349, توريد و تركيب مراوح سحب الهواء (AXIAL INLINE FAN)  تشمل عمليات التوريد و التركيب و الاختبار و التثبيت  سعة 100 قدم مكعب بالدقيقة بالدور الثالث والرابع والخامس,عدد,1160.4,-3.0,0.0,-3481.2000000000003,تكييف,CMH_01-HV-349,,بنود أوامر التغيير,571,CMH_01_SMART.xlsx,sheet بنود أوامر التغيير,high,
CMH_01-C01,5,زيادة كمية,351,توريد وتركيب وفرد دهان ايبوكسي لزوم الدربزينات بالفناء الوسطي و البهو الداخلي بين الادوار و المدخل ويتم التركيب طبقاً للمخططات والمواصفات الفنية و المواد المعتمدة  .,م.ط,45.0,24.48,0.0,1101.6,معماري,CMH_01-A-351,,بنود أوامر التغيير,572,CMH_01_SMART.xlsx,sheet بنود أوامر التغيير,high,
CMH_01-C01,5,تقليل كمية,352,توريد وتركيب ابواب خشبيةWD02 حسب العينة المعتمدة ويتم التركيب طبقاً للمخططات والمواصفات الفنية وبحسب توجيهات واعتماد المهندس المشرف.,عدد,16800.0,-11.0,0.0,-184800.0,معماري,CMH_01-A-352,,بنود أوامر التغيير,573,CMH_01_SMART.xlsx,sheet بنود أوامر التغيير,high,
CMH_01-C01,5,تقليل كمية,353,"للمواسير داخل المبنى من مواسير متعددة الطبقات بولي بروبلين كما هو موصف تشمل كافة القطع التركيبية مثل القارنات من الحديد الصلب الغير قابل للصدأ والأكواع والمنحنيات والتفريعات والدعامات ، كما هو مبين في المخططات لتركيب مايلي من الأقطار الداخلية مع ربطه بالشبكة الحالية لاقرب نقطة و على المقاول تقديم المخططات التنفيذية و الحسابات الهيدروليكية و اعتمادها قبل البدأ بتنفيذ الاعمال من المهندس المشرف للاقطار  الداخلية :
قطر 75 مم",م.ط,298.0,-48.0,0.0,-14304.0,ميكانيكا,CMH_01-ME-353,,بنود أوامر التغيير,574,CMH_01_SMART.xlsx,sheet بنود أوامر التغيير,high,
CMH_01-C01,5,زيادة كمية,356,"توريد وتركيب محبس بوابة (GATE VALVE) يركب علي شبكة المواسير داخل المبني ، والبند يشمل جميع القطع والتوصيلات اللازمة للتركيب وذلك للأقطار التالية:
قطر 2.5 بوصة",عدد,1663.0,5.0,0.0,8315.0,ميكانيكا,CMH_01-ME-356,,بنود أوامر التغيير,575,CMH_01_SMART.xlsx,sheet بنود أوامر التغيير,high,
CMH_01-C01,5,تقليل كمية,357,"توريد وتركيب محبس بوابة (GATE VALVE) يركب علي شبكة المواسير داخل المبني ، والبند يشمل جميع القطع والتوصيلات اللازمة للتركيب وذلك للأقطار التالية:
قطر 1.25 بوصة",عدد,621.0,-1.0,0.0,-621.0,ميكانيكا,CMH_01-ME-357,,بنود أوامر التغيير,576,CMH_01_SMART.xlsx,sheet بنود أوامر التغيير,high,
CMH_01-C01,5,تقليل كمية,358,"توريد وتركيب محبس تخفيض ضغط (PRV) يركب علي شبكة المواسير داخل المبني ، والبند يشمل جميع القطع والتوصيلات اللازمة للتركيب وذلك للأقطار التالية:
قطر 2 بوصة",عدد,1772.0,-1.0,0.0,-1772.0,ميكانيكا,CMH_01-ME-358,,بنود أوامر التغيير,577,CMH_01_SMART.xlsx,sheet بنود أوامر التغيير,high,
CMH_01-C01,5,تقليل كمية,359,"توريد وتركيب محبس تخفيض ضغط (PRV) يركب علي شبكة المواسير داخل المبني ، والبند يشمل جميع القطع والتوصيلات اللازمة للتركيب وذلك للأقطار التالية:
قطر 1.25 بوصة",عدد,772.0,-1.0,0.0,-772.0,ميكانيكا,CMH_01-ME-359,,بنود أوامر التغيير,578,CMH_01_SMART.xlsx,sheet بنود أوامر التغيير,high,
CMH_01-C01,5,زيادة كمية,360,"توريد وتركيب محبس تنفيس الهواء (AUTOMATIC AIR VENT) يركب علي شبكة المواسير داخل المبني ، والبند يشمل جميع القطع والتوصيلات اللازمة للتركيب وذلك للأقطار التالية:
قطر 1 بوصة",عدد,90.0,4.0,0.0,360.0,ميكانيكا,CMH_01-ME-360,,بنود أوامر التغيير,579,CMH_01_SMART.xlsx,sheet بنود أوامر التغيير,high,
CMH_01-C01,5,زيادة كمية,361,"01-MT 02& MT رخام مون ستون غراي رمادي فاتح و رمادي غامق 
مقاس  1200× 300 مم لمنطقة القهوة و المدخل سماكة 16مم .",م²,454.0,697.0,0.0,316438.0,معماري,CMH_01-A-361,,بنود أوامر التغيير,580,CMH_01_SMART.xlsx,sheet بنود أوامر التغيير,high,
CMH_01-C01,5,تقليل كمية,362,"01-MT 02& MT رخام مون ستون غراي رمادي فاتح و رمادي غامق 
مقاس  1200× 300 مم لمنطقة القهوة و المدخل سماكة 30مم .",م²,609.0,-545.78,0.0,-332380.01999999996,معماري,CMH_01-A-362,,بنود أوامر التغيير,581,CMH_01_SMART.xlsx,sheet بنود أوامر التغيير,high,
CMH_01-C01,5,تقليل كمية,363,رخام مون ستون غراي رمادي فاتح  الواح مقاس 1000× 1000 مم بحسب اعتماد المهندس المشرف للممرات  سماكة 30مم,م²,703.0,-100.0,0.0,-70300.0,معماري,CMH_01-A-363,,بنود أوامر التغيير,582,CMH_01_SMART.xlsx,sheet بنود أوامر التغيير,high,
CMH_01-C01,5,زيادة كمية,364,رخام رمادي بيترا غراي للدور السادس ألواح مقاس 1000× 1000 مم بحسب اعتماد المهندس سماكة 30مم,م²,717.0,553.0,0.0,396501.0,معماري,CMH_01-A-364,,بنود أوامر التغيير,583,CMH_01_SMART.xlsx,sheet بنود أوامر التغيير,high,
CMH_01-C01,5,تقليل كمية,365,رخام مون ستون غراي فاتح للدرج في الفناء الوسطي ب عرض 30 سم وارتفاع 15 سم وطول 800 سم.,م²,2475.0,-16.0,0.0,-39600.0,معماري,CMH_01-A-365,,بنود أوامر التغيير,584,CMH_01_SMART.xlsx,sheet بنود أوامر التغيير,high,
CMH_01-C01,5,تقليل كمية,366,رخام مقله  ألواح مقاس 600× 600 مم بحسب اعتماد المهندس سماكة 20مم,م²,180.0,-120.0,0.0,-21600.0,معماري,CMH_01-A-366,,بنود أوامر التغيير,585,CMH_01_SMART.xlsx,sheet بنود أوامر التغيير,high,
CMH_01-C01,5,تقليل كمية,367, توريد و تركيب حوض خدمة  (JANITOR SINK) والبند يشمل كوع الصرف والخلاط وجميع ما يلزم للتركيب والتثبيت,عدد,2445.0,-2.0,0.0,-4890.0,ميكانيكا,CMH_01-ME-367,,بنود أوامر التغيير,586,CMH_01_SMART.xlsx,sheet بنود أوامر التغيير,high,
CMH_01-C01,5,زيادة كمية,368,توريد وتركيب واختبار محبس LANDING VALVE مزود بمخفض ضغط داخلي قطر 2.5 بوصة,عدد,1380.0,5.0,0.0,6900.0,ميكانيكا,CMH_01-ME-368,,بنود أوامر التغيير,587,CMH_01_SMART.xlsx,sheet بنود أوامر التغيير,high,
CMH_01-C01,5,زيادة كمية,369,"توريد وتركيب صندوق غاطس يوضع بداخله محبس 
LANDING VALVE ",عدد,1176.0,5.0,0.0,5880.0,ميكانيكا,CMH_01-ME-369,,بنود أوامر التغيير,588,CMH_01_SMART.xlsx,sheet بنود أوامر التغيير,high,
CMH_01-C01,3,زيادة كمية,370,توريد وتركيب جدار خشبى مقاوم للحريق ,م²,2634.65,117.0,90.0,308254.05,معماري,CMH_01-A-370,,بنود أوامر التغيير,589,CMH_01_SMART.xlsx,sheet بنود أوامر التغيير,high,
CMH_01-C01,3,زيادة كمية,371,توريد وتركيب باب خشبى مقاوم للحريق ,عدد,9368.55,13.0,90.0,121791.15,معماري,CMH_01-A-371,,بنود أوامر التغيير,590,CMH_01_SMART.xlsx,sheet بنود أوامر التغيير,high,
CMH_01-C01,3,زيادة كمية,372,توريد وتركيب بورسلان للمبنى PW-01(A)-SUTILEGRIS PULIDO,م²,186.63,921.0,90.0,171886.22999999998,معماري,CMH_01-A-372,,بنود أوامر التغيير,591,CMH_01_SMART.xlsx,sheet بنود أوامر التغيير,high,
CMH_01-C01,3,زيادة كمية,373,توريد وتركيب بورسلان للمبنى PW-02-A(VANGLISH PULIDO),م²,186.63,782.0,90.0,145944.66,معماري,CMH_01-A-373,,بنود أوامر التغيير,592,CMH_01_SMART.xlsx,sheet بنود أوامر التغيير,high,
CMH_01-C01,3,زيادة كمية,374,توريد وتركيب بورسلان للمبنى PW-03-B(ATLANTIDA),م²,232.88,130.0,90.0,30274.399999999998,معماري,CMH_01-A-374,,بنود أوامر التغيير,593,CMH_01_SMART.xlsx,sheet بنود أوامر التغيير,high,
CMH_01-C01,3,زيادة كمية,375,توريد وتركيب  SHOWER SET ,عدد,2080.8,14.0,90.0,29131.200000000004,ميكانيكا,CMH_01-ME-375,,بنود أوامر التغيير,594,CMH_01_SMART.xlsx,sheet بنود أوامر التغيير,high,
CMH_01-C01,3,زيادة كمية,376,توريد وتركيب واختبار وتشغيل DUCT SMOKE DEECTORS,عدد,1471.34,24.0,90.0,35312.159999999996,ميكانيكا,CMH_01-ME-376,,بنود أوامر التغيير,595,CMH_01_SMART.xlsx,sheet بنود أوامر التغيير,high,
CMH_01-C01,3,زيادة كمية,377,توريد وتركيب واختبار وتشغيل MULTIDEECTORS,عدد,761.0,36.0,90.0,27396.0,ميكانيكا,CMH_01-ME-377,,بنود أوامر التغيير,596,CMH_01_SMART.xlsx,sheet بنود أوامر التغيير,high,
CMH_01-C01,3,زيادة كمية,378,بالمتر المسطح توريد وتركيب قماش ستائر(Roller Blind)والسعر يشمل التوريد والتركيب ,م²,77.1,1180.0,90.0,90978.0,معماري,CMH_01-A-378,,بنود أوامر التغيير,597,CMH_01_SMART.xlsx,sheet بنود أوامر التغيير,high,
CMH_01-C01,3,زيادة كمية,379,بالعدد توريد موتور سومفي فرنسي والسعر يشعمل التوريد والتركيب ,عدد,1409.26,52.0,90.0,73281.52,كهرباء,CMH_01-EE-379,,بنود أوامر التغيير,598,CMH_01_SMART.xlsx,sheet بنود أوامر التغيير,high,
CMH_01-C01,3,زيادة كمية,380,بالعدد توريدریموت سومفي  5قناه والسعر يشعمل التوريد والتركيب ,عدد,338.83,13.0,90.0,4404.79,كهرباء,CMH_01-EE-380,,بنود أوامر التغيير,599,CMH_01_SMART.xlsx,sheet بنود أوامر التغيير,high,
CMH_01-C01,3,زيادة كمية,381,بالعدد توريدریموت سومفي  1قناه والسعر يشعمل التوريد والتركيب  ,عدد,298.98,13.0,90.0,3886.7400000000002,كهرباء,CMH_01-EE-381,,بنود أوامر التغيير,600,CMH_01_SMART.xlsx,sheet بنود أوامر التغيير,high,
CMH_01-C01,4,زيادة كمية,382,توريد وتركيب كوريان للمطابخ للدور الثالث ,عدد,9000.0,3.0,120.0,27000.0,معماري,CMH_01-A-382,,بنود أوامر التغيير,601,CMH_01_SMART.xlsx,sheet بنود أوامر التغيير,high,
CMH_01-C01,4,زيادة كمية,383,توريد وتركيب رخام بيترا جراى للمينى سماكة 20 مم ,عدد,6600.0,10.0,120.0,66000.0,معماري,CMH_01-A-383,,بنود أوامر التغيير,602,CMH_01_SMART.xlsx,sheet بنود أوامر التغيير,high,
CMH_01-C01,4,زيادة كمية,384,توريد وتركيب واختبار كابل 4*10 مم2 مع عزل حرارى بلاستيك PVC/PVC,م.ط,55.37,1190.0,120.0,65890.3,كهرباء,CMH_01-EE-384,,بنود أوامر التغيير,603,CMH_01_SMART.xlsx,sheet بنود أوامر التغيير,high,
CMH_01-C01,4,زيادة كمية,385,"توريد وتركيب ,واستبدال القواطع الخاصة بلوحة ال UPS ",عدد,80.0,34.0,120.0,2720.0,كهرباء,CMH_01-EE-385,,بنود أوامر التغيير,604,CMH_01_SMART.xlsx,sheet بنود أوامر التغيير,high,
CMH_01-C01,4,زيادة كمية,386,توريد وتركيب فيش صناعى 32 أمبير 2P+E,عدد,190.8,32.0,120.0,6105.6,كهرباء,CMH_01-EE-386,,بنود أوامر التغيير,605,CMH_01_SMART.xlsx,sheet بنود أوامر التغيير,high,
