rel_path,name,ext,size_bytes,category,tax_category,confidence,reason,import_relevance
05_APPROVALS/README.md,README.md,.md,908,approval,approval,high,Path under 05_APPROVALS/ → اعتماد certificates.,MEDIUM — PDF attachment to claim records (اعتماد certificates).
05_APPROVALS/المستخلص 03.pdf,المستخلص 03.pdf,.pdf,6835348,approval,approval,high,Path under 05_APPROVALS/ → اعتماد certificates.,MEDIUM — PDF attachment to claim records (اعتماد certificates).
05_APPROVALS/شهادة اعتماد-1.pdf,شهادة اعتماد-1.pdf,.pdf,6313233,approval,approval,high,Path under 05_APPROVALS/ → اعتماد certificates.,MEDIUM — PDF attachment to claim records (اعتماد certificates).
05_APPROVALS/شهادة اعتماد-10.pdf,شهادة اعتماد-10.pdf,.pdf,1590859,approval,approval,high,Path under 05_APPROVALS/ → اعتماد certificates.,MEDIUM — PDF attachment to claim records (اعتماد certificates).
05_APPROVALS/شهادة اعتماد-11.pdf,شهادة اعتماد-11.pdf,.pdf,13491930,approval,approval,high,Path under 05_APPROVALS/ → اعتماد certificates.,MEDIUM — PDF attachment to claim records (اعتماد certificates).
05_APPROVALS/شهادة اعتماد-12.pdf,شهادة اعتماد-12.pdf,.pdf,1340341,approval,approval,high,Path under 05_APPROVALS/ → اعتماد certificates.,MEDIUM — PDF attachment to claim records (اعتماد certificates).
05_APPROVALS/شهادة اعتماد-13.pdf,شهادة اعتماد-13.pdf,.pdf,9122098,approval,approval,high,Path under 05_APPROVALS/ → اعتماد certificates.,MEDIUM — PDF attachment to claim records (اعتماد certificates).
05_APPROVALS/شهادة اعتماد-14.pdf,شهادة اعتماد-14.pdf,.pdf,20843435,approval,approval,high,Path under 05_APPROVALS/ → اعتماد certificates.,MEDIUM — PDF attachment to claim records (اعتماد certificates).
05_APPROVALS/شهادة اعتماد-15.pdf,شهادة اعتماد-15.pdf,.pdf,11595060,approval,approval,high,Path under 05_APPROVALS/ → اعتماد certificates.,MEDIUM — PDF attachment to claim records (اعتماد certificates).
05_APPROVALS/شهادة اعتماد-16.pdf,شهادة اعتماد-16.pdf,.pdf,15437305,approval,approval,high,Path under 05_APPROVALS/ → اعتماد certificates.,MEDIUM — PDF attachment to claim records (اعتماد certificates).
05_APPROVALS/شهادة اعتماد-17.pdf,شهادة اعتماد-17.pdf,.pdf,6045245,approval,approval,high,Path under 05_APPROVALS/ → اعتماد certificates.,MEDIUM — PDF attachment to claim records (اعتماد certificates).
05_APPROVALS/شهادة اعتماد-18.pdf,شهادة اعتماد-18.pdf,.pdf,8477788,approval,approval,high,Path under 05_APPROVALS/ → اعتماد certificates.,MEDIUM — PDF attachment to claim records (اعتماد certificates).
05_APPROVALS/شهادة اعتماد-19.pdf,شهادة اعتماد-19.pdf,.pdf,26497872,approval,approval,high,Path under 05_APPROVALS/ → اعتماد certificates.,MEDIUM — PDF attachment to claim records (اعتماد certificates).
05_APPROVALS/شهادة اعتماد-2.pdf,شهادة اعتماد-2.pdf,.pdf,6552464,approval,approval,high,Path under 05_APPROVALS/ → اعتماد certificates.,MEDIUM — PDF attachment to claim records (اعتماد certificates).
05_APPROVALS/شهادة اعتماد-20.pdf,شهادة اعتماد-20.pdf,.pdf,30355736,approval,approval,high,Path under 05_APPROVALS/ → اعتماد certificates.,MEDIUM — PDF attachment to claim records (اعتماد certificates).
05_APPROVALS/شهادة اعتماد-21.pdf,شهادة اعتماد-21.pdf,.pdf,20897410,approval,approval,high,Path under 05_APPROVALS/ → اعتماد certificates.,MEDIUM — PDF attachment to claim records (اعتماد certificates).
05_APPROVALS/شهادة اعتماد-4 (2).pdf,شهادة اعتماد-4 (2).pdf,.pdf,4391566,approval,approval,high,Path under 05_APPROVALS/ → اعتماد certificates.,MEDIUM — PDF attachment to claim records (اعتماد certificates).
05_APPROVALS/شهادة اعتماد-5 (2).pdf,شهادة اعتماد-5 (2).pdf,.pdf,5814796,approval,approval,high,Path under 05_APPROVALS/ → اعتماد certificates.,MEDIUM — PDF attachment to claim records (اعتماد certificates).
05_APPROVALS/شهادة اعتماد-6.pdf,شهادة اعتماد-6.pdf,.pdf,915087,approval,approval,high,Path under 05_APPROVALS/ → اعتماد certificates.,MEDIUM — PDF attachment to claim records (اعتماد certificates).
05_APPROVALS/شهادة اعتماد-7.pdf,شهادة اعتماد-7.pdf,.pdf,1102924,approval,approval,high,Path under 05_APPROVALS/ → اعتماد certificates.,MEDIUM — PDF attachment to claim records (اعتماد certificates).
05_APPROVALS/شهادة اعتماد-8.pdf,شهادة اعتماد-8.pdf,.pdf,665141,approval,approval,high,Path under 05_APPROVALS/ → اعتماد certificates.,MEDIUM — PDF attachment to claim records (اعتماد certificates).
05_APPROVALS/شهادة اعتماد-9.pdf,شهادة اعتماد-9.pdf,.pdf,8784398,approval,approval,high,Path under 05_APPROVALS/ → اعتماد certificates.,MEDIUM — PDF attachment to claim records (اعتماد certificates).
02_BOQ/2023-MOMRA-0150-S     طلب اعتماد جداول الزيادات والوفورات والعقد المعدل (الامر التغييري رقم5)  .pdf,2023-MOMRA-0150-S     طلب اعتماد جداول الزيادات والوفورات والعقد المعدل (الامر التغييري رقم5)  .pdf,.pdf,31108454,boq,boq,high,Path under 02_BOQ/ → bill of quantities artefacts.,HIGH — primary import to contract_boq_templates.
02_BOQ/BOQ.pdf,BOQ.pdf,.pdf,15021960,boq,boq,high,Path under 02_BOQ/ → bill of quantities artefacts.,HIGH — primary import to contract_boq_templates.
02_BOQ/BOQ.xlsx,BOQ.xlsx,.xlsx,99316,boq,boq,high,Path under 02_BOQ/ → bill of quantities artefacts.,HIGH — primary import to contract_boq_templates.
02_BOQ/README.md,README.md,.md,742,boq,boq,high,Path under 02_BOQ/ → bill of quantities artefacts.,HIGH — primary import to contract_boq_templates.
02_BOQ/جداول الكميات.pdf,جداول الكميات.pdf,.pdf,7821081,boq,boq,high,Path under 02_BOQ/ → bill of quantities artefacts.,HIGH — primary import to contract_boq_templates.
02_BOQ/طلب اعتماد جداول الزيادات والوفورات والبنود المستحدثة.pdf,طلب اعتماد جداول الزيادات والوفورات والبنود المستحدثة.pdf,.pdf,139388289,boq,boq,high,Path under 02_BOQ/ → bill of quantities artefacts.,HIGH — primary import to contract_boq_templates.
03_VO/01_05_03_24_VO_REHQ (1)(امر تغيير رقم-1 ).pdf,01_05_03_24_VO_REHQ (1)(امر تغيير رقم-1 ).pdf,.pdf,1607624,change_order,change_order,high,Path under 03_VO/ → variation orders.,HIGH — primary import to change_orders + change_order_*_items.
03_VO/02_29_07_24_VO_REHQ(امر تغيير رقم-2).pdf,02_29_07_24_VO_REHQ(امر تغيير رقم-2).pdf,.pdf,6041000,change_order,change_order,high,Path under 03_VO/ → variation orders.,HIGH — primary import to change_orders + change_order_*_items.
03_VO/03_02_09_24_VO_REHQ)لمر تغيير رقم-3).pdf,03_02_09_24_VO_REHQ)لمر تغيير رقم-3).pdf,.pdf,8433473,change_order,change_order,high,Path under 03_VO/ → variation orders.,HIGH — primary import to change_orders + change_order_*_items.
03_VO/04_04_12_24_VO_REHQ)امر تغيير رقم-4).pdf,04_04_12_24_VO_REHQ)امر تغيير رقم-4).pdf,.pdf,31887258,change_order,change_order,high,Path under 03_VO/ → variation orders.,HIGH — primary import to change_orders + change_order_*_items.
03_VO/05_01_06_25_VO_REHQ(امر تغيير رقم-5).pdf,05_01_06_25_VO_REHQ(امر تغيير رقم-5).pdf,.pdf,964171,change_order,change_order,high,Path under 03_VO/ → variation orders.,HIGH — primary import to change_orders + change_order_*_items.
03_VO/2023-MOMRA-0018 - S   جداول الكميات المحدثة (المناقلة رقم 1 ).pdf,2023-MOMRA-0018 - S   جداول الكميات المحدثة (المناقلة رقم 1 ).pdf,.pdf,51088867,change_order,change_order,high,Path under 03_VO/ → variation orders.,HIGH — primary import to change_orders + change_order_*_items.
03_VO/2023-MOMRA-0072-S  الأوامر التغيرية.pdf,2023-MOMRA-0072-S  الأوامر التغيرية.pdf,.pdf,140712439,change_order,change_order,high,Path under 03_VO/ → variation orders.,HIGH — primary import to change_orders + change_order_*_items.
03_VO/2023-MOMRA-0073-S  طلب اعتماد البنود المستحدثة.pdf,2023-MOMRA-0073-S  طلب اعتماد البنود المستحدثة.pdf,.pdf,143038479,change_order,change_order,high,Path under 03_VO/ → variation orders.,HIGH — primary import to change_orders + change_order_*_items.
03_VO/2023-MOMRA-0121- S  طلب اعتماد البنود المستحدثة.pdf,2023-MOMRA-0121- S  طلب اعتماد البنود المستحدثة.pdf,.pdf,21697441,change_order,change_order,high,Path under 03_VO/ → variation orders.,HIGH — primary import to change_orders + change_order_*_items.
03_VO/OVs/01_05_03_24_VO_REHQ.pdf,01_05_03_24_VO_REHQ.pdf,.pdf,1607624,change_order,change_order,high,Path under 03_VO/ → variation orders.,HIGH — primary import to change_orders + change_order_*_items.
03_VO/OVs/02_29_07_24_VO_REHQ.pdf,02_29_07_24_VO_REHQ.pdf,.pdf,6041000,change_order,change_order,high,Path under 03_VO/ → variation orders.,HIGH — primary import to change_orders + change_order_*_items.
03_VO/OVs/03_02_09_24_VO_REHQ.pdf,03_02_09_24_VO_REHQ.pdf,.pdf,8433473,change_order,change_order,high,Path under 03_VO/ → variation orders.,HIGH — primary import to change_orders + change_order_*_items.
03_VO/OVs/04_04_12_24_VO_REHQ.pdf,04_04_12_24_VO_REHQ.pdf,.pdf,31887258,change_order,change_order,high,Path under 03_VO/ → variation orders.,HIGH — primary import to change_orders + change_order_*_items.
03_VO/OVs/05_01_06_25_VO_REHQ.pdf,05_01_06_25_VO_REHQ.pdf,.pdf,964171,change_order,change_order,high,Path under 03_VO/ → variation orders.,HIGH — primary import to change_orders + change_order_*_items.
03_VO/README.md,README.md,.md,890,change_order,change_order,high,Path under 03_VO/ → variation orders.,HIGH — primary import to change_orders + change_order_*_items.
06_CERTIFICATES/README.md,README.md,.md,869,completion_certificate,completion_certificate,high,Path under 06_CERTIFICATES/ → completion certificates.,MEDIUM — PDF attachment to claim records (شهادة إنجاز).
06_CERTIFICATES/شهادة انجاز-1.pdf,شهادة انجاز-1.pdf,.pdf,6314816,completion_certificate,completion_certificate,high,Path under 06_CERTIFICATES/ → completion certificates.,MEDIUM — PDF attachment to claim records (شهادة إنجاز).
06_CERTIFICATES/شهادة انجاز-10.pdf,شهادة انجاز-10.pdf,.pdf,1574576,completion_certificate,completion_certificate,high,Path under 06_CERTIFICATES/ → completion certificates.,MEDIUM — PDF attachment to claim records (شهادة إنجاز).
06_CERTIFICATES/شهادة انجاز-11.pdf,شهادة انجاز-11.pdf,.pdf,13472929,completion_certificate,completion_certificate,high,Path under 06_CERTIFICATES/ → completion certificates.,MEDIUM — PDF attachment to claim records (شهادة إنجاز).
06_CERTIFICATES/شهادة انجاز-12.pdf,شهادة انجاز-12.pdf,.pdf,1319351,completion_certificate,completion_certificate,high,Path under 06_CERTIFICATES/ → completion certificates.,MEDIUM — PDF attachment to claim records (شهادة إنجاز).
06_CERTIFICATES/شهادة انجاز-13.pdf,شهادة انجاز-13.pdf,.pdf,9111002,completion_certificate,completion_certificate,high,Path under 06_CERTIFICATES/ → completion certificates.,MEDIUM — PDF attachment to claim records (شهادة إنجاز).
06_CERTIFICATES/شهادة انجاز-14.pdf,شهادة انجاز-14.pdf,.pdf,20858024,completion_certificate,completion_certificate,high,Path under 06_CERTIFICATES/ → completion certificates.,MEDIUM — PDF attachment to claim records (شهادة إنجاز).
06_CERTIFICATES/شهادة انجاز-15.pdf,شهادة انجاز-15.pdf,.pdf,11573124,completion_certificate,completion_certificate,high,Path under 06_CERTIFICATES/ → completion certificates.,MEDIUM — PDF attachment to claim records (شهادة إنجاز).
06_CERTIFICATES/شهادة انجاز-16.pdf,شهادة انجاز-16.pdf,.pdf,15374731,completion_certificate,completion_certificate,high,Path under 06_CERTIFICATES/ → completion certificates.,MEDIUM — PDF attachment to claim records (شهادة إنجاز).
06_CERTIFICATES/شهادة انجاز-17.pdf,شهادة انجاز-17.pdf,.pdf,6000538,completion_certificate,completion_certificate,high,Path under 06_CERTIFICATES/ → completion certificates.,MEDIUM — PDF attachment to claim records (شهادة إنجاز).
06_CERTIFICATES/شهادة انجاز-18.pdf,شهادة انجاز-18.pdf,.pdf,8544152,completion_certificate,completion_certificate,high,Path under 06_CERTIFICATES/ → completion certificates.,MEDIUM — PDF attachment to claim records (شهادة إنجاز).
06_CERTIFICATES/شهادة انجاز-19.pdf,شهادة انجاز-19.pdf,.pdf,26497876,completion_certificate,completion_certificate,high,Path under 06_CERTIFICATES/ → completion certificates.,MEDIUM — PDF attachment to claim records (شهادة إنجاز).
06_CERTIFICATES/شهادة انجاز-2.pdf,شهادة انجاز-2.pdf,.pdf,6545112,completion_certificate,completion_certificate,high,Path under 06_CERTIFICATES/ → completion certificates.,MEDIUM — PDF attachment to claim records (شهادة إنجاز).
06_CERTIFICATES/شهادة انجاز-20.pdf,شهادة انجاز-20.pdf,.pdf,30296115,completion_certificate,completion_certificate,high,Path under 06_CERTIFICATES/ → completion certificates.,MEDIUM — PDF attachment to claim records (شهادة إنجاز).
06_CERTIFICATES/شهادة انجاز-21.pdf,شهادة انجاز-21.pdf,.pdf,20897440,completion_certificate,completion_certificate,high,Path under 06_CERTIFICATES/ → completion certificates.,MEDIUM — PDF attachment to claim records (شهادة إنجاز).
06_CERTIFICATES/شهادة انجاز-3.pdf,شهادة انجاز-3.pdf,.pdf,6831256,completion_certificate,completion_certificate,high,Path under 06_CERTIFICATES/ → completion certificates.,MEDIUM — PDF attachment to claim records (شهادة إنجاز).
06_CERTIFICATES/شهادة انجاز-4.pdf,شهادة انجاز-4.pdf,.pdf,4385492,completion_certificate,completion_certificate,high,Path under 06_CERTIFICATES/ → completion certificates.,MEDIUM — PDF attachment to claim records (شهادة إنجاز).
06_CERTIFICATES/شهادة انجاز-5.pdf,شهادة انجاز-5.pdf,.pdf,5811126,completion_certificate,completion_certificate,high,Path under 06_CERTIFICATES/ → completion certificates.,MEDIUM — PDF attachment to claim records (شهادة إنجاز).
06_CERTIFICATES/شهادة انجاز-6.pdf,شهادة انجاز-6.pdf,.pdf,914869,completion_certificate,completion_certificate,high,Path under 06_CERTIFICATES/ → completion certificates.,MEDIUM — PDF attachment to claim records (شهادة إنجاز).
06_CERTIFICATES/شهادة انجاز-7.pdf,شهادة انجاز-7.pdf,.pdf,1102375,completion_certificate,completion_certificate,high,Path under 06_CERTIFICATES/ → completion certificates.,MEDIUM — PDF attachment to claim records (شهادة إنجاز).
06_CERTIFICATES/شهادة انجاز-8.pdf,شهادة انجاز-8.pdf,.pdf,664015,completion_certificate,completion_certificate,high,Path under 06_CERTIFICATES/ → completion certificates.,MEDIUM — PDF attachment to claim records (شهادة إنجاز).
06_CERTIFICATES/شهادة انجاز-9.pdf,شهادة انجاز-9.pdf,.pdf,8762663,completion_certificate,completion_certificate,high,Path under 06_CERTIFICATES/ → completion certificates.,MEDIUM — PDF attachment to claim records (شهادة إنجاز).
01_CONTRACT/README.md,README.md,.md,645,contract_master,contract_master,high,Path under 01_CONTRACT/ → contract documents.,HIGH — primary import to contracts table.
01_CONTRACT/العقد.pdf,العقد.pdf,.pdf,1595251,contract_master,contract_master,high,Path under 01_CONTRACT/ → contract documents.,HIGH — primary import to contracts table.
01_CONTRACT/اللائحة التنفيذية لنظام المنافسات والمشتريات الحكومية المعدلة لعام 1441ه.pdf,اللائحة التنفيذية لنظام المنافسات والمشتريات الحكومية المعدلة لعام 1441ه.pdf,.pdf,10461396,contract_master,contract_master,high,Path under 01_CONTRACT/ → contract documents.,HIGH — primary import to contracts table.
01_CONTRACT/المواصفات الفنية.pdf,المواصفات الفنية.pdf,.pdf,11840260,contract_master,contract_master,high,Path under 01_CONTRACT/ → contract documents.,HIGH — primary import to contracts table.
01_CONTRACT/عقد المشروع.pdf,عقد المشروع.pdf,.pdf,25615359,contract_master,contract_master,high,Path under 01_CONTRACT/ → contract documents.,HIGH — primary import to contracts table.
01_CONTRACT/كراسة الشروط والمواصفات.pdf,كراسة الشروط والمواصفات.pdf,.pdf,1623066,contract_master,contract_master,high,Path under 01_CONTRACT/ → contract documents.,HIGH — primary import to contracts table.
07_CORRESPONDENCE/README.md,README.md,.md,886,correspondence,ministry_correspondence,high,Path under 07_CORRESPONDENCE/ → ministry correspondence.,LOW — informational; not imported.
_ETL/.env.example,.env.example,.example,481,etl_toolkit,attachment_supporting,low,Path under _ETL/ → migration code (not project data).,LOW — templates / supporting code; not imported.
_ETL/.gitignore,.gitignore,,77,etl_toolkit,attachment_supporting,low,Path under _ETL/ → migration code (not project data).,LOW — templates / supporting code; not imported.
_ETL/README.md,README.md,.md,4209,etl_toolkit,attachment_supporting,low,Path under _ETL/ → migration code (not project data).,LOW — templates / supporting code; not imported.
_ETL/config.py,config.py,.py,2285,etl_toolkit,attachment_supporting,low,Path under _ETL/ → migration code (not project data).,LOW — templates / supporting code; not imported.
_ETL/logs/.gitkeep,.gitkeep,,0,etl_toolkit,attachment_supporting,low,Path under _ETL/ → migration code (not project data).,LOW — templates / supporting code; not imported.
_ETL/logs/migrate_20260426_124531.json,migrate_20260426_124531.json,.json,247,etl_toolkit,attachment_supporting,low,Path under _ETL/ → migration code (not project data).,LOW — templates / supporting code; not imported.
_ETL/migrate.py,migrate.py,.py,16919,etl_toolkit,attachment_supporting,low,Path under _ETL/ → migration code (not project data).,LOW — templates / supporting code; not imported.
_ETL/reconcile.py,reconcile.py,.py,5486,etl_toolkit,attachment_supporting,low,Path under _ETL/ → migration code (not project data).,LOW — templates / supporting code; not imported.
_ETL/requirements.txt,requirements.txt,.txt,53,etl_toolkit,attachment_supporting,low,Path under _ETL/ → migration code (not project data).,LOW — templates / supporting code; not imported.
_ETL/validate.py,validate.py,.py,10566,etl_toolkit,attachment_supporting,low,Path under _ETL/ → migration code (not project data).,LOW — templates / supporting code; not imported.
_ETL/validate_attachments.py,validate_attachments.py,.py,8297,etl_toolkit,attachment_supporting,low,Path under _ETL/ → migration code (not project data).,LOW — templates / supporting code; not imported.
04_PAYMENTS/README.md,README.md,.md,1160,financial_claim,financial_claim,high,Path under 04_PAYMENTS/ → financial-claim PDFs (المستخلصات).,MEDIUM — PDF attachment to claim records (data comes from SMART workbook).
04_PAYMENTS/المستخلص 01.pdf,المستخلص 01.pdf,.pdf,6283697,financial_claim,financial_claim,high,Path under 04_PAYMENTS/ → financial-claim PDFs (المستخلصات).,MEDIUM — PDF attachment to claim records (data comes from SMART workbook).
04_PAYMENTS/المستخلص 02.pdf,المستخلص 02.pdf,.pdf,6518573,financial_claim,financial_claim,high,Path under 04_PAYMENTS/ → financial-claim PDFs (المستخلصات).,MEDIUM — PDF attachment to claim records (data comes from SMART workbook).
04_PAYMENTS/المستخلص 03.pdf,المستخلص 03.pdf,.pdf,6808603,financial_claim,financial_claim,high,Path under 04_PAYMENTS/ → financial-claim PDFs (المستخلصات).,MEDIUM — PDF attachment to claim records (data comes from SMART workbook).
04_PAYMENTS/المستخلص 04.pdf,المستخلص 04.pdf,.pdf,4355934,financial_claim,financial_claim,high,Path under 04_PAYMENTS/ → financial-claim PDFs (المستخلصات).,MEDIUM — PDF attachment to claim records (data comes from SMART workbook).
04_PAYMENTS/المستخلص 05.pdf,المستخلص 05.pdf,.pdf,5788523,financial_claim,financial_claim,high,Path under 04_PAYMENTS/ → financial-claim PDFs (المستخلصات).,MEDIUM — PDF attachment to claim records (data comes from SMART workbook).
04_PAYMENTS/المستخلص 06.pdf,المستخلص 06.pdf,.pdf,882675,financial_claim,financial_claim,high,Path under 04_PAYMENTS/ → financial-claim PDFs (المستخلصات).,MEDIUM — PDF attachment to claim records (data comes from SMART workbook).
04_PAYMENTS/المستخلص 07.pdf,المستخلص 07.pdf,.pdf,1073848,financial_claim,financial_claim,high,Path under 04_PAYMENTS/ → financial-claim PDFs (المستخلصات).,MEDIUM — PDF attachment to claim records (data comes from SMART workbook).
04_PAYMENTS/المستخلص 08.pdf,المستخلص 08.pdf,.pdf,636129,financial_claim,financial_claim,high,Path under 04_PAYMENTS/ → financial-claim PDFs (المستخلصات).,MEDIUM — PDF attachment to claim records (data comes from SMART workbook).
04_PAYMENTS/المستخلص 09.pdf,المستخلص 09.pdf,.pdf,8725691,financial_claim,financial_claim,high,Path under 04_PAYMENTS/ → financial-claim PDFs (المستخلصات).,MEDIUM — PDF attachment to claim records (data comes from SMART workbook).
04_PAYMENTS/المستخلص 10.pdf,المستخلص 10.pdf,.pdf,1537637,financial_claim,financial_claim,high,Path under 04_PAYMENTS/ → financial-claim PDFs (المستخلصات).,MEDIUM — PDF attachment to claim records (data comes from SMART workbook).
04_PAYMENTS/المستخلص 11.pdf,المستخلص 11.pdf,.pdf,13438836,financial_claim,financial_claim,high,Path under 04_PAYMENTS/ → financial-claim PDFs (المستخلصات).,MEDIUM — PDF attachment to claim records (data comes from SMART workbook).
04_PAYMENTS/المستخلص 12.pdf,المستخلص 12.pdf,.pdf,1282813,financial_claim,financial_claim,high,Path under 04_PAYMENTS/ → financial-claim PDFs (المستخلصات).,MEDIUM — PDF attachment to claim records (data comes from SMART workbook).
04_PAYMENTS/المستخلص 13.pdf,المستخلص 13.pdf,.pdf,9079005,financial_claim,financial_claim,high,Path under 04_PAYMENTS/ → financial-claim PDFs (المستخلصات).,MEDIUM — PDF attachment to claim records (data comes from SMART workbook).
04_PAYMENTS/المستخلص 14.pdf,المستخلص 14.pdf,.pdf,20789441,financial_claim,financial_claim,high,Path under 04_PAYMENTS/ → financial-claim PDFs (المستخلصات).,MEDIUM — PDF attachment to claim records (data comes from SMART workbook).
04_PAYMENTS/المستخلص 15.pdf,المستخلص 15.pdf,.pdf,11553636,financial_claim,financial_claim,high,Path under 04_PAYMENTS/ → financial-claim PDFs (المستخلصات).,MEDIUM — PDF attachment to claim records (data comes from SMART workbook).
04_PAYMENTS/المستخلص 16.pdf,المستخلص 16.pdf,.pdf,15325634,financial_claim,financial_claim,high,Path under 04_PAYMENTS/ → financial-claim PDFs (المستخلصات).,MEDIUM — PDF attachment to claim records (data comes from SMART workbook).
04_PAYMENTS/المستخلص 17.pdf,المستخلص 17.pdf,.pdf,5983813,financial_claim,financial_claim,high,Path under 04_PAYMENTS/ → financial-claim PDFs (المستخلصات).,MEDIUM — PDF attachment to claim records (data comes from SMART workbook).
04_PAYMENTS/المستخلص 18.pdf,المستخلص 18.pdf,.pdf,8477788,financial_claim,financial_claim,high,Path under 04_PAYMENTS/ → financial-claim PDFs (المستخلصات).,MEDIUM — PDF attachment to claim records (data comes from SMART workbook).
04_PAYMENTS/المستخلص 19.pdf,المستخلص 19.pdf,.pdf,26463133,financial_claim,financial_claim,high,Path under 04_PAYMENTS/ → financial-claim PDFs (المستخلصات).,MEDIUM — PDF attachment to claim records (data comes from SMART workbook).
04_PAYMENTS/المستخلص 20.pdf,المستخلص 20.pdf,.pdf,30255875,financial_claim,financial_claim,high,Path under 04_PAYMENTS/ → financial-claim PDFs (المستخلصات).,MEDIUM — PDF attachment to claim records (data comes from SMART workbook).
04_PAYMENTS/المستخلص الختامي 21.pdf,المستخلص الختامي 21.pdf,.pdf,20854950,financial_claim,financial_claim,high,Path under 04_PAYMENTS/ → financial-claim PDFs (المستخلصات).,MEDIUM — PDF attachment to claim records (data comes from SMART workbook).
CMH_01_SMART.xlsx,CMH_01_SMART.xlsx,.xlsx,838014,project_metadata,boq,high,Top-level CMH_01_SMART.xlsx — canonical multi-sheet workbook (contract + BOQ + claims + VOs + ...). Categorised under boq for display priority but is the source-of-truth for ALL primary categories.,HIGH — primary import to contract_boq_templates.
README.md,README.md,.md,2931,project_metadata,attachment_supporting,medium,Top-level project README — informational only.,LOW — templates / supporting code; not imported.
09_REPORTS_OUT/README.md,README.md,.md,833,report_out,report,high,Path under 09_REPORTS_OUT/ → auto-generated reports.,LOW — auto-generated derivative; not imported.
09_REPORTS_OUT/تقارير الاستشاري/Monthly/1-2025 مؤشرات الأداء.pdf,1-2025 مؤشرات الأداء.pdf,.pdf,722568,report_out,report,high,Path under 09_REPORTS_OUT/ → auto-generated reports.,LOW — auto-generated derivative; not imported.
09_REPORTS_OUT/تقارير الاستشاري/Monthly/1-2025 مؤشرات الأداء.pptx,1-2025 مؤشرات الأداء.pptx,.pptx,933796,report_out,report,high,Path under 09_REPORTS_OUT/ → auto-generated reports.,LOW — auto-generated derivative; not imported.
09_REPORTS_OUT/تقارير الاستشاري/Monthly/10-2025 مؤشرات الأداء.pdf,10-2025 مؤشرات الأداء.pdf,.pdf,721652,report_out,report,high,Path under 09_REPORTS_OUT/ → auto-generated reports.,LOW — auto-generated derivative; not imported.
09_REPORTS_OUT/تقارير الاستشاري/Monthly/10-2025 مؤشرات الأداء.pptx,10-2025 مؤشرات الأداء.pptx,.pptx,933345,report_out,report,high,Path under 09_REPORTS_OUT/ → auto-generated reports.,LOW — auto-generated derivative; not imported.
09_REPORTS_OUT/تقارير الاستشاري/Monthly/11-2025 مؤشرات الأداء.pdf,11-2025 مؤشرات الأداء.pdf,.pdf,717144,report_out,report,high,Path under 09_REPORTS_OUT/ → auto-generated reports.,LOW — auto-generated derivative; not imported.
09_REPORTS_OUT/تقارير الاستشاري/Monthly/11-2025 مؤشرات الأداء.pptx,11-2025 مؤشرات الأداء.pptx,.pptx,933400,report_out,report,high,Path under 09_REPORTS_OUT/ → auto-generated reports.,LOW — auto-generated derivative; not imported.
09_REPORTS_OUT/تقارير الاستشاري/Monthly/12-2025 مؤشرات الأداء.pdf,12-2025 مؤشرات الأداء.pdf,.pdf,715522,report_out,report,high,Path under 09_REPORTS_OUT/ → auto-generated reports.,LOW — auto-generated derivative; not imported.
09_REPORTS_OUT/تقارير الاستشاري/Monthly/12-2025 مؤشرات الأداء.pptx,12-2025 مؤشرات الأداء.pptx,.pptx,933660,report_out,report,high,Path under 09_REPORTS_OUT/ → auto-generated reports.,LOW — auto-generated derivative; not imported.
09_REPORTS_OUT/تقارير الاستشاري/Monthly/2-2025 مؤشرات الأداء.pdf,2-2025 مؤشرات الأداء.pdf,.pdf,722487,report_out,report,high,Path under 09_REPORTS_OUT/ → auto-generated reports.,LOW — auto-generated derivative; not imported.
09_REPORTS_OUT/تقارير الاستشاري/Monthly/2-2025 مؤشرات الأداء.pptx,2-2025 مؤشرات الأداء.pptx,.pptx,933778,report_out,report,high,Path under 09_REPORTS_OUT/ → auto-generated reports.,LOW — auto-generated derivative; not imported.
09_REPORTS_OUT/تقارير الاستشاري/Monthly/2024/10-2024 مؤشرات الأداء.pdf,10-2024 مؤشرات الأداء.pdf,.pdf,715629,report_out,report,high,Path under 09_REPORTS_OUT/ → auto-generated reports.,LOW — auto-generated derivative; not imported.
09_REPORTS_OUT/تقارير الاستشاري/Monthly/2024/10-2024 مؤشرات الأداء.pptx,10-2024 مؤشرات الأداء.pptx,.pptx,933698,report_out,report,high,Path under 09_REPORTS_OUT/ → auto-generated reports.,LOW — auto-generated derivative; not imported.
09_REPORTS_OUT/تقارير الاستشاري/Monthly/2024/11-2024 مؤشرات الأداء.pdf,11-2024 مؤشرات الأداء.pdf,.pdf,719332,report_out,report,high,Path under 09_REPORTS_OUT/ → auto-generated reports.,LOW — auto-generated derivative; not imported.
09_REPORTS_OUT/تقارير الاستشاري/Monthly/2024/11-2024 مؤشرات الأداء.pptx,11-2024 مؤشرات الأداء.pptx,.pptx,932939,report_out,report,high,Path under 09_REPORTS_OUT/ → auto-generated reports.,LOW — auto-generated derivative; not imported.
09_REPORTS_OUT/تقارير الاستشاري/Monthly/2024/12-2024 مؤشرات الأداء.pdf,12-2024 مؤشرات الأداء.pdf,.pdf,721297,report_out,report,high,Path under 09_REPORTS_OUT/ → auto-generated reports.,LOW — auto-generated derivative; not imported.
09_REPORTS_OUT/تقارير الاستشاري/Monthly/2024/12-2024 مؤشرات الأداء.pptx,12-2024 مؤشرات الأداء.pptx,.pptx,933724,report_out,report,high,Path under 09_REPORTS_OUT/ → auto-generated reports.,LOW — auto-generated derivative; not imported.
09_REPORTS_OUT/تقارير الاستشاري/Monthly/2024/3-2024 مؤشرات الأداء.pdf,3-2024 مؤشرات الأداء.pdf,.pdf,714502,report_out,report,high,Path under 09_REPORTS_OUT/ → auto-generated reports.,LOW — auto-generated derivative; not imported.
09_REPORTS_OUT/تقارير الاستشاري/Monthly/2024/3-2024 مؤشرات الأداء.pptx,3-2024 مؤشرات الأداء.pptx,.pptx,932590,report_out,report,high,Path under 09_REPORTS_OUT/ → auto-generated reports.,LOW — auto-generated derivative; not imported.
09_REPORTS_OUT/تقارير الاستشاري/Monthly/2024/4-2024 مؤشرات الأداء.pdf,4-2024 مؤشرات الأداء.pdf,.pdf,714764,report_out,report,high,Path under 09_REPORTS_OUT/ → auto-generated reports.,LOW — auto-generated derivative; not imported.
09_REPORTS_OUT/تقارير الاستشاري/Monthly/2024/4-2024 مؤشرات الأداء.pptx,4-2024 مؤشرات الأداء.pptx,.pptx,933502,report_out,report,high,Path under 09_REPORTS_OUT/ → auto-generated reports.,LOW — auto-generated derivative; not imported.
09_REPORTS_OUT/تقارير الاستشاري/Monthly/2024/6-2024 مؤشرات الأداء.pdf,6-2024 مؤشرات الأداء.pdf,.pdf,712258,report_out,report,high,Path under 09_REPORTS_OUT/ → auto-generated reports.,LOW — auto-generated derivative; not imported.
09_REPORTS_OUT/تقارير الاستشاري/Monthly/2024/6-2024 مؤشرات الأداء.pptx,6-2024 مؤشرات الأداء.pptx,.pptx,933499,report_out,report,high,Path under 09_REPORTS_OUT/ → auto-generated reports.,LOW — auto-generated derivative; not imported.
09_REPORTS_OUT/تقارير الاستشاري/Monthly/2024/7-2024 مؤشرات الأداء.pdf,7-2024 مؤشرات الأداء.pdf,.pdf,716421,report_out,report,high,Path under 09_REPORTS_OUT/ → auto-generated reports.,LOW — auto-generated derivative; not imported.
09_REPORTS_OUT/تقارير الاستشاري/Monthly/2024/7-2024 مؤشرات الأداء.pptx,7-2024 مؤشرات الأداء.pptx,.pptx,932831,report_out,report,high,Path under 09_REPORTS_OUT/ → auto-generated reports.,LOW — auto-generated derivative; not imported.
09_REPORTS_OUT/تقارير الاستشاري/Monthly/2024/8-2024 مؤشرات الأداء.pdf,8-2024 مؤشرات الأداء.pdf,.pdf,717612,report_out,report,high,Path under 09_REPORTS_OUT/ → auto-generated reports.,LOW — auto-generated derivative; not imported.
09_REPORTS_OUT/تقارير الاستشاري/Monthly/2024/8-2024 مؤشرات الأداء.pptx,8-2024 مؤشرات الأداء.pptx,.pptx,932889,report_out,report,high,Path under 09_REPORTS_OUT/ → auto-generated reports.,LOW — auto-generated derivative; not imported.
09_REPORTS_OUT/تقارير الاستشاري/Monthly/2024/9-2024 مؤشرات الأداء.pdf,9-2024 مؤشرات الأداء.pdf,.pdf,715630,report_out,report,high,Path under 09_REPORTS_OUT/ → auto-generated reports.,LOW — auto-generated derivative; not imported.
09_REPORTS_OUT/تقارير الاستشاري/Monthly/2024/9-2024 مؤشرات الأداء.pptx,9-2024 مؤشرات الأداء.pptx,.pptx,933840,report_out,report,high,Path under 09_REPORTS_OUT/ → auto-generated reports.,LOW — auto-generated derivative; not imported.
09_REPORTS_OUT/تقارير الاستشاري/Monthly/4-2025 مؤشرات الأداء.pdf,4-2025 مؤشرات الأداء.pdf,.pdf,725656,report_out,report,high,Path under 09_REPORTS_OUT/ → auto-generated reports.,LOW — auto-generated derivative; not imported.
09_REPORTS_OUT/تقارير الاستشاري/Monthly/4-2025 مؤشرات الأداء.pptx,4-2025 مؤشرات الأداء.pptx,.pptx,933320,report_out,report,high,Path under 09_REPORTS_OUT/ → auto-generated reports.,LOW — auto-generated derivative; not imported.
09_REPORTS_OUT/تقارير الاستشاري/Monthly/7-2025 مؤشرات الأداء.pdf,7-2025 مؤشرات الأداء.pdf,.pdf,721902,report_out,report,high,Path under 09_REPORTS_OUT/ → auto-generated reports.,LOW — auto-generated derivative; not imported.
09_REPORTS_OUT/تقارير الاستشاري/Monthly/7-2025 مؤشرات الأداء.pptx,7-2025 مؤشرات الأداء.pptx,.pptx,932564,report_out,report,high,Path under 09_REPORTS_OUT/ → auto-generated reports.,LOW — auto-generated derivative; not imported.
09_REPORTS_OUT/تقارير الاستشاري/Monthly/8-2025 مؤشرات الأداء.pdf,8-2025 مؤشرات الأداء.pdf,.pdf,722760,report_out,report,high,Path under 09_REPORTS_OUT/ → auto-generated reports.,LOW — auto-generated derivative; not imported.
09_REPORTS_OUT/تقارير الاستشاري/Monthly/8-2025 مؤشرات الأداء.pptx,8-2025 مؤشرات الأداء.pptx,.pptx,933308,report_out,report,high,Path under 09_REPORTS_OUT/ → auto-generated reports.,LOW — auto-generated derivative; not imported.
09_REPORTS_OUT/تقارير الاستشاري/Monthly/9-2025 مؤشرات الأداء.pdf,9-2025 مؤشرات الأداء.pdf,.pdf,723353,report_out,report,high,Path under 09_REPORTS_OUT/ → auto-generated reports.,LOW — auto-generated derivative; not imported.
09_REPORTS_OUT/تقارير الاستشاري/Monthly/9-2025 مؤشرات الأداء.pptx,9-2025 مؤشرات الأداء.pptx,.pptx,933524,report_out,report,high,Path under 09_REPORTS_OUT/ → auto-generated reports.,LOW — auto-generated derivative; not imported.
09_REPORTS_OUT/تقارير الاستشاري/Monthly/Thumbs.db,Thumbs.db,.db,26112,report_out,report,high,Path under 09_REPORTS_OUT/ → auto-generated reports.,LOW — auto-generated derivative; not imported.
09_REPORTS_OUT/تقارير الاستشاري/Monthly/~$11-2024 مؤشرات الأداء.pptx,~$11-2024 مؤشرات الأداء.pptx,.pptx,165,report_out,report,high,Path under 09_REPORTS_OUT/ → auto-generated reports.,LOW — auto-generated derivative; not imported.
09_REPORTS_OUT/تقارير الاستشاري/Thumbs.db,Thumbs.db,.db,17408,report_out,report,high,Path under 09_REPORTS_OUT/ → auto-generated reports.,LOW — auto-generated derivative; not imported.
09_REPORTS_OUT/تقارير الاستشاري/Weekly Reports/01-2024/10 - Weekly Status Report 27 Jan-1 Feb 2024.docx,10 - Weekly Status Report 27 Jan-1 Feb 2024.docx,.docx,143145,report_out,report,high,Path under 09_REPORTS_OUT/ → auto-generated reports.,LOW — auto-generated derivative; not imported.
09_REPORTS_OUT/تقارير الاستشاري/Weekly Reports/01-2024/10 - Weekly Status Report 27 Jan-1 Feb 2024.pdf,10 - Weekly Status Report 27 Jan-1 Feb 2024.pdf,.pdf,274268,report_out,report,high,Path under 09_REPORTS_OUT/ → auto-generated reports.,LOW — auto-generated derivative; not imported.
09_REPORTS_OUT/تقارير الاستشاري/Weekly Reports/01-2024/6 - Weekly Status Report 30 Dec - 04 Jan-2024.docx,6 - Weekly Status Report 30 Dec - 04 Jan-2024.docx,.docx,147392,report_out,report,high,Path under 09_REPORTS_OUT/ → auto-generated reports.,LOW — auto-generated derivative; not imported.
09_REPORTS_OUT/تقارير الاستشاري/Weekly Reports/01-2024/6 - Weekly Status Report 30 Dec - 04 Jan-2024.pdf,6 - Weekly Status Report 30 Dec - 04 Jan-2024.pdf,.pdf,292975,report_out,report,high,Path under 09_REPORTS_OUT/ → auto-generated reports.,LOW — auto-generated derivative; not imported.
09_REPORTS_OUT/تقارير الاستشاري/Weekly Reports/01-2024/7 - Weekly Status Report 06-11 Jan-2024.docx,7 - Weekly Status Report 06-11 Jan-2024.docx,.docx,147467,report_out,report,high,Path under 09_REPORTS_OUT/ → auto-generated reports.,LOW — auto-generated derivative; not imported.
09_REPORTS_OUT/تقارير الاستشاري/Weekly Reports/01-2024/7 - Weekly Status Report 06-11 Jan-2024.pdf,7 - Weekly Status Report 06-11 Jan-2024.pdf,.pdf,290415,report_out,report,high,Path under 09_REPORTS_OUT/ → auto-generated reports.,LOW — auto-generated derivative; not imported.
09_REPORTS_OUT/تقارير الاستشاري/Weekly Reports/01-2024/8 - Weekly Status Report 013-18 Jan-2024.docx,8 - Weekly Status Report 013-18 Jan-2024.docx,.docx,147613,report_out,report,high,Path under 09_REPORTS_OUT/ → auto-generated reports.,LOW — auto-generated derivative; not imported.
09_REPORTS_OUT/تقارير الاستشاري/Weekly Reports/01-2024/8 - Weekly Status Report 013-18 Jan-2024.pdf,8 - Weekly Status Report 013-18 Jan-2024.pdf,.pdf,290954,report_out,report,high,Path under 09_REPORTS_OUT/ → auto-generated reports.,LOW — auto-generated derivative; not imported.
09_REPORTS_OUT/تقارير الاستشاري/Weekly Reports/01-2024/8 - Weekly Status Report 20-25 Jan-2024.docx,8 - Weekly Status Report 20-25 Jan-2024.docx,.docx,147779,report_out,report,high,Path under 09_REPORTS_OUT/ → auto-generated reports.,LOW — auto-generated derivative; not imported.
09_REPORTS_OUT/تقارير الاستشاري/Weekly Reports/01-2024/9 - Weekly Status Report 20-25 Jan-2024.docx,9 - Weekly Status Report 20-25 Jan-2024.docx,.docx,145873,report_out,report,high,Path under 09_REPORTS_OUT/ → auto-generated reports.,LOW — auto-generated derivative; not imported.
09_REPORTS_OUT/تقارير الاستشاري/Weekly Reports/01-2024/9 - Weekly Status Report 20-25 Jan-2024.pdf,9 - Weekly Status Report 20-25 Jan-2024.pdf,.pdf,275397,report_out,report,high,Path under 09_REPORTS_OUT/ → auto-generated reports.,LOW — auto-generated derivative; not imported.
09_REPORTS_OUT/تقارير الاستشاري/Weekly Reports/02-2024/11 - Weekly Status Report 03 - 08 Feb 2024.docx,11 - Weekly Status Report 03 - 08 Feb 2024.docx,.docx,143812,report_out,report,high,Path under 09_REPORTS_OUT/ → auto-generated reports.,LOW — auto-generated derivative; not imported.
09_REPORTS_OUT/تقارير الاستشاري/Weekly Reports/02-2024/11 - Weekly Status Report 03 - 08 Feb 2024.pdf,11 - Weekly Status Report 03 - 08 Feb 2024.pdf,.pdf,278277,report_out,report,high,Path under 09_REPORTS_OUT/ → auto-generated reports.,LOW — auto-generated derivative; not imported.
09_REPORTS_OUT/تقارير الاستشاري/Weekly Reports/02-2024/12 - Weekly Status Report 10 - 15 Feb 2024.docx,12 - Weekly Status Report 10 - 15 Feb 2024.docx,.docx,142877,report_out,report,high,Path under 09_REPORTS_OUT/ → auto-generated reports.,LOW — auto-generated derivative; not imported.
09_REPORTS_OUT/تقارير الاستشاري/Weekly Reports/02-2024/12 - Weekly Status Report 10 - 15 Feb 2024.pdf,12 - Weekly Status Report 10 - 15 Feb 2024.pdf,.pdf,276444,report_out,report,high,Path under 09_REPORTS_OUT/ → auto-generated reports.,LOW — auto-generated derivative; not imported.
09_REPORTS_OUT/تقارير الاستشاري/Weekly Reports/02-2024/13 - Weekly Status Report 17 - 21 Feb 2024.docx,13 - Weekly Status Report 17 - 21 Feb 2024.docx,.docx,143864,report_out,report,high,Path under 09_REPORTS_OUT/ → auto-generated reports.,LOW — auto-generated derivative; not imported.
09_REPORTS_OUT/تقارير الاستشاري/Weekly Reports/02-2024/13 - Weekly Status Report 17 - 21 Feb 2024.pdf,13 - Weekly Status Report 17 - 21 Feb 2024.pdf,.pdf,279595,report_out,report,high,Path under 09_REPORTS_OUT/ → auto-generated reports.,LOW — auto-generated derivative; not imported.
09_REPORTS_OUT/تقارير الاستشاري/Weekly Reports/02-2024/14 - Weekly Status Report 24 - 29 Feb 2024.docx,14 - Weekly Status Report 24 - 29 Feb 2024.docx,.docx,144315,report_out,report,high,Path under 09_REPORTS_OUT/ → auto-generated reports.,LOW — auto-generated derivative; not imported.
09_REPORTS_OUT/تقارير الاستشاري/Weekly Reports/02-2024/14 - Weekly Status Report 24 - 29 Feb 2024.pdf,14 - Weekly Status Report 24 - 29 Feb 2024.pdf,.pdf,280073,report_out,report,high,Path under 09_REPORTS_OUT/ → auto-generated reports.,LOW — auto-generated derivative; not imported.
09_REPORTS_OUT/تقارير الاستشاري/Weekly Reports/03-2024/15 - Weekly Status Report 02 - 07 March 2024.docx,15 - Weekly Status Report 02 - 07 March 2024.docx,.docx,146129,report_out,report,high,Path under 09_REPORTS_OUT/ → auto-generated reports.,LOW — auto-generated derivative; not imported.
09_REPORTS_OUT/تقارير الاستشاري/Weekly Reports/03-2024/15 - Weekly Status Report 02 - 07 March 2024.pdf,15 - Weekly Status Report 02 - 07 March 2024.pdf,.pdf,292360,report_out,report,high,Path under 09_REPORTS_OUT/ → auto-generated reports.,LOW — auto-generated derivative; not imported.
09_REPORTS_OUT/تقارير الاستشاري/Weekly Reports/03-2024/16 - Weekly Status Report 09 - 14 March 2024.docx,16 - Weekly Status Report 09 - 14 March 2024.docx,.docx,148669,report_out,report,high,Path under 09_REPORTS_OUT/ → auto-generated reports.,LOW — auto-generated derivative; not imported.
09_REPORTS_OUT/تقارير الاستشاري/Weekly Reports/03-2024/16 - Weekly Status Report 09 - 14 March 2024.pdf,16 - Weekly Status Report 09 - 14 March 2024.pdf,.pdf,288953,report_out,report,high,Path under 09_REPORTS_OUT/ → auto-generated reports.,LOW — auto-generated derivative; not imported.
09_REPORTS_OUT/تقارير الاستشاري/Weekly Reports/03-2024/17 - Weekly Status Report 16 - 21 March 2024.docx,17 - Weekly Status Report 16 - 21 March 2024.docx,.docx,147079,report_out,report,high,Path under 09_REPORTS_OUT/ → auto-generated reports.,LOW — auto-generated derivative; not imported.
09_REPORTS_OUT/تقارير الاستشاري/Weekly Reports/03-2024/17 - Weekly Status Report 16 - 21 March 2024.pdf,17 - Weekly Status Report 16 - 21 March 2024.pdf,.pdf,307539,report_out,report,high,Path under 09_REPORTS_OUT/ → auto-generated reports.,LOW — auto-generated derivative; not imported.
09_REPORTS_OUT/تقارير الاستشاري/Weekly Reports/03-2024/18 - Weekly Status Report 23 - 28 March 2024.docx,18 - Weekly Status Report 23 - 28 March 2024.docx,.docx,147227,report_out,report,high,Path under 09_REPORTS_OUT/ → auto-generated reports.,LOW — auto-generated derivative; not imported.
09_REPORTS_OUT/تقارير الاستشاري/Weekly Reports/03-2024/18 - Weekly Status Report 23 - 28 March 2024.pdf,18 - Weekly Status Report 23 - 28 March 2024.pdf,.pdf,305350,report_out,report,high,Path under 09_REPORTS_OUT/ → auto-generated reports.,LOW — auto-generated derivative; not imported.
09_REPORTS_OUT/تقارير الاستشاري/Weekly Reports/03-2024/_Architectural_Updated_Weekly_Status_Report_31-3-2024to5-4-2024.docx,_Architectural_Updated_Weekly_Status_Report_31-3-2024to5-4-2024.docx,.docx,142250,report_out,report,high,Path under 09_REPORTS_OUT/ → auto-generated reports.,LOW — auto-generated derivative; not imported.
09_REPORTS_OUT/تقارير الاستشاري/Weekly Reports/03-2024/_Architectural_Updated_Weekly_Status_Report_From_23-3-2024;28-3-2024.docx,_Architectural_Updated_Weekly_Status_Report_From_23-3-2024;28-3-2024.docx,.docx,144389,report_out,report,high,Path under 09_REPORTS_OUT/ → auto-generated reports.,LOW — auto-generated derivative; not imported.
09_REPORTS_OUT/تقارير الاستشاري/Weekly Reports/04-2024/19 - Weekly Status Report 30 March - 04 April 2024.docx,19 - Weekly Status Report 30 March - 04 April 2024.docx,.docx,146460,report_out,report,high,Path under 09_REPORTS_OUT/ → auto-generated reports.,LOW — auto-generated derivative; not imported.
09_REPORTS_OUT/تقارير الاستشاري/Weekly Reports/04-2024/19 - Weekly Status Report 30 March - 04 April 2024.pdf,19 - Weekly Status Report 30 March - 04 April 2024.pdf,.pdf,292982,report_out,report,high,Path under 09_REPORTS_OUT/ → auto-generated reports.,LOW — auto-generated derivative; not imported.
09_REPORTS_OUT/تقارير الاستشاري/Weekly Reports/04-2024/20 - Weekly Status Report 13 - 18 April 2024.docx,20 - Weekly Status Report 13 - 18 April 2024.docx,.docx,148422,report_out,report,high,Path under 09_REPORTS_OUT/ → auto-generated reports.,LOW — auto-generated derivative; not imported.
09_REPORTS_OUT/تقارير الاستشاري/Weekly Reports/04-2024/20 - Weekly Status Report 13 - 18 April 2024.pdf,20 - Weekly Status Report 13 - 18 April 2024.pdf,.pdf,312617,report_out,report,high,Path under 09_REPORTS_OUT/ → auto-generated reports.,LOW — auto-generated derivative; not imported.
09_REPORTS_OUT/تقارير الاستشاري/Weekly Reports/12-2023/2- Weekly Status Report 2-7 Dec-2023.docx,2- Weekly Status Report 2-7 Dec-2023.docx,.docx,644474,report_out,report,high,Path under 09_REPORTS_OUT/ → auto-generated reports.,LOW — auto-generated derivative; not imported.
09_REPORTS_OUT/تقارير الاستشاري/Weekly Reports/12-2023/3- Weekly Status Report 9-14 Dec-2023.docx,3- Weekly Status Report 9-14 Dec-2023.docx,.docx,122375,report_out,report,high,Path under 09_REPORTS_OUT/ → auto-generated reports.,LOW — auto-generated derivative; not imported.
09_REPORTS_OUT/تقارير الاستشاري/Weekly Reports/12-2023/4 - Weekly Status Report 16-21 Dec-2023.docx,4 - Weekly Status Report 16-21 Dec-2023.docx,.docx,148068,report_out,report,high,Path under 09_REPORTS_OUT/ → auto-generated reports.,LOW — auto-generated derivative; not imported.
09_REPORTS_OUT/تقارير الاستشاري/Weekly Reports/12-2023/4 - Weekly Status Report 16-21 Dec-2023.pdf,4 - Weekly Status Report 16-21 Dec-2023.pdf,.pdf,279864,report_out,report,high,Path under 09_REPORTS_OUT/ → auto-generated reports.,LOW — auto-generated derivative; not imported.
09_REPORTS_OUT/تقارير الاستشاري/Weekly Reports/12-2023/5 - Weekly Status Report 23-28 Dec-2023.docx,5 - Weekly Status Report 23-28 Dec-2023.docx,.docx,147337,report_out,report,high,Path under 09_REPORTS_OUT/ → auto-generated reports.,LOW — auto-generated derivative; not imported.
09_REPORTS_OUT/تقارير الاستشاري/Weekly Reports/12-2023/5 - Weekly Status Report 23-28 Dec-2023.pdf,5 - Weekly Status Report 23-28 Dec-2023.pdf,.pdf,295047,report_out,report,high,Path under 09_REPORTS_OUT/ → auto-generated reports.,LOW — auto-generated derivative; not imported.
09_REPORTS_OUT/تقارير الاستشاري/Weekly Reports/6-2024/27 مؤشرات الأداء.pdf,27 مؤشرات الأداء.pdf,.pdf,712254,report_out,report,high,Path under 09_REPORTS_OUT/ → auto-generated reports.,LOW — auto-generated derivative; not imported.
09_REPORTS_OUT/تقارير الاستشاري/Weekly Reports/6-2024/27 مؤشرات الأداء.pptx,27 مؤشرات الأداء.pptx,.pptx,933408,report_out,report,high,Path under 09_REPORTS_OUT/ → auto-generated reports.,LOW — auto-generated derivative; not imported.
09_REPORTS_OUT/تقارير الاستشاري/Weekly Reports/6-2024/27- Weekly Status Report 22 - 27 JUNE  2024.docx,27- Weekly Status Report 22 - 27 JUNE  2024.docx,.docx,153292,report_out,report,high,Path under 09_REPORTS_OUT/ → auto-generated reports.,LOW — auto-generated derivative; not imported.
09_REPORTS_OUT/تقارير الاستشاري/Weekly Reports/6-2024/27- Weekly Status Report 22 - 27 JUNE  2024.pdf,27- Weekly Status Report 22 - 27 JUNE  2024.pdf,.pdf,352924,report_out,report,high,Path under 09_REPORTS_OUT/ → auto-generated reports.,LOW — auto-generated derivative; not imported.
09_REPORTS_OUT/تقارير الاستشاري/Weekly Reports/تقرير 19/19 - Weekly Status Report 30 March - 04 April 2024.docx,19 - Weekly Status Report 30 March - 04 April 2024.docx,.docx,146460,report_out,report,high,Path under 09_REPORTS_OUT/ → auto-generated reports.,LOW — auto-generated derivative; not imported.
09_REPORTS_OUT/تقارير الاستشاري/Weekly Reports/تقرير 19/19 - Weekly Status Report 30 March - 04 April 2024.pdf,19 - Weekly Status Report 30 March - 04 April 2024.pdf,.pdf,292982,report_out,report,high,Path under 09_REPORTS_OUT/ → auto-generated reports.,LOW — auto-generated derivative; not imported.
09_REPORTS_OUT/تقارير الاستشاري/Weekly Reports/تقرير 20/20 - Weekly Status Report 13 - 18 April 2024.docx,20 - Weekly Status Report 13 - 18 April 2024.docx,.docx,148422,report_out,report,high,Path under 09_REPORTS_OUT/ → auto-generated reports.,LOW — auto-generated derivative; not imported.
09_REPORTS_OUT/تقارير الاستشاري/Weekly Reports/تقرير 20/20 - Weekly Status Report 13 - 18 April 2024.pdf,20 - Weekly Status Report 13 - 18 April 2024.pdf,.pdf,312617,report_out,report,high,Path under 09_REPORTS_OUT/ → auto-generated reports.,LOW — auto-generated derivative; not imported.
09_REPORTS_OUT/تقارير الاستشاري/Weekly Reports/تقرير 21/21 - Weekly Status Report 20 - 25 April 2024.docx,21 - Weekly Status Report 20 - 25 April 2024.docx,.docx,149824,report_out,report,high,Path under 09_REPORTS_OUT/ → auto-generated reports.,LOW — auto-generated derivative; not imported.
09_REPORTS_OUT/تقارير الاستشاري/Weekly Reports/تقرير 21/21 - Weekly Status Report 20 - 25 April 2024.pdf,21 - Weekly Status Report 20 - 25 April 2024.pdf,.pdf,322381,report_out,report,high,Path under 09_REPORTS_OUT/ → auto-generated reports.,LOW — auto-generated derivative; not imported.
09_REPORTS_OUT/تقارير الاستشاري/Weekly Reports/تقرير 22/22 - Weekly Status Report 27 April - 02 May 2024.docx,22 - Weekly Status Report 27 April - 02 May 2024.docx,.docx,150412,report_out,report,high,Path under 09_REPORTS_OUT/ → auto-generated reports.,LOW — auto-generated derivative; not imported.
09_REPORTS_OUT/تقارير الاستشاري/Weekly Reports/تقرير 22/22 - Weekly Status Report 27 April - 02 May 2024.pdf,22 - Weekly Status Report 27 April - 02 May 2024.pdf,.pdf,324170,report_out,report,high,Path under 09_REPORTS_OUT/ → auto-generated reports.,LOW — auto-generated derivative; not imported.
09_REPORTS_OUT/تقارير الاستشاري/Weekly Reports/تقرير 23/23 - Weekly Status Report  03 May- 09 May  2024.docx,23 - Weekly Status Report  03 May- 09 May  2024.docx,.docx,150867,report_out,report,high,Path under 09_REPORTS_OUT/ → auto-generated reports.,LOW — auto-generated derivative; not imported.
09_REPORTS_OUT/تقارير الاستشاري/Weekly Reports/تقرير 23/23 - Weekly Status Report  03 May- 09 May  2024.pdf,23 - Weekly Status Report  03 May- 09 May  2024.pdf,.pdf,326648,report_out,report,high,Path under 09_REPORTS_OUT/ → auto-generated reports.,LOW — auto-generated derivative; not imported.
09_REPORTS_OUT/تقارير الاستشاري/Weekly Reports/تقرير 24/24 - Weekly Status Report  11 May- 16 May  2024.docx,24 - Weekly Status Report  11 May- 16 May  2024.docx,.docx,150640,report_out,report,high,Path under 09_REPORTS_OUT/ → auto-generated reports.,LOW — auto-generated derivative; not imported.
09_REPORTS_OUT/تقارير الاستشاري/Weekly Reports/تقرير 24/24 - Weekly Status Report  11 May- 16 May  2024.pdf,24 - Weekly Status Report  11 May- 16 May  2024.pdf,.pdf,325684,report_out,report,high,Path under 09_REPORTS_OUT/ → auto-generated reports.,LOW — auto-generated derivative; not imported.
09_REPORTS_OUT/تقارير الاستشاري/Weekly Reports/تقرير 25/25- Weekly Status Report  18 May- 23 May  2024.docx,25- Weekly Status Report  18 May- 23 May  2024.docx,.docx,149038,report_out,report,high,Path under 09_REPORTS_OUT/ → auto-generated reports.,LOW — auto-generated derivative; not imported.
09_REPORTS_OUT/تقارير الاستشاري/Weekly Reports/تقرير 25/25- Weekly Status Report  18 May- 23 May  2024.pdf,25- Weekly Status Report  18 May- 23 May  2024.pdf,.pdf,317375,report_out,report,high,Path under 09_REPORTS_OUT/ → auto-generated reports.,LOW — auto-generated derivative; not imported.
09_REPORTS_OUT/تقارير الاستشاري/Weekly Reports/تقرير 26/26- Weekly Status Report 23 May- 30 May  2024.docx,26- Weekly Status Report 23 May- 30 May  2024.docx,.docx,146663,report_out,report,high,Path under 09_REPORTS_OUT/ → auto-generated reports.,LOW — auto-generated derivative; not imported.
09_REPORTS_OUT/تقارير الاستشاري/Weekly Reports/تقرير 26/26- Weekly Status Report 23 May- 30 May  2024.pdf,26- Weekly Status Report 23 May- 30 May  2024.pdf,.pdf,294459,report_out,report,high,Path under 09_REPORTS_OUT/ → auto-generated reports.,LOW — auto-generated derivative; not imported.
09_REPORTS_OUT/تقارير الاستشاري/Weekly Reports/تقرير 27/27- Weekly Status Report 22 - 27 JUNE  2024.docx,27- Weekly Status Report 22 - 27 JUNE  2024.docx,.docx,153292,report_out,report,high,Path under 09_REPORTS_OUT/ → auto-generated reports.,LOW — auto-generated derivative; not imported.
09_REPORTS_OUT/تقارير الاستشاري/Weekly Reports/تقرير 27/27- Weekly Status Report 22 - 27 JUNE  2024.pdf,27- Weekly Status Report 22 - 27 JUNE  2024.pdf,.pdf,352924,report_out,report,high,Path under 09_REPORTS_OUT/ → auto-generated reports.,LOW — auto-generated derivative; not imported.
09_REPORTS_OUT/تقارير الاستشاري/Weekly Reports/تقرير 27/~$- Weekly Status Report 29 May-8 JULE  2024.docx,~$- Weekly Status Report 29 May-8 JULE  2024.docx,.docx,162,report_out,report,high,Path under 09_REPORTS_OUT/ → auto-generated reports.,LOW — auto-generated derivative; not imported.
09_REPORTS_OUT/تقارير الاستشاري/Weekly Reports/تقرير 28/28- Weekly Status Report 28 - 6 JUNE  2024.docx,28- Weekly Status Report 28 - 6 JUNE  2024.docx,.docx,153464,report_out,report,high,Path under 09_REPORTS_OUT/ → auto-generated reports.,LOW — auto-generated derivative; not imported.
09_REPORTS_OUT/تقارير الاستشاري/Weekly Reports/تقرير 28/28- Weekly Status Report 28 - 6 JUNE  2024.pdf,28- Weekly Status Report 28 - 6 JUNE  2024.pdf,.pdf,358277,report_out,report,high,Path under 09_REPORTS_OUT/ → auto-generated reports.,LOW — auto-generated derivative; not imported.
09_REPORTS_OUT/تقارير الاستشاري/Weekly Reports/تقرير 28/~$- Weekly Status Report 29 May-8 JULE  2024.docx,~$- Weekly Status Report 29 May-8 JULE  2024.docx,.docx,162,report_out,report,high,Path under 09_REPORTS_OUT/ → auto-generated reports.,LOW — auto-generated derivative; not imported.
09_REPORTS_OUT/تقارير الاستشاري/Weekly Reports/تقرير 29/29- Weekly Status Report 7- 11 JUNE  2024.docx,29- Weekly Status Report 7- 11 JUNE  2024.docx,.docx,153653,report_out,report,high,Path under 09_REPORTS_OUT/ → auto-generated reports.,LOW — auto-generated derivative; not imported.
09_REPORTS_OUT/تقارير الاستشاري/Weekly Reports/تقرير 29/29- Weekly Status Report 7- 11 JUNE  2024.pdf,29- Weekly Status Report 7- 11 JUNE  2024.pdf,.pdf,362378,report_out,report,high,Path under 09_REPORTS_OUT/ → auto-generated reports.,LOW — auto-generated derivative; not imported.
09_REPORTS_OUT/تقارير الاستشاري/Weekly Reports/تقرير 29/~$- Weekly Status Report 29 May-8 JULE  2024.docx,~$- Weekly Status Report 29 May-8 JULE  2024.docx,.docx,162,report_out,report,high,Path under 09_REPORTS_OUT/ → auto-generated reports.,LOW — auto-generated derivative; not imported.
09_REPORTS_OUT/تقارير الاستشاري/Weekly Reports/تقرير 30/29- Weekly Status Report 13 - 19 July  2024.docx,29- Weekly Status Report 13 - 19 July  2024.docx,.docx,154445,report_out,report,high,Path under 09_REPORTS_OUT/ → auto-generated reports.,LOW — auto-generated derivative; not imported.
09_REPORTS_OUT/تقارير الاستشاري/Weekly Reports/تقرير 31/31- Weekly Status Report 27 July - 02  Aug  2024.docx,31- Weekly Status Report 27 July - 02  Aug  2024.docx,.docx,154330,report_out,report,high,Path under 09_REPORTS_OUT/ → auto-generated reports.,LOW — auto-generated derivative; not imported.
09_REPORTS_OUT/تقارير الاستشاري/Weekly Reports/تقرير 31/31- Weekly Status Report 27 July - 02  Aug  2024.pdf,31- Weekly Status Report 27 July - 02  Aug  2024.pdf,.pdf,365529,report_out,report,high,Path under 09_REPORTS_OUT/ → auto-generated reports.,LOW — auto-generated derivative; not imported.
09_REPORTS_OUT/تقارير الاستشاري/Weekly Reports/تقرير 32/32- Weekly Status Report 20-25  July  2024.docx,32- Weekly Status Report 20-25  July  2024.docx,.docx,154388,report_out,report,high,Path under 09_REPORTS_OUT/ → auto-generated reports.,LOW — auto-generated derivative; not imported.
09_REPORTS_OUT/تقارير الاستشاري/Weekly Reports/نسب الانجاز.xlsx,نسب الانجاز.xlsx,.xlsx,19063,report_out,progress_evidence,medium,Filename suggests progress %/evidence — refine within 09_REPORTS_OUT.,LOW — cross-validation only; not imported as primary data.
09_REPORTS_OUT/تقارير الاستشاري/~$رير مقاول البوابات.docx,~$رير مقاول البوابات.docx,.docx,162,report_out,report,high,Path under 09_REPORTS_OUT/ → auto-generated reports.,LOW — auto-generated derivative; not imported.
09_REPORTS_OUT/تقارير الاستشاري/التقارير اليومية/01-2025/01-01-2025.xlsx,01-01-2025.xlsx,.xlsx,1798114,report_out,report,high,Path under 09_REPORTS_OUT/ → auto-generated reports.,LOW — auto-generated derivative; not imported.
09_REPORTS_OUT/تقارير الاستشاري/التقارير اليومية/01-2025/02-01-2025.xlsx,02-01-2025.xlsx,.xlsx,1881775,report_out,report,high,Path under 09_REPORTS_OUT/ → auto-generated reports.,LOW — auto-generated derivative; not imported.
09_REPORTS_OUT/تقارير الاستشاري/التقارير اليومية/01-2025/04-01-2025.xlsx,04-01-2025.xlsx,.xlsx,1753585,report_out,report,high,Path under 09_REPORTS_OUT/ → auto-generated reports.,LOW — auto-generated derivative; not imported.
09_REPORTS_OUT/تقارير الاستشاري/التقارير اليومية/01-2025/05-01-2025.xlsx,05-01-2025.xlsx,.xlsx,1889651,report_out,report,high,Path under 09_REPORTS_OUT/ → auto-generated reports.,LOW — auto-generated derivative; not imported.
09_REPORTS_OUT/تقارير الاستشاري/التقارير اليومية/01-2025/06-01-2025.xlsx,06-01-2025.xlsx,.xlsx,1782842,report_out,report,high,Path under 09_REPORTS_OUT/ → auto-generated reports.,LOW — auto-generated derivative; not imported.
09_REPORTS_OUT/تقارير الاستشاري/التقارير اليومية/01-2025/07-01-2025.xlsx,07-01-2025.xlsx,.xlsx,1775132,report_out,report,high,Path under 09_REPORTS_OUT/ → auto-generated reports.,LOW — auto-generated derivative; not imported.
09_REPORTS_OUT/تقارير الاستشاري/التقارير اليومية/01-2025/08-01-2025.xlsx,08-01-2025.xlsx,.xlsx,1743042,report_out,report,high,Path under 09_REPORTS_OUT/ → auto-generated reports.,LOW — auto-generated derivative; not imported.
09_REPORTS_OUT/تقارير الاستشاري/التقارير اليومية/01-2025/09-01-2025.xlsx,09-01-2025.xlsx,.xlsx,1834657,report_out,report,high,Path under 09_REPORTS_OUT/ → auto-generated reports.,LOW — auto-generated derivative; not imported.
09_REPORTS_OUT/تقارير الاستشاري/التقارير اليومية/01-2025/11-01-2025.xlsx,11-01-2025.xlsx,.xlsx,1806234,report_out,report,high,Path under 09_REPORTS_OUT/ → auto-generated reports.,LOW — auto-generated derivative; not imported.
09_REPORTS_OUT/تقارير الاستشاري/التقارير اليومية/01-2025/12-01-2025.xlsx,12-01-2025.xlsx,.xlsx,1878784,report_out,report,high,Path under 09_REPORTS_OUT/ → auto-generated reports.,LOW — auto-generated derivative; not imported.
09_REPORTS_OUT/تقارير الاستشاري/التقارير اليومية/01-2025/13-01-2025.xlsx,13-01-2025.xlsx,.xlsx,1839652,report_out,report,high,Path under 09_REPORTS_OUT/ → auto-generated reports.,LOW — auto-generated derivative; not imported.
09_REPORTS_OUT/تقارير الاستشاري/التقارير اليومية/01-2025/14-01-2025.xlsx,14-01-2025.xlsx,.xlsx,1762115,report_out,report,high,Path under 09_REPORTS_OUT/ → auto-generated reports.,LOW — auto-generated derivative; not imported.
09_REPORTS_OUT/تقارير الاستشاري/التقارير اليومية/01-2025/15-01-2025.xlsx,15-01-2025.xlsx,.xlsx,1861519,report_out,report,high,Path under 09_REPORTS_OUT/ → auto-generated reports.,LOW — auto-generated derivative; not imported.
09_REPORTS_OUT/تقارير الاستشاري/التقارير اليومية/01-2025/16-01-2025.xlsx,16-01-2025.xlsx,.xlsx,1899340,report_out,report,high,Path under 09_REPORTS_OUT/ → auto-generated reports.,LOW — auto-generated derivative; not imported.
09_REPORTS_OUT/تقارير الاستشاري/التقارير اليومية/02-2024/2024-02-06.pdf,2024-02-06.pdf,.pdf,643929,report_out,report,high,Path under 09_REPORTS_OUT/ → auto-generated reports.,LOW — auto-generated derivative; not imported.
09_REPORTS_OUT/تقارير الاستشاري/التقارير اليومية/02-2024/2024-02-06.xlsx,2024-02-06.xlsx,.xlsx,1181683,report_out,report,high,Path under 09_REPORTS_OUT/ → auto-generated reports.,LOW — auto-generated derivative; not imported.
09_REPORTS_OUT/تقارير الاستشاري/التقارير اليومية/02-2024/2024-02-07.pdf,2024-02-07.pdf,.pdf,722624,report_out,report,high,Path under 09_REPORTS_OUT/ → auto-generated reports.,LOW — auto-generated derivative; not imported.
09_REPORTS_OUT/تقارير الاستشاري/التقارير اليومية/02-2024/2024-02-07.xlsx,2024-02-07.xlsx,.xlsx,1339117,report_out,report,high,Path under 09_REPORTS_OUT/ → auto-generated reports.,LOW — auto-generated derivative; not imported.
09_REPORTS_OUT/تقارير الاستشاري/التقارير اليومية/02-2024/2024-02-08.pdf,2024-02-08.pdf,.pdf,693622,report_out,report,high,Path under 09_REPORTS_OUT/ → auto-generated reports.,LOW — auto-generated derivative; not imported.
09_REPORTS_OUT/تقارير الاستشاري/التقارير اليومية/02-2024/2024-02-08.xlsx,2024-02-08.xlsx,.xlsx,1198933,report_out,report,high,Path under 09_REPORTS_OUT/ → auto-generated reports.,LOW — auto-generated derivative; not imported.
09_REPORTS_OUT/تقارير الاستشاري/التقارير اليومية/02-2024/2024-02-10.pdf,2024-02-10.pdf,.pdf,733927,report_out,report,high,Path under 09_REPORTS_OUT/ → auto-generated reports.,LOW — auto-generated derivative; not imported.
09_REPORTS_OUT/تقارير الاستشاري/التقارير اليومية/02-2024/2024-02-10.xlsx,2024-02-10.xlsx,.xlsx,1256866,report_out,report,high,Path under 09_REPORTS_OUT/ → auto-generated reports.,LOW — auto-generated derivative; not imported.
09_REPORTS_OUT/تقارير الاستشاري/التقارير اليومية/02-2024/2024-02-11.pdf,2024-02-11.pdf,.pdf,620622,report_out,report,high,Path under 09_REPORTS_OUT/ → auto-generated reports.,LOW — auto-generated derivative; not imported.
09_REPORTS_OUT/تقارير الاستشاري/التقارير اليومية/02-2024/2024-02-11.xlsx,2024-02-11.xlsx,.xlsx,1171186,report_out,report,high,Path under 09_REPORTS_OUT/ → auto-generated reports.,LOW — auto-generated derivative; not imported.
09_REPORTS_OUT/تقارير الاستشاري/التقارير اليومية/02-2024/2024-02-12.pdf,2024-02-12.pdf,.pdf,644815,report_out,report,high,Path under 09_REPORTS_OUT/ → auto-generated reports.,LOW — auto-generated derivative; not imported.
09_REPORTS_OUT/تقارير الاستشاري/التقارير اليومية/02-2024/2024-02-12.xlsx,2024-02-12.xlsx,.xlsx,1324253,report_out,report,high,Path under 09_REPORTS_OUT/ → auto-generated reports.,LOW — auto-generated derivative; not imported.
09_REPORTS_OUT/تقارير الاستشاري/التقارير اليومية/02-2024/2024-02-13.pdf,2024-02-13.pdf,.pdf,671212,report_out,report,high,Path under 09_REPORTS_OUT/ → auto-generated reports.,LOW — auto-generated derivative; not imported.
09_REPORTS_OUT/تقارير الاستشاري/التقارير اليومية/02-2024/2024-02-13.xlsx,2024-02-13.xlsx,.xlsx,1180822,report_out,report,high,Path under 09_REPORTS_OUT/ → auto-generated reports.,LOW — auto-generated derivative; not imported.
09_REPORTS_OUT/تقارير الاستشاري/التقارير اليومية/02-2024/2024-02-14.pdf,2024-02-14.pdf,.pdf,718096,report_out,report,high,Path under 09_REPORTS_OUT/ → auto-generated reports.,LOW — auto-generated derivative; not imported.
09_REPORTS_OUT/تقارير الاستشاري/التقارير اليومية/02-2024/2024-02-14.xlsx,2024-02-14.xlsx,.xlsx,1433889,report_out,report,high,Path under 09_REPORTS_OUT/ → auto-generated reports.,LOW — auto-generated derivative; not imported.
09_REPORTS_OUT/تقارير الاستشاري/التقارير اليومية/02-2024/2024-02-15.pdf,2024-02-15.pdf,.pdf,738420,report_out,report,high,Path under 09_REPORTS_OUT/ → auto-generated reports.,LOW — auto-generated derivative; not imported.
09_REPORTS_OUT/تقارير الاستشاري/التقارير اليومية/02-2024/2024-02-15.xlsx,2024-02-15.xlsx,.xlsx,1571952,report_out,report,high,Path under 09_REPORTS_OUT/ → auto-generated reports.,LOW — auto-generated derivative; not imported.
09_REPORTS_OUT/تقارير الاستشاري/التقارير اليومية/02-2024/2024-02-17.pdf,2024-02-17.pdf,.pdf,735569,report_out,report,high,Path under 09_REPORTS_OUT/ → auto-generated reports.,LOW — auto-generated derivative; not imported.
09_REPORTS_OUT/تقارير الاستشاري/التقارير اليومية/02-2024/2024-02-17.xlsx,2024-02-17.xlsx,.xlsx,1411871,report_out,report,high,Path under 09_REPORTS_OUT/ → auto-generated reports.,LOW — auto-generated derivative; not imported.
09_REPORTS_OUT/تقارير الاستشاري/التقارير اليومية/02-2024/2024-02-18.pdf,2024-02-18.pdf,.pdf,672056,report_out,report,high,Path under 09_REPORTS_OUT/ → auto-generated reports.,LOW — auto-generated derivative; not imported.
09_REPORTS_OUT/تقارير الاستشاري/التقارير اليومية/02-2024/2024-02-18.xlsx,2024-02-18.xlsx,.xlsx,1456854,report_out,report,high,Path under 09_REPORTS_OUT/ → auto-generated reports.,LOW — auto-generated derivative; not imported.
09_REPORTS_OUT/تقارير الاستشاري/التقارير اليومية/02-2024/2024-02-19.pdf,2024-02-19.pdf,.pdf,731732,report_out,report,high,Path under 09_REPORTS_OUT/ → auto-generated reports.,LOW — auto-generated derivative; not imported.
09_REPORTS_OUT/تقارير الاستشاري/التقارير اليومية/02-2024/2024-02-19.xlsx,2024-02-19.xlsx,.xlsx,1619573,report_out,report,high,Path under 09_REPORTS_OUT/ → auto-generated reports.,LOW — auto-generated derivative; not imported.
09_REPORTS_OUT/تقارير الاستشاري/التقارير اليومية/02-2024/2024-02-20.pdf,2024-02-20.pdf,.pdf,771788,report_out,report,high,Path under 09_REPORTS_OUT/ → auto-generated reports.,LOW — auto-generated derivative; not imported.
09_REPORTS_OUT/تقارير الاستشاري/التقارير اليومية/02-2024/2024-02-20.xlsx,2024-02-20.xlsx,.xlsx,1664508,report_out,report,high,Path under 09_REPORTS_OUT/ → auto-generated reports.,LOW — auto-generated derivative; not imported.
09_REPORTS_OUT/تقارير الاستشاري/التقارير اليومية/02-2024/2024-02-21.pdf,2024-02-21.pdf,.pdf,742365,report_out,report,high,Path under 09_REPORTS_OUT/ → auto-generated reports.,LOW — auto-generated derivative; not imported.
09_REPORTS_OUT/تقارير الاستشاري/التقارير اليومية/02-2024/2024-02-21.xlsx,2024-02-21.xlsx,.xlsx,1412608,report_out,report,high,Path under 09_REPORTS_OUT/ → auto-generated reports.,LOW — auto-generated derivative; not imported.
09_REPORTS_OUT/تقارير الاستشاري/التقارير اليومية/02-2024/2024-02-24.pdf,2024-02-24.pdf,.pdf,734309,report_out,report,high,Path under 09_REPORTS_OUT/ → auto-generated reports.,LOW — auto-generated derivative; not imported.
09_REPORTS_OUT/تقارير الاستشاري/التقارير اليومية/02-2024/2024-02-24.xlsx,2024-02-24.xlsx,.xlsx,1327650,report_out,report,high,Path under 09_REPORTS_OUT/ → auto-generated reports.,LOW — auto-generated derivative; not imported.
09_REPORTS_OUT/تقارير الاستشاري/التقارير اليومية/02-2024/2024-02-25.pdf,2024-02-25.pdf,.pdf,694624,report_out,report,high,Path under 09_REPORTS_OUT/ → auto-generated reports.,LOW — auto-generated derivative; not imported.
09_REPORTS_OUT/تقارير الاستشاري/التقارير اليومية/02-2024/2024-02-25.xlsx,2024-02-25.xlsx,.xlsx,1233181,report_out,report,high,Path under 09_REPORTS_OUT/ → auto-generated reports.,LOW — auto-generated derivative; not imported.
09_REPORTS_OUT/تقارير الاستشاري/التقارير اليومية/02-2024/2024-02-26 - Copy.xlsx,2024-02-26 - Copy.xlsx,.xlsx,1346922,report_out,report,high,Path under 09_REPORTS_OUT/ → auto-generated reports.,LOW — auto-generated derivative; not imported.
09_REPORTS_OUT/تقارير الاستشاري/التقارير اليومية/02-2024/2024-02-26.pdf,2024-02-26.pdf,.pdf,749394,report_out,report,high,Path under 09_REPORTS_OUT/ → auto-generated reports.,LOW — auto-generated derivative; not imported.
09_REPORTS_OUT/تقارير الاستشاري/التقارير اليومية/02-2024/2024-02-27 - Copy.xlsx,2024-02-27 - Copy.xlsx,.xlsx,957008,report_out,report,high,Path under 09_REPORTS_OUT/ → auto-generated reports.,LOW — auto-generated derivative; not imported.
09_REPORTS_OUT/تقارير الاستشاري/التقارير اليومية/02-2024/2024-02-27.pdf,2024-02-27.pdf,.pdf,721059,report_out,report,high,Path under 09_REPORTS_OUT/ → auto-generated reports.,LOW — auto-generated derivative; not imported.
09_REPORTS_OUT/تقارير الاستشاري/التقارير اليومية/02-2024/2024-02-28.pdf,2024-02-28.pdf,.pdf,746430,report_out,report,high,Path under 09_REPORTS_OUT/ → auto-generated reports.,LOW — auto-generated derivative; not imported.
09_REPORTS_OUT/تقارير الاستشاري/التقارير اليومية/02-2024/2024-02-28.xlsx,2024-02-28.xlsx,.xlsx,801076,report_out,report,high,Path under 09_REPORTS_OUT/ → auto-generated reports.,LOW — auto-generated derivative; not imported.
09_REPORTS_OUT/تقارير الاستشاري/التقارير اليومية/02-2024/2024-02-29.pdf,2024-02-29.pdf,.pdf,634178,report_out,report,high,Path under 09_REPORTS_OUT/ → auto-generated reports.,LOW — auto-generated derivative; not imported.
09_REPORTS_OUT/تقارير الاستشاري/التقارير اليومية/02-2024/2024-02-29.xlsx,2024-02-29.xlsx,.xlsx,903511,report_out,report,high,Path under 09_REPORTS_OUT/ → auto-generated reports.,LOW — auto-generated derivative; not imported.
09_REPORTS_OUT/تقارير الاستشاري/التقارير اليومية/03-2024/2024-03-02.pdf,2024-03-02.pdf,.pdf,677435,report_out,report,high,Path under 09_REPORTS_OUT/ → auto-generated reports.,LOW — auto-generated derivative; not imported.
09_REPORTS_OUT/تقارير الاستشاري/التقارير اليومية/03-2024/2024-03-02.xlsx,2024-03-02.xlsx,.xlsx,959905,report_out,report,high,Path under 09_REPORTS_OUT/ → auto-generated reports.,LOW — auto-generated derivative; not imported.
09_REPORTS_OUT/تقارير الاستشاري/التقارير اليومية/03-2024/2024-03-03.pdf,2024-03-03.pdf,.pdf,756693,report_out,report,high,Path under 09_REPORTS_OUT/ → auto-generated reports.,LOW — auto-generated derivative; not imported.
09_REPORTS_OUT/تقارير الاستشاري/التقارير اليومية/03-2024/2024-03-03.xlsx,2024-03-03.xlsx,.xlsx,1200872,report_out,report,high,Path under 09_REPORTS_OUT/ → auto-generated reports.,LOW — auto-generated derivative; not imported.
09_REPORTS_OUT/تقارير الاستشاري/التقارير اليومية/03-2024/2024-03-04.pdf,2024-03-04.pdf,.pdf,720074,report_out,report,high,Path under 09_REPORTS_OUT/ → auto-generated reports.,LOW — auto-generated derivative; not imported.
09_REPORTS_OUT/تقارير الاستشاري/التقارير اليومية/03-2024/2024-03-04.xlsx,2024-03-04.xlsx,.xlsx,1368026,report_out,report,high,Path under 09_REPORTS_OUT/ → auto-generated reports.,LOW — auto-generated derivative; not imported.
09_REPORTS_OUT/تقارير الاستشاري/التقارير اليومية/03-2024/2024-03-05.pdf,2024-03-05.pdf,.pdf,659031,report_out,report,high,Path under 09_REPORTS_OUT/ → auto-generated reports.,LOW — auto-generated derivative; not imported.
09_REPORTS_OUT/تقارير الاستشاري/التقارير اليومية/03-2024/2024-03-05.xlsx,2024-03-05.xlsx,.xlsx,1252897,report_out,report,high,Path under 09_REPORTS_OUT/ → auto-generated reports.,LOW — auto-generated derivative; not imported.
09_REPORTS_OUT/تقارير الاستشاري/التقارير اليومية/03-2024/2024-03-06.pdf,2024-03-06.pdf,.pdf,753875,report_out,report,high,Path under 09_REPORTS_OUT/ → auto-generated reports.,LOW — auto-generated derivative; not imported.
09_REPORTS_OUT/تقارير الاستشاري/التقارير اليومية/03-2024/2024-03-06.xlsx,2024-03-06.xlsx,.xlsx,1296917,report_out,report,high,Path under 09_REPORTS_OUT/ → auto-generated reports.,LOW — auto-generated derivative; not imported.
09_REPORTS_OUT/تقارير الاستشاري/التقارير اليومية/03-2024/2024-03-07.pdf,2024-03-07.pdf,.pdf,724110,report_out,report,high,Path under 09_REPORTS_OUT/ → auto-generated reports.,LOW — auto-generated derivative; not imported.
09_REPORTS_OUT/تقارير الاستشاري/التقارير اليومية/03-2024/2024-03-07.xlsx,2024-03-07.xlsx,.xlsx,1188194,report_out,report,high,Path under 09_REPORTS_OUT/ → auto-generated reports.,LOW — auto-generated derivative; not imported.
09_REPORTS_OUT/تقارير الاستشاري/التقارير اليومية/03-2024/2024-03-09.pdf,2024-03-09.pdf,.pdf,706131,report_out,report,high,Path under 09_REPORTS_OUT/ → auto-generated reports.,LOW — auto-generated derivative; not imported.
09_REPORTS_OUT/تقارير الاستشاري/التقارير اليومية/03-2024/2024-03-09.xlsx,2024-03-09.xlsx,.xlsx,1134798,report_out,report,high,Path under 09_REPORTS_OUT/ → auto-generated reports.,LOW — auto-generated derivative; not imported.
09_REPORTS_OUT/تقارير الاستشاري/التقارير اليومية/03-2024/2024-03-10.pdf,2024-03-10.pdf,.pdf,713973,report_out,report,high,Path under 09_REPORTS_OUT/ → auto-generated reports.,LOW — auto-generated derivative; not imported.
09_REPORTS_OUT/تقارير الاستشاري/التقارير اليومية/03-2024/2024-03-10.xlsx,2024-03-10.xlsx,.xlsx,1492407,report_out,report,high,Path under 09_REPORTS_OUT/ → auto-generated reports.,LOW — auto-generated derivative; not imported.
09_REPORTS_OUT/تقارير الاستشاري/التقارير اليومية/03-2024/2024-03-11-تقرير الفترة الصباحية.xlsx,2024-03-11-تقرير الفترة الصباحية.xlsx,.xlsx,1012025,report_out,report,high,Path under 09_REPORTS_OUT/ → auto-generated reports.,LOW — auto-generated derivative; not imported.
09_REPORTS_OUT/تقارير الاستشاري/التقارير اليومية/03-2024/2024-03-11.pdf,2024-03-11.pdf,.pdf,598642,report_out,report,high,Path under 09_REPORTS_OUT/ → auto-generated reports.,LOW — auto-generated derivative; not imported.
09_REPORTS_OUT/تقارير الاستشاري/التقارير اليومية/03-2024/2024-03-12 أعداد العمالة في الموقع.pdf,2024-03-12 أعداد العمالة في الموقع.pdf,.pdf,126004,report_out,staff_manpower,medium,Filename suggests labour/manpower record — refine within 09_REPORTS_OUT.,LOW — informational; not imported.
09_REPORTS_OUT/تقارير الاستشاري/التقارير اليومية/03-2024/2024-03-12 أعداد العمالة في الموقع.xlsx,2024-03-12 أعداد العمالة في الموقع.xlsx,.xlsx,97267,report_out,staff_manpower,medium,Filename suggests labour/manpower record — refine within 09_REPORTS_OUT.,LOW — informational; not imported.
09_REPORTS_OUT/تقارير الاستشاري/التقارير اليومية/03-2024/2024-03-12-تقرير الفترة الصباحية.xlsx,2024-03-12-تقرير الفترة الصباحية.xlsx,.xlsx,995948,report_out,report,high,Path under 09_REPORTS_OUT/ → auto-generated reports.,LOW — auto-generated derivative; not imported.
09_REPORTS_OUT/تقارير الاستشاري/التقارير اليومية/03-2024/2024-03-13 أعداد العمالة في الموقع.pdf,2024-03-13 أعداد العمالة في الموقع.pdf,.pdf,126010,report_out,staff_manpower,medium,Filename suggests labour/manpower record — refine within 09_REPORTS_OUT.,LOW — informational; not imported.
09_REPORTS_OUT/تقارير الاستشاري/التقارير اليومية/03-2024/2024-03-13 أعداد العمالة في الموقع.xlsx,2024-03-13 أعداد العمالة في الموقع.xlsx,.xlsx,97249,report_out,staff_manpower,medium,Filename suggests labour/manpower record — refine within 09_REPORTS_OUT.,LOW — informational; not imported.
09_REPORTS_OUT/تقارير الاستشاري/التقارير اليومية/03-2024/2024-03-13-تقرير الفترة الصباحية.xlsx,2024-03-13-تقرير الفترة الصباحية.xlsx,.xlsx,1150607,report_out,report,high,Path under 09_REPORTS_OUT/ → auto-generated reports.,LOW — auto-generated derivative; not imported.
09_REPORTS_OUT/تقارير الاستشاري/التقارير اليومية/03-2024/2024-03-14-تقرير الفترة الصباحية.xlsx,2024-03-14-تقرير الفترة الصباحية.xlsx,.xlsx,975862,report_out,report,high,Path under 09_REPORTS_OUT/ → auto-generated reports.,LOW — auto-generated derivative; not imported.
09_REPORTS_OUT/تقارير الاستشاري/التقارير اليومية/03-2024/2024-03-14أعداد العمالة في الموقع.xlsx,2024-03-14أعداد العمالة في الموقع.xlsx,.xlsx,97568,report_out,staff_manpower,medium,Filename suggests labour/manpower record — refine within 09_REPORTS_OUT.,LOW — informational; not imported.
09_REPORTS_OUT/تقارير الاستشاري/التقارير اليومية/03-2024/2024-03-16-تقرير أعمال -.pdf,2024-03-16-تقرير أعمال -.pdf,.pdf,674110,report_out,report,high,Path under 09_REPORTS_OUT/ → auto-generated reports.,LOW — auto-generated derivative; not imported.
09_REPORTS_OUT/تقارير الاستشاري/التقارير اليومية/03-2024/2024-03-16-تقرير أعمال -.xlsx,2024-03-16-تقرير أعمال -.xlsx,.xlsx,943434,report_out,report,high,Path under 09_REPORTS_OUT/ → auto-generated reports.,LOW — auto-generated derivative; not imported.
09_REPORTS_OUT/تقارير الاستشاري/التقارير اليومية/03-2024/2024-03-16أعداد العمالة في الموقع.xlsx,2024-03-16أعداد العمالة في الموقع.xlsx,.xlsx,97611,report_out,staff_manpower,medium,Filename suggests labour/manpower record — refine within 09_REPORTS_OUT.,LOW — informational; not imported.
09_REPORTS_OUT/تقارير الاستشاري/التقارير اليومية/03-2024/2024-03-17-تقرير أعمال -.pdf,2024-03-17-تقرير أعمال -.pdf,.pdf,652172,report_out,report,high,Path under 09_REPORTS_OUT/ → auto-generated reports.,LOW — auto-generated derivative; not imported.
09_REPORTS_OUT/تقارير الاستشاري/التقارير اليومية/03-2024/2024-03-17-تقرير أعمال -.xlsx,2024-03-17-تقرير أعمال -.xlsx,.xlsx,1017875,report_out,report,high,Path under 09_REPORTS_OUT/ → auto-generated reports.,LOW — auto-generated derivative; not imported.
09_REPORTS_OUT/تقارير الاستشاري/التقارير اليومية/03-2024/2024-03-18-تقرير أعمال.pdf,2024-03-18-تقرير أعمال.pdf,.pdf,643639,report_out,report,high,Path under 09_REPORTS_OUT/ → auto-generated reports.,LOW — auto-generated derivative; not imported.
09_REPORTS_OUT/تقارير الاستشاري/التقارير اليومية/03-2024/2024-03-18-تقرير أعمال.xlsx,2024-03-18-تقرير أعمال.xlsx,.xlsx,1298431,report_out,report,high,Path under 09_REPORTS_OUT/ → auto-generated reports.,LOW — auto-generated derivative; not imported.
09_REPORTS_OUT/تقارير الاستشاري/التقارير اليومية/03-2024/2024-03-19-تقرير أعمال.pdf,2024-03-19-تقرير أعمال.pdf,.pdf,649782,report_out,report,high,Path under 09_REPORTS_OUT/ → auto-generated reports.,LOW — auto-generated derivative; not imported.
09_REPORTS_OUT/تقارير الاستشاري/التقارير اليومية/03-2024/2024-03-19-تقرير أعمال.xlsx,2024-03-19-تقرير أعمال.xlsx,.xlsx,990346,report_out,report,high,Path under 09_REPORTS_OUT/ → auto-generated reports.,LOW — auto-generated derivative; not imported.
09_REPORTS_OUT/تقارير الاستشاري/التقارير اليومية/03-2024/2024-03-21-تقرير أعمال.pdf,2024-03-21-تقرير أعمال.pdf,.pdf,638736,report_out,report,high,Path under 09_REPORTS_OUT/ → auto-generated reports.,LOW — auto-generated derivative; not imported.
09_REPORTS_OUT/تقارير الاستشاري/التقارير اليومية/03-2024/2024-03-21-تقرير أعمال.xlsx,2024-03-21-تقرير أعمال.xlsx,.xlsx,1298451,report_out,report,high,Path under 09_REPORTS_OUT/ → auto-generated reports.,LOW — auto-generated derivative; not imported.
09_REPORTS_OUT/تقارير الاستشاري/التقارير اليومية/03-2024/2024-03-23-تقرير أعمال.pdf,2024-03-23-تقرير أعمال.pdf,.pdf,640998,report_out,report,high,Path under 09_REPORTS_OUT/ → auto-generated reports.,LOW — auto-generated derivative; not imported.
09_REPORTS_OUT/تقارير الاستشاري/التقارير اليومية/03-2024/2024-03-23-تقرير أعمال.xlsx,2024-03-23-تقرير أعمال.xlsx,.xlsx,1089428,report_out,report,high,Path under 09_REPORTS_OUT/ → auto-generated reports.,LOW — auto-generated derivative; not imported.
09_REPORTS_OUT/تقارير الاستشاري/التقارير اليومية/03-2024/2024-03-24-تقرير أعمال.pdf,2024-03-24-تقرير أعمال.pdf,.pdf,652839,report_out,report,high,Path under 09_REPORTS_OUT/ → auto-generated reports.,LOW — auto-generated derivative; not imported.
09_REPORTS_OUT/تقارير الاستشاري/التقارير اليومية/03-2024/2024-03-24-تقرير أعمال.xlsx,2024-03-24-تقرير أعمال.xlsx,.xlsx,1022109,report_out,report,high,Path under 09_REPORTS_OUT/ → auto-generated reports.,LOW — auto-generated derivative; not imported.
09_REPORTS_OUT/تقارير الاستشاري/التقارير اليومية/03-2024/2024-03-25-تقرير أعمال.pdf,2024-03-25-تقرير أعمال.pdf,.pdf,683461,report_out,report,high,Path under 09_REPORTS_OUT/ → auto-generated reports.,LOW — auto-generated derivative; not imported.
09_REPORTS_OUT/تقارير الاستشاري/التقارير اليومية/03-2024/2024-03-25-تقرير أعمال.xlsx,2024-03-25-تقرير أعمال.xlsx,.xlsx,784439,report_out,report,high,Path under 09_REPORTS_OUT/ → auto-generated reports.,LOW — auto-generated derivative; not imported.
09_REPORTS_OUT/تقارير الاستشاري/التقارير اليومية/03-2024/2024-03-26-تقرير أعمال.pdf,2024-03-26-تقرير أعمال.pdf,.pdf,752234,report_out,report,high,Path under 09_REPORTS_OUT/ → auto-generated reports.,LOW — auto-generated derivative; not imported.
09_REPORTS_OUT/تقارير الاستشاري/التقارير اليومية/03-2024/2024-03-26-تقرير أعمال.xlsx,2024-03-26-تقرير أعمال.xlsx,.xlsx,1014164,report_out,report,high,Path under 09_REPORTS_OUT/ → auto-generated reports.,LOW — auto-generated derivative; not imported.
09_REPORTS_OUT/تقارير الاستشاري/التقارير اليومية/03-2024/2024-03-27-تقرير أعمال.pdf,2024-03-27-تقرير أعمال.pdf,.pdf,753842,report_out,report,high,Path under 09_REPORTS_OUT/ → auto-generated reports.,LOW — auto-generated derivative; not imported.
09_REPORTS_OUT/تقارير الاستشاري/التقارير اليومية/03-2024/2024-03-27-تقرير أعمال.xlsx,2024-03-27-تقرير أعمال.xlsx,.xlsx,1122736,report_out,report,high,Path under 09_REPORTS_OUT/ → auto-generated reports.,LOW — auto-generated derivative; not imported.
09_REPORTS_OUT/تقارير الاستشاري/التقارير اليومية/03-2024/2024-03-28-تقرير أعمال.pdf,2024-03-28-تقرير أعمال.pdf,.pdf,744850,report_out,report,high,Path under 09_REPORTS_OUT/ → auto-generated reports.,LOW — auto-generated derivative; not imported.
09_REPORTS_OUT/تقارير الاستشاري/التقارير اليومية/03-2024/2024-03-28-تقرير أعمال.xlsx,2024-03-28-تقرير أعمال.xlsx,.xlsx,1297201,report_out,report,high,Path under 09_REPORTS_OUT/ → auto-generated reports.,LOW — auto-generated derivative; not imported.
09_REPORTS_OUT/تقارير الاستشاري/التقارير اليومية/03-2024/2024-03-30-تقرير أعمال.pdf,2024-03-30-تقرير أعمال.pdf,.pdf,657242,report_out,report,high,Path under 09_REPORTS_OUT/ → auto-generated reports.,LOW — auto-generated derivative; not imported.
09_REPORTS_OUT/تقارير الاستشاري/التقارير اليومية/03-2024/2024-03-30-تقرير أعمال.xlsx,2024-03-30-تقرير أعمال.xlsx,.xlsx,822340,report_out,report,high,Path under 09_REPORTS_OUT/ → auto-generated reports.,LOW — auto-generated derivative; not imported.
09_REPORTS_OUT/تقارير الاستشاري/التقارير اليومية/03-2024/2024-03-31-تقرير أعمال.pdf,2024-03-31-تقرير أعمال.pdf,.pdf,644924,report_out,report,high,Path under 09_REPORTS_OUT/ → auto-generated reports.,LOW — auto-generated derivative; not imported.
09_REPORTS_OUT/تقارير الاستشاري/التقارير اليومية/03-2024/2024-03-31-تقرير أعمال.xlsx,2024-03-31-تقرير أعمال.xlsx,.xlsx,897317,report_out,report,high,Path under 09_REPORTS_OUT/ → auto-generated reports.,LOW — auto-generated derivative; not imported.
09_REPORTS_OUT/تقارير الاستشاري/التقارير اليومية/04-2024/2024-03-26-تقرير أعمال.xlsx,2024-03-26-تقرير أعمال.xlsx,.xlsx,1014108,report_out,report,high,Path under 09_REPORTS_OUT/ → auto-generated reports.,LOW — auto-generated derivative; not imported.
09_REPORTS_OUT/تقارير الاستشاري/التقارير اليومية/04-2024/2024-04-01-تقرير أعمال.pdf,2024-04-01-تقرير أعمال.pdf,.pdf,632350,report_out,report,high,Path under 09_REPORTS_OUT/ → auto-generated reports.,LOW — auto-generated derivative; not imported.
09_REPORTS_OUT/تقارير الاستشاري/التقارير اليومية/04-2024/2024-04-01-تقرير أعمال.xlsx,2024-04-01-تقرير أعمال.xlsx,.xlsx,777338,report_out,report,high,Path under 09_REPORTS_OUT/ → auto-generated reports.,LOW — auto-generated derivative; not imported.
09_REPORTS_OUT/تقارير الاستشاري/التقارير اليومية/04-2024/2024-04-02-تقرير أعمال.pdf,2024-04-02-تقرير أعمال.pdf,.pdf,653448,report_out,report,high,Path under 09_REPORTS_OUT/ → auto-generated reports.,LOW — auto-generated derivative; not imported.
09_REPORTS_OUT/تقارير الاستشاري/التقارير اليومية/04-2024/2024-04-02-تقرير أعمال.xlsx,2024-04-02-تقرير أعمال.xlsx,.xlsx,1058391,report_out,report,high,Path under 09_REPORTS_OUT/ → auto-generated reports.,LOW — auto-generated derivative; not imported.
09_REPORTS_OUT/تقارير الاستشاري/التقارير اليومية/04-2024/2024-04-03-تقرير أعمال.pdf,2024-04-03-تقرير أعمال.pdf,.pdf,721068,report_out,report,high,Path under 09_REPORTS_OUT/ → auto-generated reports.,LOW — auto-generated derivative; not imported.
09_REPORTS_OUT/تقارير الاستشاري/التقارير اليومية/04-2024/2024-04-03-تقرير أعمال.xlsx,2024-04-03-تقرير أعمال.xlsx,.xlsx,1310846,report_out,report,high,Path under 09_REPORTS_OUT/ → auto-generated reports.,LOW — auto-generated derivative; not imported.
09_REPORTS_OUT/تقارير الاستشاري/التقارير اليومية/04-2024/2024-04-04-تقرير أعمال.pdf,2024-04-04-تقرير أعمال.pdf,.pdf,656575,report_out,report,high,Path under 09_REPORTS_OUT/ → auto-generated reports.,LOW — auto-generated derivative; not imported.
09_REPORTS_OUT/تقارير الاستشاري/التقارير اليومية/04-2024/2024-04-04-تقرير أعمال.xlsx,2024-04-04-تقرير أعمال.xlsx,.xlsx,1248317,report_out,report,high,Path under 09_REPORTS_OUT/ → auto-generated reports.,LOW — auto-generated derivative; not imported.
09_REPORTS_OUT/تقارير الاستشاري/التقارير اليومية/04-2024/2024-04-06-تقرير أعمال.pdf,2024-04-06-تقرير أعمال.pdf,.pdf,678831,report_out,report,high,Path under 09_REPORTS_OUT/ → auto-generated reports.,LOW — auto-generated derivative; not imported.
09_REPORTS_OUT/تقارير الاستشاري/التقارير اليومية/04-2024/2024-04-06-تقرير أعمال.xlsx,2024-04-06-تقرير أعمال.xlsx,.xlsx,1250796,report_out,report,high,Path under 09_REPORTS_OUT/ → auto-generated reports.,LOW — auto-generated derivative; not imported.
09_REPORTS_OUT/تقارير الاستشاري/التقارير اليومية/04-2024/2024-04-07-تقرير أعمال.pdf,2024-04-07-تقرير أعمال.pdf,.pdf,691346,report_out,report,high,Path under 09_REPORTS_OUT/ → auto-generated reports.,LOW — auto-generated derivative; not imported.
09_REPORTS_OUT/تقارير الاستشاري/التقارير اليومية/04-2024/2024-04-07-تقرير أعمال.xlsx,2024-04-07-تقرير أعمال.xlsx,.xlsx,1172117,report_out,report,high,Path under 09_REPORTS_OUT/ → auto-generated reports.,LOW — auto-generated derivative; not imported.
09_REPORTS_OUT/تقارير الاستشاري/التقارير اليومية/04-2024/2024-04-08-تقرير أعمال.pdf,2024-04-08-تقرير أعمال.pdf,.pdf,621667,report_out,report,high,Path under 09_REPORTS_OUT/ → auto-generated reports.,LOW — auto-generated derivative; not imported.
09_REPORTS_OUT/تقارير الاستشاري/التقارير اليومية/04-2024/2024-04-08-تقرير أعمال.xlsx,2024-04-08-تقرير أعمال.xlsx,.xlsx,1000142,report_out,report,high,Path under 09_REPORTS_OUT/ → auto-generated reports.,LOW — auto-generated derivative; not imported.
09_REPORTS_OUT/تقارير الاستشاري/التقارير اليومية/04-2024/2024-04-14-تقرير أعمال.pdf,2024-04-14-تقرير أعمال.pdf,.pdf,729810,report_out,report,high,Path under 09_REPORTS_OUT/ → auto-generated reports.,LOW — auto-generated derivative; not imported.
09_REPORTS_OUT/تقارير الاستشاري/التقارير اليومية/04-2024/2024-04-14-تقرير أعمال.xlsx,2024-04-14-تقرير أعمال.xlsx,.xlsx,1504925,report_out,report,high,Path under 09_REPORTS_OUT/ → auto-generated reports.,LOW — auto-generated derivative; not imported.
09_REPORTS_OUT/تقارير الاستشاري/التقارير اليومية/04-2024/2024-04-15-تقرير أعمال.pdf,2024-04-15-تقرير أعمال.pdf,.pdf,727051,report_out,report,high,Path under 09_REPORTS_OUT/ → auto-generated reports.,LOW — auto-generated derivative; not imported.
09_REPORTS_OUT/تقارير الاستشاري/التقارير اليومية/04-2024/2024-04-15-تقرير أعمال.xlsx,2024-04-15-تقرير أعمال.xlsx,.xlsx,3417485,report_out,report,high,Path under 09_REPORTS_OUT/ → auto-generated reports.,LOW — auto-generated derivative; not imported.
09_REPORTS_OUT/تقارير الاستشاري/التقارير اليومية/04-2024/2024-04-16-تقرير أعمال.pdf,2024-04-16-تقرير أعمال.pdf,.pdf,724133,report_out,report,high,Path under 09_REPORTS_OUT/ → auto-generated reports.,LOW — auto-generated derivative; not imported.
09_REPORTS_OUT/تقارير الاستشاري/التقارير اليومية/04-2024/2024-04-16-تقرير أعمال.xlsx,2024-04-16-تقرير أعمال.xlsx,.xlsx,1480671,report_out,report,high,Path under 09_REPORTS_OUT/ → auto-generated reports.,LOW — auto-generated derivative; not imported.
09_REPORTS_OUT/تقارير الاستشاري/التقارير اليومية/04-2024/2024-04-17-تقرير أعمال.pdf,2024-04-17-تقرير أعمال.pdf,.pdf,687534,report_out,report,high,Path under 09_REPORTS_OUT/ → auto-generated reports.,LOW — auto-generated derivative; not imported.
09_REPORTS_OUT/تقارير الاستشاري/التقارير اليومية/04-2024/2024-04-17-تقرير أعمال.xlsx,2024-04-17-تقرير أعمال.xlsx,.xlsx,1184913,report_out,report,high,Path under 09_REPORTS_OUT/ → auto-generated reports.,LOW — auto-generated derivative; not imported.
09_REPORTS_OUT/تقارير الاستشاري/التقارير اليومية/04-2024/2024-04-18-تقرير أعمال.pdf,2024-04-18-تقرير أعمال.pdf,.pdf,730067,report_out,report,high,Path under 09_REPORTS_OUT/ → auto-generated reports.,LOW — auto-generated derivative; not imported.
09_REPORTS_OUT/تقارير الاستشاري/التقارير اليومية/04-2024/2024-04-18-تقرير أعمال.xlsx,2024-04-18-تقرير أعمال.xlsx,.xlsx,1165240,report_out,report,high,Path under 09_REPORTS_OUT/ → auto-generated reports.,LOW — auto-generated derivative; not imported.
09_REPORTS_OUT/تقارير الاستشاري/التقارير اليومية/04-2024/2024-04-20-تقرير أعمال.pdf,2024-04-20-تقرير أعمال.pdf,.pdf,685889,report_out,report,high,Path under 09_REPORTS_OUT/ → auto-generated reports.,LOW — auto-generated derivative; not imported.
09_REPORTS_OUT/تقارير الاستشاري/التقارير اليومية/04-2024/2024-04-20-تقرير أعمال.xlsx,2024-04-20-تقرير أعمال.xlsx,.xlsx,1111605,report_out,report,high,Path under 09_REPORTS_OUT/ → auto-generated reports.,LOW — auto-generated derivative; not imported.
09_REPORTS_OUT/تقارير الاستشاري/التقارير اليومية/04-2024/2024-04-21-تقرير أعمال.pdf,2024-04-21-تقرير أعمال.pdf,.pdf,603322,report_out,report,high,Path under 09_REPORTS_OUT/ → auto-generated reports.,LOW — auto-generated derivative; not imported.
09_REPORTS_OUT/تقارير الاستشاري/التقارير اليومية/04-2024/2024-04-21-تقرير أعمال.xlsx,2024-04-21-تقرير أعمال.xlsx,.xlsx,945365,report_out,report,high,Path under 09_REPORTS_OUT/ → auto-generated reports.,LOW — auto-generated derivative; not imported.
09_REPORTS_OUT/تقارير الاستشاري/التقارير اليومية/04-2024/2024-04-22-تقرير أعمال.pdf,2024-04-22-تقرير أعمال.pdf,.pdf,622235,report_out,report,high,Path under 09_REPORTS_OUT/ → auto-generated reports.,LOW — auto-generated derivative; not imported.
09_REPORTS_OUT/تقارير الاستشاري/التقارير اليومية/04-2024/2024-04-22-تقرير أعمال.xlsx,2024-04-22-تقرير أعمال.xlsx,.xlsx,1027298,report_out,report,high,Path under 09_REPORTS_OUT/ → auto-generated reports.,LOW — auto-generated derivative; not imported.
09_REPORTS_OUT/تقارير الاستشاري/التقارير اليومية/04-2024/2024-04-23-تقرير أعمال.pdf,2024-04-23-تقرير أعمال.pdf,.pdf,609524,report_out,report,high,Path under 09_REPORTS_OUT/ → auto-generated reports.,LOW — auto-generated derivative; not imported.
09_REPORTS_OUT/تقارير الاستشاري/التقارير اليومية/04-2024/2024-04-23-تقرير أعمال.xlsx,2024-04-23-تقرير أعمال.xlsx,.xlsx,1128527,report_out,report,high,Path under 09_REPORTS_OUT/ → auto-generated reports.,LOW — auto-generated derivative; not imported.
09_REPORTS_OUT/تقارير الاستشاري/التقارير اليومية/04-2024/2024-04-24-تقرير أعمال.pdf,2024-04-24-تقرير أعمال.pdf,.pdf,550616,report_out,report,high,Path under 09_REPORTS_OUT/ → auto-generated reports.,LOW — auto-generated derivative; not imported.
09_REPORTS_OUT/تقارير الاستشاري/التقارير اليومية/04-2024/2024-04-24-تقرير أعمال.xlsx,2024-04-24-تقرير أعمال.xlsx,.xlsx,904764,report_out,report,high,Path under 09_REPORTS_OUT/ → auto-generated reports.,LOW — auto-generated derivative; not imported.
09_REPORTS_OUT/تقارير الاستشاري/التقارير اليومية/04-2024/2024-04-25-تقرير أعمال.pdf,2024-04-25-تقرير أعمال.pdf,.pdf,566008,report_out,report,high,Path under 09_REPORTS_OUT/ → auto-generated reports.,LOW — auto-generated derivative; not imported.
09_REPORTS_OUT/تقارير الاستشاري/التقارير اليومية/04-2024/2024-04-25-تقرير أعمال.xlsx,2024-04-25-تقرير أعمال.xlsx,.xlsx,853056,report_out,report,high,Path under 09_REPORTS_OUT/ → auto-generated reports.,LOW — auto-generated derivative; not imported.
09_REPORTS_OUT/تقارير الاستشاري/التقارير اليومية/04-2024/2024-04-27-تقرير أعمال.pdf,2024-04-27-تقرير أعمال.pdf,.pdf,588083,report_out,report,high,Path under 09_REPORTS_OUT/ → auto-generated reports.,LOW — auto-generated derivative; not imported.
09_REPORTS_OUT/تقارير الاستشاري/التقارير اليومية/04-2024/2024-04-27-تقرير أعمال.xlsx,2024-04-27-تقرير أعمال.xlsx,.xlsx,1034157,report_out,report,high,Path under 09_REPORTS_OUT/ → auto-generated reports.,LOW — auto-generated derivative; not imported.
09_REPORTS_OUT/تقارير الاستشاري/التقارير اليومية/04-2024/2024-04-28-تقرير أعمال.pdf,2024-04-28-تقرير أعمال.pdf,.pdf,563492,report_out,report,high,Path under 09_REPORTS_OUT/ → auto-generated reports.,LOW — auto-generated derivative; not imported.
09_REPORTS_OUT/تقارير الاستشاري/التقارير اليومية/04-2024/2024-04-28-تقرير أعمال.xlsx,2024-04-28-تقرير أعمال.xlsx,.xlsx,1113424,report_out,report,high,Path under 09_REPORTS_OUT/ → auto-generated reports.,LOW — auto-generated derivative; not imported.
09_REPORTS_OUT/تقارير الاستشاري/التقارير اليومية/04-2024/2024-04-29-تقرير أعمال.pdf,2024-04-29-تقرير أعمال.pdf,.pdf,608115,report_out,report,high,Path under 09_REPORTS_OUT/ → auto-generated reports.,LOW — auto-generated derivative; not imported.
09_REPORTS_OUT/تقارير الاستشاري/التقارير اليومية/04-2024/2024-04-29-تقرير أعمال.xlsx,2024-04-29-تقرير أعمال.xlsx,.xlsx,1656625,report_out,report,high,Path under 09_REPORTS_OUT/ → auto-generated reports.,LOW — auto-generated derivative; not imported.
09_REPORTS_OUT/تقارير الاستشاري/التقارير اليومية/04-2024/2024-04-30-تقرير أعمال.pdf,2024-04-30-تقرير أعمال.pdf,.pdf,529011,report_out,report,high,Path under 09_REPORTS_OUT/ → auto-generated reports.,LOW — auto-generated derivative; not imported.
09_REPORTS_OUT/تقارير الاستشاري/التقارير اليومية/04-2024/2024-04-30-تقرير أعمال.xlsx,2024-04-30-تقرير أعمال.xlsx,.xlsx,1130930,report_out,report,high,Path under 09_REPORTS_OUT/ → auto-generated reports.,LOW — auto-generated derivative; not imported.
09_REPORTS_OUT/تقارير الاستشاري/التقارير اليومية/05-2024/2024-05-05-تقرير أعمال.pdf,2024-05-05-تقرير أعمال.pdf,.pdf,677517,report_out,report,high,Path under 09_REPORTS_OUT/ → auto-generated reports.,LOW — auto-generated derivative; not imported.
09_REPORTS_OUT/تقارير الاستشاري/التقارير اليومية/05-2024/2024-05-05-تقرير أعمال.xlsx,2024-05-05-تقرير أعمال.xlsx,.xlsx,1538560,report_out,report,high,Path under 09_REPORTS_OUT/ → auto-generated reports.,LOW — auto-generated derivative; not imported.
09_REPORTS_OUT/تقارير الاستشاري/التقارير اليومية/05-2024/2024-05-06-تقرير أعمال.pdf,2024-05-06-تقرير أعمال.pdf,.pdf,643353,report_out,report,high,Path under 09_REPORTS_OUT/ → auto-generated reports.,LOW — auto-generated derivative; not imported.
09_REPORTS_OUT/تقارير الاستشاري/التقارير اليومية/05-2024/2024-05-06-تقرير أعمال.xlsx,2024-05-06-تقرير أعمال.xlsx,.xlsx,1283374,report_out,report,high,Path under 09_REPORTS_OUT/ → auto-generated reports.,LOW — auto-generated derivative; not imported.
09_REPORTS_OUT/تقارير الاستشاري/التقارير اليومية/05-2024/2024-05-07-تقرير أعمال.pdf,2024-05-07-تقرير أعمال.pdf,.pdf,658358,report_out,report,high,Path under 09_REPORTS_OUT/ → auto-generated reports.,LOW — auto-generated derivative; not imported.
09_REPORTS_OUT/تقارير الاستشاري/التقارير اليومية/05-2024/2024-05-07-تقرير أعمال.xlsx,2024-05-07-تقرير أعمال.xlsx,.xlsx,1616547,report_out,report,high,Path under 09_REPORTS_OUT/ → auto-generated reports.,LOW — auto-generated derivative; not imported.
09_REPORTS_OUT/تقارير الاستشاري/التقارير اليومية/05-2024/2024-05-08-تقرير أعمال.pdf,2024-05-08-تقرير أعمال.pdf,.pdf,674962,report_out,report,high,Path under 09_REPORTS_OUT/ → auto-generated reports.,LOW — auto-generated derivative; not imported.
09_REPORTS_OUT/تقارير الاستشاري/التقارير اليومية/05-2024/2024-05-08-تقرير أعمال.xlsx,2024-05-08-تقرير أعمال.xlsx,.xlsx,1729910,report_out,report,high,Path under 09_REPORTS_OUT/ → auto-generated reports.,LOW — auto-generated derivative; not imported.
09_REPORTS_OUT/تقارير الاستشاري/التقارير اليومية/05-2024/2024-05-09-تقرير أعمال.pdf,2024-05-09-تقرير أعمال.pdf,.pdf,674880,report_out,report,high,Path under 09_REPORTS_OUT/ → auto-generated reports.,LOW — auto-generated derivative; not imported.
09_REPORTS_OUT/تقارير الاستشاري/التقارير اليومية/05-2024/2024-05-09-تقرير أعمال.xlsx,2024-05-09-تقرير أعمال.xlsx,.xlsx,1937967,report_out,report,high,Path under 09_REPORTS_OUT/ → auto-generated reports.,LOW — auto-generated derivative; not imported.
09_REPORTS_OUT/تقارير الاستشاري/التقارير اليومية/05-2024/2024-05-1-تقرير أعمال.pdf,2024-05-1-تقرير أعمال.pdf,.pdf,711769,report_out,report,high,Path under 09_REPORTS_OUT/ → auto-generated reports.,LOW — auto-generated derivative; not imported.
09_REPORTS_OUT/تقارير الاستشاري/التقارير اليومية/05-2024/2024-05-1-تقرير أعمال.xlsx,2024-05-1-تقرير أعمال.xlsx,.xlsx,1431933,report_out,report,high,Path under 09_REPORTS_OUT/ → auto-generated reports.,LOW — auto-generated derivative; not imported.
09_REPORTS_OUT/تقارير الاستشاري/التقارير اليومية/05-2024/2024-05-11-تقرير أعمال.pdf,2024-05-11-تقرير أعمال.pdf,.pdf,721930,report_out,report,high,Path under 09_REPORTS_OUT/ → auto-generated reports.,LOW — auto-generated derivative; not imported.
09_REPORTS_OUT/تقارير الاستشاري/التقارير اليومية/05-2024/2024-05-11-تقرير أعمال.xlsx,2024-05-11-تقرير أعمال.xlsx,.xlsx,2217185,report_out,report,high,Path under 09_REPORTS_OUT/ → auto-generated reports.,LOW — auto-generated derivative; not imported.
09_REPORTS_OUT/تقارير الاستشاري/التقارير اليومية/05-2024/2024-05-12-تقرير أعمال.pdf,2024-05-12-تقرير أعمال.pdf,.pdf,699041,report_out,report,high,Path under 09_REPORTS_OUT/ → auto-generated reports.,LOW — auto-generated derivative; not imported.
09_REPORTS_OUT/تقارير الاستشاري/التقارير اليومية/05-2024/2024-05-12-تقرير أعمال.xlsx,2024-05-12-تقرير أعمال.xlsx,.xlsx,1660297,report_out,report,high,Path under 09_REPORTS_OUT/ → auto-generated reports.,LOW — auto-generated derivative; not imported.
09_REPORTS_OUT/تقارير الاستشاري/التقارير اليومية/05-2024/2024-05-13-تقرير أعمال.pdf,2024-05-13-تقرير أعمال.pdf,.pdf,689188,report_out,report,high,Path under 09_REPORTS_OUT/ → auto-generated reports.,LOW — auto-generated derivative; not imported.
09_REPORTS_OUT/تقارير الاستشاري/التقارير اليومية/05-2024/2024-05-13-تقرير أعمال.xlsx,2024-05-13-تقرير أعمال.xlsx,.xlsx,1679990,report_out,report,high,Path under 09_REPORTS_OUT/ → auto-generated reports.,LOW — auto-generated derivative; not imported.
09_REPORTS_OUT/تقارير الاستشاري/التقارير اليومية/05-2024/2024-05-14-تقرير أعمال.pdf,2024-05-14-تقرير أعمال.pdf,.pdf,691817,report_out,report,high,Path under 09_REPORTS_OUT/ → auto-generated reports.,LOW — auto-generated derivative; not imported.
09_REPORTS_OUT/تقارير الاستشاري/التقارير اليومية/05-2024/2024-05-14-تقرير أعمال.xlsx,2024-05-14-تقرير أعمال.xlsx,.xlsx,1819861,report_out,report,high,Path under 09_REPORTS_OUT/ → auto-generated reports.,LOW — auto-generated derivative; not imported.
09_REPORTS_OUT/تقارير الاستشاري/التقارير اليومية/05-2024/2024-05-15-تقرير أعمال.pdf,2024-05-15-تقرير أعمال.pdf,.pdf,690604,report_out,report,high,Path under 09_REPORTS_OUT/ → auto-generated reports.,LOW — auto-generated derivative; not imported.
09_REPORTS_OUT/تقارير الاستشاري/التقارير اليومية/05-2024/2024-05-15-تقرير أعمال.xlsx,2024-05-15-تقرير أعمال.xlsx,.xlsx,2083466,report_out,report,high,Path under 09_REPORTS_OUT/ → auto-generated reports.,LOW — auto-generated derivative; not imported.
09_REPORTS_OUT/تقارير الاستشاري/التقارير اليومية/05-2024/2024-05-16-تقرير أعمال.pdf,2024-05-16-تقرير أعمال.pdf,.pdf,677371,report_out,report,high,Path under 09_REPORTS_OUT/ → auto-generated reports.,LOW — auto-generated derivative; not imported.
09_REPORTS_OUT/تقارير الاستشاري/التقارير اليومية/05-2024/2024-05-16-تقرير أعمال.xlsx,2024-05-16-تقرير أعمال.xlsx,.xlsx,1788573,report_out,report,high,Path under 09_REPORTS_OUT/ → auto-generated reports.,LOW — auto-generated derivative; not imported.
09_REPORTS_OUT/تقارير الاستشاري/التقارير اليومية/05-2024/2024-05-18-تقرير أعمال.pdf,2024-05-18-تقرير أعمال.pdf,.pdf,647657,report_out,report,high,Path under 09_REPORTS_OUT/ → auto-generated reports.,LOW — auto-generated derivative; not imported.
09_REPORTS_OUT/تقارير الاستشاري/التقارير اليومية/05-2024/2024-05-18-تقرير أعمال.xlsx,2024-05-18-تقرير أعمال.xlsx,.xlsx,1818401,report_out,report,high,Path under 09_REPORTS_OUT/ → auto-generated reports.,LOW — auto-generated derivative; not imported.
09_REPORTS_OUT/تقارير الاستشاري/التقارير اليومية/05-2024/2024-05-19-تقرير أعمال.pdf,2024-05-19-تقرير أعمال.pdf,.pdf,651302,report_out,report,high,Path under 09_REPORTS_OUT/ → auto-generated reports.,LOW — auto-generated derivative; not imported.
09_REPORTS_OUT/تقارير الاستشاري/التقارير اليومية/05-2024/2024-05-19-تقرير أعمال.xlsx,2024-05-19-تقرير أعمال.xlsx,.xlsx,1922617,report_out,report,high,Path under 09_REPORTS_OUT/ → auto-generated reports.,LOW — auto-generated derivative; not imported.
09_REPORTS_OUT/تقارير الاستشاري/التقارير اليومية/05-2024/2024-05-2-تقرير أعمال.pdf,2024-05-2-تقرير أعمال.pdf,.pdf,596725,report_out,report,high,Path under 09_REPORTS_OUT/ → auto-generated reports.,LOW — auto-generated derivative; not imported.
09_REPORTS_OUT/تقارير الاستشاري/التقارير اليومية/05-2024/2024-05-2-تقرير أعمال.xlsx,2024-05-2-تقرير أعمال.xlsx,.xlsx,1292606,report_out,report,high,Path under 09_REPORTS_OUT/ → auto-generated reports.,LOW — auto-generated derivative; not imported.
09_REPORTS_OUT/تقارير الاستشاري/التقارير اليومية/05-2024/2024-05-20-تقرير أعمال.pdf,2024-05-20-تقرير أعمال.pdf,.pdf,678146,report_out,report,high,Path under 09_REPORTS_OUT/ → auto-generated reports.,LOW — auto-generated derivative; not imported.
09_REPORTS_OUT/تقارير الاستشاري/التقارير اليومية/05-2024/2024-05-20-تقرير أعمال.xlsx,2024-05-20-تقرير أعمال.xlsx,.xlsx,1755365,report_out,report,high,Path under 09_REPORTS_OUT/ → auto-generated reports.,LOW — auto-generated derivative; not imported.
09_REPORTS_OUT/تقارير الاستشاري/التقارير اليومية/05-2024/2024-05-21-تقرير أعمال.pdf,2024-05-21-تقرير أعمال.pdf,.pdf,683766,report_out,report,high,Path under 09_REPORTS_OUT/ → auto-generated reports.,LOW — auto-generated derivative; not imported.
09_REPORTS_OUT/تقارير الاستشاري/التقارير اليومية/05-2024/2024-05-21-تقرير أعمال.xlsx,2024-05-21-تقرير أعمال.xlsx,.xlsx,1969087,report_out,report,high,Path under 09_REPORTS_OUT/ → auto-generated reports.,LOW — auto-generated derivative; not imported.
09_REPORTS_OUT/تقارير الاستشاري/التقارير اليومية/05-2024/2024-05-22-تقرير أعمال.pdf,2024-05-22-تقرير أعمال.pdf,.pdf,645443,report_out,report,high,Path under 09_REPORTS_OUT/ → auto-generated reports.,LOW — auto-generated derivative; not imported.
09_REPORTS_OUT/تقارير الاستشاري/التقارير اليومية/05-2024/2024-05-22-تقرير أعمال.xlsx,2024-05-22-تقرير أعمال.xlsx,.xlsx,1831947,report_out,report,high,Path under 09_REPORTS_OUT/ → auto-generated reports.,LOW — auto-generated derivative; not imported.
09_REPORTS_OUT/تقارير الاستشاري/التقارير اليومية/05-2024/2024-05-23-تقرير أعمال.pdf,2024-05-23-تقرير أعمال.pdf,.pdf,682623,report_out,report,high,Path under 09_REPORTS_OUT/ → auto-generated reports.,LOW — auto-generated derivative; not imported.
09_REPORTS_OUT/تقارير الاستشاري/التقارير اليومية/05-2024/2024-05-23-تقرير أعمال.xlsx,2024-05-23-تقرير أعمال.xlsx,.xlsx,1953285,report_out,report,high,Path under 09_REPORTS_OUT/ → auto-generated reports.,LOW — auto-generated derivative; not imported.
09_REPORTS_OUT/تقارير الاستشاري/التقارير اليومية/Thumbs.db,Thumbs.db,.db,1254912,report_out,report,high,Path under 09_REPORTS_OUT/ → auto-generated reports.,LOW — auto-generated derivative; not imported.
09_REPORTS_OUT/تقارير الاستشاري/التقارير اليومية/~$2024-02-25 - Copy.xlsx,~$2024-02-25 - Copy.xlsx,.xlsx,165,report_out,report,high,Path under 09_REPORTS_OUT/ → auto-generated reports.,LOW — auto-generated derivative; not imported.
09_REPORTS_OUT/تقارير الاستشاري/التقارير اليومية/~$2024-03-07.xlsx,~$2024-03-07.xlsx,.xlsx,165,report_out,report,high,Path under 09_REPORTS_OUT/ → auto-generated reports.,LOW — auto-generated derivative; not imported.
09_REPORTS_OUT/تقارير الاستشاري/التقرير اليومي المحدث/03-08-2024.xlsx,03-08-2024.xlsx,.xlsx,4662321,report_out,report,high,Path under 09_REPORTS_OUT/ → auto-generated reports.,LOW — auto-generated derivative; not imported.
09_REPORTS_OUT/تقارير الاستشاري/التقرير اليومي المحدث/1-08-2024.xlsx,1-08-2024.xlsx,.xlsx,3686621,report_out,report,high,Path under 09_REPORTS_OUT/ → auto-generated reports.,LOW — auto-generated derivative; not imported.
09_REPORTS_OUT/تقارير الاستشاري/التقرير اليومي المحدث/2024-04-25.xlsx,2024-04-25.xlsx,.xlsx,13744803,report_out,report,high,Path under 09_REPORTS_OUT/ → auto-generated reports.,LOW — auto-generated derivative; not imported.
09_REPORTS_OUT/تقارير الاستشاري/التقرير اليومي المحدث/2024-04-26.xlsx,2024-04-26.xlsx,.xlsx,2812580,report_out,report,high,Path under 09_REPORTS_OUT/ → auto-generated reports.,LOW — auto-generated derivative; not imported.
09_REPORTS_OUT/تقارير الاستشاري/التقرير اليومي المحدث/2024-04-28.pdf,2024-04-28.pdf,.pdf,460475,report_out,report,high,Path under 09_REPORTS_OUT/ → auto-generated reports.,LOW — auto-generated derivative; not imported.
09_REPORTS_OUT/تقارير الاستشاري/التقرير اليومي المحدث/2024-04-28.xlsx,2024-04-28.xlsx,.xlsx,3222644,report_out,report,high,Path under 09_REPORTS_OUT/ → auto-generated reports.,LOW — auto-generated derivative; not imported.
09_REPORTS_OUT/تقارير الاستشاري/التقرير اليومي المحدث/2024-04-29.pdf,2024-04-29.pdf,.pdf,433204,report_out,report,high,Path under 09_REPORTS_OUT/ → auto-generated reports.,LOW — auto-generated derivative; not imported.
09_REPORTS_OUT/تقارير الاستشاري/التقرير اليومي المحدث/2024-04-29.xlsx,2024-04-29.xlsx,.xlsx,1955311,report_out,report,high,Path under 09_REPORTS_OUT/ → auto-generated reports.,LOW — auto-generated derivative; not imported.
09_REPORTS_OUT/تقارير الاستشاري/التقرير اليومي المحدث/2024-04-30.pdf,2024-04-30.pdf,.pdf,482048,report_out,report,high,Path under 09_REPORTS_OUT/ → auto-generated reports.,LOW — auto-generated derivative; not imported.
09_REPORTS_OUT/تقارير الاستشاري/التقرير اليومي المحدث/2024-04-30.xlsx,2024-04-30.xlsx,.xlsx,2090310,report_out,report,high,Path under 09_REPORTS_OUT/ → auto-generated reports.,LOW — auto-generated derivative; not imported.
09_REPORTS_OUT/تقارير الاستشاري/التقرير اليومي المحدث/2024-05-01.pdf,2024-05-01.pdf,.pdf,180328,report_out,report,high,Path under 09_REPORTS_OUT/ → auto-generated reports.,LOW — auto-generated derivative; not imported.
09_REPORTS_OUT/تقارير الاستشاري/التقرير اليومي المحدث/2024-05-01.xlsx,2024-05-01.xlsx,.xlsx,2349890,report_out,report,high,Path under 09_REPORTS_OUT/ → auto-generated reports.,LOW — auto-generated derivative; not imported.
09_REPORTS_OUT/تقارير الاستشاري/التقرير اليومي المحدث/2024-05-02.pdf,2024-05-02.pdf,.pdf,520291,report_out,report,high,Path under 09_REPORTS_OUT/ → auto-generated reports.,LOW — auto-generated derivative; not imported.
09_REPORTS_OUT/تقارير الاستشاري/التقرير اليومي المحدث/2024-05-02.xlsx,2024-05-02.xlsx,.xlsx,2445015,report_out,report,high,Path under 09_REPORTS_OUT/ → auto-generated reports.,LOW — auto-generated derivative; not imported.
09_REPORTS_OUT/تقارير الاستشاري/التقرير اليومي المحدث/2024-05-04.pdf,2024-05-04.pdf,.pdf,512098,report_out,report,high,Path under 09_REPORTS_OUT/ → auto-generated reports.,LOW — auto-generated derivative; not imported.
09_REPORTS_OUT/تقارير الاستشاري/التقرير اليومي المحدث/2024-05-04.xlsx,2024-05-04.xlsx,.xlsx,2517306,report_out,report,high,Path under 09_REPORTS_OUT/ → auto-generated reports.,LOW — auto-generated derivative; not imported.
09_REPORTS_OUT/تقارير الاستشاري/التقرير اليومي المحدث/2024-05-05.pdf,2024-05-05.pdf,.pdf,527030,report_out,report,high,Path under 09_REPORTS_OUT/ → auto-generated reports.,LOW — auto-generated derivative; not imported.
09_REPORTS_OUT/تقارير الاستشاري/التقرير اليومي المحدث/2024-05-05.xlsx,2024-05-05.xlsx,.xlsx,2522644,report_out,report,high,Path under 09_REPORTS_OUT/ → auto-generated reports.,LOW — auto-generated derivative; not imported.
09_REPORTS_OUT/تقارير الاستشاري/التقرير اليومي المحدث/2024-05-07.pdf,2024-05-07.pdf,.pdf,493047,report_out,report,high,Path under 09_REPORTS_OUT/ → auto-generated reports.,LOW — auto-generated derivative; not imported.
09_REPORTS_OUT/تقارير الاستشاري/التقرير اليومي المحدث/2024-05-07.xlsx,2024-05-07.xlsx,.xlsx,2727532,report_out,report,high,Path under 09_REPORTS_OUT/ → auto-generated reports.,LOW — auto-generated derivative; not imported.
09_REPORTS_OUT/تقارير الاستشاري/التقرير اليومي المحدث/2024-05-08.pdf,2024-05-08.pdf,.pdf,495083,report_out,report,high,Path under 09_REPORTS_OUT/ → auto-generated reports.,LOW — auto-generated derivative; not imported.
09_REPORTS_OUT/تقارير الاستشاري/التقرير اليومي المحدث/2024-05-08.xlsx,2024-05-08.xlsx,.xlsx,2626177,report_out,report,high,Path under 09_REPORTS_OUT/ → auto-generated reports.,LOW — auto-generated derivative; not imported.
09_REPORTS_OUT/تقارير الاستشاري/التقرير اليومي المحدث/2024-05-09.pdf,2024-05-09.pdf,.pdf,518065,report_out,report,high,Path under 09_REPORTS_OUT/ → auto-generated reports.,LOW — auto-generated derivative; not imported.
09_REPORTS_OUT/تقارير الاستشاري/التقرير اليومي المحدث/2024-05-09.xlsx,2024-05-09.xlsx,.xlsx,3018064,report_out,report,high,Path under 09_REPORTS_OUT/ → auto-generated reports.,LOW — auto-generated derivative; not imported.
09_REPORTS_OUT/تقارير الاستشاري/التقرير اليومي المحدث/2024-05-11.xlsx,2024-05-11.xlsx,.xlsx,2698940,report_out,report,high,Path under 09_REPORTS_OUT/ → auto-generated reports.,LOW — auto-generated derivative; not imported.
09_REPORTS_OUT/تقارير الاستشاري/التقرير اليومي المحدث/2024-05-12.pdf,2024-05-12.pdf,.pdf,455772,report_out,report,high,Path under 09_REPORTS_OUT/ → auto-generated reports.,LOW — auto-generated derivative; not imported.
09_REPORTS_OUT/تقارير الاستشاري/التقرير اليومي المحدث/2024-05-12.xlsx,2024-05-12.xlsx,.xlsx,2630701,report_out,report,high,Path under 09_REPORTS_OUT/ → auto-generated reports.,LOW — auto-generated derivative; not imported.
09_REPORTS_OUT/تقارير الاستشاري/التقرير اليومي المحدث/2024-05-13.pdf,2024-05-13.pdf,.pdf,463030,report_out,report,high,Path under 09_REPORTS_OUT/ → auto-generated reports.,LOW — auto-generated derivative; not imported.
09_REPORTS_OUT/تقارير الاستشاري/التقرير اليومي المحدث/2024-05-13.xlsx,2024-05-13.xlsx,.xlsx,2715017,report_out,report,high,Path under 09_REPORTS_OUT/ → auto-generated reports.,LOW — auto-generated derivative; not imported.
09_REPORTS_OUT/تقارير الاستشاري/التقرير اليومي المحدث/2024-05-14.pdf,2024-05-14.pdf,.pdf,449033,report_out,report,high,Path under 09_REPORTS_OUT/ → auto-generated reports.,LOW — auto-generated derivative; not imported.
09_REPORTS_OUT/تقارير الاستشاري/التقرير اليومي المحدث/2024-05-14.xlsx,2024-05-14.xlsx,.xlsx,2525904,report_out,report,high,Path under 09_REPORTS_OUT/ → auto-generated reports.,LOW — auto-generated derivative; not imported.
09_REPORTS_OUT/تقارير الاستشاري/التقرير اليومي المحدث/2024-05-15.pdf,2024-05-15.pdf,.pdf,445198,report_out,report,high,Path under 09_REPORTS_OUT/ → auto-generated reports.,LOW — auto-generated derivative; not imported.
09_REPORTS_OUT/تقارير الاستشاري/التقرير اليومي المحدث/2024-05-15.xlsx,2024-05-15.xlsx,.xlsx,2510838,report_out,report,high,Path under 09_REPORTS_OUT/ → auto-generated reports.,LOW — auto-generated derivative; not imported.
09_REPORTS_OUT/تقارير الاستشاري/التقرير اليومي المحدث/2024-05-16.xlsx,2024-05-16.xlsx,.xlsx,2510871,report_out,report,high,Path under 09_REPORTS_OUT/ → auto-generated reports.,LOW — auto-generated derivative; not imported.
09_REPORTS_OUT/تقارير الاستشاري/التقرير اليومي المحدث/2024-05-17.xlsx,2024-05-17.xlsx,.xlsx,2562037,report_out,report,high,Path under 09_REPORTS_OUT/ → auto-generated reports.,LOW — auto-generated derivative; not imported.
09_REPORTS_OUT/تقارير الاستشاري/التقرير اليومي المحدث/2024-05-19.xlsx,2024-05-19.xlsx,.xlsx,2566629,report_out,report,high,Path under 09_REPORTS_OUT/ → auto-generated reports.,LOW — auto-generated derivative; not imported.
09_REPORTS_OUT/تقارير الاستشاري/التقرير اليومي المحدث/2024-05-20.xlsx,2024-05-20.xlsx,.xlsx,2566650,report_out,report,high,Path under 09_REPORTS_OUT/ → auto-generated reports.,LOW — auto-generated derivative; not imported.
09_REPORTS_OUT/تقارير الاستشاري/التقرير اليومي المحدث/2024-05-21.xlsx,2024-05-21.xlsx,.xlsx,2543516,report_out,report,high,Path under 09_REPORTS_OUT/ → auto-generated reports.,LOW — auto-generated derivative; not imported.
09_REPORTS_OUT/تقارير الاستشاري/التقرير اليومي المحدث/2024-05-22.xlsx,2024-05-22.xlsx,.xlsx,2507696,report_out,report,high,Path under 09_REPORTS_OUT/ → auto-generated reports.,LOW — auto-generated derivative; not imported.
09_REPORTS_OUT/تقارير الاستشاري/التقرير اليومي المحدث/2024-05-23.xlsx,2024-05-23.xlsx,.xlsx,2744934,report_out,report,high,Path under 09_REPORTS_OUT/ → auto-generated reports.,LOW — auto-generated derivative; not imported.
09_REPORTS_OUT/تقارير الاستشاري/التقرير اليومي المحدث/2024-05-25.xlsx,2024-05-25.xlsx,.xlsx,2729232,report_out,report,high,Path under 09_REPORTS_OUT/ → auto-generated reports.,LOW — auto-generated derivative; not imported.
09_REPORTS_OUT/تقارير الاستشاري/التقرير اليومي المحدث/2024-05-26.xlsx,2024-05-26.xlsx,.xlsx,2726733,report_out,report,high,Path under 09_REPORTS_OUT/ → auto-generated reports.,LOW — auto-generated derivative; not imported.
09_REPORTS_OUT/تقارير الاستشاري/التقرير اليومي المحدث/2024-05-27.xlsx,2024-05-27.xlsx,.xlsx,2758810,report_out,report,high,Path under 09_REPORTS_OUT/ → auto-generated reports.,LOW — auto-generated derivative; not imported.
09_REPORTS_OUT/تقارير الاستشاري/التقرير اليومي المحدث/2024-05-28.xlsx,2024-05-28.xlsx,.xlsx,2838087,report_out,report,high,Path under 09_REPORTS_OUT/ → auto-generated reports.,LOW — auto-generated derivative; not imported.
09_REPORTS_OUT/تقارير الاستشاري/التقرير اليومي المحدث/2024-05-29.xlsx,2024-05-29.xlsx,.xlsx,2783039,report_out,report,high,Path under 09_REPORTS_OUT/ → auto-generated reports.,LOW — auto-generated derivative; not imported.
09_REPORTS_OUT/تقارير الاستشاري/التقرير اليومي المحدث/2024-05-30.xlsx,2024-05-30.xlsx,.xlsx,2752905,report_out,report,high,Path under 09_REPORTS_OUT/ → auto-generated reports.,LOW — auto-generated derivative; not imported.
09_REPORTS_OUT/تقارير الاستشاري/التقرير اليومي المحدث/2024-06-01.xlsx,2024-06-01.xlsx,.xlsx,2867266,report_out,report,high,Path under 09_REPORTS_OUT/ → auto-generated reports.,LOW — auto-generated derivative; not imported.
09_REPORTS_OUT/تقارير الاستشاري/التقرير اليومي المحدث/2024-06-02.xlsx,2024-06-02.xlsx,.xlsx,2708532,report_out,report,high,Path under 09_REPORTS_OUT/ → auto-generated reports.,LOW — auto-generated derivative; not imported.
09_REPORTS_OUT/تقارير الاستشاري/التقرير اليومي المحدث/2024-06-06.xlsx,2024-06-06.xlsx,.xlsx,2810024,report_out,report,high,Path under 09_REPORTS_OUT/ → auto-generated reports.,LOW — auto-generated derivative; not imported.
09_REPORTS_OUT/تقارير الاستشاري/التقرير اليومي المحدث/2024-06-08.xlsx,2024-06-08.xlsx,.xlsx,3066785,report_out,report,high,Path under 09_REPORTS_OUT/ → auto-generated reports.,LOW — auto-generated derivative; not imported.
09_REPORTS_OUT/تقارير الاستشاري/التقرير اليومي المحدث/2024-07-06.xlsx,2024-07-06.xlsx,.xlsx,3378402,report_out,report,high,Path under 09_REPORTS_OUT/ → auto-generated reports.,LOW — auto-generated derivative; not imported.
09_REPORTS_OUT/تقارير الاستشاري/التقرير اليومي المحدث/2024-07-07.xlsx,2024-07-07.xlsx,.xlsx,2536458,report_out,report,high,Path under 09_REPORTS_OUT/ → auto-generated reports.,LOW — auto-generated derivative; not imported.
09_REPORTS_OUT/تقارير الاستشاري/التقرير اليومي المحدث/2024-07-08.xlsx,2024-07-08.xlsx,.xlsx,2384286,report_out,report,high,Path under 09_REPORTS_OUT/ → auto-generated reports.,LOW — auto-generated derivative; not imported.
09_REPORTS_OUT/تقارير الاستشاري/التقرير اليومي المحدث/2024-07-09.pdf,2024-07-09.pdf,.pdf,431480,report_out,report,high,Path under 09_REPORTS_OUT/ → auto-generated reports.,LOW — auto-generated derivative; not imported.
09_REPORTS_OUT/تقارير الاستشاري/التقرير اليومي المحدث/2024-07-09.xlsx,2024-07-09.xlsx,.xlsx,3311730,report_out,report,high,Path under 09_REPORTS_OUT/ → auto-generated reports.,LOW — auto-generated derivative; not imported.
09_REPORTS_OUT/تقارير الاستشاري/التقرير اليومي المحدث/2024-07-10.pdf,2024-07-10.pdf,.pdf,557951,report_out,report,high,Path under 09_REPORTS_OUT/ → auto-generated reports.,LOW — auto-generated derivative; not imported.
09_REPORTS_OUT/تقارير الاستشاري/التقرير اليومي المحدث/2024-07-10.xlsx,2024-07-10.xlsx,.xlsx,3563184,report_out,report,high,Path under 09_REPORTS_OUT/ → auto-generated reports.,LOW — auto-generated derivative; not imported.
09_REPORTS_OUT/تقارير الاستشاري/التقرير اليومي المحدث/2024-07-11.pdf,2024-07-11.pdf,.pdf,561680,report_out,report,high,Path under 09_REPORTS_OUT/ → auto-generated reports.,LOW — auto-generated derivative; not imported.
09_REPORTS_OUT/تقارير الاستشاري/التقرير اليومي المحدث/2024-07-11.xlsx,2024-07-11.xlsx,.xlsx,3461509,report_out,report,high,Path under 09_REPORTS_OUT/ → auto-generated reports.,LOW — auto-generated derivative; not imported.
09_REPORTS_OUT/تقارير الاستشاري/التقرير اليومي المحدث/2024-07-13.xlsx,2024-07-13.xlsx,.xlsx,3428811,report_out,report,high,Path under 09_REPORTS_OUT/ → auto-generated reports.,LOW — auto-generated derivative; not imported.
09_REPORTS_OUT/تقارير الاستشاري/التقرير اليومي المحدث/2024-07-14.xlsx,2024-07-14.xlsx,.xlsx,3495805,report_out,report,high,Path under 09_REPORTS_OUT/ → auto-generated reports.,LOW — auto-generated derivative; not imported.
09_REPORTS_OUT/تقارير الاستشاري/التقرير اليومي المحدث/2024-07-15.pdf,2024-07-15.pdf,.pdf,582378,report_out,report,high,Path under 09_REPORTS_OUT/ → auto-generated reports.,LOW — auto-generated derivative; not imported.
09_REPORTS_OUT/تقارير الاستشاري/التقرير اليومي المحدث/2024-07-15.xlsx,2024-07-15.xlsx,.xlsx,3563801,report_out,report,high,Path under 09_REPORTS_OUT/ → auto-generated reports.,LOW — auto-generated derivative; not imported.
09_REPORTS_OUT/تقارير الاستشاري/التقرير اليومي المحدث/2024-07-16.pdf,2024-07-16.pdf,.pdf,802673,report_out,report,high,Path under 09_REPORTS_OUT/ → auto-generated reports.,LOW — auto-generated derivative; not imported.
09_REPORTS_OUT/تقارير الاستشاري/التقرير اليومي المحدث/2024-07-16.xlsx,2024-07-16.xlsx,.xlsx,3767509,report_out,report,high,Path under 09_REPORTS_OUT/ → auto-generated reports.,LOW — auto-generated derivative; not imported.
09_REPORTS_OUT/تقارير الاستشاري/التقرير اليومي المحدث/2024-07-17.pdf,2024-07-17.pdf,.pdf,767148,report_out,report,high,Path under 09_REPORTS_OUT/ → auto-generated reports.,LOW — auto-generated derivative; not imported.
09_REPORTS_OUT/تقارير الاستشاري/التقرير اليومي المحدث/2024-07-17.xlsx,2024-07-17.xlsx,.xlsx,3593867,report_out,report,high,Path under 09_REPORTS_OUT/ → auto-generated reports.,LOW — auto-generated derivative; not imported.
09_REPORTS_OUT/تقارير الاستشاري/التقرير اليومي المحدث/2024-07-18.xlsx,2024-07-18.xlsx,.xlsx,3325625,report_out,report,high,Path under 09_REPORTS_OUT/ → auto-generated reports.,LOW — auto-generated derivative; not imported.
09_REPORTS_OUT/تقارير الاستشاري/التقرير اليومي المحدث/2024-07-20.pdf,2024-07-20.pdf,.pdf,757371,report_out,report,high,Path under 09_REPORTS_OUT/ → auto-generated reports.,LOW — auto-generated derivative; not imported.
09_REPORTS_OUT/تقارير الاستشاري/التقرير اليومي المحدث/2024-07-20.xlsx,2024-07-20.xlsx,.xlsx,3348794,report_out,report,high,Path under 09_REPORTS_OUT/ → auto-generated reports.,LOW — auto-generated derivative; not imported.
09_REPORTS_OUT/تقارير الاستشاري/التقرير اليومي المحدث/2024-07-21.xlsx,2024-07-21.xlsx,.xlsx,4350095,report_out,report,high,Path under 09_REPORTS_OUT/ → auto-generated reports.,LOW — auto-generated derivative; not imported.
09_REPORTS_OUT/تقارير الاستشاري/التقرير اليومي المحدث/2024-07-22.xlsx,2024-07-22.xlsx,.xlsx,3891687,report_out,report,high,Path under 09_REPORTS_OUT/ → auto-generated reports.,LOW — auto-generated derivative; not imported.
09_REPORTS_OUT/تقارير الاستشاري/التقرير اليومي المحدث/2024-07-23.xlsx,2024-07-23.xlsx,.xlsx,3969969,report_out,report,high,Path under 09_REPORTS_OUT/ → auto-generated reports.,LOW — auto-generated derivative; not imported.
09_REPORTS_OUT/تقارير الاستشاري/التقرير اليومي المحدث/2024-07-24.xlsx,2024-07-24.xlsx,.xlsx,3881674,report_out,report,high,Path under 09_REPORTS_OUT/ → auto-generated reports.,LOW — auto-generated derivative; not imported.
09_REPORTS_OUT/تقارير الاستشاري/التقرير اليومي المحدث/2024-07-25.xlsx,2024-07-25.xlsx,.xlsx,3719970,report_out,report,high,Path under 09_REPORTS_OUT/ → auto-generated reports.,LOW — auto-generated derivative; not imported.
09_REPORTS_OUT/تقارير الاستشاري/التقرير اليومي المحدث/2024-07-27.xlsx,2024-07-27.xlsx,.xlsx,3911071,report_out,report,high,Path under 09_REPORTS_OUT/ → auto-generated reports.,LOW — auto-generated derivative; not imported.
09_REPORTS_OUT/تقارير الاستشاري/التقرير اليومي المحدث/2024-07-28.xlsx,2024-07-28.xlsx,.xlsx,3839058,report_out,report,high,Path under 09_REPORTS_OUT/ → auto-generated reports.,LOW — auto-generated derivative; not imported.
09_REPORTS_OUT/تقارير الاستشاري/التقرير اليومي المحدث/2024-07-29.xlsx,2024-07-29.xlsx,.xlsx,3795773,report_out,report,high,Path under 09_REPORTS_OUT/ → auto-generated reports.,LOW — auto-generated derivative; not imported.
09_REPORTS_OUT/تقارير الاستشاري/التقرير اليومي المحدث/2024-07-30.xlsx,2024-07-30.xlsx,.xlsx,3821506,report_out,report,high,Path under 09_REPORTS_OUT/ → auto-generated reports.,LOW — auto-generated derivative; not imported.
09_REPORTS_OUT/تقارير الاستشاري/التقرير اليومي المحدث/2024-07-31.xlsx,2024-07-31.xlsx,.xlsx,3693219,report_out,report,high,Path under 09_REPORTS_OUT/ → auto-generated reports.,LOW — auto-generated derivative; not imported.
09_REPORTS_OUT/تقارير الاستشاري/التقرير اليومي المحدث/2024-08-10.xlsx,2024-08-10.xlsx,.xlsx,3267724,report_out,report,high,Path under 09_REPORTS_OUT/ → auto-generated reports.,LOW — auto-generated derivative; not imported.
09_REPORTS_OUT/تقارير الاستشاري/التقرير اليومي المحدث/2024-08-11.xlsx,2024-08-11.xlsx,.xlsx,3488851,report_out,report,high,Path under 09_REPORTS_OUT/ → auto-generated reports.,LOW — auto-generated derivative; not imported.
09_REPORTS_OUT/تقارير الاستشاري/التقرير اليومي المحدث/2024-08-12.xlsx,2024-08-12.xlsx,.xlsx,3326247,report_out,report,high,Path under 09_REPORTS_OUT/ → auto-generated reports.,LOW — auto-generated derivative; not imported.
09_REPORTS_OUT/تقارير الاستشاري/التقرير اليومي المحدث/2024-08-13.xlsx,2024-08-13.xlsx,.xlsx,3168530,report_out,report,high,Path under 09_REPORTS_OUT/ → auto-generated reports.,LOW — auto-generated derivative; not imported.
09_REPORTS_OUT/تقارير الاستشاري/التقرير اليومي المحدث/2024-08-14.xlsx,2024-08-14.xlsx,.xlsx,3343995,report_out,report,high,Path under 09_REPORTS_OUT/ → auto-generated reports.,LOW — auto-generated derivative; not imported.
09_REPORTS_OUT/تقارير الاستشاري/التقرير اليومي المحدث/2024-08-15.xlsx,2024-08-15.xlsx,.xlsx,3321009,report_out,report,high,Path under 09_REPORTS_OUT/ → auto-generated reports.,LOW — auto-generated derivative; not imported.
09_REPORTS_OUT/تقارير الاستشاري/التقرير اليومي المحدث/2024-08-17.xlsx,2024-08-17.xlsx,.xlsx,3347993,report_out,report,high,Path under 09_REPORTS_OUT/ → auto-generated reports.,LOW — auto-generated derivative; not imported.
09_REPORTS_OUT/تقارير الاستشاري/التقرير اليومي المحدث/2024-08-18.xlsx,2024-08-18.xlsx,.xlsx,3439083,report_out,report,high,Path under 09_REPORTS_OUT/ → auto-generated reports.,LOW — auto-generated derivative; not imported.
09_REPORTS_OUT/تقارير الاستشاري/التقرير اليومي المحدث/2024-08-19.xlsx,2024-08-19.xlsx,.xlsx,3325993,report_out,report,high,Path under 09_REPORTS_OUT/ → auto-generated reports.,LOW — auto-generated derivative; not imported.
09_REPORTS_OUT/تقارير الاستشاري/التقرير اليومي المحدث/2024-08-20.xlsx,2024-08-20.xlsx,.xlsx,3471448,report_out,report,high,Path under 09_REPORTS_OUT/ → auto-generated reports.,LOW — auto-generated derivative; not imported.
09_REPORTS_OUT/تقارير الاستشاري/التقرير اليومي المحدث/2024-08-21.xlsx,2024-08-21.xlsx,.xlsx,3500979,report_out,report,high,Path under 09_REPORTS_OUT/ → auto-generated reports.,LOW — auto-generated derivative; not imported.
09_REPORTS_OUT/تقارير الاستشاري/التقرير اليومي المحدث/2024-08-22.xlsx,2024-08-22.xlsx,.xlsx,3455770,report_out,report,high,Path under 09_REPORTS_OUT/ → auto-generated reports.,LOW — auto-generated derivative; not imported.
09_REPORTS_OUT/تقارير الاستشاري/التقرير اليومي المحدث/2024-08-24.xlsx,2024-08-24.xlsx,.xlsx,3394495,report_out,report,high,Path under 09_REPORTS_OUT/ → auto-generated reports.,LOW — auto-generated derivative; not imported.
09_REPORTS_OUT/تقارير الاستشاري/التقرير اليومي المحدث/2024-08-25.xlsx,2024-08-25.xlsx,.xlsx,3439952,report_out,report,high,Path under 09_REPORTS_OUT/ → auto-generated reports.,LOW — auto-generated derivative; not imported.
09_REPORTS_OUT/تقارير الاستشاري/التقرير اليومي المحدث/2024-08-26.xlsx,2024-08-26.xlsx,.xlsx,3374285,report_out,report,high,Path under 09_REPORTS_OUT/ → auto-generated reports.,LOW — auto-generated derivative; not imported.
09_REPORTS_OUT/تقارير الاستشاري/التقرير اليومي المحدث/2024-08-27.xlsx,2024-08-27.xlsx,.xlsx,3380682,report_out,report,high,Path under 09_REPORTS_OUT/ → auto-generated reports.,LOW — auto-generated derivative; not imported.
09_REPORTS_OUT/تقارير الاستشاري/التقرير اليومي المحدث/2024-08-28.xlsx,2024-08-28.xlsx,.xlsx,3434580,report_out,report,high,Path under 09_REPORTS_OUT/ → auto-generated reports.,LOW — auto-generated derivative; not imported.
09_REPORTS_OUT/تقارير الاستشاري/التقرير اليومي المحدث/2024-08-29.xlsx,2024-08-29.xlsx,.xlsx,3447276,report_out,report,high,Path under 09_REPORTS_OUT/ → auto-generated reports.,LOW — auto-generated derivative; not imported.
09_REPORTS_OUT/تقارير الاستشاري/التقرير اليومي المحدث/2024-08-31.xlsx,2024-08-31.xlsx,.xlsx,3398216,report_out,report,high,Path under 09_REPORTS_OUT/ → auto-generated reports.,LOW — auto-generated derivative; not imported.
09_REPORTS_OUT/تقارير الاستشاري/التقرير اليومي المحدث/2024-08-6.xlsx,2024-08-6.xlsx,.xlsx,3250044,report_out,report,high,Path under 09_REPORTS_OUT/ → auto-generated reports.,LOW — auto-generated derivative; not imported.
09_REPORTS_OUT/تقارير الاستشاري/التقرير اليومي المحدث/2024-08-7.xlsx,2024-08-7.xlsx,.xlsx,3384225,report_out,report,high,Path under 09_REPORTS_OUT/ → auto-generated reports.,LOW — auto-generated derivative; not imported.
09_REPORTS_OUT/تقارير الاستشاري/التقرير اليومي المحدث/2024-08-8 .xlsx,2024-08-8 .xlsx,.xlsx,3370251,report_out,report,high,Path under 09_REPORTS_OUT/ → auto-generated reports.,LOW — auto-generated derivative; not imported.
09_REPORTS_OUT/تقارير الاستشاري/التقرير اليومي المحدث/2024-09-01.xlsx,2024-09-01.xlsx,.xlsx,3394806,report_out,report,high,Path under 09_REPORTS_OUT/ → auto-generated reports.,LOW — auto-generated derivative; not imported.
09_REPORTS_OUT/تقارير الاستشاري/التقرير اليومي المحدث/2024-09-02.xlsx,2024-09-02.xlsx,.xlsx,3460516,report_out,report,high,Path under 09_REPORTS_OUT/ → auto-generated reports.,LOW — auto-generated derivative; not imported.
09_REPORTS_OUT/تقارير الاستشاري/التقرير اليومي المحدث/2024-09-03.xlsx,2024-09-03.xlsx,.xlsx,3494766,report_out,report,high,Path under 09_REPORTS_OUT/ → auto-generated reports.,LOW — auto-generated derivative; not imported.
09_REPORTS_OUT/تقارير الاستشاري/التقرير اليومي المحدث/2024-09-05.xlsx,2024-09-05.xlsx,.xlsx,3484178,report_out,report,high,Path under 09_REPORTS_OUT/ → auto-generated reports.,LOW — auto-generated derivative; not imported.
09_REPORTS_OUT/تقارير الاستشاري/التقرير اليومي المحدث/2024-09-07.xlsx,2024-09-07.xlsx,.xlsx,3631429,report_out,report,high,Path under 09_REPORTS_OUT/ → auto-generated reports.,LOW — auto-generated derivative; not imported.
09_REPORTS_OUT/تقارير الاستشاري/التقرير اليومي المحدث/2024-09-08.xlsx,2024-09-08.xlsx,.xlsx,3490168,report_out,report,high,Path under 09_REPORTS_OUT/ → auto-generated reports.,LOW — auto-generated derivative; not imported.
09_REPORTS_OUT/تقارير الاستشاري/التقرير اليومي المحدث/2024-09-09.xlsx,2024-09-09.xlsx,.xlsx,3573877,report_out,report,high,Path under 09_REPORTS_OUT/ → auto-generated reports.,LOW — auto-generated derivative; not imported.
09_REPORTS_OUT/تقارير الاستشاري/التقرير اليومي المحدث/2024-09-10.xlsx,2024-09-10.xlsx,.xlsx,3418197,report_out,report,high,Path under 09_REPORTS_OUT/ → auto-generated reports.,LOW — auto-generated derivative; not imported.
09_REPORTS_OUT/تقارير الاستشاري/التقرير اليومي المحدث/2024-09-11.xlsx,2024-09-11.xlsx,.xlsx,3371416,report_out,report,high,Path under 09_REPORTS_OUT/ → auto-generated reports.,LOW — auto-generated derivative; not imported.
09_REPORTS_OUT/تقارير الاستشاري/التقرير اليومي المحدث/2024-09-12.xlsx,2024-09-12.xlsx,.xlsx,3303764,report_out,report,high,Path under 09_REPORTS_OUT/ → auto-generated reports.,LOW — auto-generated derivative; not imported.
09_REPORTS_OUT/تقارير الاستشاري/التقرير اليومي المحدث/2024-09-14.xlsx,2024-09-14.xlsx,.xlsx,3361566,report_out,report,high,Path under 09_REPORTS_OUT/ → auto-generated reports.,LOW — auto-generated derivative; not imported.
09_REPORTS_OUT/تقارير الاستشاري/التقرير اليومي المحدث/2024-09-15.xlsx,2024-09-15.xlsx,.xlsx,3347663,report_out,report,high,Path under 09_REPORTS_OUT/ → auto-generated reports.,LOW — auto-generated derivative; not imported.
09_REPORTS_OUT/تقارير الاستشاري/التقرير اليومي المحدث/2024-09-17.xlsx,2024-09-17.xlsx,.xlsx,3227886,report_out,report,high,Path under 09_REPORTS_OUT/ → auto-generated reports.,LOW — auto-generated derivative; not imported.
09_REPORTS_OUT/تقارير الاستشاري/التقرير اليومي المحدث/2024-09-18.xlsx,2024-09-18.xlsx,.xlsx,3279151,report_out,report,high,Path under 09_REPORTS_OUT/ → auto-generated reports.,LOW — auto-generated derivative; not imported.
09_REPORTS_OUT/تقارير الاستشاري/التقرير اليومي المحدث/2024-09-19.xlsx,2024-09-19.xlsx,.xlsx,3347435,report_out,report,high,Path under 09_REPORTS_OUT/ → auto-generated reports.,LOW — auto-generated derivative; not imported.
09_REPORTS_OUT/تقارير الاستشاري/التقرير اليومي المحدث/2024-09-21.xlsx,2024-09-21.xlsx,.xlsx,3265672,report_out,report,high,Path under 09_REPORTS_OUT/ → auto-generated reports.,LOW — auto-generated derivative; not imported.
09_REPORTS_OUT/تقارير الاستشاري/التقرير اليومي المحدث/2024-09-24.xlsx,2024-09-24.xlsx,.xlsx,3332001,report_out,report,high,Path under 09_REPORTS_OUT/ → auto-generated reports.,LOW — auto-generated derivative; not imported.
09_REPORTS_OUT/تقارير الاستشاري/التقرير اليومي المحدث/93ecc7a1-e0a5-415e-b9ae-d5b2e28e8c05.jfif,93ecc7a1-e0a5-415e-b9ae-d5b2e28e8c05.jfif,.jfif,168098,report_out,report,high,Path under 09_REPORTS_OUT/ → auto-generated reports.,LOW — auto-generated derivative; not imported.
09_REPORTS_OUT/تقارير الاستشاري/التقرير اليومي المحدث/Thumbs.db,Thumbs.db,.db,204288,report_out,report,high,Path under 09_REPORTS_OUT/ → auto-generated reports.,LOW — auto-generated derivative; not imported.
09_REPORTS_OUT/تقارير الاستشاري/التقرير اليومي المحدث/~$2024-05-20.xlsx,~$2024-05-20.xlsx,.xlsx,165,report_out,report,high,Path under 09_REPORTS_OUT/ → auto-generated reports.,LOW — auto-generated derivative; not imported.
09_REPORTS_OUT/تقارير الاستشاري/التقرير اليومي المحدث/~$2024-07-6.xlsx,~$2024-07-6.xlsx,.xlsx,165,report_out,report,high,Path under 09_REPORTS_OUT/ → auto-generated reports.,LOW — auto-generated derivative; not imported.
09_REPORTS_OUT/تقارير الاستشاري/تقرير مقاول البوابات Rev01 .docx,تقرير مقاول البوابات Rev01 .docx,.docx,201927,report_out,report,high,Path under 09_REPORTS_OUT/ → auto-generated reports.,LOW — auto-generated derivative; not imported.
09_REPORTS_OUT/تقارير الاستشاري/تقرير مقاول البوابات Rev01 .pdf,تقرير مقاول البوابات Rev01 .pdf,.pdf,183873,report_out,report,high,Path under 09_REPORTS_OUT/ → auto-generated reports.,LOW — auto-generated derivative; not imported.
09_REPORTS_OUT/تقارير الاستشاري/تقرير مقاول البوابات.docx,تقرير مقاول البوابات.docx,.docx,200630,report_out,report,high,Path under 09_REPORTS_OUT/ → auto-generated reports.,LOW — auto-generated derivative; not imported.
09_REPORTS_OUT/تقارير الاستشاري/تقرير مقاول البوابات.pdf,تقرير مقاول البوابات.pdf,.pdf,179868,report_out,report,high,Path under 09_REPORTS_OUT/ → auto-generated reports.,LOW — auto-generated derivative; not imported.
08_TEMPLATES/CAL.xlsx,CAL.xlsx,.xlsx,86498,template,attachment_supporting,medium,Path under 08_TEMPLATES/ → project-internal templates (low import relevance).,LOW — templates / supporting code; not imported.
08_TEMPLATES/NCR  نموذج .docx,NCR  نموذج .docx,.docx,65251,template,attachment_supporting,medium,Path under 08_TEMPLATES/ → project-internal templates (low import relevance).,LOW — templates / supporting code; not imported.
08_TEMPLATES/README.md,README.md,.md,777,template,attachment_supporting,medium,Path under 08_TEMPLATES/ → project-internal templates (low import relevance).,LOW — templates / supporting code; not imported.
08_TEMPLATES/RQS.xlsx,RQS.xlsx,.xlsx,129078,template,attachment_supporting,medium,Path under 08_TEMPLATES/ → project-internal templates (low import relevance).,LOW — templates / supporting code; not imported.
08_TEMPLATES/اذن بدء اعمال.docx,اذن بدء اعمال.docx,.docx,111357,template,attachment_supporting,medium,Path under 08_TEMPLATES/ → project-internal templates (low import relevance).,LOW — templates / supporting code; not imported.
08_TEMPLATES/طلب اعتماد مخططات    Request For Drawing Approval.xlsx,طلب اعتماد مخططات    Request For Drawing Approval.xlsx,.xlsx,113755,template,drawing_technical,medium,Filename suggests drawing/architectural file — refine within 08_TEMPLATES.,LOW — informational; not imported.
